date,upro_equity_rebased_usd,futures_equity_rebased_usd,upro_simple_ret,futures_simple_ret,log_ret_diff_fut_minus_upro
2006-05-02,1000000.000000,1000000.000000,,,
2006-05-03,988260.553347,987971.137595,-0.01173945,-0.01202886,-0.00029290
2006-05-04,998368.231028,997197.969026,0.01022775,0.00933917,-0.00087997
2006-05-05,1024268.364849,1027868.187770,0.02594247,0.03075640,0.00468123
2006-05-08,1019997.352604,1025080.881651,-0.00416982,-0.00271173,0.00146312
2006-05-09,1025448.482817,1025889.349886,0.00534426,0.00078869,-0.00454165
2006-05-10,1023260.718282,1020436.955443,-0.00213347,-0.00531480,-0.00319322
2006-05-11,985641.789085,981361.166510,-0.03676378,-0.03829319,-0.00158905
2006-05-12,946487.732568,947283.567123,-0.03972443,-0.03472483,0.00519291
2006-05-15,951684.047765,954290.655022,0.00549010,0.00739703,0.00189472
2006-05-16,946969.842238,948674.071647,-0.00495354,-0.00588561,-0.00093715
2006-05-17,892403.734432,900295.089772,-0.05762180,-0.05099642,0.00700589
2006-05-18,878407.395878,882082.950081,-0.01568386,-0.02022908,-0.00462833
2006-05-19,896506.879928,892981.727591,0.02060489,0.01235573,-0.00811546
2006-05-22,875491.944579,882347.386931,-0.02344091,-0.01190880,0.01173974
2006-05-23,855020.476820,870162.231634,-0.02338282,-0.01380993,0.00975436
2006-05-24,875040.704116,874233.679642,0.02341491,0.00467895,-0.01847695
2006-05-25,907018.700315,904265.211599,0.03654458,0.03435184,-0.00211768
2006-05-26,920365.672197,919468.047790,0.01471521,0.01681236,0.00206461
2006-05-30,870822.790900,876845.649843,-0.05382956,-0.04635550,0.00786824
2006-05-31,899553.306107,898311.520752,0.03299238,0.02448079,-0.00827388
2006-06-01,924875.948777,930886.608259,0.02815024,0.03626257,0.00785926
2006-06-02,930183.007307,935927.839180,0.00573813,0.00541552,-0.00032083
2006-06-05,888999.572733,887974.231426,-0.04427455,-0.05123644,-0.00731106
2006-06-06,882004.306673,884863.960106,-0.00786869,-0.00350266,0.00439101
2006-06-07,861687.990765,868478.286077,-0.02303426,-0.01851773,0.00461236
2006-06-08,858949.743670,871816.902904,-0.00317777,0.00384421,0.00701968
2006-06-09,850274.320665,859696.836375,-0.01010004,-0.01390208,-0.00384823
2006-06-12,822124.113579,827803.407119,-0.03310721,-0.03709846,-0.00413646
2006-06-13,793018.715608,799903.201425,-0.03540268,-0.03370390,0.00175958
2006-06-14,811015.817502,812567.330245,0.02269442,0.01583208,-0.00673268
2006-06-15,862170.525526,864779.423649,0.06307486,0.06425571,0.00111018
2006-06-16,842836.853275,855194.662749,-0.02242442,-0.01108347,0.01153431
2006-06-19,822475.625186,832293.248810,-0.02415797,-0.02677918,-0.00268972
2006-06-20,830390.184665,832294.747429,0.00962285,0.00000180,-0.00957504
2006-06-21,848383.806950,856296.940894,0.02166888,0.02883857,0.00699312
2006-06-22,836700.096436,842985.649573,-0.01377173,-0.01554518,-0.00179984
2006-06-23,835818.188671,840728.913742,-0.00105403,-0.00267708,-0.00162608
2006-06-26,846420.886049,852925.491833,0.01268541,0.01450715,0.00179730
2006-06-27,823994.252978,830125.341789,-0.02649584,-0.02673170,-0.00024231
2006-06-28,840275.848965,843754.107276,0.01975936,0.01641772,-0.00328227
2006-06-29,890714.104232,897427.087979,0.06002583,0.06361211,0.00337749
2006-06-30,890415.693878,891879.751250,-0.00033502,-0.00618138,-0.00586548
2006-07-03,900817.676576,912796.182163,0.01168216,0.02345208,0.01156685
2006-07-05,884864.619070,893266.554519,-0.01770953,-0.02139539,-0.00375937
2006-07-06,892086.826290,899829.967452,0.00816193,0.00734765,-0.00080802
2006-07-07,874141.898026,881678.000126,-0.02011567,-0.02017266,-0.00005816
2006-07-10,878610.955875,885706.524208,0.00511251,0.00456916,-0.00054074
2006-07-11,889741.006676,896369.454693,0.01266778,0.01203890,-0.00062121
2006-07-12,860736.220384,867289.977156,-0.03259913,-0.03244140,0.00016304
2006-07-13,818247.331144,832694.763571,-0.04936343,-0.03988887,0.00991721
2006-07-14,808270.573088,820307.964054,-0.01219284,-0.01487556,-0.00271953
2006-07-17,804271.174582,816836.089776,-0.00494809,-0.00423240,0.00071899
2006-07-18,816131.442983,821606.268663,0.01474660,0.00583982,-0.00881609
2006-07-19,849628.098562,867183.576183,0.04104321,0.05547342,0.01376610
2006-07-20,831695.599649,845597.055281,-0.02110629,-0.02489268,-0.00387552
2006-07-21,813626.855276,827692.780481,-0.02172519,-0.02117353,0.00056375
2006-07-24,857661.062162,869025.788625,0.05412089,0.04993762,-0.00397638
2006-07-25,866336.119970,884657.574064,0.01011479,0.01798771,0.00776387
2006-07-26,869322.136200,883518.011527,0.00344672,-0.00128814,-0.00472976
2006-07-27,866349.818440,872662.793748,-0.00341912,-0.01228636,-0.00893748
2006-07-28,891898.458343,904788.157409,0.02948998,0.03681303,0.00708810
2006-07-31,888664.232255,900912.336555,-0.00362623,-0.00428368,-0.00066006
2006-08-01,875011.635677,888719.448670,-0.01536305,-0.01353393,0.00185594
2006-08-02,892249.539681,902353.220278,0.01970020,0.01534092,-0.00428423
2006-08-03,898837.537466,908386.149986,0.00738358,0.00668577,-0.00069293
2006-08-04,893695.521147,906403.328539,-0.00572074,-0.00218280,0.00355199
2006-08-07,886905.970808,899010.221759,-0.00759716,-0.00815653,-0.00056381
2006-08-08,876202.015862,889911.912856,-0.01206887,-0.01012036,0.00197037
2006-08-09,866828.448573,878284.376752,-0.01069795,-0.01306594,-0.00239646
2006-08-10,874318.371603,890447.188125,0.00864061,0.01384837,0.00514987
2006-08-11,866404.888991,879738.546018,-0.00905103,-0.01202614,-0.00300680
2006-08-14,867953.696340,882906.774101,0.00178763,0.00360133,0.00180883
2006-08-15,898595.783136,919153.342100,0.03530383,0.04105368,0.00553841
2006-08-16,920505.970937,939653.865945,0.02438270,0.02230370,-0.00203157
2006-08-17,927002.854781,943845.424483,0.00705795,0.00446075,-0.00258233
2006-08-18,940589.997380,953966.773240,0.01465707,0.01072352,-0.00388426
2006-08-21,927960.322081,943549.373774,-0.01342740,-0.01092009,0.00253821
2006-08-22,927212.376076,946229.869680,-0.00080601,0.00284086,0.00364317
2006-08-23,918986.780960,933366.337040,-0.00887132,-0.01359451,-0.00477686
2006-08-24,916121.632663,939794.749755,-0.00311773,0.00688734,0.00998633
2006-08-25,918989.313764,937507.387294,0.00313024,-0.00243390,-0.00556221
2006-08-28,931629.284953,952227.080504,0.01375421,0.01570088,0.00191842
2006-08-29,934311.407172,957463.907380,0.00287896,0.00549956,0.00260967
2006-08-30,935493.695242,959575.159335,0.00126541,0.00220505,0.00093801
2006-08-31,934526.174524,955967.063570,-0.00103424,-0.00376010,-0.00273241
2006-09-01,950729.534571,971632.538288,0.01733858,0.01638704,-0.00093576
2006-09-05,955611.176382,976709.573139,0.00513463,0.00522526,0.00009017
2006-09-06,929806.407466,948062.948720,-0.02700342,-0.02932973,-0.00239373
2006-09-07,916449.164443,934280.707167,-0.01436562,-0.01453726,-0.00017416
2006-09-08,923755.950886,944924.604931,0.00797293,0.01139261,0.00338689
2006-09-11,925991.860182,945717.970467,0.00242045,0.00083961,-0.00157828
2006-09-12,952729.073167,975187.686173,0.02887413,0.03116121,0.00222042
2006-09-13,963685.375767,986200.951118,0.01149991,0.01129348,-0.00020411
2006-09-14,963351.007200,982239.728174,-0.00034697,-0.00401665,-0.00367771
2006-09-15,969584.263344,989627.833959,0.00647039,0.00752169,0.00104400
2006-09-18,972995.804836,993133.073338,0.00351856,0.00354198,0.00002333
2006-09-19,965147.771331,985308.634661,-0.00806585,-0.00787854,0.00018881
2006-09-20,979972.861366,1001824.340618,0.01536044,0.01676196,0.00137937
2006-09-21,965210.440425,986051.495051,-0.01506411,-0.01574412,-0.00069065
2006-09-22,955875.563680,978800.970757,-0.00967134,-0.00735309,0.00233815
2006-09-25,977357.148511,1004300.695616,0.02247320,0.02605200,0.00349403
2006-09-26,1001143.429675,1026127.243438,0.02433735,0.02173308,-0.00254563
2006-09-27,1004167.331900,1026627.608790,0.00302045,0.00048763,-0.00252839
2006-09-28,1002468.353722,1031627.431130,-0.00169193,0.00487014,0.00655168
2006-09-29,999418.795196,1024521.554703,-0.00304205,-0.00688803,-0.00386517
2006-10-02,987625.569555,1014128.426695,-0.01180008,-0.01014437,0.00167408
2006-10-03,993293.606615,1020368.629196,0.00573905,0.00615327,0.00041176
2006-10-04,1027582.288753,1057173.075793,0.03452019,0.03606976,0.00149674
2006-10-05,1032934.468271,1063868.713041,0.00520852,0.00633353,0.00111856
2006-10-06,1028445.313802,1055397.682437,-0.00434602,-0.00796248,-0.00363886
2006-10-09,1029688.654412,1057927.525072,0.00120895,0.00239705,0.00118596
2006-10-10,1033215.215839,1064057.597435,0.00342488,0.00579442,0.00235866
2006-10-11,1028958.348751,1055982.296753,-0.00412002,-0.00758916,-0.00348957
2006-10-12,1055099.639927,1085435.184116,0.02540559,0.02789146,0.00242135
2006-10-13,1062622.669947,1091716.649213,0.00713016,0.00578705,-0.00133449
2006-10-16,1066919.618196,1099612.886196,0.00404372,0.00723286,0.00317127
2006-10-17,1056250.777016,1087360.409540,-0.00999967,-0.01114254,-0.00115508
2006-10-18,1059823.865336,1091351.508926,0.00338280,0.00367045,0.00028663
2006-10-19,1064338.195692,1093998.809761,0.00425951,0.00242571,-0.00182769
2006-10-20,1064431.394834,1097690.676839,0.00008757,0.00337465,0.00328141
2006-10-23,1078524.533282,1117719.406451,0.01324006,0.01824624,0.00492860
2006-10-24,1087558.531391,1118456.148883,0.00837626,0.00065915,-0.00768244
2006-10-25,1098058.922240,1129931.225674,0.00965501,0.01025975,0.00059877
2006-10-26,1107666.499698,1146057.202226,0.00874960,0.01427164,0.00545922
2006-10-27,1086201.679795,1117748.496909,-0.01937841,-0.02470095,-0.00544250
2006-10-30,1083217.860580,1119142.331627,-0.00274702,0.00124700,0.00399703
2006-10-31,1082126.788910,1118898.163475,-0.00100725,-0.00021817,0.00078956
2006-11-01,1059597.094384,1094365.366577,-0.02081983,-0.02192585,-0.00113018
2006-11-02,1057133.127367,1092996.757541,-0.00232538,-0.00125060,0.00107671
2006-11-03,1050964.379034,1085500.978871,-0.00583536,-0.00685801,-0.00102918
2006-11-06,1085924.200012,1122678.685649,0.03326452,0.03424935,0.00095268
2006-11-07,1097804.599490,1129980.237304,0.01094036,0.00650369,-0.00439832
2006-11-08,1104307.942108,1136848.243022,0.00592395,0.00607799,0.00015312
2006-11-09,1086262.299137,1119054.751018,-0.01634113,-0.01565160,0.00070074
2006-11-10,1087059.667136,1125016.985868,0.00073405,0.00532792,0.00458000
2006-11-13,1094458.094089,1133473.072123,0.00680591,0.00751641,0.00070545
2006-11-14,1118470.704905,1154494.290588,0.02194018,0.01854585,-0.00332699
2006-11-15,1127443.237152,1162470.128466,0.00802214,0.00690851,-0.00110538
2006-11-16,1135497.737327,1170382.443573,0.00714404,0.00680647,-0.00033523
2006-11-17,1135818.970240,1173837.001021,0.00028290,0.00295165,0.00266444
2006-11-20,1137106.764089,1172284.606987,0.00113380,-0.00132250,-0.00245653
2006-11-21,1139859.239272,1177941.418295,0.00242060,0.00482546,0.00239618
2006-11-22,1146011.066556,1185977.596930,0.00539701,0.00682222,0.00141656
2006-11-24,1131452.437749,1173023.864827,-0.01270374,-0.01092241,0.00180263
2006-11-27,1084126.448536,1125517.719869,-0.04182764,-0.04049887,0.00138582
2006-11-28,1097603.222602,1137268.473937,0.01243100,0.01044031,-0.00196818
2006-11-29,1131316.188470,1169152.400915,0.03071508,0.02803553,-0.00260308
2006-11-30,1132115.555654,1171945.320266,0.00070658,0.00238884,0.00167966
2006-12-01,1123975.224374,1162112.379661,-0.00719037,-0.00839027,-0.00120932
2006-12-04,1149059.956762,1193209.175041,0.02231787,0.02675885,0.00433463
2006-12-05,1163279.304557,1207166.581273,0.01237477,0.01169737,-0.00066934
2006-12-06,1159659.735485,1202409.651385,-0.00311152,-0.00394057,-0.00083199
2006-12-07,1143780.842345,1188219.201902,-0.01369272,-0.01180168,0.00191546
2006-12-08,1149443.186337,1194433.245600,0.00495055,0.00522971,0.00027775
2006-12-11,1158781.117093,1201827.583095,0.00812387,0.00619067,-0.00191947
2006-12-12,1155417.240452,1198044.522482,-0.00290294,-0.00314776,-0.00024556
2006-12-13,1158419.821144,1202067.437358,0.00259870,0.00335790,0.00075695
2006-12-14,1188374.188450,1232681.994651,0.02585795,0.02546825,-0.00037995
2006-12-15,1188020.759930,1236461.365593,-0.00029741,0.00306597,0.00335873
2006-12-18,1177570.646503,1225010.198916,-0.00879624,-0.00926124,-0.00046924
2006-12-19,1183612.804812,1232478.985304,0.00513104,0.00609692,0.00096049
2006-12-20,1180934.687665,1227306.061935,-0.00226266,-0.00419717,-0.00194078
2006-12-21,1167297.456474,1214096.923736,-0.01154783,-0.01076271,0.00079398
2006-12-22,1145112.236217,1195008.875275,-0.01900563,-0.01572201,0.00334164
2006-12-26,1164711.634933,1210665.097780,0.01711570,0.01310134,-0.00395461
2006-12-27,1186991.494938,1235402.756414,0.01912908,0.02043311,0.00127874
2006-12-28,1178818.684298,1229925.680299,-0.00688532,-0.00443343,0.00246584
2006-12-29,1163470.733318,1213677.722545,-0.01301977,-0.01321052,-0.00019328
2007-01-03,1156641.660355,1209681.115880,-0.00586957,-0.00329297,0.00258846
2007-01-04,1163344.906895,1213890.505224,0.00579544,0.00347975,-0.00230500
2007-01-05,1134841.523113,1191944.887928,-0.02450123,-0.01807875,0.00656222
2007-01-08,1149939.753526,1199917.307481,0.01330426,0.00668858,-0.00655023
2007-01-09,1146351.213095,1197948.996175,-0.00312063,-0.00164037,0.00148379
2007-01-10,1157148.713855,1204804.926444,0.00941902,0.00572306,-0.00366819
2007-01-11,1171692.933281,1227014.187901,0.01256901,0.01843391,0.00577538
2007-01-12,1197729.243008,1244371.515965,0.02222110,0.01414599,-0.00793094
2007-01-16,1190020.518288,1247514.732434,-0.00643612,0.00252595,0.00897968
2007-01-17,1190837.907460,1244067.395408,0.00068687,-0.00276336,-0.00345382
2007-01-18,1178163.524036,1232839.562195,-0.01064325,-0.00902510,0.00163422
2007-01-19,1184436.884105,1243293.576778,0.00532469,0.00847962,0.00313331
2007-01-22,1172811.321547,1223866.677842,-0.00981527,-0.01562535,-0.00588496
2007-01-23,1182519.771015,1236856.870670,0.00827793,0.01061406,0.00231427
2007-01-24,1210411.226608,1268254.668323,0.02358646,0.02538515,0.00175570
2007-01-25,1167090.336964,1225794.383998,-0.03579022,-0.03347930,0.00239383
2007-01-26,1163220.110202,1221104.880636,-0.00331613,-0.00382569,-0.00051138
2007-01-29,1160590.191685,1217131.184885,-0.00226089,-0.00325418,-0.00099603
2007-01-30,1178063.416885,1238227.104557,0.01505547,0.01733249,0.00224074
2007-01-31,1201154.128367,1262506.198318,0.01960057,0.01960795,0.00000724
2007-02-01,1222023.217306,1282378.925897,0.01737420,0.01574070,-0.00160689
2007-02-02,1226394.402461,1288550.992675,0.00357701,0.00481298,0.00123081
2007-02-05,1226711.819232,1285109.199059,0.00025882,-0.00267106,-0.00293342
2007-02-06,1227025.059600,1287613.557630,0.00025535,0.00194875,0.00169154
2007-02-07,1234451.998510,1292831.410974,0.00605280,0.00405234,-0.00199040
2007-02-08,1228901.569333,1288319.621952,-0.00449627,-0.00348985,0.00101045
2007-02-09,1200740.566310,1261538.009173,-0.02291559,-0.02078802,0.00217510
2007-02-12,1187790.952748,1249446.066976,-0.01078469,-0.00958508,0.00121195
2007-02-13,1217171.038738,1277714.591892,0.02473506,0.02262485,-0.00206141
2007-02-14,1240454.252455,1306237.226637,0.01912896,0.02232317,0.00312935
2007-02-15,1244599.950538,1309995.485395,0.00334208,0.00287716,-0.00046348
2007-02-16,1242095.701514,1306560.731865,-0.00201209,-0.00262196,-0.00061128
2007-02-20,1249310.252019,1317502.988030,0.00580837,0.00837485,0.00254841
2007-02-21,1247056.706540,1311833.458243,-0.00180383,-0.00430324,-0.00250706
2007-02-22,1243522.272086,1308334.056354,-0.00283422,-0.00266757,0.00016712
2007-02-23,1228236.611759,1294138.917626,-0.01229223,-0.01084978,0.00145933
2007-02-26,1224234.144428,1289341.406425,-0.00325871,-0.00370711,-0.00044996
2007-02-27,1080088.322378,1152705.722770,-0.11774367,-0.10597324,0.01325307
2007-02-28,1112685.783956,1171553.392197,0.03018037,0.01635081,-0.01351533
2007-03-01,1102100.958861,1162471.901802,-0.00951286,-0.00775167,0.00177653
2007-03-02,1058174.678126,1122928.268834,-0.03985686,-0.03401685,0.00606401
2007-03-05,1027350.302135,1090826.838793,-0.02912976,-0.02858725,0.00055863
2007-03-06,1079496.585119,1142841.423406,0.05075804,0.04768363,-0.00293018
2007-03-07,1075633.661757,1134390.544562,-0.00357845,-0.00739462,-0.00383723
2007-03-08,1102299.814943,1158816.161577,0.02479111,0.02153193,-0.00318541
2007-03-09,1102611.511349,1161199.918153,0.00028277,0.00205706,0.00177222
2007-03-12,1106915.554607,1169828.853708,0.00390350,0.00743105,0.00350768
2007-03-13,1041746.647786,1099608.402925,-0.05887433,-0.06002626,-0.00122475
2007-03-14,1064431.596248,1122274.380969,0.02177588,0.02061277,-0.00113897
2007-03-15,1068181.884188,1134607.628220,0.00352328,0.01098951,0.00741248
2007-03-16,1058596.769229,1121454.639658,-0.00897330,-0.01159254,-0.00264646
2007-03-19,1096276.852936,1158740.427963,0.03559437,0.03324770,-0.00226858
2007-03-20,1113712.051016,1180431.260790,0.01590401,0.01871932,0.00276740
2007-03-21,1168059.233137,1239352.456086,0.04879823,0.04991497,0.00106421
2007-03-22,1164701.968842,1237844.181971,-0.00287422,-0.00121699,0.00166064
2007-03-23,1169159.933785,1241668.070882,0.00382756,0.00308915,-0.00073586
2007-03-26,1163843.910479,1245013.439150,-0.00454687,0.00269425,0.00724787
2007-03-27,1154887.016236,1222319.528561,-0.00769596,-0.01822784,-0.01067029
2007-03-28,1129004.497253,1193336.762340,-0.02241130,-0.02371128,-0.00133067
2007-03-29,1131942.863317,1206587.210753,0.00260262,0.01110370,0.00844327
2007-03-30,1132012.037312,1202208.520468,0.00006111,-0.00362899,-0.00369670
2007-04-02,1135188.720703,1211568.955004,0.00280623,0.00778603,0.00495358
2007-04-03,1171195.324391,1245165.897397,0.03171861,0.02773011,-0.00387337
2007-04-04,1174435.486429,1249110.624918,0.00276654,0.00316803,0.00040030
2007-04-05,1183319.656430,1260125.732782,0.00756463,0.00881836,0.00124354
2007-04-09,1187561.161272,1262577.369017,0.00358441,0.00194555,-0.00163434
2007-04-10,1191076.149390,1271945.296928,0.00295984,0.00741969,0.00443683
2007-04-11,1175817.424884,1247665.919498,-0.01281087,-0.01908838,-0.00637928
2007-04-12,1190817.777910,1270238.200611,0.01275738,0.01809161,0.00525321
2007-04-13,1206436.273573,1283030.002346,0.01311577,0.01007040,-0.00301048
2007-04-16,1240114.661295,1322548.030310,0.02791560,0.03080055,0.00280267
2007-04-17,1249295.853740,1330812.176963,0.00740350,0.00624866,-0.00114702
2007-04-18,1253168.570210,1333424.378914,0.00309992,0.00196286,-0.00113419
2007-04-19,1251428.748010,1328605.972557,-0.00138834,-0.00361356,-0.00223080
2007-04-20,1286159.442524,1365368.967524,0.02775283,0.02767035,-0.00008026
2007-04-23,1270884.903905,1356185.125570,-0.01187608,-0.00672627,0.00519817
2007-04-24,1271700.935270,1354645.054178,0.00064210,-0.00113559,-0.00177813
2007-04-25,1306006.509472,1394925.862391,0.02697613,0.02973532,0.00268311
2007-04-26,1309712.680584,1391737.321686,0.00283779,-0.00228581,-0.00512220
2007-04-27,1305814.399770,1391123.360203,-0.00297644,-0.00044115,0.00253963
2007-04-30,1272581.664558,1359605.226102,-0.02544982,-0.02265661,0.00286205
2007-05-01,1281633.512838,1370004.211613,0.00711298,0.00764853,0.00053163
2007-05-02,1303400.622985,1395688.277627,0.01698388,0.01874744,0.00173260
2007-05-03,1323838.000083,1412996.701431,0.01568004,0.01240135,-0.00323329
2007-05-04,1338134.121325,1422059.128325,0.01079900,0.00641362,-0.00434796
2007-05-07,1338170.107876,1432858.185968,0.00002689,0.00759396,0.00753838
2007-05-08,1332082.399118,1427599.636855,-0.00454928,-0.00366997,0.00088294
2007-05-09,1342192.837017,1440814.408169,0.00758995,0.00925664,0.00165277
2007-05-10,1299335.228114,1381740.337020,-0.03193104,-0.04100047,-0.00941275
2007-05-11,1331947.888339,1421920.247991,0.02509950,0.02907921,0.00387475
2007-05-14,1322443.395009,1414479.804817,-0.00713578,-0.00523267,0.00191496
2007-05-15,1322744.137909,1409021.178535,0.00022741,-0.00385911,-0.00409396
2007-05-16,1349130.824562,1445078.654355,0.01994844,0.02559044,0.00551641
2007-05-17,1340350.744109,1440817.684827,-0.00650795,-0.00294861,0.00357626
2007-05-18,1374663.323322,1468739.848061,0.02559970,0.01937939,-0.00608352
2007-05-21,1371715.188416,1475244.883909,-0.00214462,0.00442899,0.00656614
2007-05-22,1367694.872878,1472099.874248,-0.00293087,-0.00213186,0.00080104
2007-05-23,1367450.688575,1466721.613990,-0.00017854,-0.00365346,-0.00348160
2007-05-24,1329532.360782,1425200.660290,-0.02772921,-0.02830868,-0.00059617
2007-05-25,1345400.914762,1447899.652094,0.01193544,0.01592687,0.00393660
2007-05-29,1359272.090475,1454948.133718,0.01031007,0.00486807,-0.00540102
2007-05-30,1391706.121077,1488849.135596,0.02386132,0.02330049,-0.00054791
2007-05-31,1386556.704172,1489718.333391,-0.00370007,0.00058381,0.00429057
2007-06-01,1406384.445617,1506224.033552,0.01429999,0.01107975,-0.00317989
2007-06-04,1406127.449805,1514427.430018,-0.00018274,0.00544633,0.00561431
2007-06-05,1388626.503274,1490396.313416,-0.01244620,-0.01586812,-0.00347106
2007-06-06,1343045.328483,1450597.512248,-0.03282465,-0.02670350,0.00630895
2007-06-07,1269570.554509,1372752.150074,-0.05470759,-0.05366434,0.00110302
2007-06-08,1318402.351946,1419113.904804,0.03846324,0.03377285,-0.00452689
2007-06-11,1324454.603584,1422410.006707,0.00459060,0.00232265,-0.00226014
2007-06-12,1280369.412240,1377864.168389,-0.03328554,-0.03131716,0.00203409
2007-06-13,1337128.992603,1440002.452465,0.04433063,0.04509754,0.00073409
2007-06-14,1361982.807056,1460052.595970,0.01858745,0.01392369,-0.00458917
2007-06-15,1384451.783415,1488210.945214,0.01649725,0.01928585,0.00273958
2007-06-18,1378775.627780,1483036.059711,-0.00409993,-0.00347725,0.00062505
2007-06-19,1388266.739032,1490511.825437,0.00688372,0.00504085,-0.00183195
2007-06-20,1329596.796335,1430899.700175,-0.04226129,-0.03999440,0.00236412
2007-06-21,1351002.619235,1457327.523984,0.01609948,0.01846938,0.00232963
2007-06-22,1312095.121176,1401589.473413,-0.02879898,-0.03824676,-0.00977556
2007-06-25,1292516.675015,1388118.698751,-0.01492151,-0.00961107,0.00537641
2007-06-26,1251923.654314,1373829.699250,-0.03140619,-0.01029379,0.02156280
2007-06-27,1304649.952371,1410596.437671,0.04211622,0.02676222,-0.01484310
2007-06-28,1303382.772938,1408655.704918,-0.00097128,-0.00137582,-0.00040502
2007-06-29,1303938.331734,1402192.943976,0.00042624,-0.00458789,-0.00502460
2007-07-02,1338557.601012,1446517.224112,0.02654977,0.03161069,0.00491791
2007-07-03,1352340.012420,1461282.726630,0.01029646,0.01020762,-0.00008794
2007-07-05,1347306.202788,1462514.737234,-0.00372230,0.00084310,0.00457199
2007-07-06,1367783.635873,1476734.092485,0.01519880,0.00972254,-0.00540887
2007-07-09,1370222.635536,1480873.013078,0.00178318,0.00280275,0.00101724
2007-07-10,1310903.845690,1418716.142146,-0.04329135,-0.04197313,0.00137693
2007-07-11,1338035.691556,1443326.439614,0.02069705,0.01734688,-0.00328764
2007-07-12,1400654.230949,1525363.953067,0.04679886,0.05683920,0.00954576
2007-07-13,1412372.026475,1538550.963113,0.00836594,0.00864516,0.00027686
2007-07-16,1411020.810222,1529786.426193,-0.00095670,-0.00569662,-0.00475575
2007-07-17,1408027.260990,1529007.375457,-0.00212155,-0.00050925,0.00161442
2007-07-18,1399573.445519,1519257.015043,-0.00600401,-0.00637692,-0.00037523
2007-07-19,1415084.291037,1539254.614703,0.01108255,0.01316275,0.00205528
2007-07-20,1371294.888015,1483137.329414,-0.03094473,-0.03645744,-0.00570499
2007-07-23,1383108.785239,1505108.359775,0.00861514,0.01481389,0.00612699
2007-07-24,1310362.122593,1414975.569680,-0.05259649,-0.05988459,-0.00772245
2007-07-25,1317664.974565,1434316.569479,0.00557316,0.01366879,0.00801853
2007-07-26,1223307.783080,1334633.265652,-0.07160939,-0.06949882,0.00227079
2007-07-27,1150460.880079,1270865.485166,-0.05954912,-0.04777925,0.01243747
2007-07-30,1203793.194657,1310602.465819,0.04635735,0.03126765,-0.01452616
2007-07-31,1162429.940866,1261166.221247,-0.03436076,-0.03772024,-0.00348509
2007-08-01,1178753.426176,1288789.057805,0.01404255,0.02190261,0.00772133
2007-08-02,1206334.036703,1305846.306091,0.02339812,0.01323510,-0.00998030
2007-08-03,1112469.729763,1202279.356477,-0.07780955,-0.07931021,-0.00162861
2007-08-06,1167764.004440,1288397.039096,0.04970407,0.07162868,0.02067133
2007-08-07,1204475.750931,1311746.108286,0.03143764,0.01812257,-0.01299328
2007-08-08,1254155.996455,1365618.355077,0.04124636,0.04106911,-0.00017025
2007-08-09,1141915.092857,1245479.170868,-0.08949517,-0.08797420,0.00166907
2007-08-10,1125208.770528,1246062.050015,-0.01463009,0.00046800,0.01520605
2007-08-13,1136662.096972,1244178.954609,0.01017885,-0.00151124,-0.01163977
2007-08-14,1083858.219284,1176895.441827,-0.04645521,-0.05407865,-0.00802697
2007-08-15,1038420.591450,1126292.507436,-0.04192211,-0.04299697,-0.00112251
2007-08-16,1058495.378933,1133355.526694,0.01933204,0.00627103,-0.01289610
2007-08-17,1074727.137882,1150507.491601,0.01533475,0.01513379,-0.00019794
2007-08-20,1084416.960111,1160881.222129,0.00901608,0.00901666,0.00000057
2007-08-21,1082845.424561,1159198.246654,-0.00144920,-0.00144974,-0.00000054
2007-08-22,1077490.296979,1153464.376182,-0.00494542,-0.00494641,-0.00000099
2007-08-23,1080575.733328,1156767.611262,0.00286354,0.00286375,0.00000021
2007-08-24,1084015.941629,1160450.747323,0.00318368,0.00318399,0.00000031
2007-08-27,1084191.394340,1160637.617550,0.00016185,0.00016103,-0.00000082
2007-08-28,1085188.615800,1161704.898294,0.00091978,0.00091956,-0.00000022
2007-08-29,1085472.826517,1162008.941636,0.00026190,0.00026172,-0.00000018
2007-08-30,1085819.367171,1162379.626857,0.00031925,0.00031900,-0.00000025
2007-08-31,1086804.802983,1163434.330649,0.00090755,0.00090737,-0.00000018
2007-09-04,1091966.467685,1168959.771522,0.00474939,0.00474925,-0.00000014
2007-09-05,1094205.275221,1171356.431022,0.00205025,0.00205025,-0.00000000
2007-09-06,1096040.132416,1173320.758573,0.00167689,0.00167697,0.00000008
2007-09-07,1096470.929141,1173781.567590,0.00039305,0.00039274,-0.00000031
2007-09-10,1094277.836794,1171432.715692,-0.00200014,-0.00200110,-0.00000096
2007-09-11,1096598.231876,1173916.835802,0.00212048,0.00212058,0.00000010
2007-09-12,1095405.872002,1172639.887736,-0.00108733,-0.00108777,-0.00000044
2007-09-13,1098106.054310,1175530.708579,0.00246501,0.00246522,0.00000022
2007-09-14,1102927.332002,1180692.394157,0.00439054,0.00439094,0.00000040
2007-09-17,1099600.450965,1177129.634439,-0.00301641,-0.00301752,-0.00000111
2007-09-18,1101421.666363,1179079.234600,0.00165625,0.00165623,-0.00000002
2007-09-19,1123351.479525,1201894.778914,0.01991046,0.01935031,-0.00054937
2007-09-20,1098997.442473,1178024.342914,-0.02167980,-0.01986067,0.00185772
2007-09-21,1107285.369271,1193701.902483,0.00754135,0.01330835,0.00570751
2007-09-24,1100552.435207,1175424.457064,-0.00608058,-0.01531157,-0.00933086
2007-09-25,1093411.715971,1173983.381785,-0.00648830,-0.00122600,0.00528269
2007-09-26,1110143.456095,1192612.327787,0.01530232,0.01586815,0.00055714
2007-09-27,1129221.180860,1206280.334082,0.01718492,0.01146056,-0.00564354
2007-09-28,1117310.081944,1195536.612945,-0.01054807,-0.00890649,0.00165770
2007-10-01,1154480.044378,1242136.106354,0.03326737,0.03897789,0.00551145
2007-10-02,1149128.909509,1240746.889812,-0.00463510,-0.00111841,0.00352684
2007-10-03,1141554.822691,1224385.995637,-0.00659116,-0.01318633,-0.00666107
2007-10-04,1146267.742598,1231634.354227,0.00412851,0.00591999,0.00178253
2007-10-05,1186510.351298,1265598.581546,0.03510751,0.02757655,-0.00730213
2007-10-08,1166895.706946,1253671.138960,-0.01653137,-0.00942435,0.00720050
2007-10-09,1199215.036889,1283762.215437,0.02769685,0.02400237,-0.00360139
2007-10-10,1192550.037611,1277233.631518,-0.00555780,-0.00508551,0.00047482
2007-10-11,1174725.011085,1257820.324443,-0.01494698,-0.01519950,-0.00025638
2007-10-12,1193573.255190,1275584.907829,0.01604481,0.01412331,-0.00189295
2007-10-15,1162682.386308,1244400.944128,-0.02588100,-0.02444680,0.00147123
2007-10-16,1134386.919708,1219787.500650,-0.02433637,-0.01977935,0.00465981
2007-10-17,1144173.043180,1226266.675713,0.00862680,0.00531172,-0.00329213
2007-10-18,1131092.650697,1223111.146554,-0.01143218,-0.00257328,0.00892143
2007-10-19,1041729.996246,1127957.574849,-0.07900560,-0.07779634,0.00131213
2007-10-22,1059343.972202,1140370.228408,0.01690839,0.01100454,-0.00582260
2007-10-23,1084537.688304,1169966.649997,0.02378238,0.02595334,0.00211829
2007-10-24,1077963.067971,1161424.876537,-0.00606214,-0.00730087,-0.00124706
2007-10-25,1085083.345157,1158257.727959,0.00660531,-0.00272695,-0.00931426
2007-10-26,1122677.954372,1205188.608914,0.03464675,0.04051851,0.00565910
2007-10-29,1133280.908282,1218501.753650,0.00944434,0.01104652,0.00158593
2007-10-30,1109094.498559,1194898.760347,-0.02134194,-0.01937050,0.00201240
2007-10-31,1143081.946946,1237691.514822,0.03064432,0.03581287,0.00500234
2007-11-01,1062233.081263,1141410.223254,-0.07072884,-0.07779102,-0.00762872
2007-11-02,1065280.293845,1144245.859169,0.00286869,0.00248433,-0.00038333
2007-11-05,1040430.406957,1126891.666498,-0.02332709,-0.01516649,0.00832079
2007-11-06,1081918.982144,1167488.374741,0.03987636,0.03602539,-0.00371017
2007-11-07,992578.587486,1067044.536440,-0.08257586,-0.08603412,-0.00377665
2007-11-08,976974.163631,1064766.165695,-0.01572110,-0.00213522,0.01370848
2007-11-09,936247.672097,1019103.342445,-0.04168635,-0.04288531,-0.00125189
2007-11-12,907903.485021,987713.315157,-0.03027424,-0.03080161,-0.00054399
2007-11-13,990462.708843,1073604.654253,0.09093392,0.08695979,-0.00364953
2007-11-14,981731.569431,1050414.861907,-0.00881521,-0.02159994,-0.01298233
2007-11-15,938748.001790,1007733.910010,-0.04378342,-0.04063247,0.00328981
2007-11-16,943101.715815,1023590.285650,0.00463779,0.01573469,0.01098511
2007-11-19,903217.148052,970326.209828,-0.04229084,-0.05203652,-0.01022816
2007-11-20,909261.380564,971964.545952,0.00669189,0.00168844,-0.00498259
2007-11-21,904817.791684,967020.278731,-0.00488703,-0.00508688,-0.00020085
2007-11-23,904629.318957,966818.886994,-0.00020830,-0.00020826,0.00000004
2007-11-26,910906.671344,973528.671398,0.00693914,0.00694006,0.00000091
2007-11-27,911897.177919,974587.547134,0.00108739,0.00108767,0.00000028
2007-11-28,912087.830416,974791.379605,0.00020907,0.00020915,0.00000008
2007-11-29,915929.808796,978898.007837,0.00421229,0.00421283,0.00000054
2007-11-30,918034.865204,981148.093223,0.00229827,0.00229859,0.00000032
2007-12-03,927559.160550,991327.858879,0.01037466,0.01037536,0.00000070
2007-12-04,931855.910500,995920.317092,0.00463232,0.00463263,0.00000031
2007-12-05,939186.712565,1003755.848312,0.00786688,0.00786763,0.00000074
2007-12-06,941343.995419,1006061.504651,0.00229697,0.00229703,0.00000006
2007-12-07,941849.119603,1006601.134784,0.00053660,0.00053638,-0.00000022
2007-12-10,946867.370270,1011964.143084,0.00532808,0.00532784,-0.00000024
2007-12-11,948341.374001,1013539.226277,0.00155672,0.00155646,-0.00000025
2007-12-12,937726.022340,1002192.251503,-0.01119360,-0.01119540,-0.00000182
2007-12-13,934768.122733,999030.269557,-0.00315433,-0.00315507,-0.00000074
2007-12-14,936398.048672,1000772.239714,0.00174367,0.00174366,-0.00000001
2007-12-17,925783.442224,989425.160562,-0.01133557,-0.01133832,-0.00000278
2007-12-18,924432.763964,987981.096926,-0.00145896,-0.00145950,-0.00000054
2007-12-19,924270.401437,987807.103061,-0.00017563,-0.00017611,-0.00000048
2007-12-20,924443.193258,987991.421508,0.00018695,0.00018659,-0.00000036
2007-12-21,925024.665415,988612.662101,0.00062900,0.00062879,-0.00000021
2007-12-24,936805.699597,1001204.352179,0.01273591,0.01273673,0.00000080
2007-12-26,939821.721008,1004427.491761,0.00321947,0.00321926,-0.00000021
2007-12-27,940017.678780,1004636.510203,0.00020851,0.00020810,-0.00000041
2007-12-28,948797.465555,1014020.800134,0.00934002,0.00934098,0.00000095
2007-12-31,953675.877582,1019234.176505,0.00514168,0.00514129,-0.00000039
2008-01-02,950623.981030,1015971.447953,-0.00320014,-0.00320116,-0.00000102
2008-01-03,952162.430128,1017615.704816,0.00161836,0.00161841,0.00000005
2008-01-04,943903.755236,1008787.840554,-0.00867360,-0.00867505,-0.00000146
2008-01-07,940900.048970,1005576.818246,-0.00318222,-0.00318305,-0.00000084
2008-01-08,941705.094840,1006437.145664,0.00085561,0.00085556,-0.00000006
2008-01-09,934662.654828,998909.383928,-0.00747839,-0.00747961,-0.00000123
2008-01-10,943485.896880,1008340.398557,0.00944003,0.00944131,0.00000127
2008-01-11,940075.849196,1004695.170995,-0.00361431,-0.00361508,-0.00000077
2008-01-14,937623.106053,1002073.032626,-0.00260909,-0.00260988,-0.00000080
2008-01-15,935372.683538,999667.397821,-0.00240014,-0.00240066,-0.00000052
2008-01-16,930028.590247,993954.945898,-0.00571333,-0.00571435,-0.00000103
2008-01-17,941604.208095,1006327.903574,0.01244652,0.01244821,0.00000167
2008-01-18,942261.896957,1007030.742430,0.00069848,0.00069842,-0.00000006
2008-01-22,954694.434948,1020319.169844,0.01319436,0.01319565,0.00000128
2008-01-23,961599.970508,1027700.368156,0.00723324,0.00723421,0.00000096
2008-01-24,960812.311829,1026858.426469,-0.00081911,-0.00081925,-0.00000014
2008-01-25,963583.163341,1029819.951562,0.00288386,0.00288406,0.00000020
2008-01-28,963085.559600,1029287.682917,-0.00051641,-0.00051686,-0.00000045
2008-01-29,966186.527892,1032602.190666,0.00321983,0.00322020,0.00000037
2008-01-30,965259.348082,1031610.969424,-0.00095963,-0.00095993,-0.00000030
2008-01-31,959304.979679,1025246.187515,-0.00616867,-0.00616975,-0.00000108
2008-02-01,959381.745934,1025328.067735,0.00008002,0.00007986,-0.00000016
2008-02-04,961398.297035,1027482.967984,0.00210193,0.00210167,-0.00000026
2008-02-05,964246.336368,1030526.950326,0.00296239,0.00296256,0.00000017
2008-02-06,962506.245640,1028666.762262,-0.00180461,-0.00180508,-0.00000047
2008-02-07,963795.590713,1030044.794945,0.00133957,0.00133963,0.00000006
2008-02-08,970490.575096,1037200.786023,0.00694648,0.00694726,0.00000078
2008-02-11,975819.017786,1042895.744338,0.00549046,0.00549070,0.00000024
2008-02-12,975970.477378,1043057.428503,0.00015521,0.00015503,-0.00000018
2008-02-13,986172.705838,1053962.358200,0.01045342,0.01045477,0.00000134
2008-02-14,984349.639349,1052013.515674,-0.00184863,-0.00184906,-0.00000044
2008-02-15,985742.952967,1053502.668484,0.00141547,0.00141553,0.00000006
2008-02-19,987254.505502,1055117.595317,0.00153341,0.00153291,-0.00000050
2008-02-20,987684.968158,1055577.561471,0.00043602,0.00043594,-0.00000008
2008-02-21,984298.153806,1051957.098209,-0.00342904,-0.00342984,-0.00000080
2008-02-22,980784.926115,1048201.656867,-0.00356927,-0.00356996,-0.00000069
2008-02-25,982786.657707,1050340.759183,0.00204095,0.00204074,-0.00000021
2008-02-26,982733.357986,1050283.530967,-0.00005423,-0.00005449,-0.00000025
2008-02-27,987043.238494,1054890.105763,0.00438561,0.00438603,0.00000042
2008-02-28,987400.252766,1055271.424425,0.00036170,0.00036148,-0.00000022
2008-02-29,988538.340506,1056487.589582,0.00115261,0.00115247,-0.00000014
2008-03-03,979925.276022,1047281.386483,-0.00871293,-0.00871397,-0.00000105
2008-03-04,980447.779963,1047840.142239,0.00053321,0.00053353,0.00000032
2008-03-05,983743.475350,1051363.169732,0.00336142,0.00336218,0.00000076
2008-03-06,976180.773295,1043279.541970,-0.00768768,-0.00768871,-0.00000104
2008-03-07,971542.119834,1038321.554911,-0.00475184,-0.00475231,-0.00000047
2008-03-10,964362.879164,1030648.361169,-0.00738953,-0.00739000,-0.00000047
2008-03-11,963270.177303,1029480.805156,-0.00113308,-0.00113284,0.00000025
2008-03-12,961247.905210,1027319.319468,-0.00209938,-0.00209959,-0.00000021
2008-03-13,959047.121819,1024967.163746,-0.00228951,-0.00228961,-0.00000010
2008-03-14,957175.791793,1022967.027743,-0.00195124,-0.00195141,-0.00000018
2008-03-17,952718.613016,1018203.384684,-0.00465659,-0.00465669,-0.00000010
2008-03-18,952881.763481,1018378.148788,0.00017125,0.00017164,0.00000039
2008-03-19,951596.558467,1017004.590889,-0.00134876,-0.00134877,-0.00000001
2008-03-20,954372.551570,1019972.125172,0.00291720,0.00291792,0.00000072
2008-03-24,950282.235412,1015601.091362,-0.00428587,-0.00428544,0.00000043
2008-03-25,947473.751606,1012599.314739,-0.00295542,-0.00295567,-0.00000025
2008-03-26,945868.008201,1010883.089905,-0.00169476,-0.00169487,-0.00000011
2008-03-27,949408.010766,1014667.182571,0.00374260,0.00374335,0.00000075
2008-03-28,956954.731320,1022734.070116,0.00794887,0.00795028,0.00000140
2008-03-31,953813.098700,1019376.671172,-0.00328295,-0.00328277,0.00000018
2008-04-01,950893.322923,1016256.094880,-0.00306116,-0.00306126,-0.00000010
2008-04-02,947368.368675,1012488.399456,-0.00370699,-0.00370743,-0.00000044
2008-04-03,945212.237656,1010183.831684,-0.00227592,-0.00227614,-0.00000023
2008-04-04,945504.952496,1010496.734494,0.00030968,0.00030975,0.00000007
2008-04-07,947819.927028,1012971.544838,0.00244840,0.00244910,0.00000070
2008-04-08,946686.488913,1011760.080906,-0.00119584,-0.00119595,-0.00000011
2008-04-09,945797.778097,1010810.155359,-0.00093876,-0.00093888,-0.00000012
2008-04-10,944953.140016,1009907.425521,-0.00089304,-0.00089308,-0.00000003
2008-04-11,943124.471968,1007952.790667,-0.00193519,-0.00193546,-0.00000027
2008-04-14,938179.995439,1002667.937274,-0.00524266,-0.00524316,-0.00000050
2008-04-15,937691.331436,1002145.743517,-0.00052086,-0.00052080,0.00000006
2008-04-16,938686.398919,1003209.539954,0.00106119,0.00106152,0.00000033
2008-04-17,935793.516370,1000117.499141,-0.00308184,-0.00308215,-0.00000031
2008-04-18,935474.979526,999777.126345,-0.00034039,-0.00034033,0.00000006
2008-04-21,933498.681595,997664.964664,-0.00211261,-0.00211263,-0.00000002
2008-04-22,931124.756662,995127.555581,-0.00254304,-0.00254335,-0.00000031
2008-04-23,930860.795775,994845.495836,-0.00028349,-0.00028344,0.00000005
2008-04-24,928738.682057,992577.365084,-0.00227973,-0.00227988,-0.00000015
2008-04-25,928789.328447,992631.583772,0.00005453,0.00005462,0.00000009
2008-04-28,931853.072030,995906.633537,0.00329864,0.00329936,0.00000072
2008-04-29,938155.753195,1002643.651635,0.00676360,0.00676471,0.00000110
2008-04-30,943807.677397,1008684.996771,0.00602451,0.00602542,0.00000091
2008-05-01,943101.326958,1007930.134800,-0.00074841,-0.00074836,0.00000004
2008-05-02,942032.638138,1006787.862737,-0.00113316,-0.00113328,-0.00000012
2008-05-05,934411.094687,998641.160653,-0.00809053,-0.00809178,-0.00000126
2008-05-06,935051.237649,999325.382290,0.00068508,0.00068515,0.00000008
2008-05-07,931442.060528,995467.491705,-0.00385987,-0.00386049,-0.00000063
2008-05-08,933044.762139,997180.581118,0.00172067,0.00172089,0.00000022
2008-05-09,924736.340436,988299.709748,-0.00890463,-0.00890598,-0.00000136
2008-05-12,918840.762443,981998.002561,-0.00637542,-0.00637631,-0.00000090
2008-05-13,920986.743365,984291.898046,0.00233553,0.00233595,0.00000042
2008-05-14,919661.740828,982875.629962,-0.00143868,-0.00143887,-0.00000019
2008-05-15,915518.955623,978447.380461,-0.00450468,-0.00450540,-0.00000072
2008-05-16,917577.626106,980647.876872,0.00224864,0.00224897,0.00000033
2008-05-19,921380.520150,984712.732277,0.00414449,0.00414507,0.00000058
2008-05-20,920396.946266,983661.334456,-0.00106750,-0.00106772,-0.00000022
2008-05-21,916297.816693,979279.821407,-0.00445365,-0.00445429,-0.00000064
2008-05-22,918772.921387,981925.557577,0.00270120,0.00270172,0.00000051
2008-05-23,921311.666004,984639.140356,0.00276319,0.00276353,0.00000034
2008-05-27,929750.630379,993659.560873,0.00915973,0.00916114,0.00000140
2008-05-28,932724.863473,996838.777875,0.00319896,0.00319950,0.00000054
2008-05-29,938611.373803,1003130.867162,0.00631109,0.00631204,0.00000095
2008-05-30,944505.351651,1009430.870005,0.00627947,0.00628034,0.00000087
2008-06-02,940645.098537,1005304.369623,-0.00408706,-0.00408795,-0.00000089
2008-06-03,945371.167329,1010355.795923,0.00502428,0.00502477,0.00000049
2008-06-04,943634.120681,1008498.879818,-0.00183742,-0.00183788,-0.00000046
2008-06-05,938314.880409,1002813.000584,-0.00563697,-0.00563796,-0.00000100
2008-06-06,936906.302229,1001307.118945,-0.00150118,-0.00150166,-0.00000048
2008-06-09,932089.068201,996157.562260,-0.00514164,-0.00514283,-0.00000120
2008-06-10,930722.720582,994696.956534,-0.00146590,-0.00146624,-0.00000034
2008-06-11,931373.708757,995392.525461,0.00069944,0.00069928,-0.00000017
2008-06-12,931361.907137,995379.886410,-0.00001267,-0.00001270,-0.00000003
2008-06-13,933017.482371,997149.278071,0.00177759,0.00177760,0.00000002
2008-06-16,932426.520840,996516.952693,-0.00063339,-0.00063413,-0.00000075
2008-06-17,933814.035296,997999.781586,0.00148807,0.00148801,-0.00000006
2008-06-18,933703.908886,997881.821533,-0.00011793,-0.00011820,-0.00000026
2008-06-19,932834.578429,996952.458293,-0.00093106,-0.00093134,-0.00000028
2008-06-20,931828.714307,995877.014178,-0.00107829,-0.00107873,-0.00000044
2008-06-23,930051.375348,993976.628072,-0.00190737,-0.00190825,-0.00000089
2008-06-24,931720.692907,995760.677512,0.00179487,0.00179486,-0.00000001
2008-06-25,931033.988424,995026.420729,-0.00073703,-0.00073738,-0.00000035
2008-06-26,929715.236192,993616.486745,-0.00141644,-0.00141698,-0.00000054
2008-06-27,930264.474350,994203.334867,0.00059076,0.00059062,-0.00000014
2008-06-30,932720.780145,996828.210536,0.00264044,0.00264018,-0.00000026
2008-07-01,931846.201023,995893.169852,-0.00093766,-0.00093802,-0.00000035
2008-07-02,927406.567760,991148.079422,-0.00476434,-0.00476466,-0.00000032
2008-07-03,922285.610704,985674.662197,-0.00552180,-0.00552230,-0.00000050
2008-07-07,921220.140027,984537.454173,-0.00115525,-0.00115374,0.00000152
2008-07-08,920683.161574,983963.893606,-0.00058290,-0.00058257,0.00000033
2008-07-09,921391.160055,984721.025555,0.00076899,0.00076947,0.00000048
2008-07-10,919425.701035,982620.612843,-0.00213314,-0.00213300,0.00000014
2008-07-11,913650.793833,976448.319606,-0.00628099,-0.00628146,-0.00000047
2008-07-14,907310.730434,969672.587774,-0.00693926,-0.00693916,0.00000010
2008-07-15,903889.167959,966015.640680,-0.00377110,-0.00377132,-0.00000022
2008-07-16,902668.840518,964711.679438,-0.00135009,-0.00134983,0.00000025
2008-07-17,903764.909272,965883.726111,0.00121425,0.00121492,0.00000066
2008-07-18,904397.683920,966560.570936,0.00070015,0.00070075,0.00000060
2008-07-21,902267.043260,964284.319939,-0.00235587,-0.00235500,0.00000087
2008-07-22,901910.345082,963903.476701,-0.00039534,-0.00039495,0.00000039
2008-07-23,900671.916743,962580.138814,-0.00137312,-0.00137289,0.00000022
2008-07-24,893245.929991,954642.807200,-0.00824494,-0.00824589,-0.00000096
2008-07-25,886650.786976,947593.717299,-0.00738335,-0.00738401,-0.00000067
2008-07-28,881309.116141,941885.112616,-0.00602455,-0.00602432,0.00000023
2008-07-29,879540.215896,939994.759526,-0.00200713,-0.00200699,0.00000014
2008-07-30,883224.794147,943933.574576,0.00418921,0.00419025,0.00000104
2008-07-31,883914.290276,944670.884171,0.00078066,0.00078110,0.00000045
2008-08-01,887360.716401,948355.139111,0.00389905,0.00390004,0.00000099
2008-08-04,882550.643011,943213.777553,-0.00542065,-0.00542135,-0.00000070
2008-08-05,884417.236319,945209.030747,0.00211500,0.00211538,0.00000038
2008-08-06,885762.771623,946647.303119,0.00152138,0.00152164,0.00000026
2008-08-07,884945.104716,945773.254820,-0.00092312,-0.00092331,-0.00000019
2008-08-08,885170.905179,946014.682694,0.00025516,0.00025527,0.00000011
2008-08-11,888975.478876,950081.544345,0.00429812,0.00429894,0.00000081
2008-08-12,887212.588348,948197.162246,-0.00198306,-0.00198339,-0.00000033
2008-08-13,881828.170528,942441.810784,-0.00606892,-0.00606978,-0.00000087
2008-08-14,885734.491540,946617.292322,0.00442980,0.00443049,0.00000069
2008-08-15,894500.925710,955987.724958,0.00989736,0.00989886,0.00000148
2008-08-18,887776.493670,948800.072045,-0.00751752,-0.00751856,-0.00000105
2008-08-19,887115.160433,948093.183643,-0.00074493,-0.00074503,-0.00000010
2008-08-20,887286.663221,948276.488846,0.00019333,0.00019334,0.00000001
2008-08-21,883161.754390,943867.451478,-0.00464890,-0.00464953,-0.00000063
2008-08-22,884924.434872,945751.682811,0.00199588,0.00199629,0.00000041
2008-08-25,883456.078651,944182.205988,-0.00165930,-0.00165950,-0.00000020
2008-08-26,882455.093707,943112.305892,-0.00113303,-0.00113315,-0.00000012
2008-08-27,883199.091092,943907.576862,0.00084310,0.00084324,0.00000014
2008-08-28,888349.728403,949413.137564,0.00583180,0.00583273,0.00000093
2008-08-29,885861.079827,946753.044626,-0.00280143,-0.00280183,-0.00000040
2008-09-02,893168.450560,954564.038497,0.00824889,0.00825030,0.00000140
2008-09-03,893652.313852,955081.323718,0.00054174,0.00054191,0.00000017
2008-09-04,891437.256450,952713.728877,-0.00247866,-0.00247895,-0.00000029
2008-09-05,888253.956303,949311.218192,-0.00357097,-0.00357139,-0.00000041
2008-09-08,890651.697537,951874.471936,0.00269939,0.00270012,0.00000073
2008-09-09,887188.242165,948172.429723,-0.00388868,-0.00388921,-0.00000054
2008-09-10,884750.415607,945566.730662,-0.00274781,-0.00274813,-0.00000032
2008-09-11,885450.893998,946315.582224,0.00079172,0.00079196,0.00000024
2008-09-12,889623.217501,950775.464169,0.00471209,0.00471289,0.00000080
2008-09-15,891870.884018,953178.009681,0.00252654,0.00252693,0.00000039
2008-09-16,902322.215009,964349.582259,0.01171844,0.01172034,0.00000189
2008-09-17,903100.921172,965181.852308,0.00086300,0.00086304,0.00000004
2008-09-18,908905.265057,971386.325248,0.00642713,0.00642829,0.00000116
2008-09-19,948957.302500,1014198.178866,0.04406624,0.04407294,0.00000642
2008-09-22,912814.701033,975565.690260,-0.03808665,-0.03809166,-0.00000521
2008-09-23,907869.665500,970280.021121,-0.00541735,-0.00541806,-0.00000071
2008-09-24,918242.646996,981367.693048,0.01142563,0.01142729,0.00000164
2008-09-25,916939.308119,979974.722605,-0.00141938,-0.00141942,-0.00000003
2008-09-26,920863.188811,984169.046968,0.00427932,0.00428003,0.00000071
2008-09-29,919149.547534,982337.406538,-0.00186091,-0.00186110,-0.00000020
2008-09-30,910509.893004,973102.746237,-0.00939962,-0.00940070,-0.00000109
2008-10-01,925403.383656,989022.343366,0.01635731,0.01635963,0.00000228
2008-10-02,927511.272784,991275.568199,0.00227781,0.00227823,0.00000043
2008-10-03,929144.929839,993021.863831,0.00176133,0.00176167,0.00000033
2008-10-06,911001.767524,973629.162934,-0.01952673,-0.01952898,-0.00000229
2008-10-07,895414.318152,956967.950900,-0.01711023,-0.01711248,-0.00000229
2008-10-08,880165.543957,940668.922738,-0.01702985,-0.01703195,-0.00000213
2008-10-09,870932.083096,930799.457995,-0.01049060,-0.01049196,-0.00000138
2008-10-10,868866.068656,928591.226213,-0.00237219,-0.00237240,-0.00000022
2008-10-13,876643.298917,936905.021691,0.00895101,0.00895313,0.00000210
2008-10-14,878044.913041,938403.380466,0.00159884,0.00159926,0.00000042
2008-10-15,866445.724008,926005.088829,-0.01321025,-0.01321211,-0.00000189
2008-10-16,865158.058157,924628.911727,-0.00148615,-0.00148614,0.00000000
2008-10-17,879581.754418,940046.527399,0.01667175,0.01667438,0.00000259
2008-10-20,885897.139548,946797.608839,0.00717999,0.00718165,0.00000165
2008-10-21,881665.327573,942274.338236,-0.00477687,-0.00477744,-0.00000058
2008-10-22,873584.114769,933636.473908,-0.00916585,-0.00916704,-0.00000120
2008-10-23,866520.482660,926086.377954,-0.00808581,-0.00808676,-0.00000096
2008-10-24,859139.201780,918196.691794,-0.00851830,-0.00851938,-0.00000109
2008-10-27,841671.715743,899526.373850,-0.02033138,-0.02033368,-0.00000235
2008-10-28,847658.317766,905925.574999,0.00711275,0.00711397,0.00000121
2008-10-29,852852.192701,911477.454117,0.00612732,0.00612841,0.00000108
2008-10-30,855458.895814,914263.901324,0.00305645,0.00305707,0.00000061
2008-10-31,863476.022584,922833.552708,0.00937173,0.00937328,0.00000154
2008-11-03,869318.890209,929078.645605,0.00676668,0.00676730,0.00000062
2008-11-04,871885.781647,931822.180025,0.00295276,0.00295296,0.00000020
2008-11-05,870248.793530,930072.113606,-0.00187753,-0.00187811,-0.00000059
2008-11-06,860168.932239,919297.532915,-0.01158274,-0.01158467,-0.00000196
2008-11-07,862048.209527,921306.133741,0.00218478,0.00218493,0.00000015
2008-11-10,858425.222775,917432.733111,-0.00420277,-0.00420425,-0.00000149
2008-11-11,852063.467573,910632.411746,-0.00741096,-0.00741234,-0.00000139
2008-11-12,845725.593834,903857.584803,-0.00743826,-0.00743969,-0.00000144
2008-11-13,844434.545069,902477.454676,-0.00152656,-0.00152693,-0.00000038
2008-11-14,841053.355919,898863.089745,-0.00400409,-0.00400494,-0.00000085
2008-11-17,831755.353613,888923.716812,-0.01105519,-0.01105772,-0.00000256
2008-11-18,832649.550588,889879.249913,0.00107507,0.00107493,-0.00000014
2008-11-19,808182.754327,863726.455518,-0.02938427,-0.02938915,-0.00000503
2008-11-20,795072.045975,849712.140848,-0.01622245,-0.01622541,-0.00000300
2008-11-21,822966.657748,879528.466508,0.03508438,0.03508991,0.00000534
2008-11-24,818728.818666,874998.047541,-0.00514947,-0.00515096,-0.00000150
2008-11-25,839445.191451,897141.468706,0.02530309,0.02530682,0.00000364
2008-11-26,850684.854292,909155.165338,0.01338939,0.01339108,0.00000167
2008-11-28,859617.236630,918702.475971,0.01050022,0.01050130,0.00000106
2008-12-01,848981.987636,907333.705095,-0.01237208,-0.01237481,-0.00000277
2008-12-02,857208.298299,916126.629204,0.00968962,0.00969095,0.00000132
2008-12-03,859094.278292,918142.349080,0.00220014,0.00220026,0.00000012
2008-12-04,851690.665456,910228.465725,-0.00861793,-0.00861945,-0.00000154
2008-12-05,861352.871336,920556.256259,0.01134474,0.01134637,0.00000162
2008-12-08,871957.294941,931890.853110,0.01231136,0.01231277,0.00000139
2008-12-09,874572.028247,934685.445808,0.00299869,0.00299884,0.00000015
2008-12-10,868205.882291,927880.567667,-0.00727916,-0.00728039,-0.00000125
2008-12-11,858192.574575,917177.100929,-0.01153333,-0.01153539,-0.00000208
2008-12-12,856404.449834,915265.588543,-0.00208359,-0.00208413,-0.00000053
2008-12-15,850538.621586,908995.078786,-0.00684937,-0.00685103,-0.00000167
2008-12-16,865291.914154,924764.652899,0.01734582,0.01734836,0.00000249
2008-12-17,860017.303206,919126.544892,-0.00609576,-0.00609680,-0.00000105
2008-12-18,858026.075451,916997.935474,-0.00231533,-0.00231590,-0.00000057
2008-12-19,855442.736278,914236.475123,-0.00301079,-0.00301141,-0.00000062
2008-12-22,851865.011385,910411.809863,-0.00418231,-0.00418345,-0.00000115
2008-12-23,857786.695334,916741.303329,0.00695143,0.00695234,0.00000090
2008-12-24,851952.767271,910505.247180,-0.00680114,-0.00680242,-0.00000128
2008-12-26,852052.757623,910611.732664,0.00011737,0.00011695,-0.00000041
2008-12-29,852547.229897,911139.663063,0.00058033,0.00057975,-0.00000058
2008-12-30,852073.459791,910633.038810,-0.00055571,-0.00055603,-0.00000032
2008-12-31,862645.339782,921933.143746,0.01240724,0.01240907,0.00000180
2009-01-02,869950.388343,929741.205126,0.00846819,0.00846923,0.00000102
2009-01-05,879344.834876,939781.851685,0.01079883,0.01079940,0.00000056
2009-01-06,874920.428220,935052.265808,-0.00503148,-0.00503264,-0.00000117
2009-01-07,867695.682443,927329.449209,-0.00825760,-0.00825924,-0.00000165
2009-01-08,873671.168461,933716.294343,0.00688661,0.00688735,0.00000073
2009-01-09,866138.005566,925663.753065,-0.00862242,-0.00862418,-0.00000178
2009-01-12,868283.656472,927956.226427,0.00247726,0.00247657,-0.00000069
2009-01-13,871497.827505,931391.507447,0.00370175,0.00370199,0.00000023
2009-01-14,868126.852509,927787.896371,-0.00386802,-0.00386906,-0.00000104
2009-01-15,868243.539231,927912.327583,0.00013441,0.00013412,-0.00000030
2009-01-16,864447.704394,923854.610850,-0.00437185,-0.00437295,-0.00000110
2009-01-20,858929.571519,917954.908695,-0.00638342,-0.00638596,-0.00000256
2009-01-21,864123.936764,923506.872521,0.00604749,0.00604819,0.00000070
2009-01-22,866314.066991,925847.535222,0.00253451,0.00253454,0.00000003
2009-01-23,861622.401295,920832.287530,-0.00541566,-0.00541693,-0.00000127
2009-01-26,861572.876962,920778.360362,-0.00005748,-0.00005856,-0.00000109
2009-01-27,865438.150360,924909.551369,0.00448630,0.00448663,0.00000033
2009-01-28,875670.440534,935846.488588,0.01182325,0.01182487,0.00000160
2009-01-29,869682.766287,929445.999342,-0.00683782,-0.00683925,-0.00000144
2009-01-30,875602.006283,935772.686555,0.00680621,0.00680694,0.00000073
2009-02-02,877556.023365,937860.671121,0.00223163,0.00223129,-0.00000033
2009-02-03,879394.668910,939826.122301,0.00209519,0.00209568,0.00000049
2009-02-04,878134.451038,938479.228265,-0.00143305,-0.00143313,-0.00000008
2009-02-05,870702.295711,930535.088025,-0.00846357,-0.00846491,-0.00000135
2009-02-06,875424.040297,935582.258837,0.00542292,0.00542394,0.00000102
2009-02-09,875987.405614,936184.705824,0.00064353,0.00064393,0.00000039
2009-02-10,872250.301426,932190.117983,-0.00426616,-0.00426688,-0.00000072
2009-02-11,877022.085034,937290.761010,0.00547066,0.00547168,0.00000101
2009-02-12,874451.226688,934542.813071,-0.00293135,-0.00293180,-0.00000045
2009-02-13,871270.356435,931142.946487,-0.00363756,-0.00363800,-0.00000044
2009-02-17,861922.085616,921150.831396,-0.01072947,-0.01073102,-0.00000157
2009-02-18,852256.932561,910819.918765,-0.01121349,-0.01121522,-0.00000176
2009-02-19,848784.009960,907107.816647,-0.00407497,-0.00407556,-0.00000059
2009-02-20,845251.528055,903332.004892,-0.00416181,-0.00416247,-0.00000066
2009-02-23,841352.304242,899164.387677,-0.00461309,-0.00461361,-0.00000051
2009-02-24,850409.124385,908845.315323,0.01076460,0.01076658,0.00000196
2009-02-25,849751.969868,908143.042608,-0.00077275,-0.00077271,0.00000004
2009-02-26,846005.783793,904138.816552,-0.00440856,-0.00440925,-0.00000068
2009-02-27,846502.555065,904669.873971,0.00058720,0.00058736,0.00000017
2009-03-02,839985.565214,897704.094439,-0.00769872,-0.00769980,-0.00000109
2009-03-03,837629.529695,895185.905755,-0.00280485,-0.00280514,-0.00000029
2009-03-04,836916.572817,894424.009582,-0.00085116,-0.00085110,0.00000006
2009-03-05,831058.618004,888162.546352,-0.00699945,-0.00700055,-0.00000111
2009-03-06,832164.089354,889344.350681,0.00133020,0.00133062,0.00000042
2009-03-09,830603.725839,887676.935206,-0.00187507,-0.00187488,0.00000019
2009-03-10,855833.754837,914645.422941,0.03037553,0.03038097,0.00000528
2009-03-11,853032.861090,911651.673095,-0.00327271,-0.00327313,-0.00000042
2009-03-12,857167.889483,916071.720594,0.00484744,0.00484840,0.00000095
2009-03-13,852251.329012,910816.524646,-0.00573582,-0.00573666,-0.00000085
2009-03-16,846453.449855,904619.648847,-0.00680302,-0.00680365,-0.00000064
2009-03-17,847093.367004,905303.801788,0.00075600,0.00075629,0.00000029
2009-03-18,850464.265143,908906.934819,0.00397937,0.00398003,0.00000065
2009-03-19,853324.678897,911964.609320,0.00336336,0.00336412,0.00000076
2009-03-20,852352.441301,910925.476549,-0.00113935,-0.00113944,-0.00000009
2009-03-23,862881.909387,922180.846023,0.01235342,0.01235597,0.00000252
2009-03-24,858718.750156,917731.041796,-0.00482471,-0.00482531,-0.00000059
2009-03-25,854571.073446,913297.744283,-0.00483008,-0.00483072,-0.00000064
2009-03-26,865787.762460,925287.324168,0.01312552,0.01312779,0.00000224
2009-03-27,860429.803982,919560.330567,-0.00618854,-0.00618942,-0.00000089
2009-03-30,850638.796190,909095.111611,-0.01137921,-0.01138068,-0.00000149
2009-03-31,853133.866066,911762.165437,0.00293317,0.00293375,0.00000057
2009-04-01,854650.679823,913383.628339,0.00177793,0.00177838,0.00000045
2009-04-02,859927.204867,919023.604546,0.00617390,0.00617482,0.00000091
2009-04-03,865167.359540,924624.727742,0.00609372,0.00609465,0.00000092
2009-04-06,864402.843075,923807.038243,-0.00088366,-0.00088435,-0.00000068
2009-04-07,859669.650794,918747.567263,-0.00547568,-0.00547676,-0.00000109
2009-04-08,860056.724113,919161.151408,0.00045026,0.00045016,-0.00000010
2009-04-09,867778.218920,927414.530235,0.00897789,0.00897925,0.00000135
2009-04-13,870508.606058,930332.326083,0.00314641,0.00314616,-0.00000025
2009-04-14,867288.005985,926889.641369,-0.00369968,-0.00370049,-0.00000082
2009-04-15,869265.319868,929003.009942,0.00227988,0.00228006,0.00000018
2009-04-16,869604.051948,929364.976981,0.00038968,0.00038963,-0.00000005
2009-04-17,867187.101426,926781.386214,-0.00277937,-0.00277995,-0.00000059
2009-04-20,866062.357427,925578.631461,-0.00129700,-0.00129778,-0.00000077
2009-04-21,864699.681787,924121.905000,-0.00157342,-0.00157385,-0.00000044
2009-04-22,858308.112079,917289.808567,-0.00739166,-0.00739307,-0.00000141
2009-04-23,859760.616822,918842.254960,0.00169229,0.00169243,0.00000014
2009-04-24,866148.025884,925669.581918,0.00742929,0.00743036,0.00000106
2009-04-27,871880.193132,931796.151254,0.00661800,0.00661853,0.00000052
2009-04-28,869842.538378,929617.981700,-0.00233708,-0.00233760,-0.00000052
2009-04-29,880247.282037,940739.409363,0.01196164,0.01196344,0.00000178
2009-04-30,882339.425543,942975.501597,0.00237677,0.00237695,0.00000018
2009-05-01,878161.175791,938509.245947,-0.00473542,-0.00473634,-0.00000093
2009-05-04,882456.224213,943100.020725,0.00489096,0.00489156,0.00000060
2009-05-05,884357.885390,945132.644088,0.00215496,0.00215526,0.00000029
2009-05-06,885643.421962,946506.660084,0.00145364,0.00145378,0.00000014
2009-05-07,884251.827730,945019.176701,-0.00157128,-0.00157155,-0.00000027
2009-05-08,886696.893645,947632.606368,0.00276512,0.00276548,0.00000035
2009-05-11,876328.940704,936550.053265,-0.01169278,-0.01169499,-0.00000223
2009-05-12,876273.967452,936491.229123,-0.00006273,-0.00006281,-0.00000008
2009-05-13,873528.305613,933556.309993,-0.00313334,-0.00313395,-0.00000062
2009-05-14,876068.446733,936271.379287,0.00290791,0.00290831,0.00000040
2009-05-15,875170.155744,935311.134537,-0.00102537,-0.00102561,-0.00000024
2009-05-18,881866.893329,942469.096468,0.00765193,0.00765303,0.00000109
2009-05-19,882487.775944,943132.664802,0.00070405,0.00070407,0.00000002
2009-05-20,885111.779014,945937.336036,0.00297342,0.00297378,0.00000037
2009-05-21,878249.481518,938602.223044,-0.00775303,-0.00775433,-0.00000131
2009-05-22,876750.742221,937000.146842,-0.00170651,-0.00170687,-0.00000037
2009-05-26,882919.351722,943593.538529,0.00703576,0.00703670,0.00000093
2009-05-27,881607.065790,942190.779634,-0.00148630,-0.00148661,-0.00000031
2009-05-28,881997.683466,942608.246070,0.00044307,0.00044308,0.00000001
2009-05-29,883445.445442,944155.630616,0.00164146,0.00164160,0.00000014
2009-06-01,884421.443006,945198.698653,0.00110476,0.00110476,0.00000000
2009-06-02,888811.587083,949565.926347,0.00496386,0.00462043,-0.00034179
2009-06-03,854997.478431,910930.990522,-0.03804418,-0.04068694,-0.00275106
2009-06-04,879019.355490,943163.125343,0.02809585,0.03538373,0.00706371
2009-06-05,879496.253223,936409.083141,0.00054253,-0.00716105,-0.00772920
2009-06-08,868536.598248,933628.907152,-0.01246129,-0.00296898,0.00956619
2009-06-09,881741.928075,943710.579139,0.01520411,0.01079837,-0.00434920
2009-06-10,874951.478034,934152.196717,-0.00770118,-0.01012851,-0.00244917
2009-06-11,886552.885544,951506.123740,0.01325949,0.01857719,0.00523440
2009-06-12,893765.607190,955710.632461,0.00813569,0.00441879,-0.00369372
2009-06-15,832207.413357,888526.850680,-0.06887510,-0.07029720,-0.00152846
2009-06-16,798271.657427,853483.609694,-0.04077800,-0.03943971,0.00139421
2009-06-17,795847.773176,850135.246561,-0.00303642,-0.00392317,-0.00088985
2009-06-18,813244.514860,871721.958077,0.02185938,0.02539209,0.00345117
2009-06-19,822165.067726,879906.067113,0.01096909,0.00938844,-0.00156472
2009-06-22,748127.884179,801164.060245,-0.09005148,-0.08948911,0.00061784
2009-06-23,749819.718326,806836.253696,0.00226142,0.00707994,0.00479612
2009-06-24,769139.349592,822846.231658,0.02576570,0.01984291,-0.00579076
2009-06-25,819254.431355,875281.547850,0.06515735,0.06372432,-0.00134628
2009-06-26,812772.904346,871765.781710,-0.00791149,-0.00401673,0.00391814
2009-06-29,835532.046549,895703.628854,0.02800185,0.02745904,-0.00052817
2009-06-30,815178.030698,873372.833145,-0.02436054,-0.02493101,-0.00058488
2009-07-01,825213.034820,884997.697340,0.01231020,0.01331031,0.00098746
2009-07-02,757570.855722,808616.565638,-0.08196935,-0.08630659,-0.00473569
2009-07-06,757250.890009,814582.398515,-0.00042236,0.00737783,0.00777319
2009-07-07,713166.324687,766921.493145,-0.05821659,-0.05850962,-0.00031119
2009-07-08,711642.167216,763136.446571,-0.00213717,-0.00493538,-0.00280814
2009-07-09,715706.473101,771622.302798,0.00571117,0.01111971,0.00536342
2009-07-10,710526.722456,762212.942226,-0.00723726,-0.01219426,-0.00500565
2009-07-13,762324.091210,819376.299189,0.07289996,0.07499657,0.00195225
2009-07-14,775202.681888,832727.699442,0.01689385,0.01629459,-0.00058948
2009-07-15,843151.435857,906683.427892,0.08765289,0.08881142,0.00106460
2009-07-16,839008.411641,929349.518878,-0.00491374,0.02499890,0.02961739
2009-07-17,866510.268809,928536.564549,0.03277900,-0.00087476,-0.03312837
2009-07-20,894047.851283,960427.668591,0.03177987,0.03434556,0.00248357
2009-07-21,906375.163472,970859.782657,0.01378820,0.01086195,-0.00289063
2009-07-22,905729.417957,969688.026210,-0.00071245,-0.00120693,-0.00049495
2009-07-23,965654.699611,1037644.152208,0.06616245,0.07008040,0.00366808
2009-07-24,977434.113562,1047666.973035,0.01219837,0.00965921,-0.00251171
2009-07-27,986020.684137,1057123.130728,0.00878481,0.00902592,0.00023898
2009-07-28,972096.515763,1049103.064582,-0.01412158,-0.00758669,0.00660662
2009-07-29,964863.836181,1035265.699327,-0.00744029,-0.01318971,-0.00580936
2009-07-30,995017.750455,1071917.787457,0.03125199,0.03540356,0.00401767
2009-07-31,999162.912586,1074438.867509,0.00416592,0.00235193,-0.00180809
2009-08-03,1048523.712247,1123971.228846,0.04940215,0.04610068,-0.00315101
2009-08-04,1056577.158176,1134018.938883,0.00768075,0.00893947,0.00124835
2009-08-05,1047359.971035,1124302.853832,-0.00872363,-0.00856783,0.00015715
2009-08-06,1030996.481650,1105394.601332,-0.01562356,-0.01681776,-0.00121389
2009-08-07,1071469.696681,1151199.245041,0.03925640,0.04143737,0.00209638
2009-08-10,1064708.321450,1140063.563606,-0.00631037,-0.00967311,-0.00338983
2009-08-11,1024763.466078,1097065.168708,-0.03751718,-0.03771579,-0.00020637
2009-08-12,1057657.271179,1136308.138434,0.03209892,0.03577086,0.00355143
2009-08-13,1081802.929210,1160184.710386,0.02282938,0.02101241,-0.00177799
2009-08-14,1056788.184820,1131221.488609,-0.02312320,-0.02496432,-0.00188648
2009-08-17,978686.979300,1048736.753037,-0.07390431,-0.07291652,0.00106605
2009-08-18,1001899.156144,1080814.006534,0.02371767,0.03058656,0.00668734
2009-08-19,1028201.689078,1102846.775773,0.02625268,0.02038535,-0.00573364
2009-08-20,1059899.097243,1139084.217861,0.03082801,0.03285809,0.00196744
2009-08-21,1122149.422095,1201342.262996,0.05873231,0.05465623,-0.00385740
2009-08-24,1121727.839990,1199653.106758,-0.00037569,-0.00140606,-0.00103128
2009-08-25,1128168.040414,1208493.354956,0.00574132,0.00736900,0.00161708
2009-08-26,1128402.326904,1209233.296123,0.00020767,0.00061228,0.00040445
2009-08-27,1135851.001045,1219493.364480,0.00660108,0.00848477,0.00186959
2009-08-28,1135093.802438,1212757.176061,-0.00066664,-0.00552376,-0.00487221
2009-08-31,1104697.585862,1183995.471026,-0.02677859,-0.02371596,0.00314196
2009-09-01,1031502.927228,1105265.079227,-0.06625764,-0.06649552,-0.00025479
2009-09-02,1019680.670139,1094220.420493,-0.01146120,-0.00999277,0.00148435
2009-09-03,1045027.901668,1122455.666354,0.02485801,0.02580398,0.00092260
2009-09-04,1088859.458320,1166193.804264,0.04194295,0.03896647,-0.00286075
2009-09-08,1116935.844105,1197134.921946,0.02578513,0.02653171,0.00072755
2009-09-09,1142558.166008,1224934.665215,0.02293983,0.02322190,0.00027570
2009-09-10,1177490.860538,1262333.770074,0.03057411,0.03053151,-0.00004133
2009-09-11,1176716.782532,1257574.634298,-0.00065740,-0.00377011,-0.00311962
2009-09-14,1193799.810046,1280906.155964,0.01451754,0.01855279,0.00396962
2009-09-15,1208669.166210,1293225.094750,0.01245549,0.00961736,-0.00280714
2009-09-16,1263448.563923,1352393.855155,0.04532208,0.04575287,0.00041203
2009-09-17,1257688.308534,1340552.874989,-0.00455915,-0.00875557,-0.00422455
2009-09-18,1259990.650219,1351442.408133,0.00183061,0.00812317,0.00626141
2009-09-21,1250323.972758,1337917.896345,-0.00767202,-0.01000746,-0.00235627
2009-09-22,1272066.718855,1364732.623885,0.01738969,0.02004213,0.00260371
2009-09-23,1240239.706921,1324139.477685,-0.02501992,-0.02974439,-0.00485749
2009-09-24,1199134.034440,1285998.744494,-0.03314333,-0.02880417,0.00447787
2009-09-25,1179850.925430,1261969.820782,-0.01608086,-0.01868503,-0.00265024
2009-09-28,1243121.064009,1330297.934043,0.05362554,0.05414402,0.00049197
2009-09-29,1231792.376472,1321831.958921,-0.00911310,-0.00636397,0.00277057
2009-09-30,1217398.371416,1309058.121606,-0.01168541,-0.00966374,0.00204349
2009-10-01,1126674.801687,1209858.674893,-0.07452250,-0.07577925,-0.00135887
2009-10-02,1110822.121151,1193109.339018,-0.01407032,-0.01384404,0.00022948
2009-10-05,1160479.478269,1246912.510577,0.04470325,0.04509492,0.00037484
2009-10-06,1210248.039787,1297089.237205,0.04288621,0.04024078,-0.00253987
2009-10-07,1220131.110546,1308121.662214,0.00816615,0.00850553,0.00033657
2009-10-08,1248050.156691,1337638.625126,0.02288200,0.02256439,-0.00031056
2009-10-09,1270773.890308,1360208.708728,0.01820739,0.01687308,-0.00131131
2009-10-12,1285593.632595,1377862.397899,0.01166198,0.01297866,0.00130066
2009-10-13,1277610.447132,1366826.820753,-0.00620973,-0.00800920,-0.00181236
2009-10-14,1343485.877049,1439647.828410,0.05156144,0.05327742,0.00163051
2009-10-15,1358122.690957,1457362.555882,0.01089465,0.01230490,0.00139408
2009-10-16,1327556.473261,1423467.470133,-0.02250623,-0.02325783,-0.00076920
2009-10-19,1360363.331285,1463009.068200,0.02471221,0.02777836,0.00298774
2009-10-20,1338688.436251,1435742.479478,-0.01593317,-0.01863733,-0.00275173
2009-10-21,1302541.273211,1397336.618776,-0.02700192,-0.02674983,0.00025906
2009-10-22,1342151.237612,1443564.246227,0.03040976,0.03308267,0.00259067
2009-10-23,1296003.559387,1390574.760019,-0.03438337,-0.03670740,-0.00240968
2009-10-26,1253802.180657,1340333.797008,-0.03256270,-0.03612964,-0.00369381
2009-10-27,1236458.894243,1327146.284077,-0.01383255,-0.00983898,0.00404142
2009-10-28,1166298.601157,1248411.615492,-0.05674292,-0.05932629,-0.00274253
2009-10-29,1241263.891051,1333255.563139,0.06427624,0.06796152,0.00345673
2009-10-30,1133271.946035,1221092.927832,-0.08700160,-0.08412688,0.00314371
2009-11-02,1158128.661660,1244913.673453,0.02193358,0.01950773,-0.00237661
2009-11-03,1169018.534384,1254075.200564,0.00940299,0.00735917,-0.00202684
2009-11-04,1177971.668834,1258295.359448,0.00765868,0.00336516,-0.00426999
2009-11-05,1242879.623532,1330021.730977,0.05510146,0.05700281,0.00180044
2009-11-06,1252545.680575,1340607.959850,0.00777715,0.00795944,0.00018087
2009-11-09,1338032.683725,1430137.140205,0.06825061,0.06678252,-0.00137523
2009-11-10,1338651.496731,1430389.429931,0.00046248,0.00017641,-0.00028598
2009-11-11,1359059.703055,1452209.513286,0.01524535,0.01525465,0.00000916
2009-11-12,1317493.024271,1408605.734512,-0.03058488,-0.03002582,0.00057653
2009-11-13,1338769.261299,1433255.053653,0.01614903,0.01749909,0.00132772
2009-11-16,1396916.492476,1495275.433931,0.04343335,0.04327240,-0.00015426
2009-11-17,1401697.282003,1499738.569272,0.00342239,0.00298482,-0.00043617
2009-11-18,1398937.275566,1497939.087606,-0.00196905,-0.00119986,0.00077040
2009-11-19,1344132.280434,1437925.129811,-0.03917616,-0.04006435,-0.00092483
2009-11-20,1329700.726480,1423952.865238,-0.01073671,-0.00971696,0.00103028
2009-11-23,1380261.028341,1484308.057430,0.03802382,0.04238567,0.00419326
2009-11-24,1386502.787188,1482355.008823,0.00452216,-0.00131580,-0.00582863
2009-11-25,1401003.575063,1502814.854099,0.01045853,0.01380226,0.00330365
2009-11-27,1332586.009962,1425684.302118,-0.04883468,-0.05132405,-0.00262061
2009-11-30,1345977.401852,1442791.959495,0.01004918,0.01199961,0.00192917
2009-12-01,1395812.673832,1496757.378322,0.03702534,0.03740347,0.00036456
2009-12-02,1393819.160364,1498543.060863,-0.00142821,0.00119303,0.00262155
2009-12-03,1361006.420455,1461103.250583,-0.02354160,-0.02498414,-0.00147841
2009-12-04,1384196.264253,1485987.804743,0.01703875,0.01703135,-0.00000728
2009-12-07,1377723.422358,1475382.084593,-0.00467625,-0.00713715,-0.00247553
2009-12-08,1331744.868840,1429880.937325,-0.03337285,-0.03084025,0.00261661
2009-12-09,1346576.440914,1446442.351528,0.01113695,0.01158237,0.00044042
2009-12-10,1369232.760702,1472648.524437,0.01682513,0.01811768,0.00127035
2009-12-11,1386564.949155,1489445.065667,0.01265832,0.01140567,-0.00123776
2009-12-14,1414905.430910,1519745.993815,0.02043935,0.02034377,-0.00009367
2009-12-15,1395059.741024,1495146.820816,-0.01402616,-0.01618637,-0.00219335
2009-12-16,1401332.891963,1500688.242046,0.00449669,0.00370627,-0.00078719
2009-12-17,1350703.401221,1448047.746053,-0.03612952,-0.03507757,0.00109079
2009-12-18,1373515.934071,1474325.642738,0.01688937,0.01814712,0.00123609
2009-12-21,1415281.739268,1521571.758124,0.03040795,0.03204592,0.00158837
2009-12-22,1430418.307325,1537982.756516,0.01069509,0.01078556,0.00008950
2009-12-23,1438751.033348,1548665.063914,0.00582538,0.00694566,0.00111318
2009-12-24,1459064.717715,1572714.966603,0.01411897,0.01552944,0.00138987
2009-12-28,1468284.301129,1578329.594786,0.00631883,0.00357002,-0.00273529
2009-12-29,1461912.522530,1572010.283818,-0.00433961,-0.00400380,0.00033722
2009-12-30,1460235.295186,1573160.671154,-0.00114728,0.00073179,0.00187947
2009-12-31,1418072.056284,1525885.054760,-0.02887428,-0.03005136,-0.00121281
2010-01-04,1490103.327283,1601454.744823,0.05079521,0.04952515,-0.00120940
2010-01-05,1501811.134596,1616614.310842,0.00785704,0.00946612,0.00159526
2010-01-06,1504861.221360,1619561.112739,0.00203094,0.00182282,-0.00020772
2010-01-07,1523795.053019,1639040.943959,0.01258178,0.01202785,-0.00054720
2010-01-08,1538881.321830,1653282.453877,0.00990046,0.00868893,-0.00120037
2010-01-11,1545199.736772,1662181.454816,0.00410585,0.00538263,0.00127075
2010-01-12,1501843.154141,1615721.535192,-0.02805889,-0.02795117,0.00011082
2010-01-13,1539775.334587,1657251.811411,0.02525709,0.02570386,0.00043567
2010-01-14,1552138.574063,1669747.610741,0.00802925,0.00754007,-0.00048540
2010-01-15,1499748.009140,1615981.790588,-0.03375379,-0.03219997,0.00160681
2010-01-19,1555842.747678,1678081.385042,0.03740278,0.03842840,0.00098816
2010-01-20,1508254.727589,1625404.981630,-0.03058665,-0.03139085,-0.00082992
2010-01-21,1421126.774087,1531894.654608,-0.05776740,-0.05753048,0.00025141
2010-01-22,1325965.185471,1430475.630231,-0.06696207,-0.06620496,0.00081112
2010-01-25,1346256.097471,1450686.397884,0.01530275,0.01412870,-0.00115702
2010-01-26,1329218.476476,1432764.540092,-0.01265556,-0.01235405,0.00030532
2010-01-27,1348083.020502,1454091.360277,0.01419221,0.01488508,0.00068295
2010-01-28,1301575.603740,1403147.186196,-0.03449893,-0.03503506,-0.00055544
2010-01-29,1259031.728983,1361177.446374,-0.03268644,-0.02991115,0.00286497
2010-02-01,1317663.128824,1419696.940732,0.04656864,0.04299182,-0.00342352
2010-02-02,1365401.668529,1473593.471088,0.03622970,0.03796341,0.00167169
2010-02-03,1344880.747518,1450182.423922,-0.01502922,-0.01588705,-0.00087130
2010-02-04,1220236.952563,1313739.680448,-0.09268018,-0.09408661,-0.00155129
2010-02-05,1227703.926686,1325541.638685,0.00611928,0.00898348,0.00284274
2010-02-08,1201014.140654,1290906.235598,-0.02173959,-0.02612925,-0.00449730
2010-02-09,1246167.357500,1342178.191668,0.03759591,0.03971780,0.00204292
2010-02-10,1238745.849025,1333628.583616,-0.00595547,-0.00636995,-0.00041705
2010-02-11,1277539.530509,1372282.243592,0.03131690,0.02898383,-0.00226479
2010-02-12,1274242.350274,1361937.941108,-0.00258088,-0.00753803,-0.00498236
2010-02-16,1334290.700996,1433903.012724,0.04712475,0.05284020,0.00544339
2010-02-17,1353147.794469,1452273.464093,0.01413267,0.01281150,-0.00130361
2010-02-18,1376966.812509,1481167.272796,0.01760267,0.01989557,0.00225070
2010-02-19,1385420.996732,1490991.965141,0.00613972,0.00663307,0.00049023
2010-02-22,1386054.048481,1486829.936844,0.00045694,-0.00279145,-0.00325219
2010-02-23,1335443.771537,1434243.435450,-0.03651393,-0.03536820,0.00118844
2010-02-24,1372183.289256,1476598.295342,0.02751109,0.02953115,0.00196404
2010-02-25,1366499.358216,1467913.957768,-0.00414225,-0.00588131,-0.00174782
2010-02-26,1368976.871734,1474322.538958,0.00181304,0.00436577,0.00254488
2010-03-01,1411513.543066,1518962.188793,0.03107187,0.03027808,-0.00077017
2010-03-02,1423132.856856,1529780.424424,0.00823181,0.00712212,-0.00110123
2010-03-03,1426822.271815,1532175.618169,0.00259246,0.00156571,-0.00102462
2010-03-04,1439666.515459,1549630.260035,0.00900199,0.01139206,0.00236595
2010-03-05,1501277.910598,1614487.479197,0.04279560,0.04185335,-0.00090399
2010-03-08,1501947.646599,1614059.834356,0.00044611,-0.00026488,-0.00071093
2010-03-09,1509313.254836,1622728.938596,0.00490404,0.00537099,0.00046457
2010-03-10,1529364.448276,1645022.461539,0.01328498,0.01373829,0.00044727
2010-03-11,1548395.543126,1665072.348570,0.01244379,0.01218821,-0.00025247
2010-03-12,1548670.052336,1664410.349902,0.00017729,-0.00039758,-0.00057493
2010-03-15,1549748.398554,1665793.314454,0.00069630,0.00083090,0.00013450
2010-03-16,1586655.591486,1704217.186741,0.02381496,0.02306641,-0.00073140
2010-03-17,1614741.911177,1734536.211176,0.01770159,0.01779059,0.00008745
2010-03-18,1612122.273968,1733199.677687,-0.00162233,-0.00077054,0.00085280
2010-03-19,1587513.378506,1707148.095784,-0.01526491,-0.01503092,0.00023759
2010-03-22,1612840.808338,1733829.031054,0.01595415,0.01562895,-0.00032014
2010-03-23,1646734.192732,1771382.871184,0.02101471,0.02165948,0.00063130
2010-03-24,1622608.705967,1743104.043368,-0.01465050,-0.01596427,-0.00133418
2010-03-25,1614561.593391,1734674.618901,-0.00495937,-0.00483587,0.00012411
2010-03-26,1611522.630000,1738699.798833,-0.00188222,0.00232042,0.00420173
2010-03-29,1642072.628145,1768510.596954,0.01895723,0.01714545,-0.00177965
2010-03-30,1645294.774152,1769125.568891,0.00196224,0.00034773,-0.00161265
2010-03-31,1628340.925241,1752388.632958,-0.01030444,-0.00946057,0.00085230
2010-04-01,1661602.754476,1791232.941166,0.02042682,0.02216649,0.00170339
2010-04-05,1702091.062333,1833088.723110,0.02436702,0.02336702,-0.00097669
2010-04-06,1713986.987371,1843046.781785,0.00698901,0.00543239,-0.00154701
2010-04-07,1684471.411654,1810945.967224,-0.01722042,-0.01741725,-0.00020030
2010-04-08,1701830.998242,1829918.541844,0.01030566,0.01047661,0.00016919
2010-04-09,1735218.170089,1867185.005493,0.01961838,0.02036509,0.00073208
2010-04-12,1743340.250361,1877337.335912,0.00468073,0.00543724,0.00075271
2010-04-13,1747129.114664,1881489.174976,0.00217334,0.00221156,0.00003814
2010-04-14,1806465.280455,1943948.217465,0.03396210,0.03319660,-0.00074063
2010-04-15,1810787.152456,1949206.164861,0.00239245,0.00270478,0.00031154
2010-04-16,1724190.718145,1854794.517172,-0.04782254,-0.04843595,-0.00064443
2010-04-19,1743545.645834,1880047.185767,0.01122551,0.01361481,0.00235998
2010-04-20,1790111.108687,1925303.888013,0.02670734,0.02407211,-0.00256998
2010-04-21,1780183.798793,1919800.110869,-0.00554564,-0.00285865,0.00269833
2010-04-22,1795967.425282,1932834.120291,0.00886629,0.00678925,-0.00206091
2010-04-23,1830984.970043,1973103.365539,0.01949787,0.02083430,0.00131001
2010-04-26,1810087.433548,1948058.334958,-0.01141328,-0.01269322,-0.00129556
2010-04-27,1681503.255209,1810816.589070,-0.07103755,-0.07045053,0.00063171
2010-04-28,1719677.542338,1846620.343381,0.02270248,0.01977216,-0.00286938
2010-04-29,1783489.764650,1917889.787053,0.03710709,0.03859453,0.00143320
2010-04-30,1692579.925009,1822667.152825,-0.05097301,-0.04964969,0.00139342
2010-05-03,1758251.490411,1896866.884278,0.03879968,0.04070942,0.00183672
2010-05-04,1634059.708476,1760953.264148,-0.07063369,-0.07165164,-0.00109592
2010-05-05,1604715.296497,1725527.617425,-0.01795798,-0.02011731,-0.00220124
2010-05-06,1444682.059231,1557799.405732,-0.09972687,-0.09720401,0.00279841
2010-05-07,1380074.593494,1485941.832653,-0.04472089,-0.04612762,-0.00147367
2010-05-10,1562287.441942,1688954.371463,0.13203116,0.13662213,0.00404732
2010-05-11,1548826.058761,1672762.028518,-0.00861646,-0.00958720,-0.00097966
2010-05-12,1613671.793492,1742204.463124,0.04186767,0.04151364,-0.00033986
2010-05-13,1553343.101393,1680569.981363,-0.03738597,-0.03537730,0.00208452
2010-05-14,1468831.577989,1586264.019297,-0.05440622,-0.05611546,-0.00180922
2010-05-17,1471016.018949,1591923.963599,0.00148720,0.00356810,0.00207566
2010-05-18,1410850.391113,1524454.107341,-0.04090073,-0.04238259,-0.00154625
2010-05-19,1386622.758704,1500537.357003,-0.01717236,-0.01568873,0.00150841
2010-05-20,1229421.030572,1325454.687493,-0.11337022,-0.11667998,-0.00373995
2010-05-21,1283149.208376,1383982.223271,0.04370202,0.04415657,0.00043543
2010-05-24,1233639.199877,1332301.171964,-0.03858476,-0.03734228,0.00129151
2010-05-25,1237302.817296,1334060.633690,0.00296976,0.00132062,-0.00164562
2010-05-26,1214808.349742,1311851.865367,-0.01818024,-0.01664750,0.00155991
2010-05-27,1248343.821859,1345130.792559,0.02760557,0.02536790,-0.00217993
2010-05-28,1235445.601324,1330964.687005,-0.01033227,-0.01053140,-0.00020123
2010-06-01,1233637.945488,1329016.807828,-0.00146316,-0.00146351,-0.00000035
2010-06-02,1245707.475189,1342020.993846,0.00978369,0.00978482,0.00000112
2010-06-03,1245277.388830,1341557.695565,-0.00034525,-0.00034522,0.00000003
2010-06-04,1231915.097787,1327160.826611,-0.01073037,-0.01073146,-0.00000110
2010-06-07,1231141.342214,1326327.467844,-0.00062809,-0.00062793,0.00000017
2010-06-08,1246437.727339,1342808.298813,0.01242456,0.01242591,0.00000134
2010-06-09,1240654.990233,1336577.900156,-0.00463941,-0.00463983,-0.00000042
2010-06-10,1252402.175892,1349234.783063,0.00946854,0.00946962,0.00000107
2010-06-11,1253352.590382,1350258.834429,0.00075887,0.00075899,0.00000011
2010-06-14,1255036.662290,1352073.643867,0.00134365,0.00134405,0.00000039
2010-06-15,1267617.670089,1365628.843208,0.01002441,0.01002549,0.00000106
2010-06-16,1271111.331673,1369393.054622,0.00275608,0.00275639,0.00000031
2010-06-17,1280302.096552,1379295.534935,0.00723050,0.00723129,0.00000079
2010-06-18,1283899.008137,1383171.033393,0.00280942,0.00280977,0.00000034
2010-06-21,1280196.660348,1379182.313511,-0.00288368,-0.00288375,-0.00000008
2010-06-22,1277725.484088,1376519.867392,-0.00193031,-0.00193045,-0.00000014
2010-06-23,1275767.227899,1374410.053679,-0.00153261,-0.00153272,-0.00000010
2010-06-24,1275094.607305,1373685.431795,-0.00052723,-0.00052722,0.00000000
2010-06-25,1290476.594902,1390258.491301,0.01206341,0.01206467,0.00000124
2010-06-28,1284941.252234,1384294.852881,-0.00428938,-0.00428959,-0.00000021
2010-06-29,1280935.314094,1379978.811686,-0.00311760,-0.00311786,-0.00000026
2010-06-30,1279882.432187,1378844.487816,-0.00082196,-0.00082199,-0.00000002
2010-07-01,1271951.055671,1370299.124170,-0.00619696,-0.00619748,-0.00000053
2010-07-02,1261767.123722,1359326.678255,-0.00800654,-0.00800734,-0.00000080
2010-07-06,1267104.635452,1365077.186622,0.00423019,0.00423041,0.00000022
2010-07-07,1280412.398097,1379415.269978,0.01050250,0.01050350,0.00000099
2010-07-08,1276642.740516,1375353.709307,-0.00294410,-0.00294441,-0.00000031
2010-07-09,1280105.324261,1379084.320689,0.00271226,0.00271247,0.00000022
2010-07-12,1278657.418062,1377524.177601,-0.00113108,-0.00113129,-0.00000021
2010-07-13,1281311.644596,1380383.864499,0.00207579,0.00207596,0.00000017
2010-07-14,1278709.510575,1377580.164682,-0.00203084,-0.00203110,-0.00000027
2010-07-15,1281739.000065,1380844.132222,0.00236918,0.00236935,0.00000017
2010-07-16,1267205.408756,1365185.189435,-0.01133896,-0.01134012,-0.00000117
2010-07-19,1269377.285136,1367525.045021,0.00171391,0.00171395,0.00000004
2010-07-20,1274291.204211,1372819.377873,0.00387113,0.00387147,0.00000034
2010-07-21,1265306.428414,1363138.851198,-0.00705080,-0.00705157,-0.00000077
2010-07-22,1275826.773546,1374473.724152,0.00831446,0.00831527,0.00000080
2010-07-23,1277390.241925,1376158.224184,0.00122546,0.00122556,0.00000010
2010-07-26,1278216.579238,1377048.363633,0.00064689,0.00064683,-0.00000007
2010-07-27,1277032.474297,1375772.554140,-0.00092637,-0.00092648,-0.00000011
2010-07-28,1273421.416274,1371881.812735,-0.00282769,-0.00282804,-0.00000035
2010-07-29,1274720.925894,1373281.875221,0.00102049,0.00102054,0.00000005
2010-07-30,1275583.100165,1374210.739351,0.00067636,0.00067638,0.00000002
2010-08-02,1288201.399628,1387805.754808,0.00989218,0.00989296,0.00000077
2010-08-03,1288304.843638,1387917.048897,0.00008030,0.00008019,-0.00000011
2010-08-04,1293911.131684,1393957.369480,0.00435168,0.00435208,0.00000040
2010-08-05,1295966.258678,1396171.404146,0.00158831,0.00158831,0.00000000
2010-08-06,1293539.493124,1393556.611954,-0.00187255,-0.00187283,-0.00000028
2010-08-09,1296848.718734,1397121.689600,0.00255827,0.00255826,-0.00000001
2010-08-10,1292258.159138,1392175.588164,-0.00353978,-0.00354021,-0.00000043
2010-08-11,1280741.616205,1379767.175439,-0.00891195,-0.00891297,-0.00000102
2010-08-12,1277547.126103,1376325.231101,-0.00249425,-0.00249458,-0.00000033
2010-08-13,1276264.787369,1374943.534129,-0.00100375,-0.00100390,-0.00000015
2010-08-16,1278969.156122,1377856.832802,0.00211897,0.00211885,-0.00000012
2010-08-17,1283927.938286,1383199.425704,0.00387717,0.00387747,0.00000029
2010-08-18,1292427.823203,1392357.304401,0.00662022,0.00662079,0.00000057
2010-08-19,1285138.277960,1384503.177097,-0.00564020,-0.00564088,-0.00000069
2010-08-20,1286988.288402,1386496.327165,0.00143954,0.00143961,0.00000007
2010-08-23,1285802.862729,1385218.707402,-0.00092109,-0.00092147,-0.00000039
2010-08-24,1282950.872522,1382145.765316,-0.00221806,-0.00221838,-0.00000032
2010-08-25,1283914.063192,1383183.408077,0.00075076,0.00075075,-0.00000001
2010-08-26,1281900.408930,1381013.713332,-0.00156837,-0.00156862,-0.00000025
2010-08-27,1296327.555900,1396557.809826,0.01125450,0.01125557,0.00000106
2010-08-30,1293777.429459,1393809.789052,-0.00196719,-0.00196771,-0.00000052
2010-08-31,1301653.981729,1402296.033669,0.00608803,0.00608852,0.00000049
2010-09-01,1311984.505862,1413426.327820,0.00793646,0.00793719,0.00000073
2010-09-02,1311751.463391,1413175.055069,-0.00017763,-0.00017778,-0.00000015
2010-09-03,1317118.581936,1418957.609528,0.00409157,0.00409189,0.00000032
2010-09-07,1315932.182143,1417678.652916,-0.00090075,-0.00090134,-0.00000058
2010-09-08,1321702.309454,1423895.356431,0.00438482,0.00438513,0.00000031
2010-09-09,1326226.264698,1428769.466688,0.00342282,0.00342308,0.00000026
2010-09-10,1328852.617512,1431598.997003,0.00198032,0.00198040,0.00000008
2010-09-13,1335438.539453,1438694.295573,0.00495610,0.00495621,0.00000011
2010-09-14,1334612.869278,1437804.492277,-0.00061828,-0.00061848,-0.00000020
2010-09-15,1338372.341753,1441854.883548,0.00281690,0.00281707,0.00000017
2010-09-16,1339133.387831,1442674.645375,0.00056864,0.00056855,-0.00000009
2010-09-17,1339091.311185,1442629.139696,-0.00003142,-0.00003154,-0.00000012
2010-09-20,1342045.349974,1445811.381630,0.00220600,0.00220586,-0.00000014
2010-09-21,1341902.902910,1445657.707851,-0.00010614,-0.00010629,-0.00000015
2010-09-22,1339151.554891,1442693.102374,-0.00205033,-0.00205070,-0.00000036
2010-09-23,1331957.571467,1434941.953504,-0.00537205,-0.00537269,-0.00000065
2010-09-24,1343981.275729,1447896.504774,0.00902709,0.00902793,0.00000083
2010-09-27,1344797.114019,1448774.886472,0.00060703,0.00060666,-0.00000037
2010-09-28,1346464.563593,1450571.286442,0.00123993,0.00123994,0.00000002
2010-09-29,1343956.000478,1447868.308193,-0.00186307,-0.00186339,-0.00000032
2010-09-30,1348104.232102,1452337.553224,0.00308658,0.00308678,0.00000019
2010-10-01,1346443.679866,1450548.275656,-0.00123177,-0.00123200,-0.00000023
2010-10-04,1344925.521977,1448912.337296,-0.00112753,-0.00112781,-0.00000028
2010-10-05,1352100.326716,1456642.620559,0.00533472,0.00533523,0.00000051
2010-10-06,1345945.609391,1457745.894059,-0.00455197,0.00075741,0.00531948
2010-10-07,1343703.364281,1450825.158198,-0.00166593,-0.00474756,-0.00309155
2010-10-08,1374045.642277,1478301.043101,0.02258108,0.01893811,-0.00356889
2010-10-11,1366986.440388,1479204.099868,-0.00513753,0.00061087,0.00576146
2010-10-12,1390750.221804,1496645.067264,0.01738407,0.01179078,-0.00551288
2010-10-13,1415564.693488,1528660.342211,0.01784251,0.02139136,0.00348058
2010-10-14,1399687.477375,1512683.704310,-0.01121617,-0.01045140,0.00077315
2010-10-15,1407393.467711,1522026.244094,0.00550551,0.00617614,0.00066673
2010-10-18,1437896.721560,1554700.278867,0.02167358,0.02146746,-0.00020177
2010-10-19,1369305.160084,1483476.996386,-0.04770270,-0.04581158,0.00198388
2010-10-20,1413111.341437,1530407.558942,0.03199154,0.03163552,-0.00034505
2010-10-21,1419289.970533,1538593.184986,0.00437236,0.00534866,0.00097158
2010-10-22,1429432.710773,1549548.433553,0.00714635,0.00712030,-0.00002586
2010-10-25,1442004.272878,1559668.597821,0.00879479,0.00653104,-0.00224654
2010-10-26,1441091.045770,1560062.209227,-0.00063330,0.00025237,0.00088584
2010-10-27,1427422.836883,1547696.070821,-0.00948463,-0.00792670,0.00157161
2010-10-28,1430477.393765,1553124.990317,0.00213991,0.00350774,0.00136398
2010-10-29,1433530.933376,1551409.812813,0.00213463,-0.00110434,-0.00323730
2010-11-01,1435800.537220,1556105.828777,0.00158323,0.00302693,0.00144039
2010-11-02,1469071.732403,1592678.906864,0.02317257,0.02350295,0.00032284
2010-11-03,1487520.145922,1610357.055094,0.01255787,0.01109963,-0.00144119
2010-11-04,1571228.736351,1701881.372520,0.05627392,0.05683480,0.00053086
2010-11-05,1589669.191932,1722195.457787,0.01173633,0.01193625,0.00019759
2010-11-08,1583588.771316,1711665.531366,-0.00382496,-0.00611425,-0.00230072
2010-11-09,1546140.170777,1670692.420552,-0.02364793,-0.02393757,-0.00029670
2010-11-10,1563542.171934,1693300.912915,0.01125513,0.01353241,0.00224941
2010-11-11,1548278.733067,1672031.438707,-0.00976209,-0.01256095,-0.00283046
2010-11-12,1490505.329556,1612163.525809,-0.03731460,-0.03580549,0.00156637
2010-11-15,1486317.630391,1606769.018610,-0.00280958,-0.00334613,-0.00053820
2010-11-16,1414672.291515,1528502.124529,-0.04820325,-0.04871073,-0.00053333
2010-11-17,1417704.887837,1529868.724217,0.00214367,0.00089408,-0.00124770
2010-11-18,1480577.694205,1600805.760445,0.04434830,0.04636805,0.00193211
2010-11-19,1490990.946045,1612957.556091,0.00703324,0.00759105,0.00055376
2010-11-22,1486799.465837,1605963.584228,-0.00281120,-0.00433612,-0.00153038
2010-11-23,1424121.456496,1539615.457753,-0.04215633,-0.04131359,0.00087944
2010-11-24,1479213.534534,1608453.794138,0.03868496,0.04471138,0.00578521
2010-11-26,1454046.258404,1573896.877847,-0.01701396,-0.02148456,-0.00455835
2010-11-29,1449688.565412,1567902.751317,-0.00299694,-0.00380846,-0.00081429
2010-11-30,1419466.362007,1540040.182672,-0.02084738,-0.01777060,0.00313736
2010-12-01,1515401.508313,1639992.250550,0.06758536,0.06490225,-0.00251642
2010-12-02,1574455.332442,1703657.046949,0.03896909,0.03882018,-0.00014334
2010-12-03,1586127.335357,1717108.846410,0.00741336,0.00789584,0.00047881
2010-12-06,1580068.209661,1710992.173627,-0.00382008,-0.00356219,0.00025884
2010-12-07,1581627.248051,1713941.593241,0.00098669,0.00172381,0.00073612
2010-12-08,1600946.376711,1732936.589095,0.01221472,0.01108264,-0.00111904
2010-12-09,1618712.681950,1753100.631030,0.01109738,0.01163576,0.00053234
2010-12-10,1647776.125918,1784950.014911,0.01795467,0.01816746,0.00020902
2010-12-13,1650245.625015,1784490.979799,0.00149869,-0.00025717,-0.00175477
2010-12-14,1652723.154678,1789672.758581,0.00150131,0.00290379,0.00139939
2010-12-15,1630826.854343,1763119.366755,-0.01324862,-0.01483701,-0.00161101
2010-12-16,1659162.413952,1796007.611796,0.01737497,0.01865344,0.00125585
2010-12-17,1666006.830801,1800918.067694,0.00412522,0.00273410,-0.00138637
2010-12-20,1676371.791361,1814794.118231,0.00622144,0.00770499,0.00147329
2010-12-21,1706988.917455,1847932.844108,0.01826392,0.01826032,-0.00000354
2010-12-22,1725521.395975,1867043.930433,0.01085682,0.01034187,-0.00050955
2010-12-23,1717323.093126,1858382.827464,-0.00475120,-0.00463894,0.00011279
2010-12-27,1721022.149941,1862228.899495,0.00215397,0.00206958,-0.00008421
2010-12-28,1726269.926593,1866987.097724,0.00304922,0.00255511,-0.00049273
2010-12-29,1730627.305510,1873025.250638,0.00252416,0.00323417,0.00070797
2010-12-30,1722372.062417,1865086.288990,-0.00477009,-0.00423858,0.00053392
2010-12-31,1727628.001217,1864652.426975,0.00305157,-0.00023262,-0.00327957
2011-01-03,1776096.692044,1927552.813584,0.02805505,0.03373304,0.00550784
2011-01-04,1771368.977743,1920118.021610,-0.00266186,-0.00385711,-0.00119917
2011-01-05,1799602.135508,1949464.235023,0.01593861,0.01528355,-0.00064499
2011-01-06,1790203.244151,1937590.161861,-0.00522276,-0.00609094,-0.00087312
2011-01-07,1779271.675650,1927308.373432,-0.00610633,-0.00530648,0.00080444
2011-01-10,1774266.787151,1919826.775299,-0.00281289,-0.00388189,-0.00107259
2011-01-11,1791528.025147,1941740.089457,0.00972866,0.01141421,0.00166792
2011-01-12,1839326.882212,1994348.801932,0.02668050,0.02709359,0.00040228
2011-01-13,1831669.656708,1984746.736304,-0.00416306,-0.00481464,-0.00065452
2011-01-14,1870819.008908,2028249.626553,0.02137359,0.02191861,0.00053347
2011-01-18,1880152.076111,2037014.195677,0.00498876,0.00432125,-0.00066442
2011-01-19,1823833.684255,1975854.518604,-0.02995417,-0.03002418,-0.00007217
2011-01-20,1816971.530058,1968475.107451,-0.00376249,-0.00373479,0.00002780
2011-01-21,1829102.141540,1983382.928511,0.00667628,0.00757328,0.00089066
2011-01-24,1862597.238852,2019021.155315,0.01831232,0.01796840,-0.00033778
2011-01-25,1860552.267642,2020916.363940,-0.00109791,0.00093868,0.00203675
2011-01-26,1889702.432269,2047021.441258,0.01566748,0.01291745,-0.00271128
2011-01-27,1897182.678604,2060998.934398,0.00395843,0.00682821,0.00285439
2011-01-28,1796702.128369,1952250.103175,-0.05296303,-0.05276511,0.00020897
2011-01-31,1837897.808325,1998544.841473,0.02292850,0.02371353,0.00076714
2011-02-01,1923947.826940,2099591.952374,0.04681981,0.05056034,0.00356687
2011-02-02,1914130.874651,2083156.023373,-0.00510250,-0.00782815,-0.00274339
2011-02-03,1928411.534272,2097910.847279,0.00746065,0.00708292,-0.00037500
2011-02-04,1943730.367364,2115905.989687,0.00794376,0.00857765,0.00062870
2011-02-07,1980423.047264,2155708.029860,0.01887745,0.01881087,-0.00006535
2011-02-08,2007914.117627,2182859.389639,0.01388141,0.01259510,-0.00126951
2011-02-09,1992848.021142,2165377.938777,-0.00750336,-0.00800851,-0.00050910
2011-02-10,1994663.801566,2170502.733480,0.00091115,0.00236670,0.00145317
2011-02-11,2032077.533293,2206287.728555,0.01875691,0.01648696,-0.00223064
2011-02-14,2046930.721646,2222134.857340,0.00730936,0.00718271,-0.00012574
2011-02-15,2025033.056019,2201615.236814,-0.01069780,-0.00923419,0.00147835
2011-02-16,2063418.572897,2242326.759423,0.01895550,0.01849166,-0.00045532
2011-02-17,2086513.284480,2263991.997650,0.01119245,0.00966195,-0.00151471
2011-02-18,2096527.820520,2277488.257073,0.00479965,0.00596127,0.00115540
2011-02-22,1967582.080011,2138670.913829,-0.06150443,-0.06095195,0.00058851
2011-02-23,1934127.694534,2099755.151855,-0.01700279,-0.01819624,-0.00121483
2011-02-24,1928162.555178,2093877.336588,-0.00308415,-0.00279929,0.00028570
2011-02-25,1990794.582111,2161960.600068,0.03248275,0.03251540,0.00003162
2011-02-28,2026155.477812,2198542.389774,0.01776220,0.01692066,-0.00082720
2011-03-01,1922166.815809,2096459.755215,-0.05132314,-0.04643196,0.00514255
2011-03-02,1938393.269227,2107345.444080,0.00844175,0.00519241,-0.00322734
2011-03-03,2038032.094779,2218294.550184,0.05140279,0.05264875,0.00118434
2011-03-04,1992794.504026,2170666.271288,-0.02219670,-0.02147067,0.00074223
2011-03-07,1940346.900612,2117053.365710,-0.02631862,-0.02469882,0.00166220
2011-03-08,1994458.215875,2174821.010668,0.02788744,0.02728682,-0.00058450
2011-03-09,1987387.998350,2166494.783021,-0.00354493,-0.00382847,-0.00028458
2011-03-10,1877943.304391,2044982.755005,-0.05506962,-0.05608692,-0.00107718
2011-03-11,1915697.677886,2088754.468197,0.02010411,0.02140444,0.00127390
2011-03-14,1881939.163016,2050338.809326,-0.01762205,-0.01839166,-0.00078372
2011-03-15,1819062.272516,1981842.743643,-0.03341069,-0.03340719,0.00000362
2011-03-16,1715131.090142,1863665.519370,-0.05713448,-0.05962997,-0.00265021
2011-03-17,1779180.842239,1940962.106874,0.03734394,0.04147557,0.00397498
2011-03-18,1801869.066659,1966007.262310,0.01275206,0.01290347,0.00014950
2011-03-21,1883698.530081,2052655.779150,0.04541366,0.04407335,-0.00128291
2011-03-22,1863627.638971,2031106.565250,-0.01065504,-0.01049821,0.00015851
2011-03-23,1881369.262806,2049432.279256,0.00951994,0.00902253,-0.00049284
2011-03-24,1933851.314405,2107418.368777,0.02789567,0.02829373,0.00038719
2011-03-25,1951313.333586,2127452.027043,0.00902966,0.00950626,0.00047222
2011-03-28,1938485.288926,2110762.796758,-0.00657406,-0.00784470,-0.00127987
2011-03-29,1976387.176535,2155062.453375,0.01955232,0.02098751,0.00140668
2011-03-30,2016351.471455,2198584.938112,0.02022088,0.02019546,-0.00002492
2011-03-31,2008219.764917,2187015.606954,-0.00403288,-0.00526217,-0.00123503
2011-04-01,2035882.027487,2219973.821249,0.01377452,0.01506995,0.00127701
2011-04-04,2038731.784023,2222647.283434,0.00139977,0.00120428,-0.00019523
2011-04-05,2038570.757997,2221878.887284,-0.00007898,-0.00034571,-0.00026679
2011-04-06,2056473.861111,2236852.976149,0.00878218,0.00673938,-0.00202707
2011-04-07,2045212.465199,2227290.529504,-0.00547607,-0.00427496,0.00120700
2011-04-08,2021912.763603,2201369.572514,-0.01139231,-0.01163789,-0.00024843
2011-04-11,2001194.073336,2183378.214143,-0.01024707,-0.00817280,0.00209355
2011-04-12,1957027.694158,2132832.826386,-0.02207001,-0.02315008,-0.00110506
2011-04-13,1958829.034492,2134538.356848,0.00092045,0.00079966,-0.00012069
2011-04-14,1959658.180612,2135552.313095,0.00042329,0.00047502,0.00005171
2011-04-15,1980031.968849,2161468.604651,0.01039660,0.01213564,0.00171966
2011-04-18,1914927.761191,2089842.153732,-0.03288038,-0.03313786,-0.00026627
2011-04-19,1950387.736140,2127329.925129,0.01851766,0.01793809,-0.00056919
2011-04-20,2029131.453631,2215603.073350,0.04037337,0.04149481,0.00107734
2011-04-21,2055892.555446,2250608.871517,0.01318845,0.01579967,0.00257391
2011-04-25,2049763.543755,2240428.272788,-0.00298119,-0.00452349,-0.00154810
2011-04-26,2103312.295310,2300101.862535,0.02612436,0.02663490,0.00049743
2011-04-27,2143752.483962,2343558.415819,0.01922691,0.01889332,-0.00032735
2011-04-28,2164323.795491,2368654.393604,0.00959594,0.01070849,0.00110138
2011-04-29,2182945.410991,2385165.128218,0.00860390,0.00697051,-0.00162076
2011-05-02,2168081.371475,2373117.723016,-0.00680917,-0.00505097,0.00176868
2011-05-03,2147025.636806,2349711.644924,-0.00971169,-0.00986301,-0.00015281
2011-05-04,2103163.092605,2302096.447591,-0.02042945,-0.02026427,0.00016860
2011-05-05,2048033.035929,2239503.679974,-0.02621293,-0.02718946,-0.00100333
2011-05-06,2076838.498066,2266316.513574,0.01406494,0.01197267,-0.00206538
2011-05-09,2102045.815798,2298111.855658,0.01213735,0.01402952,0.00186774
2011-05-10,2153560.300224,2354546.513996,0.02450683,0.02455697,0.00004893
2011-05-11,2085307.287802,2277406.464179,-0.03169310,-0.03276217,-0.00110466
2011-05-12,2118720.984645,2311880.028589,0.01602339,0.01513720,-0.00087259
2011-05-13,2063448.227314,2256306.417595,-0.02608779,-0.02403828,0.00210221
2011-05-16,2024505.355321,2213991.333379,-0.01887272,-0.01875414,0.00012085
2011-05-17,2023359.118470,2211313.261252,-0.00056618,-0.00120961,-0.00064400
2011-05-18,2080029.100679,2269800.157659,0.02800787,0.02644894,-0.00151761
2011-05-19,2087993.826297,2284615.624787,0.00382914,0.00652721,0.00268417
2011-05-20,2045548.252250,2234004.383758,-0.02032840,-0.02215307,-0.00186426
2011-05-23,1972656.055148,2155805.187879,-0.03563455,-0.03500405,0.00065359
2011-05-24,1967607.098833,2150916.954627,-0.00255947,-0.00226747,0.00029270
2011-05-25,1987024.591813,2172183.130930,0.00986858,0.00988703,0.00001827
2011-05-26,2010505.863806,2198536.291404,0.01181730,0.01213211,0.00031108
2011-05-27,2036746.218959,2225875.795616,0.01305162,0.01243532,-0.00060854
2011-05-31,2098039.196186,2296119.087423,0.03009358,0.03155760,0.00142024
2011-06-01,1958061.338175,2144882.102290,-0.06671842,-0.06586635,0.00091256
2011-06-02,1951094.189761,2137426.212190,-0.00355819,-0.00347613,0.00008235
2011-06-03,1894580.786296,2074663.064332,-0.02896498,-0.02936389,-0.00041089
2011-06-06,1834411.873144,2008001.646087,-0.03175843,-0.03213120,-0.00038507
2011-06-07,1826817.006316,2002517.146158,-0.00414022,-0.00273132,0.00141375
2011-06-08,1804362.819196,1977113.303270,-0.01229143,-0.01268596,-0.00039952
2011-06-09,1845599.923595,2021461.810612,0.02285411,0.02243094,-0.00041380
2011-06-10,1767895.684134,1938072.077111,-0.04210243,-0.04125219,0.00088721
2011-06-13,1771401.262513,1941045.699510,0.00198291,0.00153432,-0.00044780
2011-06-14,1839566.315718,2016103.616729,0.03848087,0.03866880,0.00018096
2011-06-15,1743262.360091,1912112.995431,-0.05235145,-0.05158000,0.00081373
2011-06-16,1753039.019040,1922881.070676,0.00560825,0.00563151,0.00002312
2011-06-17,1767372.713248,1941209.457579,0.00817648,0.00953173,0.00134335
2011-06-20,1797225.217764,1973529.167274,0.01689089,0.01664926,-0.00023764
2011-06-21,1870596.342780,2053787.717409,0.04082467,0.04066753,-0.00015099
2011-06-22,1837438.982112,2015345.438345,-0.01772556,-0.01871775,-0.00101061
2011-06-23,1818844.748041,1998833.222216,-0.01011965,-0.00819324,0.00194421
2011-06-24,1758801.420458,1929370.295755,-0.03301179,-0.03475174,-0.00180096
2011-06-27,1803249.744386,1983945.441123,0.02527194,0.02828651,0.00293595
2011-06-28,1872484.513017,2061374.345458,0.03839444,0.03902774,0.00060969
2011-06-29,1922598.508037,2111801.824469,0.02676337,0.02446304,-0.00224289
2011-06-30,1977461.815648,2176275.012643,0.02853602,0.03052994,0.00193673
2011-07-01,2066787.309878,2269089.849864,0.04517179,0.04264849,-0.00241717
2011-07-05,2056509.616122,2260379.466150,-0.00497279,-0.00383871,0.00113909
2011-07-06,2065434.085227,2267739.847276,0.00433962,0.00325626,-0.00107926
2011-07-07,2133074.372937,2339775.456276,0.03274870,0.03176538,-0.00095260
2011-07-08,2089501.328323,2292351.966509,-0.02042734,-0.02026839,0.00016225
2011-07-11,1973128.643612,2168841.743829,-0.05569400,-0.05387926,0.00191993
2011-07-12,1946502.570244,2140334.575056,-0.01349434,-0.01314396,0.00035511
2011-07-13,1966770.105659,2161064.000452,0.01041228,0.00968513,-0.00071992
2011-07-14,1928455.489441,2117802.326510,-0.01948098,-0.02001869,-0.00054854
2011-07-15,1960183.818538,2154330.764256,0.01645272,0.01724828,0.00078238
2011-07-18,1910245.592090,2101793.556056,-0.02547630,-0.02438679,0.00111737
2011-07-19,2003185.297074,2207629.632648,0.04865328,0.05035512,0.00162157
2011-07-20,2003036.383782,2203766.893148,-0.00007434,-0.00174972,-0.00167691
2011-07-21,2083084.817005,2293184.359354,0.03996354,0.04057483,0.00058762
2011-07-22,2088014.706500,2299913.237730,0.00236663,0.00293429,0.00056616
2011-07-25,2052237.618861,2261259.995665,-0.01713450,-0.01680639,0.00033377
2011-07-26,2025930.575832,2233377.048248,-0.01281871,-0.01233071,0.00049421
2011-07-27,1905099.424107,2094503.645656,-0.05964230,-0.06218090,-0.00270327
2011-07-28,1888695.597746,2074476.208434,-0.00861048,-0.00956190,-0.00096014
2011-07-29,1844792.278605,2034007.322089,-0.02324531,-0.01950800,0.00381895
2011-08-01,1824987.998002,2008439.353683,-0.01073524,-0.01257024,-0.00185664
2011-08-02,1688275.173608,1854154.444809,-0.07491163,-0.07681831,-0.00206320
2011-08-03,1713639.517500,1882553.656074,0.01502382,0.01531653,0.00028833
2011-08-04,1472988.218676,1614816.449579,-0.14043286,-0.14222023,-0.00208154
2011-08-05,1527055.374651,1614418.080228,0.03670576,-0.00024670,-0.03629488
2011-08-08,1497572.909419,1582929.684042,-0.01930674,-0.01950449,-0.00020166
2011-08-09,1536453.441501,1624029.642285,0.02596236,0.02596449,0.00000207
2011-08-10,1505911.209130,1591743.803810,-0.01987840,-0.01988008,-0.00000172
2011-08-11,1527473.101159,1614536.597497,0.01431817,0.01431939,0.00000120
2011-08-12,1530713.312551,1617961.675753,0.00212129,0.00212140,0.00000011
2011-08-15,1535561.992208,1623087.114223,0.00316759,0.00316784,0.00000024
2011-08-16,1531410.904205,1618699.116810,-0.00270330,-0.00270349,-0.00000019
2011-08-17,1535102.553307,1622601.475594,0.00241062,0.00241080,0.00000018
2011-08-18,1518076.916759,1604603.843241,-0.01109088,-0.01109184,-0.00000097
2011-08-19,1507711.232700,1593646.418106,-0.00682817,-0.00682874,-0.00000058
2011-08-22,1504664.566850,1590425.779475,-0.00202072,-0.00202092,-0.00000020
2011-08-23,1513364.979866,1599622.917508,0.00578229,0.00578281,0.00000052
2011-08-24,1525662.167909,1612622.033377,0.00812573,0.00812636,0.00000063
2011-08-25,1512742.519793,1598964.797076,-0.00846822,-0.00846896,-0.00000075
2011-08-26,1518893.601712,1605466.994042,0.00406618,0.00406650,0.00000032
2011-08-29,1540265.020864,1628058.414360,0.01407039,0.01407156,0.00000115
2011-08-30,1537258.424484,1624880.187117,-0.00195200,-0.00195216,-0.00000016
2011-08-31,1543173.469762,1631132.786045,0.00384779,0.00384804,0.00000025
2011-09-01,1531468.651835,1618759.759999,-0.00758490,-0.00758554,-0.00000065
2011-09-02,1514960.163541,1601309.063823,-0.01077951,-0.01078029,-0.00000078
2011-09-06,1503944.679178,1589665.398572,-0.00727114,-0.00727134,-0.00000021
2011-09-07,1519779.017563,1606403.783663,0.01052854,0.01052950,0.00000095
2011-09-08,1510667.003696,1596771.811560,-0.00599562,-0.00599598,-0.00000037
2011-09-09,1499562.782808,1585033.810927,-0.00735054,-0.00735108,-0.00000054
2011-09-12,1503204.062481,1588883.470642,0.00242823,0.00242876,0.00000053
2011-09-13,1500899.355164,1586447.317238,-0.00153320,-0.00153325,-0.00000005
2011-09-14,1503825.367124,1589540.568200,0.00194951,0.00194980,0.00000029
2011-09-15,1512302.584911,1598501.804954,0.00563710,0.00563763,0.00000052
2011-09-16,1515070.650862,1601428.038387,0.00183037,0.00183061,0.00000024
2011-09-19,1499129.252056,1584577.048875,-0.01052188,-0.01052248,-0.00000060
2011-09-20,1499024.955008,1584466.967966,-0.00006957,-0.00006947,0.00000010
2011-09-21,1482537.710196,1567038.694581,-0.01099865,-0.01099946,-0.00000082
2011-09-22,1475440.519998,1559536.532163,-0.00478719,-0.00478748,-0.00000029
2011-09-23,1475782.946963,1559898.675483,0.00023208,0.00023221,0.00000013
2011-09-26,1510360.638942,1596450.778530,0.02343007,0.02343236,0.00000224
2011-09-27,1506913.621827,1592807.184138,-0.00228225,-0.00228231,-0.00000006
2011-09-28,1499218.578333,1584672.965398,-0.00510649,-0.00510684,-0.00000035
2011-09-29,1511263.056190,1597405.121524,0.00803384,0.00803456,0.00000072
2011-09-30,1498878.331200,1584313.568434,-0.00819495,-0.00819551,-0.00000057
2011-10-03,1494809.166995,1580012.030460,-0.00271481,-0.00271508,-0.00000027
2011-10-04,1516369.838184,1602803.434158,0.01442369,0.01442483,0.00000112
2011-10-05,1516003.687544,1602416.291398,-0.00024147,-0.00024154,-0.00000008
2011-10-06,1519232.717369,1605829.631943,0.00212996,0.00213012,0.00000016
2011-10-07,1507026.864212,1592926.919435,-0.00803422,-0.00803492,-0.00000070
2011-10-10,1525063.884148,1611993.296729,0.01196861,0.01196940,0.00000078
2011-10-11,1519398.222950,1606004.121130,-0.00371503,-0.00371538,-0.00000035
2011-10-12,1528847.761609,1615992.920566,0.00621926,0.00621966,0.00000039
2011-10-13,1528054.016405,1615153.727499,-0.00051918,-0.00051930,-0.00000013
2011-10-14,1531972.199077,1619295.459862,0.00256417,0.00256430,0.00000013
2011-10-17,1522107.098490,1608866.908828,-0.00643948,-0.00644018,-0.00000071
2011-10-18,1536715.567614,1624309.181848,0.00959753,0.00959823,0.00000069
2011-10-19,1531900.615538,1619219.267507,-0.00313327,-0.00313359,-0.00000031
2011-10-20,1543063.929370,1631019.733296,0.00728723,0.00728775,0.00000052
2011-10-21,1556098.213409,1644798.011380,0.00844701,0.00844765,0.00000063
2011-10-24,1557377.009124,1646149.491651,0.00082180,0.00082167,-0.00000013
2011-10-25,1546290.366483,1634429.849833,-0.00711879,-0.00711943,-0.00000064
2011-10-26,1563026.850992,1652121.672384,0.01082364,0.01082446,0.00000082
2011-10-27,1579213.614422,1669232.354951,0.01035604,0.01035679,0.00000075
2011-10-28,1578007.638138,1667957.443014,-0.00076366,-0.00076377,-0.00000012
2011-10-31,1566342.915889,1655626.455094,-0.00739206,-0.00739287,-0.00000082
2011-11-01,1551897.913952,1640356.705327,-0.00922212,-0.00922294,-0.00000083
2011-11-02,1563567.338469,1652692.505751,0.00751945,0.00752019,0.00000073
2011-11-03,1571880.127865,1661479.903183,0.00531655,0.00531702,0.00000046
2011-11-04,1559004.356253,1647869.276638,-0.00819132,-0.00819187,-0.00000056
2011-11-07,1555268.694118,1643920.785345,-0.00239618,-0.00239612,0.00000007
2011-11-08,1561708.929894,1650728.824388,0.00414092,0.00414134,0.00000043
2011-11-09,1542468.072189,1630389.742550,-0.01232039,-0.01232127,-0.00000090
2011-11-10,1544846.168445,1632903.773383,0.00154175,0.00154198,0.00000023
2011-11-11,1550005.297195,1638357.588644,0.00333957,0.00333995,0.00000037
2011-11-14,1539969.456631,1627749.270906,-0.00647471,-0.00647497,-0.00000026
2011-11-15,1539807.562043,1627578.232712,-0.00010513,-0.00010508,0.00000005
2011-11-16,1530209.450390,1617432.376449,-0.00623332,-0.00623371,-0.00000040
2011-11-17,1526161.952696,1613154.043969,-0.00264506,-0.00264514,-0.00000008
2011-11-18,1530894.785667,1618157.187145,0.00310113,0.00310147,0.00000033
2011-11-21,1524884.825321,1611804.564580,-0.00392578,-0.00392584,-0.00000006
2011-11-22,1523951.135468,1610817.715612,-0.00061230,-0.00061226,0.00000004
2011-11-23,1515324.742969,1601699.001324,-0.00566054,-0.00566092,-0.00000038
2011-11-25,1517125.716618,1603603.063832,0.00118851,0.00118878,0.00000027
2011-11-28,1525986.751252,1612970.370915,0.00584067,0.00584141,0.00000074
2011-11-29,1521591.568791,1608324.391938,-0.00288022,-0.00288039,-0.00000016
2011-11-30,1546929.023116,1635108.345414,0.01665194,0.01665333,0.00000136
2011-12-01,1538539.929364,1626240.501172,-0.00542306,-0.00542340,-0.00000034
2011-12-02,1536537.952942,1624124.222938,-0.00130122,-0.00130133,-0.00000011
2011-12-05,1541682.347438,1629562.236706,0.00334804,0.00334827,0.00000023
2011-12-06,1541055.105094,1628899.212692,-0.00040686,-0.00040687,-0.00000002
2011-12-07,1545630.483564,1633735.692494,0.00296899,0.00296917,0.00000018
2011-12-08,1533718.213421,1621143.420446,-0.00770706,-0.00770766,-0.00000060
2011-12-09,1536142.012082,1623705.562059,0.00158034,0.00158045,0.00000011
2011-12-12,1529407.565883,1616586.568354,-0.00438400,-0.00438441,-0.00000041
2011-12-13,1525156.088570,1612092.376881,-0.00277982,-0.00278005,-0.00000023
2011-12-14,1522833.320201,1609637.003488,-0.00152297,-0.00152310,-0.00000013
2011-12-15,1518673.012473,1605239.240561,-0.00273195,-0.00273215,-0.00000019
2011-12-16,1518781.034566,1605353.373289,0.00007113,0.00007110,-0.00000003
2011-12-19,1514393.059331,1600714.852819,-0.00288914,-0.00288941,-0.00000027
2011-12-20,1526977.723692,1614017.954400,0.00831004,0.00831073,0.00000068
2011-12-21,1529295.107739,1616467.551754,0.00151763,0.00151770,0.00000007
2011-12-22,1533166.383799,1620559.817447,0.00253141,0.00253161,0.00000020
2011-12-23,1539258.012858,1626999.177426,0.00397323,0.00397354,0.00000031
2011-12-27,1536587.969947,1624176.692133,-0.00173463,-0.00173478,-0.00000015
2011-12-28,1531715.426695,1619025.926646,-0.00317101,-0.00317131,-0.00000029
2011-12-29,1533998.263705,1621439.095807,0.00149038,0.00149051,0.00000013
2011-12-30,1532250.320667,1619591.262768,-0.00113947,-0.00113963,-0.00000016
2012-01-03,1540835.665129,1628666.494008,0.00560310,0.00560341,0.00000031
2012-01-04,1536906.452866,1624512.804970,-0.00255005,-0.00255036,-0.00000031
2012-01-05,1539545.979212,1627302.913770,0.00171743,0.00171750,0.00000008
2012-01-06,1534866.150964,1622355.821003,-0.00303975,-0.00304006,-0.00000031
2012-01-09,1537412.623875,1625047.279300,0.00165908,0.00165898,-0.00000010
2012-01-10,1545415.065359,1633506.354975,0.00520514,0.00520543,0.00000030
2012-01-11,1551388.726281,1639820.859349,0.00386541,0.00386561,0.00000020
2012-01-12,1555990.280053,1644685.039288,0.00296609,0.00296629,0.00000020
2012-01-13,1550445.479312,1638823.598191,-0.00356352,-0.00356387,-0.00000035
2012-01-17,1556692.342782,1645426.466045,0.00402908,0.00402903,-0.00000005
2012-01-18,1563278.597023,1652388.595865,0.00423093,0.00423120,0.00000027
2012-01-19,1574600.391842,1677000.220634,0.00724234,0.01489457,0.00756850
2012-01-20,1574469.687972,1680633.728889,-0.00008301,0.00216667,0.00224734
2012-01-23,1579055.104280,1683351.365776,0.00291236,0.00161703,-0.00129240
2012-01-24,1571839.410092,1678494.808861,-0.00456963,-0.00288505,0.00169088
2012-01-25,1613288.886050,1722154.882369,0.02637004,0.02601144,-0.00034945
2012-01-26,1588411.669135,1693531.572336,-0.01542019,-0.01662064,-0.00121999
2012-01-27,1581964.082441,1685956.235544,-0.00405914,-0.00447310,-0.00041573
2012-01-30,1566080.235286,1673604.400443,-0.01004059,-0.00732631,0.00273806
2012-01-31,1563605.725249,1671575.718908,-0.00158007,-0.00121216,0.00036842
2012-02-01,1608026.562981,1716311.234508,0.02840923,0.02676248,-0.00160254
2012-02-02,1617446.493632,1722289.951500,0.00585807,0.00348347,-0.00236356
2012-02-03,1686050.083520,1796265.914140,0.04241475,0.04295210,0.00051535
2012-02-06,1678521.607245,1794291.404267,-0.00446516,-0.00109923,0.00337532
2012-02-07,1693947.902233,1805567.022440,0.00919041,0.00628416,-0.00288393
2012-02-08,1704525.318814,1817581.814738,0.00624424,0.00665430,0.00040744
2012-02-09,1710177.938235,1825845.822634,0.00331624,0.00454670,0.00122564
2012-02-10,1675212.695222,1788901.079681,-0.02044538,-0.02023432,0.00021545
2012-02-13,1713514.974484,1825871.622427,0.02286413,0.02066662,-0.00215070
2012-02-14,1706240.315227,1821140.108345,-0.00424546,-0.00259137,0.00165976
2012-02-15,1683418.307913,1792548.761811,-0.01337561,-0.01569970,-0.00235837
2012-02-16,1738252.565345,1852264.906662,0.03257316,0.03331354,0.00071677
2012-02-17,1750684.658459,1865484.955995,0.00715206,0.00713723,-0.00001472
2012-02-21,1753911.388767,1869834.159592,0.00184312,0.00233141,0.00048726
2012-02-22,1736069.541968,1852037.543491,-0.01017260,-0.00951775,0.00066136
2012-02-23,1761044.215441,1875733.346925,0.01438576,0.01279445,-0.00156997
2012-02-24,1768513.169478,1885290.377159,0.00424121,0.00509509,0.00084991
2012-02-27,1777691.856037,1893535.895597,0.00519006,0.00437361,-0.00081257
2012-02-28,1796258.997838,1913108.381105,0.01044452,0.01033647,-0.00010694
2012-02-29,1767004.977972,1886507.466540,-0.01628608,-0.01390455,0.00241803
2012-03-01,1801588.481771,1921859.069953,0.01957182,0.01873918,-0.00081699
2012-03-02,1786859.825927,1903867.050397,-0.00817537,-0.00936178,-0.00119690
2012-03-05,1763677.816912,1882292.523389,-0.01297360,-0.01133195,0.00166185
2012-03-06,1680658.374885,1795596.867370,-0.04707177,-0.04605855,0.00106271
2012-03-07,1720641.681306,1834606.786322,0.02379026,0.02172532,-0.00201900
2012-03-08,1770402.487232,1890223.426976,0.02891991,0.03031529,0.00135524
2012-03-09,1790600.195358,1911323.507729,0.01140854,0.01116274,-0.00024305
2012-03-12,1793018.522735,1911541.301912,0.00135057,0.00011395,-0.00123571
2012-03-13,1889451.172219,2015245.932131,0.05378229,0.05425184,0.00044548
2012-03-14,1884878.666467,2008543.590660,-0.00242002,-0.00332582,-0.00090841
2012-03-15,1913872.537160,2045168.017194,0.01538235,0.01823432,0.00280482
2012-03-16,1921753.618784,2052461.201123,0.00411787,0.00356606,-0.00054970
2012-03-19,1945760.527960,2077230.087084,0.01249219,0.01206789,-0.00041915
2012-03-20,1929373.711163,2059338.235357,-0.00842181,-0.00861332,-0.00019316
2012-03-21,1920241.845986,2048451.078672,-0.00473307,-0.00528673,-0.00055644
2012-03-22,1875380.873534,2004889.241040,-0.02336215,-0.02126574,0.00214425
2012-03-23,1897237.143924,2024297.354394,0.01165431,0.00968039,-0.00195308
2012-03-26,1973775.567669,2109187.068840,0.04034204,0.04193540,0.00153040
2012-03-27,1957178.930524,2092293.291190,-0.00840857,-0.00800962,0.00040226
2012-03-28,1928825.033551,2062398.009231,-0.01448713,-0.01428828,0.00020174
2012-03-29,1918779.765450,2053003.889096,-0.00520797,-0.00455495,0.00065623
2012-03-30,1937471.608603,2075931.670051,0.00974153,0.01116792,0.00141163
2012-04-02,1984283.002552,2122369.986814,0.02416107,0.02236987,-0.00175048
2012-04-03,1961151.440445,2097349.405064,-0.01165739,-0.01178898,-0.00013315
2012-04-04,1899130.494350,2032828.678202,-0.03162476,-0.03076298,0.00088952
2012-04-05,1897194.834632,2029303.699487,-0.00101923,-0.00173403,-0.00071578
2012-04-09,1833843.767403,1958290.300615,-0.03339197,-0.03499397,-0.00165872
2012-04-10,1737992.171000,1858237.982243,-0.05226814,-0.05109167,0.00124058
2012-04-11,1780651.599073,1901748.448701,0.02454524,0.02341491,-0.00110386
2012-04-12,1853851.212905,1982394.731750,0.04110833,0.04240639,0.00124603
2012-04-13,1787138.673083,1909349.333378,-0.03598592,-0.03684705,-0.00089368
2012-04-16,1781015.667057,1906826.953757,-0.00342615,-0.00132107,0.00211009
2012-04-17,1862724.617994,1997366.944533,0.04587773,0.04748202,0.00153274
2012-04-18,1843250.695212,1973858.162296,-0.01045454,-0.01176989,-0.00133013
2012-04-19,1807349.921530,1939265.060061,-0.01947688,-0.01752563,0.00198804
2012-04-20,1815816.596451,1946526.159439,0.00468458,0.00374425,-0.00093638
2012-04-23,1769051.709206,1897626.687398,-0.02575419,-0.02512141,0.00064930
2012-04-24,1788423.870792,1919370.047164,0.01095059,0.01145819,0.00050197
2012-04-25,1863479.170088,1999372.462788,0.04196729,0.04168160,-0.00027422
2012-04-26,1901963.561243,2039317.383534,0.02065190,0.01997873,-0.00065977
2012-04-27,1913408.536411,2054052.716945,0.00601745,0.00722562,0.00120022
2012-04-30,1888211.494863,2030330.419343,-0.01316867,-0.01154902,0.00163991
2012-05-01,1925283.265949,2065584.498529,0.01963327,0.01736372,-0.00222834
2012-05-02,1907162.618984,2050441.915513,-0.00941194,-0.00733089,0.00209861
2012-05-03,1865108.768467,2003529.375088,-0.02205048,-0.02287923,-0.00084780
2012-05-04,1773623.890137,1904938.044277,-0.04905069,-0.04920883,-0.00016630
2012-05-07,1777730.241335,1907224.723928,0.00231523,0.00120040,-0.00111288
2012-05-08,1754629.483596,1882949.117152,-0.01299452,-0.01272824,0.00026976
2012-05-09,1724992.407933,1845076.034280,-0.01689079,-0.02011370,-0.00328367
2012-05-10,1734021.939369,1859777.333273,0.00523453,0.00796786,0.00271540
2012-05-11,1717158.349552,1840843.735304,-0.00972513,-0.01018057,-0.00046002
2012-05-14,1662194.573092,1778115.723604,-0.03200857,-0.03407569,-0.00213776
2012-05-15,1634426.765814,1747771.416572,-0.01670551,-0.01706543,-0.00036610
2012-05-16,1613401.435100,1724783.341814,-0.01286404,-0.01315279,-0.00029256
2012-05-17,1539970.013662,1645422.924940,-0.04551342,-0.04601182,-0.00052230
2012-05-18,1503557.726813,1609099.966113,-0.02364480,-0.02207515,0.00160637
2012-05-21,1579425.575070,1688478.472460,0.05045889,0.04933100,-0.00107429
2012-05-22,1589507.779420,1691589.737239,0.00638346,0.00184264,-0.00452223
2012-05-23,1589381.737308,1700458.264904,-0.00007930,0.00524272,0.00530832
2012-05-24,1597926.201280,1707824.310841,0.00537597,0.00433180,-0.00103912
2012-05-25,1586720.971884,1697362.965914,-0.00701236,-0.00612554,0.00089268
2012-05-29,1640922.882761,1753310.095597,0.03415970,0.03296121,-0.00115958
2012-05-30,1569947.167756,1678437.820363,-0.04325353,-0.04270338,0.00057486
2012-05-31,1558105.766834,1667013.530182,-0.00754255,-0.00680650,0.00074136
2012-06-01,1443688.290847,1539830.961357,-0.07343370,-0.07629366,-0.00309140
2012-06-04,1442094.170375,1540660.659858,-0.00110420,0.00053882,0.00164349
2012-06-05,1467068.508032,1567676.934828,0.01731810,0.01753551,0.00021368
2012-06-06,1572190.255958,1676270.777179,0.07165429,0.06927055,-0.00222683
2012-06-07,1571282.794853,1675912.532587,-0.00057720,-0.00021372,0.00036362
2012-06-08,1610196.081037,1717433.665252,0.02476530,0.02477524,0.00000970
2012-06-11,1551343.356079,1652395.864076,-0.03655004,-0.03786918,-0.00137012
2012-06-12,1605403.303331,1711595.221810,0.03484718,0.03582638,0.00094577
2012-06-13,1573602.020153,1676305.140061,-0.01980891,-0.02061824,-0.00082603
2012-06-14,1625816.832559,1731620.157950,0.03318171,0.03299818,-0.00017766
2012-06-15,1668796.356080,1784834.207857,0.02643565,0.03073079,0.00417579
2012-06-18,1679219.075046,1793049.383968,0.00624565,0.00460277,-0.00163402
2012-06-19,1730469.309849,1846330.773779,0.03052028,0.02971552,-0.00078123
2012-06-20,1722007.838851,1837633.439911,-0.00488970,-0.00471060,0.00017996
2012-06-21,1608269.269367,1717367.191795,-0.06604997,-0.06544627,0.00064619
2012-06-22,1642981.442994,1755896.157455,0.02158356,0.02243490,0.00083301
2012-06-25,1564944.622521,1671154.780419,-0.04749708,-0.04826104,-0.00080238
2012-06-26,1587479.555166,1695790.851155,0.01439983,0.01474194,0.00033720
2012-06-27,1629955.254125,1741903.378599,0.02675669,0.02719234,0.00042421
2012-06-28,1618585.080966,1731475.739347,-0.00697576,-0.00598635,0.00099586
2012-06-29,1739111.152121,1859400.476761,0.07446385,0.07388191,-0.00054175
2012-07-02,1753210.556407,1873496.123611,0.00810725,0.00758075,-0.00052240
2012-07-03,1787600.958588,1908879.469346,0.01961567,0.01888627,-0.00071563
2012-07-05,1764424.305796,1883002.363902,-0.01296523,-0.01355618,-0.00059889
2012-07-06,1715230.054829,1830638.772010,-0.02788119,-0.02780856,0.00007471
2012-07-09,1708456.484960,1822115.269962,-0.00394907,-0.00465603,-0.00071001
2012-07-10,1661145.930333,1777415.200743,-0.02769199,-0.02453197,0.00324475
2012-07-11,1661827.044747,1777722.477968,0.00041003,0.00017288,-0.00023708
2012-07-12,1635697.920202,1750620.903319,-0.01572313,-0.01524511,0.00048554
2012-07-13,1719157.906204,1838015.351858,0.05102408,0.04992197,-0.00104916
2012-07-16,1707390.360376,1826011.187412,-0.00684495,-0.00653105,0.00031601
2012-07-17,1743635.344640,1865980.682076,0.02122829,0.02188896,0.00064673
2012-07-18,1781223.123488,1903769.039851,0.02155713,0.02025121,-0.00127919
2012-07-19,1794686.337200,1919458.762169,0.00755841,0.00824140,0.00067764
2012-07-20,1744978.338723,1863184.205451,-0.02769732,-0.02931793,-0.00166817
2012-07-23,1692840.769281,1813721.413789,-0.02987863,-0.02654745,0.00342790
2012-07-24,1652436.612588,1764149.977227,-0.02386767,-0.02733134,-0.00355468
2012-07-25,1649071.733559,1762885.627964,-0.00203631,-0.00071669,0.00132144
2012-07-26,1729683.439116,1850690.425827,0.04888308,0.04980743,0.00088088
2012-07-27,1829545.921630,1957496.283424,0.05773454,0.05771136,-0.00002192
2012-07-30,1826803.603978,1955040.975196,-0.00149891,-0.00125431,0.00024493
2012-07-31,1791238.946689,1929619.117315,-0.01946824,-0.01300324,0.00657173
2012-08-01,1785127.566231,1912941.910211,-0.00341182,-0.00864275,-0.00526266
2012-08-02,1747557.140189,1869477.147996,-0.02104635,-0.02272142,-0.00171255
2012-08-03,1849724.333386,1980452.132803,0.05846286,0.05936151,0.00084865
2012-08-06,1864390.576235,1994761.823329,0.00792888,0.00722547,-0.00069812
2012-08-07,1889620.314816,2025445.292836,0.01353243,0.01538202,0.00182323
2012-08-08,1895617.723650,2029631.463999,0.00317387,0.00206679,-0.00110419
2012-08-09,1901684.186458,2032695.295847,0.00320026,0.00150955,-0.00168673
2012-08-10,1910425.051044,2046208.116439,0.00459638,0.00664774,0.00203989
2012-08-13,1905785.612699,2039259.300091,-0.00242848,-0.00339595,-0.00097029
2012-08-14,1908300.103414,2039120.285928,0.00131940,-0.00006817,-0.00138670
2012-08-15,1914392.800321,2046518.941117,0.00319274,0.00362836,0.00043414
2012-08-16,1953432.835768,2089474.207935,0.02039291,0.02098943,0.00058443
2012-08-17,1966767.973777,2101795.025046,0.00682651,0.00589661,-0.00092403
2012-08-20,1964817.371439,2102206.527831,-0.00099178,0.00019579,0.00118804
2012-08-21,1946548.889099,2080737.140142,-0.00929780,-0.01021279,-0.00092400
2012-08-22,1947315.075029,2082736.061540,0.00039361,0.00096068,0.00056668
2012-08-23,1901202.010680,2032539.855959,-0.02368033,-0.02410109,-0.00043106
2012-08-24,1936486.240994,2073350.471547,0.01855891,0.02007863,0.00149092
2012-08-27,1936333.570318,2070884.819575,-0.00007884,-0.00118921,-0.00111108
2012-08-28,1930852.645143,2066374.180002,-0.00283057,-0.00217812,0.00065408
2012-08-29,1936019.038921,2072231.076400,0.00267571,0.00283438,0.00015824
2012-08-30,1891929.551307,2023808.383128,-0.02277327,-0.02336742,-0.00060818
2012-08-31,1921845.980473,2056022.465278,0.01581265,0.01591756,0.00010326
2012-09-04,1906534.309051,2049026.848550,-0.00796717,-0.00340250,0.00459077
2012-09-05,1906385.101044,2042852.044270,-0.00007826,-0.00301353,-0.00293982
2012-09-06,2025109.894237,2171075.493865,0.06227744,0.06276688,0.00046064
2012-09-07,2049904.938431,2197451.557381,0.01224380,0.01214885,-0.00009381
2012-09-10,2013467.918667,2158690.424984,-0.01777498,-0.01763913,0.00013830
2012-09-11,2029821.965192,2179120.945939,0.00812233,0.00946431,0.00133029
2012-09-12,2049099.661589,2193167.878628,0.00949724,0.00644615,-0.00302696
2012-09-13,2146670.706733,2298056.460237,0.04761654,0.04782515,0.00019910
2012-09-14,2173354.856104,2326115.436027,0.01243048,0.01220987,-0.00021792
2012-09-17,2153841.110897,2303695.957532,-0.00897863,-0.00963816,-0.00066573
2012-09-18,2146978.193473,2295517.221565,-0.00318636,-0.00355027,-0.00036514
2012-09-19,2151593.683707,2304324.087601,0.00214976,0.00383655,0.00168176
2012-09-20,2150445.468543,2301222.529366,-0.00053366,-0.00134597,-0.00081308
2012-09-21,2146474.938722,2301218.516888,-0.00184638,-0.00000174,0.00184634
2012-09-24,2137912.930525,2286430.656456,-0.00398887,-0.00642610,-0.00244999
2012-09-25,2072346.779657,2214474.403408,-0.03066830,-0.03147100,-0.00082844
2012-09-26,2032620.513333,2175755.760256,-0.01916970,-0.01748435,0.00171682
2012-09-27,2092024.010350,2239237.816575,0.02922508,0.02917701,-0.00004670
2012-09-28,2063436.469968,2210275.512959,-0.01366502,-0.01293400,0.00074087
2012-10-01,2074496.407733,2228002.392681,0.00535996,0.00802021,0.00264257
2012-10-02,2082840.339811,2234167.618443,0.00402215,0.00276715,-0.00125075
2012-10-03,2108197.620553,2258527.544958,0.01217438,0.01090336,-0.00125652
2012-10-04,2156577.255052,2306507.059295,0.02294834,0.02124371,-0.00166777
2012-10-05,2154505.672828,2304857.140012,-0.00096059,-0.00071533,0.00024546
2012-10-08,2134997.132469,2281554.939722,-0.00905476,-0.01011004,-0.00106549
2012-10-09,2072398.778132,2213830.959150,-0.02932011,-0.02968326,-0.00037418
2012-10-10,2029884.078219,2171982.724503,-0.02051473,-0.01890308,0.00164405
2012-10-11,2033444.860592,2173857.170482,0.00175418,0.00086301,-0.00089000
2012-10-12,2011906.575769,2154962.002380,-0.01059202,-0.00869200,0.00191852
2012-10-15,2062539.190617,2207987.990115,0.02516648,0.02460646,-0.00054642
2012-10-16,2125220.349576,2275770.384479,0.03039029,0.03069872,0.00029929
2012-10-17,2154734.793673,2304599.361605,0.01388771,0.01266779,-0.00120394
2012-10-18,2138121.705046,2288359.682520,-0.00771004,-0.00704664,0.00066833
2012-10-19,2028424.428325,2175232.913339,-0.05130544,-0.04943575,0.00196887
2012-10-22,2031981.604131,2178627.266008,0.00175366,0.00156045,-0.00019289
2012-10-23,1942741.051105,2081638.659915,-0.04391799,-0.04451822,-0.00062800
2012-10-24,1929941.769257,2062738.984968,-0.00658826,-0.00907923,-0.00251064
2012-10-25,1945978.682529,2081990.087854,0.00830953,0.00933279,0.00101431
2012-10-26,1941302.520651,2077846.969309,-0.00240299,-0.00198998,0.00041392
2012-10-31,1935718.751080,2079039.092285,-0.00287630,0.00057373,0.00345401
2012-11-01,2003859.199016,2148095.261882,0.03520163,0.03321543,-0.00192050
2012-11-02,1949491.894071,2088921.286234,-0.02713130,-0.02754718,-0.00042757
2012-11-05,1962878.295235,2102986.295343,0.00686661,0.00673314,-0.00013256
2012-11-06,2006226.158164,2152869.000542,0.02208383,0.02371994,0.00159948
2012-11-07,1874552.140316,2002836.170993,-0.06563269,-0.06968972,-0.00435146
2012-11-08,1799720.855166,1927519.556960,-0.03991955,-0.03760498,0.00240791
2012-11-09,1805570.451720,1937620.808110,0.00325028,0.00524054,0.00198185
2012-11-12,1813142.102029,1938898.884875,0.00419349,0.00065961,-0.00352533
2012-11-13,1793245.145662,1916359.470584,-0.01097374,-0.01162485,-0.00065855
2012-11-14,1727435.524199,1837208.298283,-0.03669862,-0.04130288,-0.00479113
2012-11-15,1707347.299330,1828537.106696,-0.01162893,-0.00471977,0.00696614
2012-11-16,1733619.624746,1855485.442436,0.01538780,0.01473765,-0.00064051
2012-11-19,1839357.082794,1965416.054187,0.06099231,0.05924628,-0.00164701
2012-11-20,1845275.734546,1969911.264364,0.00321778,0.00228715,-0.00092807
2012-11-21,1857278.565952,1984158.094393,0.00650463,0.00723222,0.00072263
2012-11-23,1927817.134413,2061671.369483,0.03797953,0.03906608,0.00104624
2012-11-26,1920510.432831,2049697.086518,-0.00379014,-0.00580805,-0.00202764
2012-11-27,1892706.208135,2018042.657868,-0.01447752,-0.01544347,-0.00098062
2012-11-28,1934991.269176,2067011.877370,0.02234106,0.02426570,0.00188081
2012-11-29,1960812.769409,2094129.123115,0.01334450,0.01311906,-0.00022250
2012-11-30,1955261.070781,2095532.985635,-0.00283133,0.00067038,0.00350550
2012-12-03,1934351.533883,2066567.825660,-0.01069399,-0.01382234,-0.00316717
2012-12-04,1923442.522347,2056522.428391,-0.00563962,-0.00486091,0.00078282
2012-12-05,1935772.624236,2066992.204995,0.00641043,0.00509101,-0.00131188
2012-12-06,1953565.675239,2088094.987602,0.00919171,0.01020942,0.00100793
2012-12-07,1971466.694410,2106878.329840,0.00916325,0.00899544,-0.00016630
2012-12-10,1974947.515470,2109631.544450,0.00176560,0.00130677,-0.00045812
2012-12-11,2012947.990520,2151119.962508,0.01924126,0.01966619,0.00041682
2012-12-12,2017353.430959,2154579.789384,0.00218855,0.00160838,-0.00057907
2012-12-13,1980379.954751,2115502.674562,-0.01832771,-0.01813677,0.00019449
2012-12-14,1961091.784227,2090486.753696,-0.00973963,-0.01182505,-0.00210815
2012-12-17,2031474.382157,2163837.488893,0.03588950,0.03508787,-0.00077415
2012-12-18,2093287.194970,2239136.031399,0.03042756,0.03479861,0.00423301
2012-12-19,2046887.904508,2189749.209228,-0.02216575,-0.02205620,0.00011204
2012-12-20,2084836.662937,2226327.535267,0.01853973,0.01670434,-0.00180361
2012-12-21,2026369.682942,2165403.298533,-0.02804391,-0.02736535,0.00069790
2012-12-24,2008671.610214,2150102.139482,-0.00873388,-0.00706619,0.00168097
2012-12-26,1979820.223545,2119582.848534,-0.01436342,-0.01419434,0.00017152
2012-12-27,1974180.653367,2112314.299684,-0.00284853,-0.00342924,-0.00058254
2012-12-28,1908246.028724,2041564.827811,-0.03339848,-0.03349382,-0.00009864
2012-12-31,2006326.512970,2146694.601860,0.05139824,0.05149470,0.00009174
2013-01-02,2154831.906015,2306586.056149,0.07401856,0.07448263,0.00043199
2013-01-03,2148867.204289,2292752.992936,-0.00276806,-0.00599720,-0.00324336
2013-01-04,2175761.113799,2327031.919832,0.01251539,0.01495099,0.00240261
2013-01-07,2158082.984212,2305891.916168,-0.00812503,-0.00908454,-0.00096783
2013-01-08,2138546.221193,2284023.373746,-0.00905283,-0.00948377,-0.00043497
2013-01-09,2157637.567126,2303117.599820,0.00892725,0.00835991,-0.00056248
2013-01-10,2204885.441021,2356485.727786,0.02189797,0.02317212,0.00124608
2013-01-11,2207692.752959,2356870.578898,0.00127322,0.00016332,-0.00110911
2013-01-14,2201631.579708,2351063.533250,-0.00274548,-0.00246388,0.00028233
2013-01-15,2204374.139880,2359479.841328,0.00124569,0.00357979,0.00232848
2013-01-16,2204206.355067,2361326.152256,-0.00007611,0.00078251,0.00085832
2013-01-17,2244810.385527,2401379.320600,0.01842116,0.01696215,-0.00143364
2013-01-18,2264019.487290,2425763.191486,0.00855712,0.01015411,0.00158219
2013-01-22,2296834.459438,2458526.891425,0.01449412,0.01350655,-0.00097393
2013-01-23,2306784.838214,2470064.597621,0.00433221,0.00469293,0.00035910
2013-01-24,2310632.867530,2470737.641730,0.00166814,0.00027248,-0.00139430
2013-01-25,2349006.700218,2511267.126949,0.01660750,0.01640380,-0.00020039
2013-01-28,2340620.397371,2498410.370602,-0.00357015,-0.00511963,-0.00155624
2013-01-29,2369070.379399,2536464.239160,0.01215489,0.01523123,0.00303479
2013-01-30,2341073.334642,2508131.260576,-0.01181773,-0.01117027,0.00065500
2013-01-31,2324518.892227,2489783.943827,-0.00707130,-0.00731513,-0.00024560
2013-02-01,2391467.806795,2564010.740592,0.02880119,0.02981255,0.00098256
2013-02-04,2312491.025296,2475451.770148,-0.03302440,-0.03453924,-0.00156780
2013-02-05,2383283.144471,2555415.609442,0.03061293,0.03230273,0.00163826
2013-02-06,2389299.508769,2560193.514356,0.00252440,0.00186972,-0.00065325
2013-02-07,2379776.670036,2546912.155156,-0.00398562,-0.00518764,-0.00120756
2013-02-08,2418886.175108,2591067.531361,0.01643411,0.01733683,0.00088773
2013-02-11,2415541.365655,2586984.613228,-0.00138279,-0.00157577,-0.00019326
2013-02-12,2426873.979511,2599919.495447,0.00469154,0.00499998,0.00030695
2013-02-13,2432960.904852,2605146.013452,0.00250813,0.00201026,-0.00049675
2013-02-14,2443222.806805,2611296.356968,0.00421787,0.00236084,-0.00185093
2013-02-15,2433623.229915,2603894.272096,-0.00392906,-0.00283464,0.00109814
2013-02-19,2483692.625722,2661354.627840,0.02057401,0.02206708,0.00146190
2013-02-20,2391080.689725,2565032.679653,-0.03728800,-0.03619283,0.00113695
2013-02-21,2356730.119004,2517318.915176,-0.01436613,-0.01860162,-0.00430649
2013-02-22,2418084.222396,2585414.103851,0.02603357,0.02705068,0.00099081
2013-02-25,2281269.085165,2444546.571655,-0.05657997,-0.05448548,0.00221764
2013-02-26,2327229.220324,2490330.914078,0.02014674,0.01872918,-0.00139054
2013-02-27,2414455.887616,2585387.356327,0.03748091,0.03817021,0.00066417
2013-02-28,2405927.835208,2579544.400228,-0.00353208,-0.00225999,0.00127578
2013-03-01,2424492.491855,2597660.305458,0.00771622,0.00702291,-0.00068823
2013-03-04,2465024.837942,2633218.556657,0.01671787,0.01368857,-0.00298394
2013-03-05,2528187.046979,2709742.778138,0.02562336,0.02906110,0.00334625
2013-03-06,2541949.878314,2719270.509455,0.00544376,0.00351610,-0.00191906
2013-03-07,2555761.864835,2734654.484595,0.00543362,0.00565739,0.00022254
2013-03-08,2585861.267136,2771311.207212,0.01177708,0.01340452,0.00160721
2013-03-11,2613994.229092,2797798.286789,0.01087953,0.00955760,-0.00130856
2013-03-12,2596205.210598,2778385.205644,-0.00680530,-0.00693870,-0.00013432
2013-03-13,2606969.369176,2790191.345919,0.00414611,0.00424928,0.00010274
2013-03-14,2648385.748216,2837928.828759,0.01588679,0.01710904,0.00120241
2013-03-15,2637148.021144,2824990.643670,-0.00424324,-0.00455902,-0.00031718
2013-03-18,2593832.465559,2779253.713032,-0.01642515,-0.01619012,0.00023893
2013-03-19,2575105.537821,2759644.700469,-0.00721979,-0.00705550,0.00016548
2013-03-20,2628173.645604,2816390.273135,0.02060813,0.02056264,-0.00004457
2013-03-21,2564048.439631,2747407.032469,-0.02439915,-0.02449349,-0.00009671
2013-03-22,2619689.908576,2808059.467393,0.02170063,0.02207625,0.00036757
2013-03-25,2597376.880145,2780834.216973,-0.00851743,-0.00969540,-0.00118879
2013-03-26,2655353.572208,2846838.343662,0.02232125,0.02373537,0.00138229
2013-03-27,2650675.635958,2842605.945203,-0.00176170,-0.00148670,0.00027545
2013-03-28,2668288.384848,2877086.887803,0.00664463,0.01213005,0.00543442
2013-04-01,2645773.207636,2839837.856509,-0.00843806,-0.01294679,-0.00455747
2013-04-02,2684433.481490,2884058.812997,0.01461209,0.01557165,0.00094529
2013-04-03,2603432.321660,2795297.568876,-0.03017440,-0.03077650,-0.00062103
2013-04-04,2634013.787809,2829910.757782,0.01174660,0.01238265,0.00062847
2013-04-05,2602797.090939,2794432.253413,-0.01185138,-0.01253697,-0.00069405
2013-04-08,2650964.243850,2847975.170694,0.01850592,0.01916057,0.00064255
2013-04-09,2679676.599705,2878566.426240,0.01083091,0.01074141,-0.00008855
2013-04-10,2778087.662890,2982515.599901,0.03672498,0.03611144,-0.00059198
2013-04-11,2805396.263601,3014966.268575,0.00983000,0.01088030,0.00103954
2013-04-12,2786695.361608,2990191.929169,-0.00666605,-0.00821712,-0.00156270
2013-04-15,2595638.060086,2784735.648636,-0.06856053,-0.06871006,-0.00016056
2013-04-16,2705045.006282,2905319.828972,0.04215031,0.04330184,0.00110435
2013-04-17,2585486.027556,2783986.613795,-0.04419852,-0.04176243,0.00254550
2013-04-18,2521912.354914,2727929.416557,-0.02458867,-0.02013558,0.00455496
2013-04-19,2602331.973752,2802197.144171,0.03188835,0.02722494,-0.00452953
2013-04-22,2637192.040107,2841887.258488,0.01339570,0.01416393,0.00075778
2013-04-23,2721137.714053,2930397.529190,0.03183146,0.03114489,-0.00066561
2013-04-24,2723131.737076,2931076.563211,0.00073279,0.00023172,-0.00050083
2013-04-25,2759123.190873,2967438.704600,0.01321693,0.01240573,-0.00080094
2013-04-26,2740658.481388,2951694.385520,-0.00669224,-0.00530569,0.00139491
2013-04-29,2793835.290842,3015787.879537,0.01940293,0.02171414,0.00226465
2013-04-30,2820045.154498,3038545.978571,0.00938132,0.00754632,-0.00181960
2013-05-01,2743492.740056,2955881.119382,-0.02714581,-0.02720540,-0.00006125
2013-05-02,2817088.739330,3039780.470930,0.02682566,0.02838387,0.00151636
2013-05-03,2896629.924866,3134228.251335,0.02823524,0.03107059,0.00275370
2013-05-06,2923466.359089,3152745.177469,0.00926471,0.00590797,-0.00333147
2013-05-07,2968241.908948,3202731.741231,0.01531591,0.01585493,0.00053075
2013-05-08,3014672.087922,3242907.273998,0.01564232,0.01254415,-0.00305512
2013-05-09,2987877.730658,3208670.189170,-0.00888798,-0.01055753,-0.00168594
2013-05-10,3018889.346095,3250516.819675,0.01037914,0.01304174,0.00263177
2013-05-13,3017445.926445,3251559.713618,-0.00047813,0.00032084,0.00079903
2013-05-14,3112756.416550,3349262.797057,0.03158648,0.03004807,-0.00149242
2013-05-15,3165626.336940,3401958.269178,0.01698492,0.01573345,-0.00123132
2013-05-16,3121642.761892,3352279.849006,-0.01389411,-0.01460289,-0.00071902
2013-05-17,3210488.903417,3456759.213259,0.02846134,0.03116666,0.00262700
2013-05-20,3210247.481168,3450509.933973,-0.00007520,-0.00180784,-0.00173428
2013-05-21,3222585.530502,3468809.794970,0.00384333,0.00530352,0.00145354
2013-05-22,3157938.299703,3385814.828622,-0.02006067,-0.02392606,-0.00395232
2013-05-23,3124055.567851,3357306.408510,-0.01072938,-0.00841996,0.00233175
2013-05-24,3111469.889473,3352501.346383,-0.00402863,-0.00143123,0.00260452
2013-05-28,3177863.142977,3417302.536028,0.02133823,0.01932921,-0.00196899
2013-05-29,3105031.134887,3346675.305398,-0.02291855,-0.02066754,0.00230116
2013-05-30,3145486.095440,3384548.811101,0.01302884,0.01131676,-0.00169150
2013-05-31,3007310.523661,3240941.479791,-0.04392821,-0.04243027,0.00156553
2013-06-03,3054094.351553,3300574.770234,0.01555670,0.01839999,0.00279582
2013-06-04,3025874.393824,3246728.943241,-0.00924004,-0.01631408,-0.00716562
2013-06-05,2886484.230332,3110338.569486,-0.04606608,-0.04200855,0.00424445
2013-06-06,2954230.122131,3190190.265432,0.02347004,0.02567299,0.00215012
2013-06-07,3077833.086013,3311834.071032,0.04183931,0.03813058,-0.00356615
2013-06-10,3073991.812507,3308781.304502,-0.00124804,-0.00092178,0.00032662
2013-06-11,2979574.575134,3207808.211472,-0.03071486,-0.03051670,0.00020442
2013-06-12,2909967.652193,3125721.987588,-0.02336136,-0.02558950,-0.00228405
2013-06-13,3035829.466888,3265889.211011,0.04325196,0.04484315,0.00152406
2013-06-14,2979827.058113,3210232.966745,-0.01844715,-0.01704168,0.00143086
2013-06-17,3051445.987113,3281416.831712,0.02403459,0.02217405,-0.00181853
2013-06-18,3121680.484406,3356909.039712,0.02301679,0.02300598,-0.00001057
2013-06-19,2996824.801988,3217050.631504,-0.03999630,-0.04166285,-0.00173749
2013-06-20,2768424.538368,2976246.901541,-0.07621409,-0.07485233,0.00147302
2013-06-21,2794375.998324,3001102.293274,0.00937409,0.00835125,-0.00101385
2013-06-24,2688737.840499,2892467.748054,-0.03780385,-0.03619821,0.00166732
2013-06-25,2769266.237663,2977693.818849,0.02995026,0.02946483,-0.00047142
2013-06-26,2846880.182960,3064477.269354,0.02802690,0.02914452,0.00108656
2013-06-27,2903728.232923,3121481.282321,0.01996854,0.01860155,-0.00134113
2013-06-28,2849235.012094,3082618.161573,-0.01876664,-0.01245022,0.00641660
2013-07-01,2913096.609538,3132508.487246,0.02241359,0.01618440,-0.00611127
2013-07-02,2899872.907415,3128074.087830,-0.00453940,-0.00141561,0.00313312
2013-07-03,2907905.786625,3136147.399100,0.00277008,0.00258092,-0.00018865
2013-07-05,3004586.542952,3232734.797640,0.03324755,0.03079811,-0.00237345
2013-07-08,3051420.983121,3283683.088301,0.01558765,0.01576012,0.00016981
2013-07-09,3120680.960375,3355857.234332,0.02269761,0.02197963,-0.00070229
2013-07-10,3122922.254651,3358587.664344,0.00071821,0.00081363,0.00009535
2013-07-11,3255225.343528,3495224.602763,0.04236516,0.04068286,-0.00161523
2013-07-12,3257526.649227,3527628.908027,0.00070696,0.00927102,0.00852160
2013-07-15,3292925.563161,3542969.794629,0.01086681,0.00434878,-0.00646884
2013-07-16,3255498.697788,3504808.449420,-0.01136584,-0.01077100,0.00060149
2013-07-17,3279429.449900,3534603.511733,0.00735087,0.00850120,0.00114128
2013-07-18,3335438.717748,3588421.845455,0.01707897,0.01522613,-0.00182339
2013-07-19,3353290.879462,3606392.448294,0.00535227,0.00500794,-0.00034255
2013-07-22,3371286.986516,3628761.884627,0.00536670,0.00620272,0.00083121
2013-07-23,3350120.061152,3609893.704865,-0.00627859,-0.00519962,0.00108520
2013-07-24,3312268.007239,3570327.188894,-0.01129872,-0.01096058,0.00034194
2013-07-25,3330037.192597,3597761.550123,0.00536466,0.00768399,0.00230430
2013-07-26,3342703.492379,3607139.745054,0.00380365,0.00260667,-0.00119315
2013-07-29,3313326.832190,3568505.304298,-0.00878829,-0.01071055,-0.00194118
2013-07-30,3313724.010616,3573188.985592,0.00011987,0.00131251,0.00119178
2013-07-31,3316051.897841,3572601.468421,0.00070250,-0.00016442,-0.00086669
2013-08-01,3436920.649972,3705473.850874,0.03644960,0.03719205,0.00071609
2013-08-02,3452487.353808,3724512.565262,0.00452926,0.00513800,0.00060581
2013-08-05,3445618.994248,3709009.661448,-0.00198939,-0.00416240,-0.00217971
2013-08-06,3383293.749069,3646300.342606,-0.01808826,-0.01690729,0.00120200
2013-08-07,3347737.753034,3605194.547793,-0.01050928,-0.01127329,-0.00077242
2013-08-08,3382545.720784,3648644.119139,0.01039746,0.01205194,0.00163611
2013-08-09,3353519.199591,3610201.932989,-0.00858126,-0.01053602,-0.00197362
2013-08-12,3340303.003913,3598402.061916,-0.00394099,-0.00326848,0.00067495
2013-08-13,3378936.553440,3630125.990136,0.01156588,0.00881612,-0.00272203
2013-08-14,3321262.595049,3574124.793927,-0.01706867,-0.01542679,0.00166900
2013-08-15,3175440.066701,3418487.733904,-0.04390575,-0.04354550,0.00037672
2013-08-16,3147627.109360,3385287.425898,-0.00875877,-0.00971199,-0.00096210
2013-08-19,3087747.630237,3325450.066863,-0.01902369,-0.01767571,0.00137318
2013-08-20,3124321.805979,3365238.039442,0.01184494,0.01196469,0.00011834
2013-08-21,3075872.458291,3306964.398754,-0.01550716,-0.01731635,-0.00183938
2013-08-22,3156394.907037,3395748.281744,0.02617873,0.02684755,0.00065154
2013-08-23,3187354.649362,3437038.558098,0.00980858,0.01215940,0.00232529
2013-08-26,3156975.670121,3396353.131116,-0.00953109,-0.01183735,-0.00233116
2013-08-27,3001156.112109,3234015.699454,-0.04935722,-0.04779757,0.00163929
2013-08-28,3031009.982460,3261476.821810,0.00994746,0.00849134,-0.00144282
2013-08-29,3045317.320318,3281335.641026,0.00472032,0.00608890,0.00136123
2013-08-30,3005006.843510,3250744.462726,-0.01323687,-0.00932278,0.00395875
2013-09-03,3057757.392935,3292083.992257,0.01755422,0.01271694,-0.00476516
2013-09-04,3134259.194746,3372221.799256,0.02501892,0.02434258,-0.00066006
2013-09-05,3131551.789979,3384565.882884,-0.00086381,0.00366052,0.00451802
2013-09-06,3147405.096461,3386037.077790,0.00506244,0.00043468,-0.00461509
2013-09-09,3240355.819025,3485350.587037,0.02953249,0.02933031,-0.00019641
2013-09-10,3313520.320652,3562462.128946,0.02257916,0.02212447,-0.00044474
2013-09-11,3344102.476310,3595810.051603,0.00922951,0.00936092,0.00013020
2013-09-12,3319301.723842,3561061.079005,-0.00741627,-0.00966374,-0.00226683
2013-09-13,3339631.077797,3590839.664690,0.00612459,0.00836228,0.00222160
2013-09-16,3400146.543222,3650689.728011,0.01812040,0.01666743,-0.00142814
2013-09-17,3441705.422973,3696815.699617,0.01222267,0.01263486,0.00040713
2013-09-18,3565343.162434,3833507.945449,0.03592339,0.03697567,0.00101527
2013-09-19,3547469.309955,3813671.043043,-0.00501322,-0.00517461,-0.00016221
2013-09-20,3463898.437164,3732975.346922,-0.02355788,-0.02115958,0.00245315
2013-09-23,3425707.285439,3681191.563808,-0.01102548,-0.01387199,-0.00288239
2013-09-24,3402976.543575,3653425.207013,-0.00663534,-0.00754276,-0.00091390
2013-09-25,3369893.815683,3623944.340761,-0.00972170,-0.00806938,0.00166716
2013-09-26,3410134.671838,3663734.705534,0.01194128,0.01097985,-0.00095054
2013-09-27,3366457.910817,3619432.145187,-0.01280793,-0.01209219,0.00072477
2013-09-30,3310104.546539,3553764.268661,-0.01673966,-0.01814314,-0.00142840
2013-10-01,3385938.891080,3642896.501849,0.02290995,0.02508108,0.00212025
2013-10-02,3372588.905033,3636255.867341,-0.00394277,-0.00182290,0.00212600
2013-10-03,3282251.581955,3537359.896650,-0.02678575,-0.02719720,-0.00042286
2013-10-04,3353820.378688,3613355.283318,0.02180479,0.02148365,-0.00031434
2013-10-07,3267716.136604,3522770.068842,-0.02567348,-0.02506956,0.00061965
2013-10-08,3153785.687014,3392442.330027,-0.03486547,-0.03699581,-0.00220974
2013-10-09,3153554.276349,3399215.863492,-0.00007338,0.00199665,0.00206804
2013-10-10,3366727.528359,3629865.576657,0.06759777,0.06785380,0.00023979
2013-10-11,3426414.150389,3698277.655533,0.01772838,0.01884700,0.00109853
2013-10-14,3470984.280793,3743260.368372,0.01300781,0.01216315,-0.00083416
2013-10-15,3393622.880692,3664496.727618,-0.02228803,-0.02104145,0.00127418
2013-10-16,3532171.538141,3820204.693923,0.04082618,0.04249096,0.00159820
2013-10-17,3604553.534194,3897570.036353,0.02049221,0.02025162,-0.00023578
2013-10-18,3676474.005313,3973244.814205,0.01995267,0.01941589,-0.00052642
2013-10-21,3681786.370921,3975030.027446,0.00144496,0.00044931,-0.00099471
2013-10-22,3740889.504695,4044358.380527,0.01605284,0.01744096,0.00136526
2013-10-23,3688952.207075,3988313.133636,-0.01388368,-0.01385764,0.00002641
2013-10-24,3724641.354390,4028031.261828,0.00967460,0.00995863,0.00028126
2013-10-25,3775969.221219,4081584.838222,0.01378062,0.01329522,-0.00047891
2013-10-28,3789673.652151,4098350.726134,0.00362938,0.00410769,0.00047647
2013-10-29,3859194.293691,4166695.072079,0.01834476,0.01667606,-0.00163998
2013-10-30,3794033.792997,4108106.024318,-0.01688448,-0.01406128,0.00286758
2013-10-31,3751433.759068,4062352.614644,-0.01122816,-0.01113735,0.00009184
2013-11-01,3783340.159710,4097895.933413,0.00850512,0.00874944,0.00024223
2013-11-04,3834403.909673,4141934.209925,0.01349700,0.01074656,-0.00271750
2013-11-05,3799359.286960,4108773.509555,-0.00913952,-0.00800609,0.00114323
2013-11-06,3851965.863668,4161241.659049,0.01384617,0.01276978,-0.00106225
2013-11-07,3703622.808260,4002359.222259,-0.03851100,-0.03818150,0.00034264
2013-11-08,3855925.078123,4164232.824144,0.04112251,0.04044455,-0.00065140
2013-11-11,3853520.740337,4173755.104010,-0.00062354,0.00228668,0.00290781
2013-11-12,3832623.443770,4145924.384194,-0.00542291,-0.00666803,-0.00125269
2013-11-13,3920952.314293,4244750.344684,0.02304658,0.02383689,0.00077221
2013-11-14,3986188.060305,4307208.125286,0.01663773,0.01471412,-0.00189392
2013-11-15,4037570.836781,4362363.576422,0.01289020,0.01280538,-0.00008374
2013-11-18,3992466.978166,4315850.469411,-0.01117104,-0.01066236,0.00051429
2013-11-19,3968898.717894,4290724.908085,-0.00590318,-0.00582169,0.00008197
2013-11-20,3930899.067994,4245436.818742,-0.00957436,-0.01055488,-0.00099049
2013-11-21,4022855.991805,4350041.892922,0.02339336,0.02463941,0.00121683
2013-11-22,4084099.285126,4414836.895297,0.01522383,0.01489526,-0.00032370
2013-11-25,4076449.342577,4399833.710230,-0.00187310,-0.00339836,-0.00152928
2013-11-26,4070186.715030,4402768.141133,-0.00153629,0.00066694,0.00220420
2013-11-27,4103099.158269,4435875.502248,0.00808622,0.00751967,-0.00056217
2013-11-29,4085002.982873,4426482.898062,-0.00441037,-0.00211742,0.00230046
2013-12-02,4065489.802201,4392566.377982,-0.00477678,-0.00766218,-0.00290346
2013-12-03,4017994.642513,4352326.857137,-0.01168252,-0.00916082,0.00254825
2013-12-04,4003790.459962,4336504.468356,-0.00353514,-0.00363539,-0.00010060
2013-12-05,3957597.897436,4281948.846000,-0.01153721,-0.01258055,-0.00105608
2013-12-06,4091970.803387,4426518.312707,0.03395315,0.03376254,-0.00018437
2013-12-09,4119741.130345,4451234.225647,0.00678654,0.00558360,-0.00119555
2013-12-10,4077104.787944,4411225.466026,-0.01034928,-0.00898824,0.00137433
2013-12-11,3938012.374216,4266381.077550,-0.03411549,-0.03283541,0.00132441
2013-12-12,3898715.333871,4219522.448342,-0.00997890,-0.01098323,-0.00101496
2013-12-13,3894870.945995,4219317.276985,-0.00098607,-0.00004862,0.00093793
2013-12-16,3969100.790292,4298490.972461,0.01905836,0.01876457,-0.00028833
2013-12-17,3926716.806370,4259732.432200,-0.01067849,-0.00901678,0.00167823
2013-12-18,4131649.571718,4472945.106649,0.05218934,0.05005307,-0.00203238
2013-12-19,4120152.257938,4466604.432429,-0.00278274,-0.00141756,0.00136805
2013-12-20,4182305.073385,4532689.048570,0.01508508,0.01479527,-0.00028554
2013-12-23,4314774.383977,4607382.174607,0.03167376,0.01647877,-0.01483802
2013-12-24,4284934.237530,4648099.008622,-0.00691581,0.00883730,0.01573831
2013-12-26,4344447.819806,4713861.242713,0.01388903,0.01414820,0.00025559
2013-12-27,4344897.934586,4709913.739389,0.00010361,-0.00083742,-0.00094138
2013-12-30,4339128.067512,4708331.684343,-0.00132796,-0.00033590,0.00099289
2013-12-31,4399135.546420,4765711.427585,0.01382939,0.01218685,-0.00162144
2014-01-02,4280252.127294,4640679.029422,-0.02702427,-0.02623583,0.00081001
2014-01-03,4268387.868897,4636821.592758,-0.00277186,-0.00083122,0.00194414
2014-01-06,4236032.137598,4602206.804617,-0.00758032,-0.00746520,0.00011599
2014-01-07,4314830.019878,4688634.421761,0.01860181,0.01877960,0.00017453
2014-01-08,4319852.172498,4686734.211757,0.00116393,-0.00040528,-0.00156861
2014-01-09,4327260.412497,4692840.675705,0.00171493,0.00130293,-0.00041138
2014-01-10,4357093.962756,4726645.105013,0.00689433,0.00720340,0.00030691
2014-01-13,4190903.742120,4549234.070364,-0.03814245,-0.03753424,0.00063212
2014-01-14,4321210.495448,4701646.114943,0.03109276,0.03350279,0.00233463
2014-01-15,4394068.795238,4775837.687517,0.01686062,0.01577991,-0.00106335
2014-01-16,4373525.016574,4757563.006415,-0.00467534,-0.00382649,0.00085248
2014-01-17,4316554.949848,4702866.449162,-0.01302612,-0.01149676,0.00154835
2014-01-21,4356988.009909,4742974.446910,0.00936697,0.00852842,-0.00083112
2014-01-22,4364434.603281,4751946.105504,0.00170911,0.00189157,0.00018213
2014-01-23,4258646.508605,4626772.940885,-0.02423867,-0.02634145,-0.00215734
2014-01-24,3983766.710228,4333592.769129,-0.06454628,-0.06336602,0.00126091
2014-01-27,3925139.898376,4270821.451849,-0.01471643,-0.01448482,0.00023504
2014-01-28,3997801.730088,4351447.770766,0.01851191,0.01887841,0.00035978
2014-01-29,3872527.432879,4218441.004276,-0.03133580,-0.03056610,0.00079428
2014-01-30,4002469.814949,4364996.808617,0.03355493,0.03474170,0.00114758
2014-01-31,3927588.219267,4280956.704842,-0.01870885,-0.01925319,-0.00055487
2014-02-03,3669549.628431,3984775.134265,-0.06569899,-0.06918584,-0.00373902
2014-02-04,3743738.684791,4077948.833461,0.02021748,0.02338242,0.00309742
2014-02-05,3724631.132197,4054084.178501,-0.00510387,-0.00585212,-0.00075237
2014-02-06,3874051.006895,4205531.361207,0.04011669,0.03735669,-0.00265707
2014-02-07,4023959.969099,4374484.854464,0.03869566,0.04017411,0.00142236
2014-02-10,4042708.955438,4395549.208086,0.00465934,0.00481528,0.00015520
2014-02-11,4176261.921004,4538810.417088,0.03303551,0.03259233,-0.00042910
2014-02-12,4187206.279712,4536327.263781,0.00262061,-0.00054709,-0.00316443
2014-02-13,4248608.858840,4616576.148450,0.01466433,0.01769028,0.00297778
2014-02-14,4315961.921410,4683733.377783,0.01585297,0.01454698,-0.00128644
2014-02-18,4334835.120379,4700955.699372,0.00437288,0.00367705,-0.00069304
2014-02-19,4245204.784731,4611903.488246,-0.02067676,-0.01894343,0.00176836
2014-02-20,4317112.635255,4695514.109248,0.01693861,0.01812931,0.00117018
2014-02-21,4310632.898401,4670485.473641,-0.00150094,-0.00533033,-0.00384252
2014-02-24,4371698.281773,4756500.454677,0.01416622,0.01841671,0.00418236
2014-02-25,4366695.527356,4739011.722422,-0.00114435,-0.00367681,-0.00253858
2014-02-26,4366384.682795,4740454.474546,-0.00007119,0.00030444,0.00037558
2014-02-27,4438874.043163,4810321.908932,0.01660169,0.01473855,-0.00183439
2014-02-28,4468248.990560,4851423.173973,0.00661766,0.00854439,0.00191224
2014-03-03,4376038.063235,4745706.738352,-0.02063693,-0.02179081,-0.00117889
2014-03-04,4563186.725321,4966424.560698,0.04276669,0.04650895,0.00358235
2014-03-05,4565224.939267,4966570.114160,0.00044666,0.00002931,-0.00041726
2014-03-06,4608735.780015,4993267.388629,0.00953093,0.00537539,-0.00412480
2014-03-07,4605234.692230,5002320.092426,-0.00075966,0.00181298,0.00257129
2014-03-10,4607284.478327,4996957.292093,0.00044510,-0.00107206,-0.00151764
2014-03-11,4530844.512162,4923703.375624,-0.01659111,-0.01465970,0.00196206
2014-03-12,4540027.431390,4929469.495589,0.00202676,0.00117109,-0.00085430
2014-03-13,4388880.051692,4760464.480102,-0.03329217,-0.03428463,-0.00102716
2014-03-14,4350580.853849,4721276.795547,-0.00872642,-0.00823190,0.00049874
2014-03-17,4467470.543809,4858171.734528,0.02686761,0.02899532,0.00206990
2014-03-18,4562166.265109,4963926.002339,0.02119672,0.02176833,0.00055959
2014-03-19,4486948.378656,4875666.821836,-0.01648732,-0.01778012,-0.00131533
2014-03-20,4563026.997398,4964469.536093,0.01695554,0.01821345,0.00123618
2014-03-21,4517333.469752,4922529.241539,-0.01001386,-0.00844809,0.00158036
2014-03-24,4460022.367046,4852844.882798,-0.01268693,-0.01415621,-0.00148927
2014-03-25,4525029.136221,4918007.996850,0.01457544,0.01342782,-0.00113177
2014-03-26,4424504.472794,4817230.874700,-0.02221525,-0.02049145,0.00176141
2014-03-27,4397586.081125,4790799.802515,-0.00608393,-0.00548678,0.00060063
2014-03-28,4455833.164296,4858654.604604,0.01324524,0.01416356,0.00090591
2014-03-31,4569594.536275,4974667.861035,0.02553089,0.02387765,-0.00161338
2014-04-01,4661243.663738,5078485.377872,0.02005629,0.02086924,0.00079664
2014-04-02,4708706.444400,5122964.200359,0.01018243,0.00875829,-0.00141078
2014-04-03,4686373.553126,5106718.798434,-0.00474289,-0.00317109,0.00157804
2014-04-04,4516821.545837,4916062.954188,-0.03617979,-0.03733431,-0.00119858
2014-04-07,4370465.269242,4754752.829987,-0.03240249,-0.03281287,-0.00042421
2014-04-08,4424522.349511,4809733.906501,0.01236872,0.01156339,-0.00079581
2014-04-09,4567451.279744,4967631.142158,0.03230381,0.03282868,0.00050832
2014-04-10,4274545.171975,4665401.400845,-0.06412901,-0.06083981,0.00350842
2014-04-11,4158805.970406,4531649.510415,-0.02707638,-0.02866889,-0.00163817
2014-04-14,4259095.289669,4648273.399240,0.02411493,0.02573542,0.00158108
2014-04-15,4347185.680052,4745175.232392,0.02068289,0.02084684,0.00016062
2014-04-16,4484417.139901,4896034.651214,0.03156789,0.03179217,0.00021740
2014-04-17,4499925.577495,4916618.996177,0.00345830,0.00420429,0.00074315
2014-04-21,4549432.748413,4972023.698062,0.01100178,0.01126886,0.00026415
2014-04-22,4608807.869228,5032338.177280,0.01305110,0.01213077,-0.00090889
2014-04-23,4575556.001521,4999719.789382,-0.00721485,-0.00648176,0.00073815
2014-04-24,4605635.260506,5026711.495986,0.00657390,0.00539864,-0.00116827
2014-04-25,4494528.981049,4905294.229063,-0.02412399,-0.02415441,-0.00003118
2014-04-28,4535236.656562,4954784.369428,0.00905716,0.01008913,0.00102218
2014-04-29,4600050.246735,5027369.797010,0.01429112,0.01464956,0.00035334
2014-04-30,4643065.069800,5073586.373282,0.00935095,0.00919299,-0.00015650
2014-05-01,4643531.033652,5072437.881115,0.00010036,-0.00022637,-0.00032674
2014-05-02,4620651.409051,5052846.831334,-0.00492720,-0.00386226,0.00106965
2014-05-05,4649235.499947,5082127.263938,0.00618616,0.00579484,-0.00038899
2014-05-06,4527717.023242,4946760.618689,-0.02613730,-0.02663582,-0.00051203
2014-05-07,4607580.721788,5032372.231432,0.01763884,0.01730660,-0.00032654
2014-05-08,4590358.692194,5012774.720844,-0.00373776,-0.00389429,-0.00015713
2014-05-09,4614081.291534,5036969.901016,0.00516792,0.00482670,-0.00033952
2014-05-12,4744690.482591,5184393.849972,0.02830665,0.02926838,0.00093482
2014-05-13,4757450.588201,5192152.682049,0.00268934,0.00149657,-0.00119028
2014-05-14,4688286.808327,5121537.964701,-0.01453799,-0.01360028,0.00095110
2014-05-15,4561338.728481,4980506.264697,-0.02707771,-0.02753698,-0.00047216
2014-05-16,4614388.657030,5038314.542627,0.01163034,0.01160691,-0.00002316
2014-05-19,4661419.822361,5097574.453655,0.01019229,0.01176185,0.00155253
2014-05-20,4568922.994196,4999970.482479,-0.01984306,-0.01914714,0.00070976
2014-05-21,4687527.522120,5123638.026801,0.02595897,0.02473365,-0.00119502
2014-05-22,4725253.333833,5160950.008909,0.00804813,0.00728232,-0.00075998
2014-05-23,4783664.779620,5226998.642653,0.01236155,0.01279777,0.00043080
2014-05-27,4868065.897607,5319866.468797,0.01764361,0.01776695,0.00012119
2014-05-28,4852767.599338,5303355.492453,-0.00314258,-0.00310364,0.00003906
2014-05-29,4935415.517709,5390378.442257,0.01703109,0.01640904,-0.00061182
2014-05-30,4954393.805931,5421045.028245,0.00384533,0.00568913,0.00183506
2014-06-02,4974248.739126,5434119.162263,0.00400754,0.00241174,-0.00159070
2014-06-03,4964649.781747,5429236.644472,-0.00192973,-0.00089849,0.00103270
2014-06-04,4991274.659640,5460774.833719,0.00536289,0.00580895,0.00044359
2014-06-05,5092443.781303,5567080.936533,0.02026920,0.01946722,-0.00078635
2014-06-06,5164891.258989,5643352.772147,0.01422647,0.01370051,-0.00051872
2014-06-09,5180182.354472,5660708.367653,0.00296058,0.00307541,0.00011448
2014-06-10,5183229.954490,5658053.067163,0.00058832,-0.00046908,-0.00105733
2014-06-11,5132577.991200,5599635.552547,-0.00977228,-0.01032467,-0.00055800
2014-06-12,5017561.969595,5481093.471683,-0.02240902,-0.02116961,0.00126702
2014-06-13,5064735.202911,5535087.852410,0.00940162,0.00985102,0.00044511
2014-06-16,5077198.623062,5547985.920959,0.00246082,0.00233024,-0.00013027
2014-06-17,5117054.754128,5586134.735844,0.00785002,0.00687616,-0.00096675
2014-06-18,5231092.627689,5717915.794217,0.02228584,0.02359074,0.00127564
2014-06-19,5249835.844061,5740930.880616,0.00358304,0.00402508,0.00044037
2014-06-20,5281001.227867,5771796.480613,0.00593645,0.00537641,-0.00055689
2014-06-23,5273494.364681,5770684.882498,-0.00142148,-0.00019259,0.00122989
2014-06-24,5179736.221212,5662163.270119,-0.01777913,-0.01880567,-0.00104567
2014-06-25,5245503.977565,5746279.674290,0.01269712,0.01485588,0.00212942
2014-06-26,5237280.817273,5727512.689103,-0.00156766,-0.00326594,-0.00170239
2014-06-27,5264094.489893,5761256.244596,0.00511977,0.00589149,0.00076749
2014-06-30,5259299.031546,5756107.525553,-0.00091097,-0.00089368,0.00001731
2014-07-01,5369687.207248,5871376.439915,0.02098914,0.02002550,-0.00094428
2014-07-02,5380883.955218,5884033.345018,0.00208518,0.00215570,0.00007037
2014-07-03,5461777.014074,5979260.617406,0.01503341,0.01618401,0.00113292
2014-07-07,5408248.852116,5910567.066715,-0.00980050,-0.01148864,-0.00170630
2014-07-08,5303052.463359,5786098.615051,-0.01945110,-0.02105863,-0.00164077
2014-07-09,5368965.367135,5870061.468157,0.01242924,0.01451113,0.00205423
2014-07-10,5307100.937693,5797812.916909,-0.01152260,-0.01230797,-0.00079484
2014-07-11,5327963.522953,5825378.037036,0.00393107,0.00475440,0.00081977
2014-07-14,5406460.918678,5913062.477089,0.01473310,0.01505215,0.00031437
2014-07-15,5378321.331955,5879970.429017,-0.00520481,-0.00559643,-0.00039375
2014-07-16,5439484.679508,5956243.469273,0.01137220,0.01297167,0.00158024
2014-07-17,5247669.364229,5745192.276809,-0.03526351,-0.03543361,-0.00017633
2014-07-18,5413091.033148,5928497.580085,0.03152288,0.03190586,0.00037120
2014-07-21,5377804.116934,5888345.863841,-0.00651881,-0.00677266,-0.00025555
2014-07-22,5449649.956001,5979023.247236,0.01335970,0.01539947,0.00201085
2014-07-23,5487955.541102,6011893.131448,0.00702900,0.00549753,-0.00152193
2014-07-24,5487565.011389,6021722.871012,-0.00007116,0.00163505,0.00170488
2014-07-25,5408545.655524,5935504.492122,-0.01439971,-0.01431789,0.00008301
2014-07-28,5415289.111558,5941763.337307,0.00124682,0.00105448,-0.00019212
2014-07-29,5345973.318248,5861868.939108,-0.01280002,-0.01344624,-0.00065482
2014-07-30,5345592.094422,5864096.622851,-0.00007131,0.00038003,0.00045127
2014-07-31,5022806.120452,5508448.356181,-0.06038358,-0.06064843,-0.00028192
2014-08-01,4985825.390852,5461881.976696,-0.00736256,-0.00845363,-0.00109976
2014-08-04,5090536.795166,5581284.213771,0.02100182,0.02186101,0.00084116
2014-08-05,4935541.631974,5421433.209933,-0.03044771,-0.02864054,0.00186218
2014-08-06,4944467.393435,5422743.006638,0.00180847,0.00024160,-0.00156527
2014-08-07,4864116.131883,5332585.801319,-0.01625074,-0.01662576,-0.00038128
2014-08-08,5032841.002338,5522010.428369,0.03468767,0.03552210,0.00080612
2014-08-11,5075088.904240,5568694.719825,0.00839444,0.00845422,0.00005928
2014-08-12,5056770.470513,5542881.823373,-0.00360948,-0.00463536,-0.00103012
2014-08-13,5163258.192221,5655242.775953,0.02105844,0.02027122,-0.00077129
2014-08-14,5230546.638055,5729003.766702,0.01303217,0.01304294,0.00001063
2014-08-15,5225781.589893,5728081.213001,-0.00091100,-0.00016103,0.00075037
2014-08-18,5355593.272415,5876876.394605,0.02484063,0.02597644,0.00110767
2014-08-19,5440522.622951,5965434.129099,0.01585807,0.01506884,-0.00077720
2014-08-20,5484997.506000,6010282.168887,0.00817474,0.00751798,-0.00065165
2014-08-21,5531480.812050,6063442.784473,0.00847463,0.00884495,0.00036714
2014-08-22,5504738.989330,6028506.517711,-0.00483448,-0.00576179,-0.00093225
2014-08-25,5590335.641139,6117345.815470,0.01554963,0.01473654,-0.00080097
2014-08-26,5603594.876331,6138085.411053,0.00237181,0.00339029,0.00101555
2014-08-27,5600503.796584,6140349.785818,-0.00055162,0.00036891,0.00092061
2014-08-28,5587215.801034,6111245.616288,-0.00237264,-0.00473982,-0.00237563
2014-08-29,5627996.288296,6173207.278839,0.00729889,0.01013896,0.00281552
2014-09-02,5622984.473021,6164623.855909,-0.00089052,-0.00139043,-0.00050049
2014-09-03,5615166.778407,6151886.294758,-0.00139031,-0.00206623,-0.00067709
2014-09-04,5587373.495733,6125223.194209,-0.00494968,-0.00433413,0.00061842
2014-09-05,5667314.722982,6218554.311019,0.01430748,0.01523718,0.00091617
2014-09-08,5623538.668081,6163593.727661,-0.00772430,-0.00883816,-0.00112316
2014-09-09,5514032.335384,6045191.973618,-0.01947285,-0.01920986,0.00026818
2014-09-10,5578846.173987,6113166.202493,0.01175435,0.01124435,-0.00050420
2014-09-11,5593872.022563,6130864.975394,0.00269336,0.00289519,0.00020127
2014-09-12,5493946.255077,6023407.519875,-0.01786343,-0.01752729,0.00034220
2014-09-15,5482715.748091,6009282.000599,-0.00204416,-0.00234510,-0.00030161
2014-09-16,5604934.046016,6146664.531273,0.02229156,0.02286172,0.00055757
2014-09-17,5628297.776986,6171859.348932,0.00416842,0.00409894,-0.00006919
2014-09-18,5715901.284353,6263093.251285,0.01556483,0.01478224,-0.00077090
2014-09-19,5698916.309287,6255603.305120,-0.00297153,-0.00119589,0.00177935
2014-09-22,5566716.485610,6109574.330865,-0.02319736,-0.02334371,-0.00014983
2014-09-23,5472168.878613,6005579.318340,-0.01698445,-0.01702165,-0.00003784
2014-09-24,5603785.956607,6149240.188032,0.02405209,0.02392123,-0.00012779
2014-09-25,5333278.551617,5855034.866641,-0.04827226,-0.04784417,0.00044970
2014-09-26,5461745.693901,6010520.755391,0.02408784,0.02655593,0.00240714
2014-09-29,5428881.633693,5965752.920473,-0.00601713,-0.00744825,-0.00144081
2014-09-30,5379044.640725,5916579.559622,-0.00917997,-0.00824261,0.00094560
2014-10-01,5166828.410012,5678693.585332,-0.03945240,-0.04020667,-0.00078556
2014-10-02,5165613.358150,5679761.561195,-0.00023516,0.00018807,0.00042324
2014-10-03,5338307.761849,5872162.028232,0.03343154,0.03387474,0.00042878
2014-10-06,5318420.597904,5846322.012212,-0.00372537,-0.00440043,-0.00067781
2014-10-07,5073292.620651,5585809.788829,-0.04609037,-0.04456002,0.00160301
2014-10-08,5339259.188593,5884345.061326,0.05242484,0.05344530,0.00096915
2014-10-09,5015532.573853,5527557.016464,-0.06063137,-0.06063343,-0.00000219
2014-10-10,4846519.542554,5334563.920941,-0.03369792,-0.03491472,-0.00126002
2014-10-13,4607265.978142,5071820.268960,-0.04936606,-0.04925307,0.00011885
2014-10-14,4629500.442137,5097932.932243,0.00482596,0.00514858,0.00032102
2014-10-15,4525845.986876,4974491.584910,-0.02238999,-0.02421400,-0.00186753
2014-10-16,4516799.665037,4977738.553873,-0.00199881,0.00065272,0.00265332
2014-10-17,4683925.961594,5174167.160883,0.03700104,0.03946142,0.00236977
2014-10-20,4821902.749371,5315885.163345,0.02945751,0.02738953,-0.00201083
2014-10-21,5102442.829403,5630285.367807,0.05818037,0.05914353,0.00090979
2014-10-22,4998003.103556,5511765.925977,-0.02046857,-0.02105034,-0.00059410
2014-10-23,5169930.421671,5712978.980690,0.03439920,0.03650610,0.00203476
2014-10-24,5285855.597083,5834834.275061,0.02242297,0.02132955,-0.00107000
2014-10-27,5265184.818965,5810004.662741,-0.00391058,-0.00425541,-0.00034624
2014-10-28,5446667.763019,6017041.301421,0.03446849,0.03563450,0.00112653
2014-10-29,5427331.370861,5993497.073108,-0.00355013,-0.00391292,-0.00036415
2014-10-30,5529984.788661,6106946.018772,0.01891416,0.01892867,0.00001424
2014-10-31,5717450.040562,6320725.423667,0.03389978,0.03500594,0.00106932
2014-11-03,5727221.995089,6319571.147933,0.00170915,-0.00018262,-0.00189032
2014-11-04,5665555.396182,6266597.976045,-0.01076728,-0.00838240,0.00240794
2014-11-05,5776665.540404,6375654.263828,0.01961152,0.01740279,-0.00216859
2014-11-06,5846284.310817,6448820.528692,0.01205172,0.01147588,-0.00056914
2014-11-07,5860902.655334,6457085.271923,0.00250045,0.00128159,-0.00121656
2014-11-10,5913370.723487,6518173.045447,0.00895222,0.00946058,0.00050373
2014-11-11,5929950.881945,6533109.997898,0.00280384,0.00229159,-0.00051095
2014-11-12,5915278.658172,6521137.047998,-0.00247426,-0.00183266,0.00064298
2014-11-13,5931051.030267,6532944.825621,0.00266638,0.00181069,-0.00085377
2014-11-14,5937234.330946,6539230.686540,0.00104253,0.00096218,-0.00008027
2014-11-17,5946319.772459,6554837.870216,0.00153025,0.00238670,0.00085478
2014-11-18,6048729.122030,6655215.460239,0.01722231,0.01531351,-0.00187824
2014-11-19,6015547.425275,6627003.899284,-0.00548573,-0.00423902,0.00125281
2014-11-20,6047748.971653,6667811.039701,0.00535305,0.00615771,0.00080005
2014-11-21,6149310.336230,6774354.557095,0.01679325,0.01597878,-0.00080134
2014-11-24,6196579.057382,6833470.785769,0.00768683,0.00872647,0.00103118
2014-11-25,6190173.153917,6812208.478984,-0.00103378,-0.00311149,-0.00208203
2014-11-26,6232759.354987,6870355.048481,0.00687965,0.00853564,0.00164333
2014-11-28,6192085.826719,6820732.070091,-0.00652577,-0.00722277,-0.00070183
2014-12-01,6064567.679272,6684719.891335,-0.02059373,-0.01994099,0.00066624
2014-12-02,6178869.375444,6814175.380478,0.01884746,0.01936588,0.00050870
2014-12-03,6249603.210429,6891650.767710,0.01144770,0.01136974,-0.00007708
2014-12-04,6230568.474704,6869800.216745,-0.00304575,-0.00317058,-0.00012522
2014-12-05,6263393.186029,6905120.109751,0.00526833,0.00514133,-0.00012635
2014-12-08,6134922.559983,6760131.309031,-0.02051135,-0.02099729,-0.00049624
2014-12-09,6119915.625939,6756827.684538,-0.00244615,-0.00048869,0.00196033
2014-12-10,5831557.673293,6430179.319881,-0.04711796,-0.04834345,-0.00128691
2014-12-11,5912752.892963,6521647.952856,0.01392342,0.01422490,0.00029729
2014-12-12,5624336.166125,6201556.266929,-0.04877876,-0.04908141,-0.00031823
2014-12-15,5506759.616233,6082126.408962,-0.02090496,-0.01925805,0.00168067
2014-12-16,5379054.995905,5925817.627876,-0.02319052,-0.02569969,-0.00257205
2014-12-17,5704005.751749,6302836.961618,0.06041038,0.06362318,0.00302519
2014-12-18,6109831.413766,6756276.702523,0.07114748,0.07194217,0.00074162
2014-12-19,6193929.098589,6850503.739628,0.01376432,0.01394659,0.00017978
2014-12-22,6275933.720737,6929993.079793,0.01323952,0.01160343,-0.00161601
2014-12-23,6304163.268132,6967311.797920,0.00449806,0.00538510,0.00088268
2014-12-24,6301659.414234,6965976.679381,-0.00039717,-0.00019163,0.00020561
2014-12-26,6362697.877416,7035301.747569,0.00968609,0.00995195,0.00026327
2014-12-29,6389244.736872,7054785.409274,0.00417226,0.00276941,-0.00139800
2014-12-30,6284698.648220,6955426.345919,-0.01636282,-0.01408392,0.00231413
2014-12-31,6088094.540768,6745301.940733,-0.03128298,-0.03021014,0.00110687
2015-01-02,6087653.538333,6739799.448977,-0.00007244,-0.00081575,-0.00074365
2015-01-05,5766359.797782,6370911.901885,-0.05277793,-0.05473272,-0.00206584
2015-01-06,5595791.914379,6201715.655227,-0.02957982,-0.02655762,0.00310948
2015-01-07,5805250.139079,6424600.586521,0.03743138,0.03593924,-0.00143934
2015-01-08,6110699.320903,6770323.405703,0.05261602,0.05381234,0.00113588
2015-01-09,5955881.312576,6599459.343224,-0.02533556,-0.02523721,0.00010091
2015-01-12,5822806.035220,6437272.280884,-0.02234351,-0.02457581,-0.00228593
2015-01-13,5776326.484215,6389557.642885,-0.00798233,-0.00741224,0.00057451
2015-01-14,5674079.199380,6278087.335836,-0.01770109,-0.01744570,0.00025996
2015-01-15,5514786.824054,6100821.844055,-0.02807370,-0.02823559,-0.00016658
2015-01-16,5719179.937843,6347424.062528,0.03706274,0.04042115,0.00323315
2015-01-20,5761443.034072,6377405.085106,0.00738971,0.00472334,-0.00265033
2015-01-21,5851551.971018,6466911.997608,0.01563999,0.01403501,-0.00158152
2015-01-22,6119799.227734,6765443.195439,0.04584207,0.04616287,0.00030669
2015-01-23,6018311.731460,6658076.043561,-0.01658347,-0.01586994,0.00072530
2015-01-26,6053393.660073,6709697.545742,0.00582920,0.00775322,0.00191104
2015-01-27,5814938.822014,6446376.583154,-0.03939193,-0.03924483,0.00015311
2015-01-28,5584659.956207,6184635.434748,-0.03960125,-0.04060283,-0.00104342
2015-01-29,5746713.609148,6363564.739332,0.02901764,0.02893126,-0.00008395
2015-01-30,5534227.330340,6120926.257543,-0.03697527,-0.03812933,-0.00119909
2015-02-02,5724309.177418,6362232.427749,0.03434659,0.03942315,0.00489598
2015-02-03,5974386.920815,6634494.580199,0.04368697,0.04279349,-0.00085645
2015-02-04,5912830.077205,6553503.895374,-0.01030346,-0.01220751,-0.00192573
2015-02-05,6092539.075718,6758514.119978,0.03039306,0.03128254,0.00086287
2015-02-06,6040852.269935,6691605.188765,-0.00848362,-0.00989995,-0.00142946
2015-02-09,5957747.334695,6608143.600405,-0.01375715,-0.01247258,0.00130164
2015-02-10,6147799.557253,6821352.426942,0.03190001,0.03226456,0.00035321
2015-02-11,6159971.768289,6822380.419096,0.00197993,0.00015070,-0.00182728
2015-02-12,6330881.439623,7017285.643123,0.02774520,0.02856851,0.00080076
2015-02-13,6413758.546154,7104636.878402,0.01309093,0.01244801,-0.00063481
2015-02-17,6444221.850306,7139995.022746,0.00474968,0.00497677,0.00022599
2015-02-18,6447766.799260,7135136.222179,0.00055010,-0.00068050,-0.00123068
2015-02-19,6434271.702729,7114612.369181,-0.00209299,-0.00287645,-0.00078541
2015-02-20,6551098.567217,7246349.245975,0.01815697,0.01851638,0.00035294
2015-02-23,6545578.443440,7241770.032154,-0.00084263,-0.00063193,0.00021085
2015-02-24,6602882.196138,7302518.731285,0.00875457,0.00838865,-0.00036281
2015-02-25,6580886.034140,7287824.417663,-0.00333130,-0.00201223,0.00132261
2015-02-26,6558076.294451,7258148.409692,-0.00346606,-0.00407200,-0.00060823
2015-02-27,6489655.867129,7196554.096156,-0.01043300,-0.00848623,0.00196537
2015-03-02,6617148.032314,7328484.495513,0.01964544,0.01833244,-0.00128853
2015-03-03,6531856.426723,7233218.252843,-0.01288948,-0.01299945,-0.00011141
2015-03-04,6449513.011222,7141659.962913,-0.01260643,-0.01265803,-0.00005226
2015-03-05,6470094.944853,7168776.508069,0.00319124,0.00379695,0.00060361
2015-03-06,6195103.651531,6869615.989294,-0.04250189,-0.04173104,0.00080474
2015-03-09,6273771.241179,6954005.810643,0.01269835,0.01228450,-0.00040874
2015-03-10,5964077.104023,6599794.491226,-0.04936331,-0.05093630,-0.00165604
2015-03-11,5921734.779160,6563393.944661,-0.00709956,-0.00551541,0.00159421
2015-03-12,6150510.266293,6815981.027059,0.03863319,0.03848422,-0.00014344
2015-03-13,6037432.987646,6695346.986316,-0.01838502,-0.01769871,0.00069893
2015-03-16,6284475.822916,6965250.129409,0.04091852,0.04031205,-0.00058280
2015-03-17,6219971.772700,6897352.346513,-0.01026403,-0.00974808,0.00052117
2015-03-18,6441646.675679,7153692.463851,0.03563921,0.03716500,0.00147220
2015-03-19,6352037.527374,7052004.913607,-0.01391091,-0.01421469,-0.00030812
2015-03-20,6524215.838681,7243891.916644,0.02710600,0.02721028,0.00010152
2015-03-23,6488715.780482,7208280.363364,-0.00544128,-0.00491608,0.00052793
2015-03-24,6375015.419318,7079472.802560,-0.01752278,-0.01786939,-0.00035285
2015-03-25,6095778.640496,6773470.574848,-0.04380174,-0.04322387,0.00060416
2015-03-26,6049818.352541,6725460.759118,-0.00753969,-0.00708792,0.00045510
2015-03-27,6086973.414407,6775915.697614,0.00614152,0.00750208,0.00135134
2015-03-30,6314090.215886,7032082.937840,0.03731194,0.03780555,0.00047574
2015-03-31,6146937.841578,6848010.722469,-0.02647292,-0.02617606,0.00030488
2015-04-01,6086974.335010,6766914.136100,-0.00975502,-0.01184236,-0.00211012
2015-04-02,6140858.223845,6841692.017423,0.00885233,0.01105051,0.00217653
2015-04-06,6269921.495225,6981265.994326,0.02101714,0.02040051,-0.00060412
2015-04-07,6219055.003268,6939034.369160,-0.00811278,-0.00604928,0.00207822
2015-04-08,6286384.674663,6997005.660685,0.01082635,0.00835437,-0.00244850
2015-04-09,6368041.577318,7092341.810248,0.01298949,0.01362528,0.00062744
2015-04-10,6472309.758532,7203983.273169,0.01637367,0.01574113,-0.00062254
2015-04-13,6384093.381921,7108393.729699,-0.01362981,-0.01326898,0.00036575
2015-04-14,6418588.957803,7144618.331261,0.00540336,0.00509603,-0.00030573
2015-04-15,6506330.348434,7254976.699859,0.01366989,0.01544636,0.00175098
2015-04-16,6498768.956534,7239986.559575,-0.00116216,-0.00206619,-0.00090549
2015-04-17,6271850.019062,7000746.853628,-0.03491722,-0.03304422,0.00193888
2015-04-20,6443170.407088,7196131.595683,0.02731577,0.02790913,0.00057742
2015-04-21,6423533.575519,7166199.449978,-0.00304770,-0.00415948,-0.00111580
2015-04-22,6518427.321037,7275349.356810,0.01477283,0.01523121,0.00045161
2015-04-23,6568540.750502,7327023.662065,0.00768796,0.00710266,-0.00058101
2015-04-24,6607730.193594,7376370.691289,0.00596623,0.00673494,0.00076385
2015-04-27,6528568.093779,7284936.424006,-0.01198023,-0.01239556,-0.00042046
2015-04-28,6588879.054971,7347838.029760,0.00923801,0.00863448,-0.00059819
2015-04-29,6507905.427738,7266039.004397,-0.01228944,-0.01113239,0.00117076
2015-04-30,6313235.628634,7043253.799382,-0.02991282,-0.03066116,-0.00077172
2015-05-01,6510936.232870,7276107.035833,0.03131526,0.03306046,0.00169078
2015-05-04,6571120.591189,7340100.782390,0.00924358,0.00879505,-0.00044452
2015-05-05,6340615.838888,7087081.640903,-0.03507845,-0.03447080,0.00062955
2015-05-06,6263652.753368,6993912.291522,-0.01213811,-0.01314636,-0.00102116
2015-05-07,6339063.203419,7075098.868415,0.01203937,0.01160818,-0.00042616
2015-05-08,6587923.800269,7361617.804871,0.03925826,0.04049681,0.00119105
2015-05-11,6492752.766835,7253644.829768,-0.01444629,-0.01466702,-0.00022399
2015-05-12,6435769.357538,7191951.108483,-0.00877646,-0.00850520,0.00027363
2015-05-13,6441223.577876,7187170.287915,0.00084749,-0.00066475,-0.00151209
2015-05-14,6642531.234291,7418279.343250,0.03125301,0.03215578,0.00087502
2015-05-15,6662557.937143,7436640.130239,0.00301492,0.00247507,-0.00053837
2015-05-18,6723622.439159,7506200.736533,0.00916532,0.00935377,0.00018672
2015-05-19,6712780.311812,7493453.647970,-0.00161254,-0.00169821,-0.00008581
2015-05-20,6698839.841307,7474428.284542,-0.00207671,-0.00253893,-0.00046329
2015-05-21,6759124.876741,7528821.648294,0.00899932,0.00727726,-0.00170816
2015-05-22,6714110.531996,7480974.649285,-0.00665979,-0.00635518,0.00030661
2015-05-26,6497019.789262,7253110.553956,-0.03233351,-0.03045915,0.00193512
2015-05-27,6676138.139084,7457326.450635,0.02756931,0.02815563,0.00057043
2015-05-28,6657171.312685,7430976.907596,-0.00284099,-0.00353338,-0.00069460
2015-05-29,6526381.089510,7291924.883617,-0.01964652,-0.01871248,0.00095230
2015-06-01,6571443.701898,7339325.365760,0.00690469,0.00650041,-0.00040159
2015-06-02,6550594.752697,7318692.904555,-0.00317266,-0.00281122,0.00036252
2015-06-03,6603965.142443,7367755.044623,0.00814741,0.00670368,-0.00143309
2015-06-04,6442267.863024,7178657.714286,-0.02448488,-0.02566553,-0.00121102
2015-06-05,6402698.398218,7148924.738284,-0.00614216,-0.00414186,0.00201065
2015-06-08,6283379.051224,7008614.492865,-0.01863579,-0.01962676,-0.00101030
2015-06-09,6277912.873184,7018740.040645,-0.00086994,0.00144473,0.00231401
2015-06-10,6501309.513550,7274352.419847,0.03558454,0.03641856,0.00080503
2015-06-11,6561330.090320,7313665.784489,0.00923207,0.00540438,-0.00379989
2015-06-12,6416685.065151,7165766.159871,-0.02204508,-0.02022237,0.00186206
2015-06-15,6327159.615291,7066221.842532,-0.01395198,-0.01389165,0.00006118
2015-06-16,6437736.775577,7188469.011238,0.01747659,0.01730022,-0.00017336
2015-06-17,6470267.744760,7232200.832868,0.00505317,0.00608361,0.00102473
2015-06-18,6661833.902619,7444932.758399,0.02960715,0.02941455,-0.00018708
2015-06-19,6545444.643309,7327431.004916,-0.01747105,-0.01578278,0.00171682
2015-06-22,6678927.049530,7464824.093800,0.02039318,0.01875051,-0.00161113
2015-06-23,6692924.891928,7480759.947191,0.00209582,0.00213479,0.00003889
2015-06-24,6548775.861680,7317684.829781,-0.02153752,-0.02179927,-0.00026754
2015-06-25,6487284.738323,7253123.419196,-0.00938971,-0.00882266,0.00057227
2015-06-26,6486802.890879,7246290.889531,-0.00007428,-0.00094201,-0.00086818
2015-06-29,6074642.469281,6785074.015535,-0.06353830,-0.06364868,-0.00011788
2015-06-30,6121607.103793,6842916.369447,0.00773126,0.00852494,0.00078728
2015-07-01,6260273.715057,6987075.227035,0.02265199,0.02106687,-0.00155121
2015-07-02,6245936.560674,6982104.613387,-0.00229018,-0.00071140,0.00158115
2015-07-06,6191257.651494,6904256.631029,-0.00875432,-0.01114964,-0.00241941
2015-07-07,6305414.115125,7031433.035321,0.01843833,0.01842000,-0.00001800
2015-07-08,5983698.444378,6688143.103414,-0.05102213,-0.04882219,0.00231554
2015-07-09,6015795.499842,6735554.812354,0.00536408,0.00708892,0.00171416
2015-07-10,6244985.961774,6989008.119541,0.03809811,0.03762917,-0.00045184
2015-07-13,6454244.016409,7219319.031151,0.03350817,0.03295330,-0.00053702
2015-07-14,6539359.403796,7317602.172890,0.01318751,0.01361391,0.00042076
2015-07-15,6530703.271453,7303311.085884,-0.00132370,-0.00195297,-0.00063031
2015-07-16,6680326.020905,7479638.335503,0.02291066,0.02414347,0.00120447
2015-07-17,6703574.906376,7505439.440989,0.00348020,0.00344951,-0.00003058
2015-07-20,6712373.109610,7523629.909906,0.00131246,0.00242364,0.00110910
2015-07-21,6632344.012394,7431110.480987,-0.01192262,-0.01229718,-0.00037915
2015-07-22,6592834.450836,7380347.657286,-0.00595710,-0.00683112,-0.00087964
2015-07-23,6479070.788136,7257635.922188,-0.01725565,-0.01662682,0.00063967
2015-07-24,6275876.020216,7026339.258543,-0.03136171,-0.03186942,-0.00052428
2015-07-27,6168783.685852,6903654.228471,-0.01706413,-0.01746073,-0.00040357
2015-07-28,6392844.919772,7170234.895147,0.03632178,0.03861443,0.00220985
2015-07-29,6528260.242685,7330089.128600,0.02118233,0.02229414,0.00108816
2015-07-30,6530817.314007,7332001.593918,0.00039169,0.00026091,-0.00013074
2015-07-31,6496846.365674,7284037.249138,-0.00520164,-0.00654178,-0.00134806
2015-08-03,6435818.179433,7225320.577118,-0.00939351,-0.00806101,0.00134423
2015-08-04,6397118.847069,7177920.210788,-0.00601312,-0.00656031,-0.00055066
2015-08-05,6463642.168648,7247094.744933,0.01039895,0.00963713,-0.00075427
2015-08-06,6315173.605368,7080240.669725,-0.02296980,-0.02302358,-0.00005505
2015-08-07,6265183.389151,7020031.500662,-0.00791589,-0.00850383,-0.00059281
2015-08-10,6503293.757066,7297205.675623,0.03800533,0.03948332,0.00142286
2015-08-11,6323920.241961,7090889.661112,-0.02758195,-0.02827329,-0.00071120
2015-08-12,6340359.040923,7113163.862020,0.00259946,0.00314124,0.00054023
2015-08-13,6319002.315722,7087457.655493,-0.00336838,-0.00361389,-0.00024637
2015-08-14,6391852.340807,7173579.544576,0.01152872,0.01215131,0.00061530
2015-08-17,6498238.557738,7288364.096297,0.01664404,0.01600101,-0.00063269
2015-08-18,6438082.569881,7232793.784775,-0.00925728,-0.00762452,0.00164665
2015-08-19,6285145.959922,7055343.573616,-0.02375499,-0.02453412,-0.00079840
2015-08-20,5888711.561366,6602794.201904,-0.06307481,-0.06414278,-0.00114052
2015-08-21,5327968.663851,5974108.179013,-0.09522336,-0.09521515,0.00000908
2015-08-24,4476388.768829,5846733.219546,-0.15983200,-0.02132117,0.15260166
2015-08-25,4462076.701129,5826872.193344,-0.00319724,-0.00339694,-0.00020037
2015-08-26,4511081.319983,5890872.493280,0.01098247,0.01098365,0.00000116
2015-08-27,4545563.394539,5935906.263356,0.00764386,0.00764467,0.00000080
2015-08-28,4548515.875177,5939762.197072,0.00064953,0.00064959,0.00000006
2015-08-31,4526992.900814,5911652.859986,-0.00473187,-0.00473240,-0.00000054
2015-09-01,4493676.535256,5868141.319037,-0.00735949,-0.00736030,-0.00000081
2015-09-02,4503748.207527,5881294.655294,0.00224130,0.00224148,0.00000018
2015-09-03,4509056.792635,5888227.073224,0.00117870,0.00117872,0.00000002
2015-09-04,4486114.987846,5858264.460062,-0.00508794,-0.00508856,-0.00000063
2015-09-08,4522571.653250,5905875.495106,0.00812656,0.00812716,0.00000060
2015-09-09,4496197.536071,5871430.140029,-0.00583166,-0.00583239,-0.00000073
2015-09-10,4502953.255683,5880252.793185,0.00150254,0.00150264,0.00000010
2015-09-11,4510658.184690,5890314.925785,0.00171108,0.00171117,0.00000009
2015-09-14,4509275.493540,5888507.801702,-0.00030654,-0.00030680,-0.00000026
2015-09-15,4522025.066789,5905158.635749,0.00282741,0.00282768,0.00000027
2015-09-16,4524423.845300,5908291.001236,0.00053047,0.00053045,-0.00000002
2015-09-17,4518282.710098,5900269.860348,-0.00135733,-0.00135761,-0.00000028
2015-09-18,4474943.839527,5843668.431200,-0.00959189,-0.00959302,-0.00000114
2015-09-21,4516167.380457,5897505.391085,0.00921208,0.00921287,0.00000078
2015-09-22,4505299.079199,5883310.823068,-0.00240653,-0.00240688,-0.00000035
2015-09-23,4500005.315940,5876396.649678,-0.00117501,-0.00117522,-0.00000021
2015-09-24,4496725.567473,5872112.761786,-0.00072883,-0.00072900,-0.00000017
2015-09-25,4503744.367619,5881279.017861,0.00156087,0.00156098,0.00000011
2015-09-28,4499322.665552,5875502.723710,-0.00098178,-0.00098215,-0.00000037
2015-09-29,4504289.109823,5881988.351137,0.00110382,0.00110384,0.00000002
2015-09-30,4518960.485321,5901148.735996,0.00325720,0.00325747,0.00000027
2015-10-01,4524584.165199,5908492.814291,0.00124446,0.00124452,0.00000005
2015-10-02,4520702.041302,5903423.540215,-0.00085801,-0.00085796,0.00000004
2015-10-05,4533909.584720,5920675.661493,0.00292157,0.00292239,0.00000082
2015-10-06,4516539.026687,5897990.531259,-0.00383125,-0.00383151,-0.00000026
2015-10-07,4530873.719474,5916712.707031,0.00317382,0.00317433,0.00000051
2015-10-08,4539563.605998,5928062.789204,0.00191793,0.00191831,0.00000038
2015-10-09,4529043.801332,5914324.778108,-0.00231736,-0.00231745,-0.00000009
2015-10-12,4522405.365259,5905657.740106,-0.00146575,-0.00146543,0.00000032
2015-10-13,4508055.320684,5886917.442430,-0.00317310,-0.00317328,-0.00000018
2015-10-14,4494064.413387,5868645.879355,-0.00310353,-0.00310376,-0.00000022
2015-10-15,4517935.475646,5899822.699322,0.00531169,0.00531244,0.00000075
2015-10-16,4514124.259014,5894846.212484,-0.00084357,-0.00084350,0.00000008
2015-10-19,4506952.135769,5885482.097322,-0.00158882,-0.00158853,0.00000029
2015-10-20,4509349.840504,5888614.514113,0.00053200,0.00053223,0.00000023
2015-10-21,4493881.231575,5868413.341218,-0.00343034,-0.00343055,-0.00000021
2015-10-22,4538763.012877,5927030.109228,0.00998731,0.00998852,0.00000120
2015-10-23,4539525.888324,5928027.414381,0.00016808,0.00016826,0.00000018
2015-10-26,4520613.037681,5903329.888691,-0.00416626,-0.00416623,0.00000003
2015-10-27,4501592.533555,5878489.848436,-0.00420751,-0.00420780,-0.00000030
2015-10-28,4525195.709529,5909316.886282,0.00524329,0.00524404,0.00000074
2015-10-29,4520569.895268,5903276.526979,-0.00102224,-0.00102218,0.00000006
2015-10-30,4499564.151044,5875843.879828,-0.00464670,-0.00464702,-0.00000032
2015-11-02,4516941.311665,5898540.580145,0.00386197,0.00386271,0.00000075
2015-11-03,4508235.127041,5887170.405650,-0.00192745,-0.00192763,-0.00000017
2015-11-04,4502107.160920,5879167.525355,-0.00135928,-0.00135938,-0.00000009
2015-11-05,4490018.969550,5863380.477370,-0.00268501,-0.00268525,-0.00000025
2015-11-06,4476151.285204,5845269.460134,-0.00308856,-0.00308884,-0.00000028
2015-11-09,4457596.932257,5821037.881579,-0.00414516,-0.00414550,-0.00000035
2015-11-10,4464176.221297,5829630.466115,0.00147597,0.00147613,0.00000015
2015-11-11,4467912.300898,5834510.010926,0.00083690,0.00083702,0.00000012
2015-11-12,4444134.220638,5803455.837696,-0.00532197,-0.00532250,-0.00000054
2015-11-13,4432992.207352,5788904.265168,-0.00250713,-0.00250740,-0.00000027
2015-11-16,4446828.929778,5806975.551772,0.00312131,0.00312171,0.00000040
2015-11-17,4448340.540969,5808949.857025,0.00033993,0.00033999,0.00000006
2015-11-18,4479789.061422,5850022.099175,0.00706972,0.00707051,0.00000079
2015-11-19,4483918.126826,5855414.855581,0.00092171,0.00092184,0.00000013
2015-11-20,4480849.974740,5851408.002600,-0.00068426,-0.00068430,-0.00000004
2015-11-23,4473225.943677,5841451.369158,-0.00170147,-0.00170158,-0.00000011
2015-11-24,4469829.171698,5837015.261431,-0.00075936,-0.00075942,-0.00000006
2015-11-25,4460837.558103,5825272.316924,-0.00201162,-0.00201181,-0.00000018
2015-11-27,4454713.916600,5817275.088169,-0.00137276,-0.00137285,-0.00000009
2015-11-30,4450937.806266,5812343.925161,-0.00084767,-0.00084768,-0.00000001
2015-12-01,4479019.298891,5849018.592053,0.00630912,0.00630979,0.00000067
2015-12-02,4463295.298072,5828482.792559,-0.00351059,-0.00351098,-0.00000039
2015-12-03,4431776.189572,5787318.397680,-0.00706185,-0.00706263,-0.00000078
2015-12-04,4477213.268051,5846659.215904,0.01025257,0.01025359,0.00000102
2015-12-07,4472493.797851,5840494.689670,-0.00105411,-0.00105437,-0.00000026
2015-12-08,4446707.602577,5806817.513034,-0.00576551,-0.00576615,-0.00000065
2015-12-09,4429044.704146,5783749.321206,-0.00397213,-0.00397260,-0.00000048
2015-12-10,4427845.342777,5782182.786741,-0.00027079,-0.00027085,-0.00000006
2015-12-11,4417977.447828,5769294.617851,-0.00222860,-0.00222895,-0.00000035
2015-12-14,4436310.702644,5793237.413287,0.00414969,0.00415004,0.00000034
2015-12-15,4471143.161222,5838728.591806,0.00785167,0.00785246,0.00000078
2015-12-16,4481305.847111,5852001.017632,0.00227295,0.00227317,0.00000022
2015-12-17,4461250.701953,5825808.488325,-0.00447529,-0.00447582,-0.00000054
2015-12-18,4414457.351470,5764695.647727,-0.01048884,-0.01049002,-0.00000119
2015-12-21,4433126.218792,5789076.510564,0.00422903,0.00422934,0.00000031
2015-12-22,4455836.500024,5818736.083340,0.00512286,0.00512337,0.00000051
2015-12-23,4459484.019429,5823499.458637,0.00081859,0.00081863,0.00000003
2015-12-24,4469085.857415,5836039.263367,0.00215313,0.00215331,0.00000018
2015-12-28,4463095.205457,5828214.300843,-0.00134046,-0.00134080,-0.00000034
2015-12-29,4464476.045397,5830017.521292,0.00030939,0.00030940,0.00000000
2015-12-30,4466390.233428,5832517.088414,0.00042876,0.00042874,-0.00000002
2015-12-31,4450256.965099,5811446.568777,-0.00361215,-0.00361259,-0.00000045
2016-01-04,4451449.316372,5812999.855993,0.00026793,0.00026728,-0.00000065
2016-01-05,4461439.398184,5826045.680802,0.00224423,0.00224425,0.00000002
2016-01-06,4470355.670612,5837688.951267,0.00199852,0.00199849,-0.00000003
2016-01-07,4461248.873278,5825794.040315,-0.00203715,-0.00203761,-0.00000045
2016-01-08,4453364.259303,5815495.304585,-0.00176736,-0.00176778,-0.00000043
2016-01-11,4459272.336425,5823207.537728,0.00132665,0.00132615,-0.00000050
2016-01-12,4471182.620371,5838761.132821,0.00267090,0.00267097,0.00000006
2016-01-13,4449623.331771,5810603.111925,-0.00482183,-0.00482260,-0.00000077
2016-01-14,4467857.944818,5834416.314547,0.00409801,0.00409823,0.00000022
2016-01-15,4456107.872948,5819069.179023,-0.00262991,-0.00263045,-0.00000054
2016-01-19,4486293.456233,5858486.630958,0.00677398,0.00677384,-0.00000014
2016-01-20,4466929.567778,5833195.790022,-0.00431623,-0.00431696,-0.00000073
2016-01-21,4478361.610035,5848124.884776,0.00255926,0.00255933,0.00000007
2016-01-22,4497975.872347,5873739.914848,0.00437979,0.00438004,0.00000026
2016-01-25,4476188.551147,5845281.695625,-0.00484381,-0.00484499,-0.00000119
2016-01-26,4502245.082257,5879310.233016,0.00582114,0.00582154,0.00000039
2016-01-27,4503663.699329,5881161.472811,0.00031509,0.00031487,-0.00000022
2016-01-28,4502499.409328,5879639.506175,-0.00025852,-0.00025879,-0.00000027
2016-01-29,4555299.966522,5948595.891090,0.01172694,0.01172800,0.00000104
2016-02-01,4570877.598204,5968936.486916,0.00341967,0.00341939,-0.00000028
2016-02-02,4537626.542236,5925509.468868,-0.00727455,-0.00727550,-0.00000097
2016-02-03,4539617.401989,5928108.902478,0.00043874,0.00043869,-0.00000006
2016-02-04,4559718.699347,5954360.735461,0.00442797,0.00442837,0.00000039
2016-02-05,4551026.734651,5943008.364354,-0.00190625,-0.00190656,-0.00000031
2016-02-08,4562329.588984,5957767.907642,0.00248358,0.00248351,-0.00000007
2016-02-09,4574725.441237,5973956.408497,0.00271700,0.00271721,0.00000021
2016-02-10,4560541.909350,5955431.984175,-0.00310041,-0.00310086,-0.00000045
2016-02-11,4559548.231759,5954133.494832,-0.00021789,-0.00021803,-0.00000015
2016-02-12,4591425.035640,5995764.356459,0.00699122,0.00699193,0.00000070
2016-02-16,4595077.792873,6000532.474053,0.00079556,0.00079525,-0.00000031
2016-02-17,4616590.569343,6028627.620445,0.00468170,0.00468211,0.00000041
2016-02-18,4620600.957703,6033864.469114,0.00086869,0.00086866,-0.00000003
2016-02-19,4631337.023802,6047885.391077,0.00232352,0.00232371,0.00000018
2016-02-22,4648640.279523,6070481.610463,0.00373613,0.00373622,0.00000009
2016-02-23,4634237.358980,6051670.652472,-0.00309831,-0.00309876,-0.00000045
2016-02-24,4636675.294176,6054853.952579,0.00052607,0.00052602,-0.00000005
2016-02-25,4657922.653012,6082602.442453,0.00458246,0.00458285,0.00000039
2016-02-26,4652648.823030,6075714.397886,-0.00113223,-0.00113242,-0.00000019
2016-02-29,4693380.225591,6128907.930875,0.00875445,0.00875511,0.00000065
2016-03-01,4717293.308479,6160138.083267,0.00509507,0.00509555,0.00000048
2016-03-02,4716457.199235,6159046.247232,-0.00017724,-0.00017724,0.00000000
2016-03-03,4721173.245244,6165205.350401,0.00099991,0.00100001,0.00000010
2016-03-04,4735166.985657,6183481.432000,0.00296404,0.00296439,0.00000035
2016-03-07,4738283.963586,6187552.443087,0.00065826,0.00065837,0.00000011
2016-03-08,4734636.777464,6182789.174468,-0.00076973,-0.00076981,-0.00000009
2016-03-09,4743644.440925,6194553.364782,0.00190250,0.00190273,0.00000023
2016-03-10,4741793.596994,6192136.279119,-0.00039017,-0.00039020,-0.00000002
2016-03-11,4761259.412351,6217558.759314,0.00410516,0.00410561,0.00000045
2016-03-14,4749940.144963,6202775.941514,-0.00237737,-0.00237759,-0.00000022
2016-03-15,4756369.418113,6211172.579599,0.00135355,0.00135369,0.00000014
2016-03-16,4751807.391647,6205214.284785,-0.00095914,-0.00095929,-0.00000015
2016-03-17,4777983.886406,6239401.012332,0.00550874,0.00550935,0.00000061
2016-03-18,4776689.256820,6237710.136970,-0.00027096,-0.00027100,-0.00000004
2016-03-21,4775287.103069,6235879.128805,-0.00029354,-0.00029354,0.00000000
2016-03-22,4775423.223639,6236057.006442,0.00002851,0.00002852,0.00000002
2016-03-23,4760742.973758,6216884.385662,-0.00307413,-0.00307448,-0.00000035
2016-03-24,4753585.393288,6207536.640262,-0.00150346,-0.00150361,-0.00000015
2016-03-28,4765284.236002,6222815.581248,0.00246106,0.00246135,0.00000030
2016-03-29,4773018.595023,6232916.409963,0.00162306,0.00162319,0.00000013
2016-03-30,4783001.370919,6245953.953667,0.00209150,0.00209172,0.00000022
2016-03-31,4779012.323972,6240744.182837,-0.00083400,-0.00083410,-0.00000010
2016-04-01,4795299.032037,6262014.944646,0.00340797,0.00340837,0.00000040
2016-04-04,4792707.057036,6258629.049084,-0.00054052,-0.00054070,-0.00000018
2016-04-05,4773482.544480,6233521.326581,-0.00401120,-0.00401170,-0.00000050
2016-04-06,4779384.751335,6241229.400288,0.00123646,0.00123655,0.00000009
2016-04-07,4768280.282636,6226726.593594,-0.00232341,-0.00232371,-0.00000030
2016-04-08,4771717.914493,6231215.887435,0.00072094,0.00072097,0.00000003
2016-04-11,4774091.529802,6234315.080154,0.00049743,0.00049737,-0.00000007
2016-04-12,4790140.191725,6255274.574045,0.00336162,0.00336196,0.00000034
2016-04-13,4810176.001462,6281441.187441,0.00418272,0.00418313,0.00000041
2016-04-14,4804294.339556,6279196.207798,-0.00122275,-0.00035740,0.00086604
2016-04-15,4787933.768479,6261759.253450,-0.00340541,-0.00277694,0.00063041
2016-04-18,4891477.089994,6386461.997852,0.02162589,0.01991497,-0.00167611
2016-04-19,4935343.902617,6446352.432887,0.00896801,0.00937772,0.00040598
2016-04-20,4947213.469750,6462240.959734,0.00240501,0.00246473,0.00005957
2016-04-21,4864276.356379,6364520.686754,-0.01676441,-0.01512173,0.00166929
2016-04-22,4867577.134887,6366643.467737,0.00067858,0.00033353,-0.00034487
2016-04-25,4843514.121153,6333620.729303,-0.00494353,-0.00518684,-0.00024455
2016-04-26,4864299.910746,6370015.080278,0.00429147,0.00574622,0.00144748
2016-04-27,4894321.720308,6402470.537775,0.00617187,0.00509504,-0.00107080
2016-04-28,4761497.726110,6228688.971707,-0.02713839,-0.02714289,-0.00000463
2016-04-29,4679973.269672,6134429.400777,-0.01712160,-0.01513313,0.00202106
2016-05-02,4791545.898939,6281404.868091,0.02384044,0.02395911,0.00011590
2016-05-03,4668286.388875,6118903.730586,-0.02572437,-0.02587019,-0.00014968
2016-05-04,4585578.873308,6008991.955153,-0.01771689,-0.01796266,-0.00025023
2016-05-05,4583657.911262,6005577.274405,-0.00041891,-0.00056826,-0.00014942
2016-05-06,4632989.787500,6065753.446520,0.01076256,0.01002005,-0.00073487
2016-05-09,4647243.729788,6081161.168909,0.00307662,0.00254012,-0.00053500
2016-05-10,4819568.750606,6315100.742541,0.03708112,0.03846956,0.00133789
2016-05-11,4683646.103081,6136030.232196,-0.02820224,-0.02835592,-0.00015815
2016-05-12,4691425.376142,6134599.388935,0.00166094,-0.00023319,-0.00189278
2016-05-13,4560931.365231,5977401.779334,-0.02781543,-0.02562476,0.00225082
2016-05-16,4696774.557481,6160187.213577,0.02978409,0.03057941,0.00077202
2016-05-17,4572268.823241,5985693.684508,-0.02650877,-0.02832601,-0.00186847
2016-05-18,4569576.665289,5989737.522799,-0.00058880,0.00067558,0.00126433
2016-05-19,4524654.489781,5924774.926708,-0.00983071,-0.01084565,-0.00102554
2016-05-20,4608963.095414,6033801.835536,0.01863316,0.01840187,-0.00022709
2016-05-23,4590218.990679,5998259.585520,-0.00406688,-0.00589052,-0.00183277
2016-05-24,4764609.118993,6244818.433555,0.03799168,0.04110506,0.00299494
2016-05-25,4861580.574532,6376218.377128,0.02035245,0.02104144,0.00067502
2016-05-26,4867917.257960,6373813.509191,0.00130342,-0.00037716,-0.00167980
2016-05-27,4924485.917347,6456225.101861,0.01162071,0.01292972,0.00129313
2016-05-31,4906330.330208,6438344.467529,-0.00368680,-0.00276952,0.00092025
2016-06-01,4933379.167681,6461326.547018,0.00551305,0.00356956,-0.00193470
2016-06-02,4977388.630721,6516595.801657,0.00892075,0.00855386,-0.00036372
2016-06-03,4933666.089688,6462640.970847,-0.00878423,-0.00827960,0.00050897
2016-06-06,5004511.065599,6557150.985617,0.01435950,0.01462405,0.00026078
2016-06-07,5031099.184394,6583481.444172,0.00531283,0.00401553,-0.00129127
2016-06-08,5080368.204714,6648403.196589,0.00979289,0.00986131,0.00006775
2016-06-09,5056389.455625,6617142.320358,-0.00471988,-0.00470201,0.00001796
2016-06-10,4910056.532521,6442788.432055,-0.02894020,-0.02634882,0.00266506
2016-06-13,4798741.863579,6287736.837075,-0.02267075,-0.02406591,-0.00142855
2016-06-14,4766602.224346,6255228.269251,-0.00669751,-0.00517015,0.00153648
2016-06-15,4745143.745910,6222160.825078,-0.00450184,-0.00528637,-0.00078839
2016-06-16,4791017.187965,6282444.589030,0.00966745,0.00968856,0.00002090
2016-06-17,4737147.416345,6222365.022299,-0.01124391,-0.00956309,0.00169849
2016-06-20,4827755.531796,6332787.108748,0.01912715,0.01774600,-0.00135615
2016-06-21,4868255.431635,6385471.947050,0.00838897,0.00831938,-0.00006902
2016-06-22,4843349.593412,6355709.288841,-0.00511597,-0.00466100,0.00045721
2016-06-23,5030840.052447,6609182.110896,0.03871091,0.03988112,0.00112597
2016-06-24,4497388.888568,5923458.373619,-0.10603620,-0.10375319,0.00255055
2016-06-27,4243068.812789,5601374.895310,-0.05654838,-0.05437423,0.00230182
2016-06-28,4477673.021731,5912026.252739,0.05529116,0.05545984,0.00015983
2016-06-29,4708467.186375,6215179.059195,0.05154333,0.05127731,-0.00025301
2016-06-30,4898707.016175,6469910.385707,0.04040377,0.04098536,0.00055884
2016-07-01,4928772.897942,6508304.380140,0.00613751,0.00593424,-0.00020206
2016-07-05,4824661.823703,6379161.827447,-0.02112312,-0.01984273,0.00130716
2016-07-06,4909670.760028,6481870.397287,0.01761967,0.01610064,-0.00149384
2016-07-07,4899269.457141,6466868.577189,-0.00211853,-0.00231443,-0.00019633
2016-07-08,5121930.301312,6764918.410441,0.04544776,0.04608874,0.00061292
2016-07-11,5174995.577163,6834351.228435,0.01036041,0.01026366,-0.00009576
2016-07-12,5283869.086345,6975962.632694,0.02103838,0.02072053,-0.00031134
2016-07-13,5277657.669986,6979255.955972,-0.00117554,0.00047210,0.00164822
2016-07-14,5369444.875800,7091186.254163,0.01739166,0.01603757,-0.00133183
2016-07-15,5344542.396981,7072670.551769,-0.00463781,-0.00261109,0.00203410
2016-07-18,5390159.379119,7124270.743658,0.00853525,0.00729572,-0.00122980
2016-07-19,5371702.660257,7095477.046394,-0.00342415,-0.00404163,-0.00061980
2016-07-20,5436188.465722,7186922.507766,0.01200472,0.01288785,0.00087227
2016-07-21,5374209.844726,7111536.153333,-0.01140112,-0.01048938,0.00092183
2016-07-22,5448355.880519,7208883.007633,0.01379664,0.01368858,-0.00010659
2016-07-25,5408460.932289,7146537.380095,-0.00732238,-0.00864844,-0.00133674
2016-07-26,5407036.545737,7154592.505204,-0.00026336,0.00112714,0.00138990
2016-07-27,5395924.678220,7130775.214219,-0.00205508,-0.00332895,-0.00127731
2016-07-28,5413272.991903,7165870.240351,0.00321508,0.00492163,0.00169964
2016-07-29,5441308.896698,7201591.798041,0.00517910,0.00498496,-0.00019317
2016-08-01,5421869.385452,7175898.985820,-0.00357258,-0.00356766,0.00000494
2016-08-02,5319957.827378,7042469.089528,-0.01879639,-0.01859417,0.00020607
2016-08-03,5365406.103275,7109442.454320,0.00854298,0.00950993,0.00095830
2016-08-04,5380298.986745,7115423.203940,0.00277572,0.00084124,-0.00193099
2016-08-05,5509790.247662,7298106.791166,0.02406767,0.02567431,0.00156765
2016-08-08,5500956.967636,7280106.182072,-0.00160320,-0.00246648,-0.00086504
2016-08-09,5511042.036329,7289824.933125,0.00183333,0.00133497,-0.00049757
2016-08-10,5468322.569380,7230449.554896,-0.00775161,-0.00814497,-0.00039650
2016-08-11,5548293.140466,7332549.654897,0.01462433,0.01412085,-0.00049635
2016-08-12,5531133.168013,7317033.419139,-0.00309284,-0.00211608,0.00097931
2016-08-15,5578523.637177,7379419.626483,0.00856795,0.00852616,-0.00004143
2016-08-16,5491431.044518,7259855.350355,-0.01561212,-0.01620240,-0.00059981
2016-08-17,5517962.457639,7302426.830809,0.00483142,0.00586396,0.00102704
2016-08-18,5557108.995933,7352460.251678,0.00709438,0.00685162,-0.00024109
2016-08-19,5533192.570896,7322140.934728,-0.00430375,-0.00412370,0.00018082
2016-08-22,5530948.576480,7311486.865488,-0.00040555,-0.00145505,-0.00105047
2016-08-23,5561000.897733,7356155.026067,0.00543348,0.00610931,0.00067195
2016-08-24,5479866.580675,7242225.444995,-0.01458988,-0.01548765,-0.00091148
2016-08-25,5466134.532581,7214383.844526,-0.00250591,-0.00384434,-0.00134270
2016-08-26,5434379.687043,7181593.080079,-0.00580938,-0.00454519,0.00127077
2016-08-29,5516372.716651,7297855.712611,0.01508784,0.01618898,0.00108418
2016-08-30,5484425.556639,7256483.459678,-0.00579133,-0.00566910,0.00012294
2016-08-31,5443512.920695,7205799.404071,-0.00745979,-0.00698466,0.00047858
2016-09-01,5439660.821070,7206271.144933,-0.00070765,0.00006547,0.00077336
2016-09-02,5511881.559277,7299919.997400,0.01327670,0.01299547,-0.00027759
2016-09-06,5563297.781742,7367175.192719,0.00932825,0.00921314,-0.00011405
2016-09-07,5561831.099225,7365524.611875,-0.00026364,-0.00022405,0.00003960
2016-09-08,5522202.952311,7317862.004117,-0.00712502,-0.00647104,0.00065845
2016-09-09,5121745.963776,6779069.912964,-0.07251762,-0.07362698,-0.00119682
2016-09-12,5341080.530496,7069792.473105,0.04282418,0.04288532,0.00005863
2016-09-13,5113117.081031,6767098.632169,-0.04268115,-0.04281510,-0.00013993
2016-09-14,5103075.733692,6756716.685433,-0.00196384,-0.00153418,0.00043041
2016-09-15,5259821.359301,6962486.361279,0.03071591,0.03045409,-0.00025405
2016-09-16,5197469.171761,6886919.729004,-0.01185443,-0.01085340,0.00101253
2016-09-19,5201752.134379,6888107.768450,0.00082405,0.00017251,-0.00065122
2016-09-20,5202771.663072,6895562.272535,0.00019600,0.00108223,0.00088566
2016-09-21,5377437.980882,7119075.138917,0.03357178,0.03241402,-0.00112079
2016-09-22,5473656.163478,7256650.616217,0.01789294,0.01932491,0.00140581
2016-09-23,5384967.800357,7133762.791155,-0.01620276,-0.01693451,-0.00074407
2016-09-26,5255677.469391,6950519.922421,-0.02400949,-0.02568671,-0.00171995
2016-09-27,5351262.908746,7089648.486395,0.01818708,0.02001700,0.00179562
2016-09-28,5437552.298982,7205019.575622,0.01612505,0.01627317,0.00014576
2016-09-29,5283655.485070,7004963.303377,-0.02830259,-0.02776624,0.00055182
2016-09-30,5410137.202585,7176930.382688,0.02393830,0.02454932,0.00059656
2016-10-03,5358126.030847,7107955.408763,-0.00961365,-0.00961065,0.00000303
2016-10-04,5282803.700056,7002888.827949,-0.01405759,-0.01478155,-0.00073455
2016-10-05,5348190.024861,7096238.513600,0.01237720,0.01333017,0.00094087
2016-10-06,5366301.903099,7108380.092284,0.00338654,0.00171099,-0.00167130
2016-10-07,5306407.860800,7039843.021578,-0.01116114,-0.00964173,0.00153538
2016-10-10,5379147.255601,7139965.368365,0.01370784,0.01422224,0.00050732
2016-10-11,5182545.860787,6873449.238386,-0.03654880,-0.03732737,-0.00080843
2016-10-12,5201857.565956,6899374.759336,0.00372630,0.00377184,0.00004537
2016-10-13,5151127.524050,6833886.502743,-0.00975229,-0.00949191,0.00026291
2016-10-14,5154547.945272,6839352.565512,0.00066401,0.00079985,0.00013573
2016-10-17,5108205.340823,6778471.601747,-0.00899062,-0.00890157,0.00008986
2016-10-18,5197950.550155,6905387.950496,0.01756883,0.01872345,0.00113403
2016-10-19,5240367.707968,6951865.487701,0.00816036,0.00673062,-0.00141918
2016-10-20,5214185.119670,6924759.256445,-0.00499633,-0.00389913,0.00110210
2016-10-21,5217631.032578,6924419.507245,0.00066087,-0.00004906,-0.00070972
2016-10-24,5280843.414523,7022997.166451,0.01211515,0.01423623,0.00209350
2016-10-25,5235255.193950,6946022.987173,-0.00863275,-0.01096030,-0.00235058
2016-10-26,5199558.048758,6911307.358092,-0.00681861,-0.00499791,0.00183151
2016-10-27,5157701.675700,6851219.189043,-0.00804999,-0.00869418,-0.00064963
2016-10-28,5108118.867993,6788735.314065,-0.00961335,-0.00912011,0.00049791
2016-10-31,5107568.724754,6787461.523247,-0.00010770,-0.00018763,-0.00007995
2016-11-01,5000235.438872,6649937.149692,-0.02101456,-0.02026153,0.00076889
2016-11-02,4900583.939664,6518553.379263,-0.01992936,-0.01975714,0.00017570
2016-11-03,4842762.428599,6430670.724723,-0.01179890,-0.01348193,-0.00170457
2016-11-04,4822554.596018,6397954.759690,-0.00417279,-0.00508749,-0.00091895
2016-11-07,5139386.157085,6825534.582947,0.06569787,0.06683070,0.00106243
2016-11-08,5209740.547764,6904975.800963,0.01368926,0.01163883,-0.00202479
2016-11-09,5376099.731383,7133915.305218,0.03193234,0.03315573,0.00118483
2016-11-10,5412853.799886,7175980.732938,0.00683657,0.00589654,-0.00093408
2016-11-11,5382112.843068,7147050.990740,-0.00567925,-0.00403147,0.00165582
2016-11-14,5384000.564944,7145932.402425,0.00035074,-0.00015651,-0.00050720
2016-11-15,5514246.187511,7308797.771319,0.02419123,0.02279134,-0.00136777
2016-11-16,5485530.528183,7276044.866501,-0.00520754,-0.00448130,0.00072978
2016-11-17,5563088.899584,7378941.741101,0.01413872,0.01414187,0.00000311
2016-11-18,5532547.052269,7328905.250247,-0.00549009,-0.00678098,-0.00129887
2016-11-21,5654385.970661,7492755.992972,0.02202221,0.02235678,0.00032731
2016-11-22,5684783.236794,7541632.248147,0.00537587,0.00652313,0.00114048
2016-11-23,5699316.679794,7560845.579751,0.00255655,0.00254764,-0.00000889
2016-11-25,5766977.307641,7650725.919706,0.01187171,0.01188760,0.00001571
2016-11-28,5684731.151967,7532800.837250,-0.01426157,-0.01541358,-0.00116936
2016-11-29,5710974.895049,7565051.488863,0.00461653,0.00428136,-0.00033368
2016-11-30,5671466.731887,7506934.375831,-0.00691794,-0.00768232,-0.00077000
2016-12-01,5604395.680494,7429082.357772,-0.01182605,-0.01037068,0.00147170
2016-12-02,5615442.652105,7439972.618859,0.00197113,0.00146590,-0.00050436
2016-12-05,5711614.432117,7573293.178199,0.01712630,0.01791950,0.00077953
2016-12-06,5770923.018856,7652584.541125,0.01038386,0.01046987,0.00008512
2016-12-07,5989539.762630,7954015.412380,0.03788246,0.03938942,0.00145091
2016-12-08,6035934.821499,8005567.133177,0.00774601,0.00648122,-0.00125586
2016-12-09,6145491.973960,8149157.955156,0.01815082,0.01793637,-0.00021065
2016-12-12,6124403.665158,8120248.628481,-0.00343151,-0.00354752,-0.00011642
2016-12-13,6249175.795397,8280877.944006,0.02037294,0.01978133,-0.00057997
2016-12-14,6093384.725258,8084304.353265,-0.02492986,-0.02373825,0.00122132
2016-12-15,6160461.790052,8179899.393014,0.01100818,0.01182477,0.00080737
2016-12-16,6127685.168900,8138772.395415,-0.00532048,-0.00502781,0.00029419
2016-12-19,6168506.109777,8188428.014860,0.00666172,0.00610112,-0.00055705
2016-12-20,6238711.110059,8278630.528062,0.01138120,0.01101585,-0.00036130
2016-12-21,6186902.701867,8220054.765621,-0.00830434,-0.00707554,0.00123833
2016-12-22,6162671.470805,8176497.778809,-0.00391654,-0.00529887,-0.00138873
2016-12-23,6177868.485579,8208383.703558,0.00246598,0.00389970,0.00142918
2016-12-27,6222736.078183,8264813.086065,0.00726263,0.00687460,-0.00038531
2016-12-28,6074534.706659,8062767.611141,-0.02381611,-0.02444647,-0.00064594
2016-12-29,6070141.789699,8057499.920899,-0.00072317,-0.00065334,0.00006988
2016-12-30,6006640.939592,7947997.206124,-0.01046118,-0.01359016,-0.00316707
2017-01-03,6131409.245633,8153860.649313,0.02077173,0.02590130,0.00501260
2017-01-04,6239157.929217,8294298.096901,0.01757323,0.01722343,-0.00034382
2017-01-05,6223901.429513,8276924.097163,-0.00244528,-0.00209469,0.00035139
2017-01-06,6295826.221380,8364412.964881,0.01155622,0.01057022,-0.00097522
2017-01-09,6235304.836994,8279525.309651,-0.00961294,-0.01014867,-0.00054108
2017-01-10,6231774.457947,8281241.515366,-0.00056619,0.00020728,0.00077361
2017-01-11,6283981.674790,8351932.372334,0.00837758,0.00853626,0.00015735
2017-01-12,6241629.134811,8300999.227306,-0.00673976,-0.00609837,0.00064554
2017-01-13,6277660.738419,8347733.253519,0.00577279,0.00562993,-0.00014205
2017-01-17,6210017.600285,8276350.816146,-0.01077521,-0.00855112,0.00224580
2017-01-18,6248736.339663,8320646.764351,0.00623488,0.00535211,-0.00087769
2017-01-19,6184866.208294,8233881.861816,-0.01022129,-0.01042766,-0.00020853
2017-01-20,6243969.235194,8317073.521347,0.00955607,0.01010358,0.00054218
2017-01-23,6199924.764612,8252957.375386,-0.00705392,-0.00770898,-0.00065993
2017-01-24,6317351.052435,8414133.602235,0.01893995,0.01952951,0.00057843
2017-01-25,6474315.554758,8616166.828706,0.02484657,0.02401117,-0.00081547
2017-01-26,6458780.243591,8598751.657582,-0.00239953,-0.00202122,0.00037915
2017-01-27,6430319.359515,8577480.280274,-0.00440654,-0.00247378,0.00193944
2017-01-30,6312948.815481,8424622.294395,-0.01825268,-0.01782085,0.00043976
2017-01-31,6311171.032254,8403453.631680,-0.00028161,-0.00251271,-0.00223423
2017-02-01,6313081.414397,8412326.646441,0.00030270,0.00105588,0.00075267
2017-02-02,6320368.870512,8427948.668055,0.00115434,0.00185704,0.00070164
2017-02-03,6460127.281433,8613960.707441,0.02211238,0.02207086,-0.00004063
2017-02-06,6418833.528720,8561023.723838,-0.00639210,-0.00614549,0.00024816
2017-02-07,6422575.884135,8567949.787790,0.00058303,0.00080902,0.00022584
2017-02-08,6446463.618725,8587232.138425,0.00371934,0.00225052,-0.00146445
2017-02-09,6555880.439266,8735908.329000,0.01697315,0.01731363,0.00033474
2017-02-10,6633891.340259,8829454.309255,0.01189938,0.01070821,-0.00117785
2017-02-13,6738862.807188,8969106.805313,0.01582351,0.01581666,-0.00000674
2017-02-14,6822151.717741,9078304.283104,0.01235949,0.01217484,-0.00018241
2017-02-15,6925304.717421,9214429.889730,0.01512030,0.01499461,-0.00012383
2017-02-16,6907926.048280,9192940.461842,-0.00250944,-0.00233215,0.00017773
2017-02-17,6938780.298556,9239931.177064,0.00446650,0.00511161,0.00064203
2017-02-21,7060352.261364,9405143.778182,0.01752065,0.01788028,0.00035338
2017-02-22,7049667.164040,9378318.498411,-0.00151339,-0.00285219,-0.00134173
2017-02-23,7060416.203540,9392140.024732,0.00152476,0.00147377,-0.00005091
2017-02-24,7084901.423649,9435858.739660,0.00346796,0.00465482,0.00118206
2017-02-27,7115237.538247,9466685.713385,0.00428180,0.00326700,-0.00101098
2017-02-28,7051580.703379,9395578.805674,-0.00894655,-0.00751128,0.00144718
2017-03-01,7350761.705856,9782316.384571,0.04242751,0.04116166,-0.00121507
2017-03-02,7220564.630741,9617113.078902,-0.01771205,-0.01688795,0.00083861
2017-03-03,7231434.150860,9633275.261600,0.00150536,0.00168056,0.00017493
2017-03-06,7163034.543811,9542384.908820,-0.00945865,-0.00943504,0.00002383
2017-03-07,7097129.186553,9461767.073083,-0.00920076,-0.00844839,0.00075906
2017-03-08,7051088.573178,9399191.646989,-0.00648722,-0.00661350,-0.00012712
2017-03-09,7072521.964206,9423651.962591,0.00303973,0.00260239,-0.00043611
2017-03-10,7145746.685917,9517751.022355,0.01035341,0.00998541,-0.00036429
2017-03-13,7157401.367569,9526882.086662,0.00163100,0.00095937,-0.00067075
2017-03-14,7083603.699398,9433493.529584,-0.01031068,-0.00980264,0.00051320
2017-03-15,7259323.474173,9671248.868662,0.02480655,0.02520332,0.00038709
2017-03-16,7221515.424375,9626856.154545,-0.00520821,-0.00459017,0.00062107
2017-03-17,7176941.131830,9590698.602282,-0.00617243,-0.00375590,0.00242858
2017-03-20,7153406.035444,9535890.369634,-0.00327927,-0.00571473,-0.00244647
2017-03-21,6881864.102081,9186953.813354,-0.03795981,-0.03659192,0.00142085
2017-03-22,6922702.858633,9241355.356076,0.00593426,0.00592161,-0.00001257
2017-03-23,6900414.463092,9213343.918817,-0.00321961,-0.00303110,0.00018910
2017-03-24,6892679.028813,9191783.666373,-0.00112101,-0.00234011,-0.00122121
2017-03-27,6857861.489278,9164908.738689,-0.00505138,-0.00292380,0.00213610
2017-03-28,7009472.273771,9368513.068260,0.02210759,0.02221564,0.00010571
2017-03-29,7039524.197080,9400748.979465,0.00428733,0.00344088,-0.00084319
2017-03-30,7095090.510291,9484709.545264,0.00789348,0.00893126,0.00102913
2017-03-31,7043004.738778,9422418.184834,-0.00734110,-0.00656756,0.00077896
2017-04-03,7015599.369463,9377982.281120,-0.00389115,-0.00471598,-0.00082839
2017-04-04,7026152.205147,9395175.244765,0.00150420,0.00183333,0.00032859
2017-04-05,6960757.486144,9310761.410771,-0.00930733,-0.00898481,0.00032550
2017-04-06,7013985.826745,9366736.658997,0.00764692,0.00601189,-0.00162394
2017-04-07,6994436.219353,9345330.604998,-0.00278723,-0.00228533,0.00050318
2017-04-10,7008001.363276,9366544.890410,0.00193942,0.00227004,0.00032993
2017-04-11,6980579.943268,9328128.693447,-0.00391287,-0.00410143,-0.00018931
2017-04-12,6893125.792342,9224193.079820,-0.01252821,-0.01114217,0.00140264
2017-04-13,6754502.587877,9035449.603808,-0.02011035,-0.02046179,-0.00035871
2017-04-17,6931054.601717,9276067.814218,0.02613842,0.02663046,0.00047940
2017-04-18,6872993.853105,9196506.540989,-0.00837690,-0.00857705,-0.00020186
2017-04-19,6826824.634213,9149789.538783,-0.00671748,-0.00507986,0.00164734
2017-04-20,6993084.760312,9361750.311228,0.02435395,0.02316564,-0.00116072
2017-04-21,6930754.864774,9278288.791507,-0.00891308,-0.00891516,-0.00000210
2017-04-24,7151740.418905,9582997.267603,0.03188477,0.03284102,0.00092627
2017-04-25,7279803.884434,9756455.467968,0.01790662,0.01810062,0.00019057
2017-04-26,7262767.770376,9743698.908443,-0.00234019,-0.00130750,0.00103458
2017-04-27,7278489.807239,9760603.682646,0.00216474,0.00173494,-0.00042896
2017-04-28,7235603.621133,9703514.585262,-0.00589218,-0.00584893,0.00004351
2017-05-01,7287036.817414,9756270.583795,0.00710835,0.00543679,-0.00166114
2017-05-02,7292974.851204,9792083.325426,0.00081488,0.00367074,0.00284948
2017-05-03,7269914.108385,9755745.229165,-0.00316205,-0.00371097,-0.00055081
2017-05-04,7288756.205541,9774163.169059,0.00259179,0.00188791,-0.00070231
2017-05-05,7375420.235297,9895560.044718,0.01189010,0.01242018,0.00052372
2017-05-08,7375230.211205,9898008.012665,-0.00002576,0.00024738,0.00027311
2017-05-09,7346063.504226,9868595.113317,-0.00395468,-0.00297160,0.00098650
2017-05-10,7386041.174831,9903422.384434,0.00544205,0.00352910,-0.00190441
2017-05-11,7339607.597975,9841086.722799,-0.00628667,-0.00629436,-0.00000774
2017-05-12,7304390.749521,9798913.018691,-0.00479819,-0.00428547,0.00051506
2017-05-15,7414152.042304,9941204.289443,0.01502676,0.01452113,-0.00049827
2017-05-16,7409051.446036,9922881.215838,-0.00068795,-0.00184314,-0.00115665
2017-05-17,7013693.285255,9388215.930672,-0.05336151,-0.05388206,-0.00055005
2017-05-18,7089434.106429,9497264.265370,0.01079899,0.01161545,0.00080741
2017-05-19,7220415.917864,9695789.241388,0.01847564,0.02090339,0.00238087
2017-05-22,7340137.867255,9849070.260091,0.01658103,0.01580903,-0.00075970
2017-05-23,7382002.831659,9905097.883979,0.00570357,0.00568862,-0.00001486
2017-05-24,7434137.460054,9980283.314082,0.00706240,0.00759058,0.00052434
2017-05-25,7536996.384940,10113549.282187,0.01383603,0.01335292,-0.00047662
2017-05-26,7536757.534283,10124310.290881,-0.00003169,0.00106402,0.00109514
2017-05-30,7514223.766377,10090556.066496,-0.00298985,-0.00333398,-0.00034522
2017-05-31,7507972.536155,10078732.262553,-0.00083192,-0.00117177,-0.00034019
2017-06-01,7682506.773810,10305368.122870,0.02324652,0.02248654,-0.00074299
2017-06-02,7753525.707350,10421060.614782,0.00924424,0.01122643,0.00196211
2017-06-05,7736659.375691,10385297.514651,-0.00217531,-0.00343181,-0.00126003
2017-06-06,7669066.051097,10300642.938604,-0.00873676,-0.00815139,0.00059036
2017-06-07,7705991.022862,10350931.233818,0.00481479,0.00488205,0.00006694
2017-06-08,7712983.807569,10360913.412235,0.00090745,0.00096437,0.00005687
2017-06-09,7684777.692138,10336432.095444,-0.00365697,-0.00236285,0.00129802
2017-06-12,7674307.336329,10304427.942999,-0.00136248,-0.00309625,-0.00173764
2017-06-13,7785277.019643,10446245.065406,0.01445990,0.01376274,-0.00068746
2017-06-14,7759030.532486,10417120.414131,-0.00337130,-0.00278805,0.00058505
2017-06-15,7710949.271590,10349462.387962,-0.00619681,-0.00649489,-0.00029998
2017-06-16,7715837.076297,10360134.472837,0.00063388,0.00103117,0.00039696
2017-06-19,7903740.095070,10621110.646642,0.02435290,0.02519042,0.00081728
2017-06-20,7746822.476314,10413240.458421,-0.01985359,-0.01957142,0.00028785
2017-06-21,7736240.498372,10396902.925771,-0.00136598,-0.00156892,-0.00020324
2017-06-22,7721353.469929,10384310.278112,-0.00192432,-0.00121119,0.00071425
2017-06-23,7759397.069622,10434398.016453,0.00492706,0.00482341,-0.00010316
2017-06-26,7765253.053585,10446073.937423,0.00075470,0.00111898,0.00036395
2017-06-27,7578387.423656,10196502.158000,-0.02406433,-0.02389144,0.00017714
2017-06-28,7778126.255271,10469810.870868,0.02635638,0.02680416,0.00043619
2017-06-29,7575345.464412,10203507.778994,-0.02607065,-0.02543533,0.00065211
2017-06-30,7611948.513121,10252289.448789,0.00483187,0.00478087,-0.00005075
2017-07-03,7660987.867864,10325315.636994,0.00644242,0.00712292,0.00067591
2017-07-05,7699880.193718,10372010.800763,0.00507667,0.00452240,-0.00055163
2017-07-06,7491367.809093,10083160.459074,-0.02707995,-0.02784902,-0.00079079
2017-07-07,7632489.638517,10281622.656749,0.01883793,0.01968254,0.00082865
2017-07-10,7654778.032012,10312328.397404,0.00292020,0.00298647,0.00006607
2017-07-11,7635966.023148,10289729.531650,-0.00245755,-0.00219144,0.00026673
2017-07-12,7806636.544898,10517491.710636,0.02235087,0.02213490,-0.00021127
2017-07-13,7845024.918831,10577417.143179,0.00491740,0.00569769,0.00077617
2017-07-14,7950599.578230,10724640.837578,0.01345753,0.01391868,0.00045492
2017-07-17,7952381.362235,10724743.816216,0.00022411,0.00000960,-0.00021448
2017-07-18,7968916.142453,10745000.902127,0.00207922,0.00188882,-0.00019003
2017-07-19,8093637.462054,10914954.455455,0.01565098,0.01581699,0.00016344
2017-07-20,8099749.443999,10910771.018850,0.00075516,-0.00038328,-0.00113822
2017-07-21,8081179.998985,10900067.099138,-0.00229259,-0.00098104,0.00131370
2017-07-24,8071141.617224,10867553.186377,-0.00124219,-0.00298291,-0.00174440
2017-07-25,8127460.232968,10964616.340217,0.00697778,0.00893146,0.00193827
2017-07-26,8133580.675520,10975217.870979,0.00075306,0.00096689,0.00021364
2017-07-27,8103207.677232,10944306.419768,-0.00373427,-0.00281648,0.00092081
2017-07-28,8073902.752662,10901470.022765,-0.00361646,-0.00391403,-0.00029870
2017-07-31,8058581.310066,10879206.344139,-0.00189765,-0.00204226,-0.00014490
2017-08-01,8111629.588405,10960385.400493,0.00658283,0.00746185,0.00087289
2017-08-02,8124039.383340,10977564.686830,0.00152988,0.00156740,0.00003746
2017-08-03,8079737.558234,10907239.199381,-0.00545318,-0.00640629,-0.00095880
2017-08-04,8118956.829612,10970228.678667,0.00485403,0.00577502,0.00091612
2017-08-07,8157186.540841,11025654.360744,0.00470870,0.00505237,0.00034201
2017-08-08,8107442.860834,10947658.557024,-0.00609814,-0.00707403,-0.00098236
2017-08-09,8092085.163902,10936838.250800,-0.00189427,-0.00098837,0.00090721
2017-08-10,7757123.124425,10463980.202346,-0.04139379,-0.04323535,-0.00192293
2017-08-11,7786908.426885,10506947.360584,0.00383974,0.00410620,0.00026541
2017-08-14,8014746.901801,10833702.404787,0.02925917,0.03109895,0.00178589
2017-08-15,8015428.151281,10819367.961527,0.00008500,-0.00132313,-0.00140901
2017-08-16,8052331.855877,10867812.896697,0.00460408,0.00447761,-0.00012590
2017-08-17,7674967.317666,10364636.450647,-0.04686401,-0.04629970,0.00059188
2017-08-18,7631315.980048,10308140.287526,-0.00568749,-0.00545086,0.00023796
2017-08-21,7657679.520297,10346039.884120,0.00345465,0.00367667,0.00022123
2017-08-22,7889001.509467,10655653.189322,0.03020784,0.02992578,-0.00027383
2017-08-23,7806788.790090,10549314.786371,-0.01042118,-0.00997953,0.00044620
2017-08-24,7751232.474068,10486021.121313,-0.00711641,-0.00599979,0.00112399
2017-08-25,7800693.495982,10539854.969739,0.00638105,0.00513387,-0.00124005
2017-08-28,7807610.321661,10556945.010489,0.00088669,0.00162147,0.00073385
2017-08-29,7824020.140645,10584643.668230,0.00210177,0.00262374,0.00052074
2017-08-30,7939580.266205,10730354.894945,0.01476992,0.01376629,-0.00098951
2017-08-31,8078371.281282,10915079.584113,0.01748090,0.01721515,-0.00026122
2017-09-01,8118490.430336,10981044.123487,0.00496624,0.00604343,0.00107129
2017-09-05,7937340.423511,10737166.339096,-0.02231326,-0.02220898,0.00010666
2017-09-06,8019244.213124,10840211.720141,0.01031880,0.00959707,-0.00071461
2017-09-07,8012582.737492,10836184.973136,-0.00083069,-0.00037146,0.00045950
2017-09-08,7974038.979852,10789525.621155,-0.00481040,-0.00430588,0.00050683
2017-09-11,8233590.517378,11138489.443230,0.03254957,0.03234283,-0.00020024
2017-09-12,8322816.051183,11250455.627075,0.01083677,0.01005219,-0.00077647
2017-09-13,8336640.373812,11276951.105290,0.00166102,0.00235506,0.00069265
2017-09-14,8326402.562994,11243099.299291,-0.00122805,-0.00300186,-0.00177757
2017-09-15,8359770.996525,11305494.925396,0.00400755,0.00554968,0.00153480
2017-09-18,8401892.543095,11356299.593681,0.00503860,0.00449380,-0.00054221
2017-09-19,8431042.797928,11396162.793078,0.00346949,0.00351023,0.00004060
2017-09-20,8443332.836886,11419649.213702,0.00145771,0.00206091,0.00060213
2017-09-21,8370169.097108,11317703.592062,-0.00866527,-0.00892721,-0.00026427
2017-09-22,8365432.092622,11340811.185900,-0.00056594,0.00204172,0.00260574
2017-09-25,8326778.655219,11267313.699876,-0.00462061,-0.00648080,-0.00187057
2017-09-26,8333961.384052,11271755.883746,0.00086261,0.00039425,-0.00046806
2017-09-27,8429858.906998,11412223.293214,0.01150684,0.01246189,0.00094375
2017-09-28,8458050.597709,11454898.160354,0.00334427,0.00373940,0.00039374
2017-09-29,8547035.208119,11582786.525279,0.01052070,0.01116451,0.00063691
2017-10-02,8653319.772635,11717577.575422,0.01243526,0.01163719,-0.00078858
2017-10-03,8704463.651357,11793290.119297,0.00591032,0.00646145,0.00054774
2017-10-04,8738911.123205,11837780.374417,0.00395745,0.00377251,-0.00018423
2017-10-05,8893024.116305,12039503.510485,0.01763526,0.01704062,-0.00058451
2017-10-06,8866356.637852,12002852.434212,-0.00299870,-0.00304423,-0.00004568
2017-10-09,8818079.236141,11940390.523990,-0.00544501,-0.00520392,0.00024238
2017-10-10,8883495.411132,12025414.606211,0.00741842,0.00712071,-0.00029555
2017-10-11,8925184.125584,12091734.932623,0.00469283,0.00551501,0.00081801
2017-10-12,8882463.983029,12032911.279630,-0.00478647,-0.00486478,-0.00007869
2017-10-13,8910560.207813,12066322.140284,0.00316311,0.00277662,-0.00038534
2017-10-16,8951278.800437,12131171.610492,0.00456970,0.00537442,0.00080074
2017-10-17,8966907.343484,12156876.124944,0.00174596,0.00211888,0.00037221
2017-10-18,8989385.920543,12185201.176602,0.00250684,0.00232996,-0.00017645
2017-10-19,9001630.687473,12198753.656482,0.00136214,0.00111221,-0.00024962
2017-10-20,9134446.991833,12384518.793995,0.01475469,0.01522821,0.00046652
2017-10-23,9033061.988134,12242931.071116,-0.01109919,-0.01143264,-0.00033724
2017-10-24,9069504.860219,12302726.157053,0.00403439,0.00488405,0.00084589
2017-10-25,8937371.163153,12135584.341338,-0.01456901,-0.01358575,0.00099729
2017-10-26,8960969.561313,12182048.331648,0.00264042,0.00382874,0.00118449
2017-10-27,9188409.665857,12473797.872346,0.02538119,0.02394914,-0.00139759
2017-10-30,9086659.192787,12359051.617254,-0.01107378,-0.00919898,0.00189400
2017-10-31,9116333.446186,12394049.768461,0.00326569,0.00283178,-0.00043259
2017-11-01,9162136.927260,12450843.243351,0.00502433,0.00458232,-0.00043990
2017-11-02,9172249.772316,12459134.250414,0.00110376,0.00066590,-0.00043748
2017-11-03,9262494.389159,12576425.186895,0.00983887,0.00941405,-0.00042077
2017-11-06,9302997.653242,12626150.702569,0.00437282,0.00395387,-0.00041722
2017-11-07,9289517.689414,12620293.329838,-0.00144899,-0.00046391,0.00098603
2017-11-08,9329015.981178,12675755.920041,0.00425192,0.00439471,0.00014218
2017-11-09,9226270.072570,12535504.008135,-0.01101358,-0.01106458,-0.00005156
2017-11-10,9208319.888526,12503448.945311,-0.00194555,-0.00255714,-0.00061297
2017-11-13,9239296.358071,12542424.018033,0.00336397,0.00311715,-0.00024602
2017-11-14,9169892.782356,12457310.364653,-0.00751178,-0.00678606,0.00073095
2017-11-15,9027699.345026,12252491.973054,-0.01550655,-0.01644162,-0.00095025
2017-11-16,9257190.561870,12559548.104915,0.02542079,0.02506071,-0.00035121
2017-11-17,9180589.886301,12463042.796184,-0.00827472,-0.00768382,0.00059565
2017-11-20,9215052.651672,12513097.378430,0.00375387,0.00401624,0.00026135
2017-11-21,9397500.811595,12760043.256460,0.01979893,0.01973499,-0.00006270
2017-11-22,9375736.366802,12733663.426231,-0.00231598,-0.00206738,0.00024915
2017-11-24,9432926.047503,12813190.670686,0.00609975,0.00624543,0.00014479
2017-11-27,9422894.790441,12800997.874594,-0.00106343,-0.00095158,0.00011196
2017-11-28,9701392.797408,13174460.373371,0.02955546,0.02917448,-0.00037011
2017-11-29,9688656.147421,13161148.498603,-0.00131287,-0.00101043,0.00030279
2017-11-30,9930148.623151,13486913.722396,0.02492528,0.02475204,-0.00016905
2017-12-01,9873250.113980,13408272.531791,-0.00572987,-0.00583093,-0.00010164
2017-12-04,9839633.691164,13368830.134265,-0.00340480,-0.00294165,0.00046463
2017-12-05,9733135.749037,13222275.682308,-0.01082336,-0.01096240,-0.00014057
2017-12-06,9730023.158842,13219774.112571,-0.00031979,-0.00018919,0.00013063
2017-12-07,9824757.294500,13338210.689671,0.00973627,0.00895905,-0.00077003
2017-12-08,9983189.946205,13558977.482452,0.01612586,0.01655145,0.00041875
2017-12-11,10078233.497607,13684926.184962,0.00952036,0.00928895,-0.00022925
2017-12-12,10128091.790948,13749154.184083,0.00494713,0.00469334,-0.00025257
2017-12-13,10118690.265666,13730180.980538,-0.00092826,-0.00137995,-0.00045221
2017-12-14,9996504.655952,13564010.797385,-0.01207524,-0.01210255,-0.00002764
2017-12-15,10246396.113871,13935813.343984,0.02499788,0.02741096,0.00235146
2017-12-18,10435365.476205,14162228.729212,0.01844252,0.01624702,-0.00215807
2017-12-19,10319482.595284,14029007.361771,-0.01110482,-0.00940681,0.00171561
2017-12-20,10293640.982693,13996376.066674,-0.00250416,-0.00232599,0.00017860
2017-12-21,10354133.708759,14080967.485510,0.00587671,0.00604381,0.00016611
2017-12-22,10345649.105002,14063891.312290,-0.00081944,-0.00121271,-0.00039367
2017-12-26,10307634.199879,14022478.907649,-0.00367448,-0.00294459,0.00073232
2017-12-27,10323028.390920,14056872.687092,0.00149347,0.00245276,0.00095740
2017-12-28,10378854.463971,14134783.528072,0.00540792,0.00554254,0.00013390
2017-12-29,10269316.159915,13921650.655892,-0.01055399,-0.01507861,-0.00458337
2018-01-02,10493199.151685,14270052.913457,0.02180116,0.02502593,0.00315100
2018-01-03,10678273.864384,14539838.110211,0.01763759,0.01890569,0.00124535
2018-01-04,10816664.005156,14714483.005380,0.01295997,0.01201147,-0.00093680
2018-01-05,11022376.816344,15024976.900237,0.01901814,0.02110124,0.00204214
2018-01-08,11088586.738318,15100762.036693,0.00600686,0.00504394,-0.00095763
2018-01-09,11156258.113435,15161062.909797,0.00610280,0.00399323,-0.00209897
2018-01-10,11096896.218799,15113142.300125,-0.00532095,-0.00316077,0.00216938
2018-01-11,11340437.763644,15427337.121956,0.02194682,0.02078951,-0.00113309
2018-01-12,11563462.051875,15740358.567494,0.01966629,0.02029005,0.00061155
2018-01-16,11434769.936644,15578294.680908,-0.01112920,-0.01029607,0.00084215
2018-01-17,11763883.027748,16017980.142770,0.02878179,0.02822424,-0.00054210
2018-01-18,11713493.780765,15944045.183712,-0.00428339,-0.00461575,-0.00033385
2018-01-19,11860310.253985,16151293.763029,0.01253396,0.01299849,0.00045868
2018-01-22,12143671.830685,16533394.787173,0.02389158,0.02365761,-0.00022854
2018-01-23,12223901.822025,16641379.140499,0.00660673,0.00653129,-0.00007495
2018-01-24,12203052.853591,16615077.971325,-0.00170559,-0.00158047,0.00012533
2018-01-25,12217381.044196,16646378.538415,0.00117415,0.00188387,0.00070863
2018-01-26,12641535.523677,17237501.584526,0.03471730,0.03551061,0.00076640
2018-01-29,12376827.096817,16899263.153047,-0.02093958,-0.01962224,0.00134461
2018-01-30,11978180.214777,16354056.171512,-0.03220913,-0.03226217,-0.00005481
2018-01-31,12008961.895238,16379657.222361,0.00256981,0.00156543,-0.00100232
2018-02-01,11970270.000102,16348251.631676,-0.00322192,-0.00191735,0.00130793
2018-02-02,11198870.265431,15297821.078891,-0.06444297,-0.06425339,0.00020262
2018-02-05,9816587.690090,13426402.752735,-0.12343054,-0.12233235,0.00125205
2018-02-06,10359170.207622,14056251.503732,0.05527201,0.04691121,-0.00795444
2018-02-07,10187221.466672,13850056.588180,-0.01659870,-0.01466927,0.00196008
2018-02-08,9049292.389802,12280318.738596,-0.11170161,-0.11333801,-0.00184387
2018-02-09,9465900.428872,12864607.960697,0.04603764,0.04757932,0.00147275
2018-02-12,9853665.046538,13396964.599954,0.04096437,0.04138149,0.00040063
2018-02-13,9951104.956359,13508375.896181,0.00988870,0.00831616,-0.00155835
2018-02-14,10339584.814899,14047338.485359,0.03903887,0.03989840,0.00082690
2018-02-15,10739273.818874,14553696.163020,0.03865619,0.03604652,-0.00251571
2018-02-16,10733212.799515,14571856.517793,-0.00056438,0.00124782,0.00181158
2018-02-20,10535934.511803,14322241.195503,-0.01838017,-0.01712996,0.00127281
2018-02-21,10367715.063832,14088101.193216,-0.01596626,-0.01634800,-0.00038801
2018-02-22,10403133.731583,14131690.232104,0.00341625,0.00309403,-0.00032117
2018-02-23,10913561.336607,14819149.690252,0.04906479,0.04864665,-0.00039866
2018-02-26,11288516.059345,15343512.045175,0.03435677,0.03538411,0.00099272
2018-02-27,10853804.877761,14769474.974655,-0.03850915,-0.03741236,0.00114007
2018-02-28,10489838.462101,14274681.804560,-0.03353353,-0.03350107,0.00003359
2018-03-01,10072354.322696,13705477.779580,-0.03979891,-0.03987508,-0.00007933
2018-03-02,10231017.798967,13900831.723606,0.01575237,0.01425371,-0.00147651
2018-03-05,10581168.692311,14353826.095665,0.03422444,0.03258757,-0.00158396
2018-03-06,10658741.352060,14463025.971300,0.00733120,0.00760772,0.00027447
2018-03-07,10642268.386237,14444054.121485,-0.00154549,-0.00131175,0.00023407
2018-03-08,10788966.811228,14640469.818280,0.01378451,0.01359838,-0.00018362
2018-03-09,11346777.911467,15401992.339674,0.05170199,0.05201490,0.00029748
2018-03-12,11311015.507215,15338683.916633,-0.00315177,-0.00411040,-0.00096213
2018-03-13,11084446.971189,15045637.922372,-0.02003079,-0.01910503,0.00094423
2018-03-14,10906603.638982,14784409.969905,-0.01604440,-0.01736237,-0.00134036
2018-03-15,10873097.648320,14750627.995134,-0.00307208,-0.00228497,0.00078922
2018-03-16,10904156.238820,14828699.257710,0.00285646,0.00529274,0.00242639
2018-03-19,10464591.864481,14199972.524899,-0.04031164,-0.04239932,-0.00217774
2018-03-20,10517386.726531,14267116.144298,0.00504510,0.00472843,-0.00031512
2018-03-21,10441767.160050,14187590.661621,-0.00718996,-0.00557404,0.00162630
2018-03-22,9660721.550411,13120043.644255,-0.07480014,-0.07524512,-0.00048108
2018-03-23,9041401.400041,12296462.747053,-0.06410703,-0.06277273,0.00142469
2018-03-26,9782428.388931,13346108.746453,0.08195931,0.08536162,0.00313965
2018-03-27,9271540.089345,12662617.778000,-0.05222510,-0.05121275,0.00106756
2018-03-28,9191433.133147,12550172.879288,-0.00864009,-0.00888007,-0.00024210
2018-03-29,9586709.950966,13086666.987641,0.04300492,0.04274795,-0.00024641
2018-04-02,8919210.165368,12209309.310098,-0.06962762,-0.06704210,0.00277516
2018-04-03,9256603.802744,12682104.883692,0.03782775,0.03872419,0.00086339
2018-04-04,9574500.395358,13115447.315585,0.03434268,0.03416960,-0.00016735
2018-04-05,9779921.381343,13379973.246637,0.02145501,0.02016904,-0.00125975
2018-04-06,9131999.806332,12505061.450487,-0.06625018,-0.06538965,0.00092116
2018-04-09,9241328.789334,12637850.417806,0.01197207,0.01061882,-0.00133814
2018-04-10,9696305.229101,13295096.580787,0.04923279,0.05200617,0.00263975
2018-04-11,9539977.650068,13076381.369473,-0.01612239,-0.01645082,-0.00033387
2018-04-12,9777683.001848,13405145.131756,0.02491676,0.02514180,0.00021954
2018-04-13,9693803.768303,13291446.894924,-0.00857864,-0.00848169,0.00009779
2018-04-16,9927987.356602,13616921.881798,0.02415807,0.02448755,0.00032166
2018-04-17,10245932.643272,14046942.395403,0.03202515,0.03157986,-0.00043156
2018-04-18,10261073.026588,14080969.609640,0.00147770,0.00242239,0.00094286
2018-04-19,10090105.633325,13840413.022377,-0.01666175,-0.01708381,-0.00042931
2018-04-20,9842841.758989,13483601.814426,-0.02450558,-0.02578039,-0.00130769
2018-04-23,9827395.790700,13487819.435859,-0.00156926,0.00031280,0.00188324
2018-04-24,9423144.363170,12930979.065588,-0.04113515,-0.04128468,-0.00015596
2018-04-25,9493652.812188,13004110.468187,0.00748248,0.00565552,-0.00181503
2018-04-26,9784399.871735,13411730.435827,0.03062542,0.03134547,0.00069842
2018-04-27,9813303.127764,13456673.441724,0.00295401,0.00335102,0.00039576
2018-04-30,9570751.403905,13118549.436138,-0.02471662,-0.02512686,-0.00042073
2018-05-01,9630086.646039,13216569.585894,0.00619964,0.00747187,0.00126359
2018-05-02,9430823.674993,12934199.847935,-0.02069171,-0.02136483,-0.00068758
2018-05-03,9362114.138140,12846913.747804,-0.00728563,-0.00674847,0.00054096
2018-05-04,9732653.528605,13346870.732974,0.03957860,0.03891651,-0.00063709
2018-05-07,9821292.639573,13484597.237413,0.00910739,0.01031901,0.00119996
2018-05-08,9817884.600784,13474967.369886,-0.00034701,-0.00071414,-0.00036733
2018-05-09,10101629.356641,13858824.775942,0.02890080,0.02848670,-0.00040255
2018-05-10,10383365.577024,14246429.785282,0.02789018,0.02796810,0.00007581
2018-05-11,10457104.033206,14320225.018136,0.00710159,0.00517991,-0.00190996
2018-05-14,10489897.341904,14360229.103723,0.00313598,0.00279354,-0.00034143
2018-05-15,10271505.857040,14072295.879078,-0.02081922,-0.02005074,0.00078451
2018-05-16,10400485.837768,14244904.224626,0.01255707,0.01226583,-0.00028767
2018-05-17,10371938.342153,14210593.718170,-0.00274482,-0.00240862,0.00033708
2018-05-18,10292391.082798,14101485.371569,-0.00766947,-0.00767796,-0.00000856
2018-05-21,10516839.708400,14414725.862139,0.02180724,0.02221330,0.00039731
2018-05-22,10424078.137211,14283914.064092,-0.00882029,-0.00907487,-0.00025688
2018-05-23,10519293.957639,14422899.374502,0.00913422,0.00973020,0.00059041
2018-05-24,10456559.769804,14338898.766035,-0.00596373,-0.00582411,0.00014044
2018-05-25,10375471.459004,14240636.932838,-0.00775478,-0.00685282,0.00090860
2018-05-29,10013268.154829,13755130.413478,-0.03490958,-0.03409303,0.00084572
2018-05-30,10407320.545917,14286531.127946,0.03935302,0.03863291,-0.00069309
2018-05-31,10202942.511098,13998215.741125,-0.01963791,-0.02018092,-0.00055404
2018-06-01,10523022.168008,14455017.940162,0.03137131,0.03263289,0.00122246
2018-06-04,10659969.660673,14647318.061581,0.01301408,0.01330335,0.00028551
2018-06-05,10701884.055264,14679654.677453,0.00393194,0.00220768,-0.00171898
2018-06-06,10955942.671650,15056809.948508,0.02373962,0.02569238,0.00190566
2018-06-07,10937994.624348,15026857.856047,-0.00163820,-0.00198927,-0.00035171
2018-06-08,11038604.570132,15167665.162783,0.00919821,0.00937038,0.00017058
2018-06-11,11079021.711408,15213441.381005,0.00366144,0.00301801,-0.00064128
2018-06-12,11132536.725763,15293109.578765,0.00483030,0.00523670,0.00040436
2018-06-13,10997163.977802,15114681.006829,-0.01216010,-0.01166725,0.00049879
2018-06-14,11090096.389653,15226845.558632,0.00845058,0.00742090,-0.00102157
2018-06-15,11058796.772582,15183520.522859,-0.00282230,-0.00284531,-0.00002307
2018-06-18,10977041.565942,15091171.649478,-0.00739278,-0.00608218,0.00131949
2018-06-19,10849405.509377,14913836.795399,-0.01162755,-0.01175090,-0.00012481
2018-06-20,10905593.421913,14991643.221690,0.00517889,0.00521706,0.00003797
2018-06-21,10698879.911224,14711594.657726,-0.01895482,-0.01868031,0.00027977
2018-06-22,10753343.096630,14795399.658225,0.00509055,0.00569653,0.00060273
2018-06-25,10304177.612453,14190543.447062,-0.04176985,-0.04088137,0.00092678
2018-06-26,10369681.806108,14287924.903478,0.00635705,0.00686242,0.00050205
2018-06-27,10109002.533025,13913259.987465,-0.02513860,-0.02622249,-0.00111246
2018-06-28,10290504.547691,14171605.430293,0.01795449,0.01856829,0.00060279
2018-06-29,10365948.924439,14206720.556136,0.00733146,0.00247785,-0.00482992
2018-07-02,10399548.480748,14337283.668605,0.00324134,0.00919024,0.00591217
2018-07-03,10270848.569350,14130619.033030,-0.01237553,-0.01441449,-0.00206664
2018-07-05,10532019.671801,14494230.715954,0.02542839,0.02573218,0.00029622
2018-07-06,10792736.946948,14854362.594458,0.02475473,0.02484657,0.00008962
2018-07-09,11076821.163200,15240204.658865,0.02632180,0.02597500,-0.00033796
2018-07-10,11190034.698649,15399261.062411,0.01022076,0.01043663,0.00021366
2018-07-11,10957961.035887,15077723.434778,-0.02073932,-0.02088007,-0.00014374
2018-07-12,11237061.012513,15474732.325257,0.02547006,0.02633082,0.00083903
2018-07-13,11263343.840395,15524841.198980,0.00233894,0.00323811,0.00089667
2018-07-16,11239467.023514,15480108.052902,-0.00211987,-0.00288139,-0.00076343
2018-07-17,11381311.963378,15663109.278776,0.01262025,0.01182170,-0.00078891
2018-07-18,11440905.778414,15763199.766431,0.00523611,0.00639021,0.00114742
2018-07-19,11307850.456785,15582956.475640,-0.01162979,-0.01143444,0.00019763
2018-07-20,11273551.996520,15540760.141817,-0.00303315,-0.00270785,0.00032624
2018-07-23,11335324.038693,15626831.675918,0.00547938,0.00553844,0.00005874
2018-07-24,11492411.280374,15846381.931431,0.01385820,0.01404957,0.00018873
2018-07-25,11805575.574095,16280079.000701,0.02724966,0.02736884,0.00011601
2018-07-26,11698280.826099,16135620.621970,-0.00908848,-0.00887332,0.00021711
2018-07-27,11467572.622343,15822785.289923,-0.01972155,-0.01938787,0.00034033
2018-07-30,11266730.796854,15551209.577193,-0.01751389,-0.01716358,0.00035649
2018-07-31,11434807.058422,15782984.805209,0.01491793,0.01490400,-0.00001372
2018-08-01,11389611.364189,15734276.254049,-0.00395247,-0.00308614,0.00086938
2018-08-02,11560384.594398,15968695.682328,0.01499377,0.01489865,-0.00009372
2018-08-03,11727441.662203,16191154.105600,0.01445082,0.01393091,-0.00051264
2018-08-06,11857003.023247,16362873.610234,0.01104771,0.01060576,-0.00043721
2018-08-07,11953355.391415,16499785.278631,0.00812620,0.00836721,0.00023904
2018-08-08,11931509.573667,16487852.984737,-0.00182759,-0.00072318,0.00110582
2018-08-09,11883574.687696,16419273.682292,-0.00401750,-0.00415938,-0.00014246
2018-08-10,11638462.191979,16078351.354852,-0.02062616,-0.02076354,-0.00014029
2018-08-13,11504076.636797,15889470.071638,-0.01154668,-0.01174755,-0.00020324
2018-08-14,11723714.749687,16194819.837624,0.01909220,0.01921711,0.00012257
2018-08-15,11461902.347349,15832535.104704,-0.02233186,-0.02237041,-0.00003943
2018-08-16,11737952.926463,16210552.057074,0.02408419,0.02387596,-0.00020335
2018-08-17,11852466.410748,16371460.484167,0.00975583,0.00992615,0.00016866
2018-08-20,11928397.287060,16490434.974822,0.00640634,0.00726719,0.00085501
2018-08-21,12003251.745629,16591465.480142,0.00627532,0.00612661,-0.00014779
2018-08-22,11989543.221778,16573702.069161,-0.00114207,-0.00107064,0.00007151
2018-08-23,11934655.027296,16493791.081869,-0.00457801,-0.00482155,-0.00024470
2018-08-24,12156718.052723,16793987.988665,0.01860657,0.01820060,-0.00039864
2018-08-27,12428464.088788,17177628.808554,0.02235357,0.02284394,0.00047953
2018-08-28,12446337.542733,17193166.460748,0.00143811,0.00090453,-0.00053295
2018-08-29,12648134.197228,17486172.084220,0.01621334,0.01704198,0.00081509
2018-08-30,12490626.373750,17260022.782645,-0.01245305,-0.01293304,-0.00048616
2018-08-31,12488824.982239,17268365.704342,-0.00014422,0.00048337,0.00062748
2018-09-04,12433837.679959,17187016.575907,-0.00440292,-0.00471088,-0.00030937
2018-09-05,12325812.903985,17045285.577988,-0.00868797,-0.00824640,0.00044534
2018-09-06,12214194.297304,16861669.114263,-0.00905568,-0.01077227,-0.00173378
2018-09-07,12122670.121212,16751367.858916,-0.00749326,-0.00654154,0.00095845
2018-09-10,12188525.781831,16850629.747782,0.00543244,0.00592560,0.00049038
2018-09-11,12323810.380460,17042572.777287,0.01109934,0.01139085,0.00028827
2018-09-12,12324905.814720,17062204.970589,0.00008889,0.00115195,0.00106240
2018-09-13,12532125.801528,17333621.386573,0.01681311,0.01590746,-0.00089107
2018-09-14,12548635.273232,17349988.973428,0.00131737,0.00094427,-0.00037268
2018-09-17,12332960.446870,17061999.587283,-0.01718711,-0.01659882,0.00059840
2018-09-18,12531707.094439,17337830.268224,0.01611508,0.01616637,0.00005048
2018-09-19,12570988.541272,17403777.123611,0.00313456,0.00380364,0.00066676
2018-09-20,12870890.924401,17808217.288254,0.02385671,0.02323864,-0.00060384
2018-09-21,12840595.129368,17785679.625096,-0.00235382,-0.00126558,0.00109022
2018-09-24,12708836.289042,17599570.890252,-0.01026112,-0.01046397,-0.00020497
2018-09-25,12658902.846096,17531233.635129,-0.00392903,-0.00388289,0.00004632
2018-09-26,12545107.020329,17357595.093596,-0.00898939,-0.00990452,-0.00092386
2018-09-27,12646293.305789,17506137.961000,0.00806580,0.00855780,0.00048795
2018-09-28,12638524.575950,17506909.672604,-0.00061431,0.00004408,0.00065858
2018-10-01,12775751.066451,17703599.439675,0.01085779,0.01123498,0.00037306
2018-10-02,12767979.931056,17683915.572035,-0.00060827,-0.00111186,-0.00050402
2018-10-03,12797536.269616,17723664.678846,0.00231488,0.00224775,-0.00006697
2018-10-04,12479160.224038,17287627.697826,-0.02487792,-0.02460197,0.00028295
2018-10-05,12264713.721385,16995167.319033,-0.01718437,-0.01691732,0.00027168
2018-10-08,12251765.782031,16971433.403137,-0.00105571,-0.00139651,-0.00034122
2018-10-09,12201295.594757,16900979.100824,-0.00411942,-0.00415135,-0.00003206
2018-10-10,11015958.845712,15241183.041304,-0.09714843,-0.09820709,-0.00117326
2018-10-11,10317502.266226,14296560.961423,-0.06340407,-0.06197826,0.00152116
2018-10-12,10732901.289446,14928560.256998,0.04026159,0.04420639,0.00378495
2018-10-15,10553509.645446,14663655.679143,-0.01671418,-0.01774482,-0.00104871
2018-10-16,11224719.559254,15627977.378280,0.06360063,0.06576271,0.00203072
2018-10-17,11233504.328257,15617349.814179,0.00078263,-0.00068003,-0.00146259
2018-10-18,10757038.408472,14959416.654772,-0.04241472,-0.04212835,0.00029901
2018-10-19,10728856.126170,14943695.948220,-0.00261989,-0.00105089,0.00157189
2018-10-22,10592839.253748,14751449.294121,-0.01267767,-0.01286473,-0.00018948
2018-10-23,10398863.992341,14489852.938185,-0.01831192,-0.01773360,0.00058893
2018-10-24,9465088.013942,13170990.831736,-0.08979596,-0.09101970,-0.00134537
2018-10-25,9680134.547326,13448660.557802,0.02271997,0.02108192,-0.00160295
2018-10-26,9640943.196238,13391522.965658,-0.00404864,-0.00424857,-0.00020077
2018-10-29,9661459.699881,13420027.600153,0.00212806,0.00212856,0.00000050
2018-10-30,9701690.692828,13475920.520874,0.00416407,0.00416489,0.00000082
2018-10-31,9706530.935790,13482649.164727,0.00049891,0.00049931,0.00000040
2018-11-01,9760656.461824,13557825.702989,0.00557620,0.00557580,-0.00000040
2018-11-02,9754726.521398,13549589.291256,-0.00060754,-0.00060750,0.00000003
2018-11-05,9916037.080630,13773678.130471,0.01653666,0.01653842,0.00000174
2018-11-06,9938319.444341,13804635.102682,0.00224710,0.00224755,0.00000044
2018-11-07,9983117.815006,13866867.785953,0.00450764,0.00450810,0.00000046
2018-11-08,9994598.752493,13882818.949766,0.00115004,0.00115031,0.00000027
2018-11-09,9921720.498576,13781588.932011,-0.00729176,-0.00729175,0.00000002
2018-11-12,9829991.856287,13654168.717162,-0.00924524,-0.00924568,-0.00000045
2018-11-13,9872832.392839,13713680.522206,0.00435815,0.00435851,0.00000036
2018-11-14,9869131.244198,13708531.318419,-0.00037488,-0.00037548,-0.00000060
2018-11-15,9900099.665079,13751550.837745,0.00313791,0.00313816,0.00000025
2018-11-16,9949403.934039,13820035.564950,0.00498018,0.00498015,-0.00000003
2018-11-19,9938152.646364,13804404.008893,-0.00113085,-0.00113108,-0.00000023
2018-11-20,9820723.021244,13641275.290061,-0.01181604,-0.01181715,-0.00000112
2018-11-21,9832126.741413,13657114.756387,0.00116119,0.00116114,-0.00000005
2018-11-23,9760517.122831,13557639.193011,-0.00728323,-0.00728379,-0.00000057
2018-11-26,9820928.314896,13641560.553723,0.00618934,0.00618997,0.00000062
2018-11-27,9828360.065112,13651890.408249,0.00075673,0.00075723,0.00000051
2018-11-28,9912588.268879,13768892.936694,0.00856991,0.00857043,0.00000051
2018-11-29,9937369.813509,13803316.294619,0.00250001,0.00250008,0.00000007
2018-11-30,9930691.290962,13794039.291596,-0.00067206,-0.00067209,-0.00000002
2018-12-03,10000781.207040,13891400.904175,0.00705791,0.00705824,0.00000033
2018-12-04,9855204.561774,13689163.715099,-0.01455653,-0.01455844,-0.00000195
2018-12-06,9826919.609988,13649870.636739,-0.00287005,-0.00287038,-0.00000033
2018-12-07,9805873.897407,13620627.737364,-0.00214164,-0.00214236,-0.00000072
2018-12-10,9766223.718963,13565549.047334,-0.00404351,-0.00404377,-0.00000026
2018-12-11,9747285.859878,13539242.149124,-0.00193912,-0.00193924,-0.00000013
2018-12-12,9755441.510831,13550570.393127,0.00083671,0.00083670,-0.00000001
2018-12-13,9750804.756080,13544131.149387,-0.00047530,-0.00047520,0.00000010
2018-12-14,9703734.684374,13478746.229940,-0.00482730,-0.00482755,-0.00000025
2018-12-17,9693996.714981,13465211.606349,-0.00100353,-0.00100415,-0.00000062
2018-12-18,9675214.828571,13439118.556758,-0.00193748,-0.00193781,-0.00000034
2018-12-19,9643873.763555,13395584.987259,-0.00323931,-0.00323932,-0.00000000
2018-12-20,9660161.866816,13418198.530919,0.00168896,0.00168813,-0.00000082
2018-12-21,9626764.687568,13371807.631019,-0.00345721,-0.00345731,-0.00000011
2018-12-24,9611561.419746,13350676.273652,-0.00157927,-0.00158029,-0.00000102
2018-12-26,9726845.862036,13510829.709412,0.01199435,0.01199590,0.00000153
2018-12-27,9793823.061590,13603865.024116,0.00688581,0.00688598,0.00000017
2018-12-28,9853490.655184,13686749.252407,0.00609237,0.00609270,0.00000033
2018-12-31,9900973.160434,13752707.748237,0.00481885,0.00481915,0.00000030
2019-01-02,9881729.995991,13725975.177682,-0.00194356,-0.00194380,-0.00000024
2019-01-03,9735230.470469,13522453.635987,-0.01482529,-0.01482747,-0.00000222
2019-01-04,9760763.512172,13557931.691979,0.00262275,0.00262364,0.00000089
2019-01-07,9802165.888290,13615443.231064,0.00424171,0.00424191,0.00000020
2019-01-08,9778287.491598,13582275.312720,-0.00243603,-0.00243605,-0.00000002
2019-01-09,9803125.300713,13616773.139144,0.00254010,0.00253992,-0.00000018
2019-01-10,9791735.300760,13600955.609290,-0.00116187,-0.00116162,0.00000025
2019-01-11,9782824.558875,13588576.202422,-0.00091003,-0.00091019,-0.00000016
2019-01-14,9776647.005646,13579991.514787,-0.00063147,-0.00063176,-0.00000029
2019-01-15,9794275.469357,13604483.362523,0.00180312,0.00180352,0.00000040
2019-01-16,9816598.189346,13635489.599215,0.00227916,0.00227912,-0.00000004
2019-01-17,9829919.843258,13653997.088786,0.00135705,0.00135730,0.00000025
2019-01-18,9894653.069781,13743930.830758,0.00658533,0.00658662,0.00000129
2019-01-22,9842393.969935,13671331.064835,-0.00528155,-0.00528231,-0.00000077
2019-01-23,9851639.187172,13684175.623403,0.00093933,0.00093953,0.00000020
2019-01-24,9849533.371933,13681250.725600,-0.00021375,-0.00021374,0.00000001
2019-01-25,9917503.586177,13775658.962076,0.00690086,0.00690056,-0.00000030
2019-01-28,9900923.111462,13752622.946935,-0.00167184,-0.00167223,-0.00000039
2019-01-29,9942833.250673,13810837.690681,0.00423295,0.00423299,0.00000004
2019-01-30,10030536.413923,13932666.476538,0.00882074,0.00882125,0.00000050
2019-01-31,10061994.340842,13976365.327459,0.00313622,0.00313643,0.00000021
2019-02-01,10078914.276431,13999872.073664,0.00168157,0.00168189,0.00000032
2019-02-04,10042490.495203,13949277.478926,-0.00361386,-0.00361393,-0.00000007
2019-02-05,10035461.132693,13939510.809151,-0.00069996,-0.00070016,-0.00000019
2019-02-06,9995372.111290,13883826.183077,-0.00399474,-0.00399473,0.00000000
2019-02-07,9941285.309981,13808688.017792,-0.00541118,-0.00541192,-0.00000074
2019-02-08,9932107.166143,13795934.777246,-0.00092324,-0.00092357,-0.00000033
2019-02-11,9959275.915088,13833681.311496,0.00273545,0.00273606,0.00000061
2019-02-12,10016014.007107,13912497.166683,0.00569701,0.00569739,0.00000038
2019-02-13,9990132.166313,13876547.020101,-0.00258405,-0.00258402,0.00000003
2019-02-14,9962296.388783,13837873.488653,-0.00278633,-0.00278697,-0.00000065
2019-02-15,10028929.228499,13930431.563065,0.00668850,0.00668875,0.00000025
2019-02-19,10074540.921508,13993778.839390,0.00454801,0.00454740,-0.00000061
2019-02-20,10093065.166703,14019513.334139,0.00183872,0.00183900,0.00000028
2019-02-21,10033194.165957,13936354.431267,-0.00593189,-0.00593165,0.00000024
2019-02-22,9986206.578158,13871076.635776,-0.00468321,-0.00468399,-0.00000078
2019-02-25,9995850.756536,13884474.986270,0.00096575,0.00096592,0.00000017
2019-02-26,9992646.546041,13880022.678393,-0.00032055,-0.00032067,-0.00000011
2019-02-27,9974842.913270,13855296.657004,-0.00178167,-0.00178141,0.00000026
2019-02-28,9947938.372037,13817926.901885,-0.00269724,-0.00269715,0.00000009
2019-03-01,9913395.764653,13769958.782345,-0.00347234,-0.00347144,0.00000090
2019-03-04,9891555.138675,13739620.472363,-0.00220314,-0.00220322,-0.00000008
2019-03-05,9885071.672420,13730613.188602,-0.00065545,-0.00065557,-0.00000012
2019-03-06,9870008.343158,13709688.712074,-0.00152385,-0.00152393,-0.00000008
2019-03-07,9848418.049268,13679695.710641,-0.00218746,-0.00218772,-0.00000026
2019-03-08,9882504.327683,13727037.597993,0.00346109,0.00346074,-0.00000035
2019-03-11,9910898.426324,13766486.425862,0.00287317,0.00287380,0.00000063
2019-03-12,9944278.726734,13812851.051862,0.00336804,0.00336793,-0.00000010
2019-03-13,9990496.873517,13877049.093543,0.00464771,0.00464770,-0.00000001
2019-03-14,9944182.008385,13812720.232586,-0.00463589,-0.00463563,0.00000026
2019-03-15,9980778.145452,13863553.901860,0.00368016,0.00368021,0.00000005
2019-03-18,10013307.856061,13908742.314644,0.00325924,0.00325951,0.00000027
2019-03-19,9998214.538028,13887773.024325,-0.00150733,-0.00150763,-0.00000031
2019-03-20,9997939.656139,13887384.647651,-0.00002749,-0.00002797,-0.00000047
2019-03-21,10000025.189214,13890286.156448,0.00020860,0.00020893,0.00000033
2019-03-22,9577878.902660,13239948.882406,-0.04221452,-0.04681957,-0.00481962
2019-03-25,9549307.801833,13206552.742100,-0.00298303,-0.00252238,0.00046192
2019-03-26,9753429.430702,13491381.219103,0.02137554,0.02156721,0.00018764
2019-03-27,9614564.545021,13307951.506084,-0.01423754,-0.01359607,0.00065053
2019-03-28,9724025.111824,13451440.409453,0.01138487,0.01078219,-0.00059607
2019-03-29,9908764.909898,13719677.814327,0.01899828,0.01994117,0.00092487
2019-04-01,10248341.985369,14194395.539875,0.03427037,0.03460123,0.00031984
2019-04-02,10255898.039209,14196297.173837,0.00073730,0.00013397,-0.00060306
2019-04-03,10310268.805754,14287257.244793,0.00530141,0.00640731,0.00109946
2019-04-04,10381320.275115,14376054.478550,0.00689133,0.00621514,-0.00067179
2019-04-05,10528272.460244,14572857.663286,0.01415544,0.01368965,-0.00045939
2019-04-08,10552518.548394,14619292.581330,0.00230295,0.00318640,0.00088103
2019-04-09,10381219.335613,14363516.334143,-0.01623302,-0.01749580,-0.00128445
2019-04-10,10485550.883710,14511762.501164,0.01005003,0.01032102,0.00026826
2019-04-11,10476544.794309,14514515.245625,-0.00085890,0.00018969,0.00104895
2019-04-12,10686054.519796,14799070.114288,0.01999798,0.01960485,-0.00038550
2019-04-15,10661349.404578,14773527.136062,-0.00231190,-0.00172599,0.00058710
2019-04-16,10680944.123704,14797270.938830,0.00183792,0.00160719,-0.00023034
2019-04-17,10599598.783404,14697628.569798,-0.00761593,-0.00673383,0.00088847
2019-04-18,10656374.376954,14768453.596014,0.00535639,0.00481881,-0.00053486
2019-04-22,10684385.170523,14816086.166836,0.00262855,0.00322529,0.00059500
2019-04-23,10957778.808586,15207687.617330,0.02558815,0.02643083,0.00082132
2019-04-24,10889805.692027,15110818.090788,-0.00620318,-0.00636977,-0.00016764
2019-04-25,10874427.150219,15095176.997634,-0.00141220,-0.00103509,0.00037757
2019-04-26,11020832.820185,15304184.392556,0.01346330,0.01384597,0.00037752
2019-04-29,11059236.311430,15354054.401852,0.00348463,0.00325859,-0.00022528
2019-04-30,11076617.374429,15396527.126563,0.00157163,0.00276622,0.00119200
2019-05-01,10830919.376226,15046384.380670,-0.02218168,-0.02274167,-0.00057286
2019-05-02,10763330.366787,14949278.394208,-0.00624038,-0.00645378,-0.00021476
2019-05-03,11066853.337141,15391132.799814,0.02819973,0.02955691,0.00131909
2019-05-06,10932123.493871,15186409.795556,-0.01217418,-0.01330136,-0.00114173
2019-05-07,10397255.777813,14427088.166658,-0.04892624,-0.05000008,-0.00112971
2019-05-08,10332956.407569,14354924.502831,-0.00618426,-0.00500196,0.00118896
2019-05-09,10234980.747279,14225201.792089,-0.00948186,-0.00903681,0.00044921
2019-05-10,10375499.360870,14386520.565156,0.01372925,0.01134035,-0.00235933
2019-05-13,9608817.873565,13348743.648469,-0.07389345,-0.07213537,0.00189657
2019-05-14,9856298.094328,13678802.088591,0.02575553,0.02472581,-0.00100438
2019-05-15,10028305.039138,13917936.429261,0.01745148,0.01748211,0.00003011
2019-05-16,10301201.980626,14283833.370737,0.02721267,0.02628960,-0.00089902
2019-05-17,10111105.695917,14044269.266180,-0.01845380,-0.01677170,0.00171226
2019-05-20,9901439.109343,13769627.792381,-0.02073627,-0.01955541,0.00120513
2019-05-21,10150284.164402,14117159.279786,0.02513221,0.02523899,0.00010416
2019-05-22,10064010.594283,14002189.277901,-0.00849962,-0.00814399,0.00035862
2019-05-23,9707875.304161,13514996.922836,-0.03538701,-0.03479401,0.00061457
2019-05-24,9755640.082223,13571508.623270,0.00492021,0.00418141,-0.00073546
2019-05-28,9490232.820423,13234085.974287,-0.02720552,-0.02486257,0.00240557
2019-05-29,9291689.388159,12956727.039814,-0.02092082,-0.02095792,-0.00003790
2019-05-30,9366481.039958,13042020.024639,0.00804931,0.00658291,-0.00145574
2019-05-31,8987667.404441,12522428.192986,-0.04044354,-0.03983983,0.00062896
2019-06-03,8905078.206232,12419145.201234,-0.00918917,-0.00824784,0.00094961
2019-06-04,9490692.069163,13232517.004055,0.06576179,0.06549338,-0.00025188
2019-06-05,9728822.999555,13554014.450306,0.02509100,0.02429602,-0.00077582
2019-06-06,9915839.654960,13804116.151802,0.01922295,0.01845222,-0.00075647
2019-06-07,10209800.018526,14232417.539392,0.02964553,0.03102708,0.00134087
2019-06-10,10350678.923002,14426871.552072,0.01379840,0.01366275,-0.00013381
2019-06-11,10341862.859936,14413159.443443,-0.00085174,-0.00095046,-0.00009881
2019-06-12,10280474.324406,14326712.873675,-0.00593593,-0.00599775,-0.00006220
2019-06-13,10414989.977672,14505062.707736,0.01308458,0.01244876,-0.00062780
2019-06-14,10365105.925374,14437270.960016,-0.00478964,-0.00467366,0.00011653
2019-06-17,10390137.266666,14476160.921296,0.00241496,0.00269372,0.00027805
2019-06-18,10697934.985692,14898032.214137,0.02962403,0.02914248,-0.00046780
2019-06-19,10779795.639091,15029671.803749,0.00765201,0.00883604,0.00117435
2019-06-20,11078159.301822,15448202.231395,0.02767804,0.02784694,0.00016434
2019-06-21,11035930.204612,15391245.858873,-0.00381192,-0.00368693,0.00012547
2019-06-24,10989992.618508,15314312.543573,-0.00416255,-0.00499851,-0.00083981
2019-06-25,10660893.895585,14878697.774094,-0.02994531,-0.02844494,0.00154549
2019-06-26,10626755.714701,14823632.894559,-0.00320219,-0.00370092,-0.00050046
2019-06-27,10735004.227159,14998025.897215,0.01018641,0.01176453,0.00156098
2019-06-28,10909841.422030,15260884.838357,0.01628664,0.01752624,0.00121898
2019-07-01,11185200.048487,15615658.579366,0.02523947,0.02324726,-0.00194506
2019-07-02,11279485.925590,15752169.235758,0.00842952,0.00874191,0.00030973
2019-07-03,11535984.373493,16109055.505492,0.02274026,0.02265633,-0.00008207
2019-07-05,11488305.702799,16026897.115046,-0.00413304,-0.00510014,-0.00097158
2019-07-08,11312572.472271,15803949.211336,-0.01529671,-0.01391086,0.00140639
2019-07-09,11351459.046082,15862576.082105,0.00343747,0.00370963,0.00027120
2019-07-10,11506628.660396,16073606.043314,0.01366957,0.01330364,-0.00036107
2019-07-11,11572604.764871,16181247.104424,0.00573375,0.00669676,0.00095706
2019-07-12,11739913.850579,16406385.731474,0.01445734,0.01391355,-0.00053618
2019-07-15,11745372.494627,16417363.770827,0.00046496,0.00066913,0.00020405
2019-07-16,11627039.847366,16252814.044501,-0.01007483,-0.01002291,0.00005245
2019-07-17,11387996.766034,15936570.287525,-0.02055924,-0.01945778,0.00112394
2019-07-18,11509620.311216,16110028.926957,0.01067998,0.01088431,0.00020216
2019-07-19,11321379.709096,15813078.198851,-0.01635507,-0.01843266,-0.00211437
2019-07-22,11400124.694972,15951549.193867,0.00695542,0.00875674,0.00178728
2019-07-23,11631914.215034,16282880.626456,0.02033219,0.02077111,0.00043008
2019-07-24,11789469.825855,16511396.016335,0.01354511,0.01403409,0.00048232
2019-07-25,11613528.328118,16256022.783199,-0.01492361,-0.01546648,-0.00055125
2019-07-26,11859288.315893,16615394.247936,0.02116153,0.02210697,0.00092543
2019-07-29,11791813.461102,16538236.338309,-0.00568962,-0.00464376,0.00105129
2019-07-30,11702827.674640,16413030.502919,-0.00754640,-0.00757069,-0.00002447
2019-07-31,11301466.634581,15882806.060110,-0.03429607,-0.03230509,0.00205957
2019-08-01,11014087.707332,15450390.790606,-0.02542846,-0.02722537,-0.00184549
2019-08-02,10769512.071959,15110620.323739,-0.02220571,-0.02199106,0.00021950
2019-08-05,9813599.854984,13754572.921741,-0.08876096,-0.08974135,-0.00107646
2019-08-06,10190260.909561,14313701.170198,0.03838154,0.04065035,0.00218257
2019-08-07,10208512.504288,14346764.257891,0.00179108,0.00230989,0.00051775
2019-08-08,10803514.496563,15143978.622401,0.05828489,0.05556754,-0.00257099
2019-08-09,10574618.422401,14850630.552992,-0.02118719,-0.01937061,0.00185418
2019-08-12,10199779.303246,14315110.507657,-0.03544706,-0.03606042,-0.00063611
2019-08-13,10671299.596491,14947717.455365,0.04622848,0.04419155,-0.00194882
2019-08-14,9704443.054391,13675061.915922,-0.09060345,-0.08514046,0.00598930
2019-08-15,9793553.244073,13780543.965794,0.00918241,0.00771346,-0.00145665
2019-08-16,10221469.300238,14392547.361971,0.04369365,0.04441068,0.00068678
2019-08-19,10595668.741761,14914961.994121,0.03660916,0.03629758,-0.00030063
2019-08-20,10346643.942791,14573241.932763,-0.02350251,-0.02291123,0.00060533
2019-08-21,10595734.948162,14930323.436847,0.02407457,0.02450254,0.00041783
2019-08-22,10581077.329530,14905726.893397,-0.00138335,-0.00164742,-0.00026447
2019-08-23,9763667.818896,13739469.881167,-0.07725201,-0.07824221,-0.00107367
2019-08-26,10085957.496659,14215828.388234,0.03300908,0.03467081,0.00160734
2019-08-27,9964320.569745,14081134.715968,-0.01206003,-0.00947491,0.00261326
2019-08-28,10169343.699992,14358655.757212,0.02057573,0.01970871,-0.00084989
2019-08-29,10563477.723992,14899154.853754,0.03875708,0.03764274,-0.00107334
2019-08-30,10547755.229616,14919383.402958,-0.00148838,0.00135770,0.00284627
2019-09-03,10369338.659611,14611850.754803,-0.01691512,-0.02061296,-0.00376856
2019-09-04,10699713.271441,15098870.033202,0.03186072,0.03333043,0.00142332
2019-09-05,11121248.030245,15689476.160089,0.03939683,0.03911592,-0.00027030
2019-09-06,11142770.143920,15732731.912232,0.00193522,0.00275699,0.00081984
2019-09-09,11148389.011307,15725903.004994,0.00050426,-0.00043406,-0.00093829
2019-09-10,11152769.547979,15742878.990306,0.00039293,0.00107949,0.00068606
2019-09-11,11390539.325736,16088048.445912,0.02131935,0.02192543,0.00059326
2019-09-12,11487779.903134,16227320.290405,0.00853696,0.00865685,0.00011887
2019-09-13,11476007.898654,16194545.297377,-0.00102474,-0.00201974,-0.00099652
2019-09-16,11359354.749449,16042030.855662,-0.01016496,-0.00941764,0.00075471
2019-09-17,11445799.232864,16164233.846455,0.00760998,0.00761768,0.00000764
2019-09-18,11463394.233748,16182323.772160,0.00153725,0.00111913,-0.00041756
2019-09-19,11453160.592392,16185041.398922,-0.00089272,0.00016794,0.00106105
2019-09-20,11266615.301455,15951214.447519,-0.01628767,-0.01444710,0.00186929
2019-09-23,11287247.104233,15949625.045412,0.00183123,-0.00009964,-0.00192921
2019-09-24,11004070.647049,15549936.645818,-0.02508818,-0.02505942,0.00002949
2019-09-25,11203176.683419,15843268.318872,0.01809385,0.01886385,0.00075603
2019-09-26,11134678.138675,15730151.509784,-0.00611421,-0.00713974,-0.00103237
2019-09-27,10944753.997489,15479576.509969,-0.01705699,-0.01592960,0.00114630
2019-09-30,11103902.224277,15720167.749845,0.01454105,0.01554249,0.00098660
2019-10-01,10700411.453389,15139816.248410,-0.03633775,-0.03691764,-0.00060194
2019-10-02,10131775.510656,14326045.834149,-0.05314150,-0.05375035,-0.00064322
2019-10-03,10370647.986241,14680250.810748,0.02357657,0.02472455,0.00112091
2019-10-04,10799953.564002,15314920.411455,0.04139622,0.04323289,0.00176211
2019-10-07,10658352.328622,15114937.389011,-0.01311128,-0.01305805,0.00005394
2019-10-08,10159406.101475,14416418.995195,-0.04681270,-0.04621378,0.00062813
2019-10-09,10441091.776722,14821148.019018,0.02772659,0.02807417,0.00033815
2019-10-10,10651740.012022,15109856.918999,0.02017492,0.01947952,-0.00068188
2019-10-11,10982614.012359,15603002.251852,0.03106291,0.03263733,0.00152582
2019-10-14,10949878.612643,15542653.624647,-0.00298066,-0.00386776,-0.00089015
2019-10-15,11264919.747679,15995790.767641,0.02877120,0.02915443,0.00037244
2019-10-16,11209004.054446,15905705.609437,-0.00496370,-0.00563180,-0.00067166
2019-10-17,11297147.998457,16039073.124689,0.00786367,0.00838489,0.00051701
2019-10-18,11155135.460496,15852835.085831,-0.01257065,-0.01161152,0.00097087
2019-10-21,11385946.413074,16182484.361230,0.02069100,0.02079434,0.00010124
2019-10-22,11263034.750918,16012561.118303,-0.01079503,-0.01050044,0.00029776
2019-10-23,11360051.299289,16149993.486839,0.00861371,0.00858278,-0.00003066
2019-10-24,11413157.948379,16242874.309969,0.00467486,0.00575114,0.00107070
2019-10-25,11553172.229151,16439386.748971,0.01226779,0.01209838,-0.00016738
2019-10-28,11751831.381973,16710672.917661,0.01719520,0.01650221,-0.00068151
2019-10-29,11726389.651968,16671684.540593,-0.00216492,-0.00233314,-0.00016861
2019-10-30,11847467.015794,16834818.009221,0.01032520,0.00978506,-0.00053476
2019-10-31,11730394.583953,16684144.057662,-0.00988164,-0.00895014,0.00094036
2019-11-01,12062721.875105,17169789.013661,0.02833044,0.02910817,0.00075602
2019-11-04,12204352.661730,17359662.559649,0.01174120,0.01105858,-0.00067492
2019-11-05,12155064.909751,17300730.358217,-0.00403854,-0.00339478,0.00064616
2019-11-06,12171930.426477,17337337.368697,0.00138753,0.00211592,0.00072712
2019-11-07,12298965.785709,17478165.471261,0.01043675,0.00812282,-0.00229265
2019-11-08,12386353.697089,17610427.938329,0.00710531,0.00756730,0.00045863
2019-11-11,12311778.629835,17512826.689313,-0.00602074,-0.00554224,0.00048129
2019-11-12,12382240.752830,17596260.539081,0.00572315,0.00476416,-0.00095399
2019-11-13,12395397.399448,17635563.968489,0.00106254,0.00223362,0.00116916
2019-11-14,12442474.618412,17682217.298068,0.00379796,0.00264541,-0.00114885
2019-11-15,12718305.853170,18090612.635890,0.02216852,0.02309639,0.00090733
2019-11-18,12739612.920740,18120311.230451,0.00167531,0.00164166,-0.00003359
2019-11-19,12718302.965117,18090879.472648,-0.00167273,-0.00162424,0.00004857
2019-11-20,12581186.405402,17893359.054411,-0.01078104,-0.01091823,-0.00013869
2019-11-21,12520267.813441,17811727.859687,-0.00484204,-0.00456209,0.00028127
2019-11-22,12600746.823753,17929069.436767,0.00642790,0.00658788,0.00015895
2019-11-25,12885364.171296,18330416.901669,0.02258734,0.02238529,-0.00019760
2019-11-26,12960597.600651,18449638.976481,0.00583867,0.00650406,0.00066130
2019-11-27,13141313.199663,18681183.314715,0.01394346,0.01255007,-0.00137517
2019-11-29,12987465.419360,18460416.163729,-0.01170718,-0.01181762,-0.00011175
2019-12-02,12667487.055714,17984797.018150,-0.02463748,-0.02576427,-0.00115592
2019-12-03,12398013.673322,17617587.730190,-0.02127284,-0.02041776,0.00087328
2019-12-04,12633568.861487,17953831.571182,0.01899943,0.01908569,0.00008465
2019-12-05,12701205.771242,18036562.817210,0.00535375,0.00460800,-0.00074205
2019-12-06,13037656.138425,18524862.052700,0.02648964,0.02707274,0.00056789
2019-12-09,12915848.399141,18355036.251111,-0.00934276,-0.00916745,0.00017695
2019-12-10,12876899.681245,18297115.448420,-0.00301558,-0.00315558,-0.00014044
2019-12-11,12974938.201233,18460119.812734,0.00761352,0.00890875,0.00128462
2019-12-12,13314599.660139,18938211.671846,0.02617827,0.02589863,-0.00027254
2019-12-13,13326988.808423,18945111.842123,0.00093049,0.00036435,-0.00056578
2019-12-16,13606776.562119,19343211.121828,0.02099407,0.02101330,0.00001883
2019-12-17,13612271.400513,19362541.834683,0.00040383,0.00099935,0.00059511
2019-12-18,13612259.841174,19340392.921369,-0.00000085,-0.00114391,-0.00114371
2019-12-19,13779217.953362,19602519.625242,0.01226528,0.01355333,0.00127164
2019-12-20,13986771.501943,19894363.290353,0.01506280,0.01488807,-0.00017215
2019-12-23,14024834.280124,19948729.337249,0.00272134,0.00273274,0.00001136
2019-12-24,14021992.200191,19940006.719676,-0.00020265,-0.00043725,-0.00023468
2019-12-26,14234426.289728,20244830.665942,0.01515006,0.01528705,0.00013494
2019-12-27,14231528.032837,20244887.094956,-0.00020361,0.00000279,0.00020642
2019-12-30,13994029.303227,19895429.185275,-0.01668821,-0.01726154,-0.00058323
2019-12-31,14099322.122724,20076344.056653,0.00752412,0.00909329,0.00155623
2020-01-02,14471015.666676,20590008.638090,0.02636251,0.02558556,-0.00075728
2020-01-03,14150955.141184,20158456.039903,-0.02211735,-0.02095932,0.00118352
2020-01-06,14307132.087646,20377290.585468,0.01103650,0.01085572,-0.00017882
2020-01-07,14185738.909538,20208039.728786,-0.00848480,-0.00830586,0.00018046
2020-01-08,14402440.291173,20510002.067902,0.01527600,0.01494268,-0.00032836
2020-01-09,14698111.937197,20921315.129456,0.02052927,0.02005427,-0.00046556
2020-01-10,14568736.469641,20747904.262398,-0.00880218,-0.00828872,0.00051789
2020-01-13,14854929.604767,21180441.325966,0.01964433,0.02084727,0.00117906
2020-01-14,14792644.066555,21088821.283814,-0.00419292,-0.00432569,-0.00013334
2020-01-15,14888458.407282,21207425.546012,0.00647716,0.00562403,-0.00084800
2020-01-16,15258663.325350,21738009.266333,0.02486523,0.02501877,0.00014981
2020-01-17,15410628.462106,21989563.223381,0.00995927,0.01157208,0.00159563
2020-01-21,15312052.319931,21821515.585194,-0.00639663,-0.00764215,-0.00125433
2020-01-22,15321002.968457,21842768.993101,0.00058455,0.00097397,0.00038911
2020-01-23,15363070.587325,21918759.474313,0.00274575,0.00347898,0.00073095
2020-01-24,14939637.844107,21333959.225554,-0.02756173,-0.02668035,0.00090594
2020-01-27,14224275.178648,20327107.231114,-0.04788353,-0.04719480,0.00072311
2020-01-28,14683762.424448,20944663.123734,0.03230303,0.03038090,-0.00186372
2020-01-29,14636704.664869,20893367.616122,-0.00320475,-0.00244910,0.00075779
2020-01-30,14771183.072415,21088889.932739,0.00918775,0.00935810,0.00016879
2020-01-31,13973277.098595,19993996.833064,-0.05401774,-0.05191801,0.00221718
2020-02-03,14275159.462542,20437512.549646,0.02160426,0.02218244,0.00056579
2020-02-04,14932245.349566,21357344.800705,0.04603002,0.04500705,-0.00097843
2020-02-05,15435578.385354,22067772.937346,0.03370779,0.03326388,-0.00042953
2020-02-06,15589792.423129,22289092.221258,0.00999082,0.01002907,0.00003788
2020-02-07,15348822.868269,21934824.641294,-0.01545688,-0.01589421,-0.00044430
2020-02-10,15675987.684695,22419763.646699,0.02131530,0.02210818,0.00077603
2020-02-11,15758274.337321,22533995.487676,0.00524922,0.00509514,-0.00015328
2020-02-12,16058835.469927,22964930.927358,0.01907323,0.01912379,0.00004962
2020-02-13,16008973.188932,22859534.079281,-0.00310497,-0.00458947,-0.00149023
2020-02-14,16086253.165602,22985343.387675,0.00482729,0.00550358,0.00067281
2020-02-18,15950645.259813,22795033.751955,-0.00843005,-0.00827961,0.00015171
2020-02-19,16177674.359227,23115276.989991,0.01423322,0.01404882,-0.00018184
2020-02-20,15983865.257501,22854448.225912,-0.01198003,-0.01128383,0.00070440
2020-02-21,15483571.568960,22133401.233017,-0.03129992,-0.03154953,-0.00025770
2020-02-24,13926900.020928,19901760.302099,-0.10053698,-0.10082684,-0.00032231
2020-02-25,12668666.184280,18057844.733604,-0.09034558,-0.09265088,-0.00253748
2020-02-26,12498154.216562,17869651.495043,-0.01345935,-0.01042169,0.00307437
2020-02-27,10833518.664180,15539211.591744,-0.13319051,-0.13041328,0.00319885
2020-02-28,10635110.076108,15073674.191970,-0.01831433,-0.02995888,-0.01193271
2020-03-02,10994414.071747,15504973.885840,0.03378470,0.02861278,-0.00501546
2020-03-03,11002023.749989,15512575.841207,0.00069214,0.00049029,-0.00020173
2020-03-04,11151419.832841,15723236.911337,0.01357896,0.01358002,0.00000104
2020-03-05,11109216.367400,15663707.441578,-0.00378458,-0.00378608,-0.00000151
2020-03-06,11066355.143231,15603268.252500,-0.00385817,-0.00385855,-0.00000038
2020-03-09,10852616.075669,15301871.272705,-0.01931431,-0.01931627,-0.00000200
2020-03-10,10911219.113696,15384527.458189,0.00539990,0.00540170,0.00000180
2020-03-11,10763467.420634,15176186.922851,-0.01354126,-0.01354221,-0.00000096
2020-03-12,10389682.358631,14649146.853618,-0.03472720,-0.03472810,-0.00000093
2020-03-13,10473020.284115,14766685.789873,0.00802122,0.00802360,0.00000236
2020-03-16,10205775.851289,14389852.206948,-0.02551742,-0.02551917,-0.00000180
2020-03-17,10379644.144199,14635014.573230,0.01703626,0.01703717,0.00000089
2020-03-18,10028876.833063,14140416.087775,-0.03379377,-0.03379556,-0.00000185
2020-03-19,10033052.297092,14146317.091783,0.00041634,0.00041731,0.00000097
2020-03-20,10046658.682686,14165490.411014,0.00135616,0.00135536,-0.00000080
2020-03-23,9992288.787268,14088791.304031,-0.00541174,-0.00541450,-0.00000278
2020-03-24,10473085.982241,14766723.214811,0.04811682,0.04811853,0.00000163
2020-03-25,10473346.737656,14767100.564606,0.00002490,0.00002555,0.00000066
2020-03-26,10592982.982777,14935786.579918,0.01142292,0.01142310,0.00000017
2020-03-27,10474451.249109,14768651.395160,-0.01118965,-0.01119025,-0.00000061
2020-03-30,10550768.710496,14876264.721153,0.00728606,0.00728660,0.00000054
2020-03-31,10419923.703488,14691784.744478,-0.01240147,-0.01240096,0.00000051
2020-04-01,10322965.013335,14555057.773970,-0.00930512,-0.00930636,-0.00000124
2020-04-02,10502410.069065,14808078.614209,0.01738309,0.01738371,0.00000060
2020-04-03,10483358.052107,14781208.565195,-0.00181406,-0.00181455,-0.00000049
2020-04-06,10680121.194566,15058643.190272,0.01876909,0.01876941,0.00000031
2020-04-07,10664496.135621,15036612.411322,-0.00146300,-0.00146300,0.00000000
2020-04-08,10748260.763317,15154736.380205,0.00785453,0.00785576,0.00000122
2020-04-09,10878607.980318,15338518.590206,0.01212728,0.01212705,-0.00000023
2020-04-13,10867768.215779,15323216.003009,-0.00099643,-0.00099766,-0.00000123
2020-04-14,10971403.525985,15469346.412262,0.00953603,0.00953654,0.00000051
2020-04-15,10897125.369783,15364608.493641,-0.00677016,-0.00677068,-0.00000052
2020-04-16,10865833.199969,15320486.704021,-0.00287160,-0.00287165,-0.00000005
2020-04-17,10807433.269695,15238155.619622,-0.00537464,-0.00537392,0.00000072
2020-04-20,10819239.251476,15254796.499535,0.00109239,0.00109205,-0.00000034
2020-04-21,10712517.457129,15104314.284561,-0.00986408,-0.00986458,-0.00000051
2020-04-22,10828041.098947,15267197.879536,0.01078399,0.01078391,-0.00000007
2020-04-23,10851808.177876,15300704.100178,0.00219496,0.00219465,-0.00000030
2020-04-24,10855450.340495,15305840.906190,0.00033563,0.00033572,0.00000010
2020-04-27,10852870.869407,15302208.754899,-0.00023762,-0.00023730,0.00000032
2020-04-28,10824684.446269,15262467.992311,-0.00259714,-0.00259706,0.00000008
2020-04-29,10888106.511838,15351895.614342,0.00585902,0.00585932,0.00000029
2020-04-30,10789397.286856,15212720.412690,-0.00906578,-0.00906567,0.00000012
2020-05-01,10725715.458924,15122917.185456,-0.00590226,-0.00590317,-0.00000091
2020-05-04,10653980.473394,15021762.415768,-0.00668813,-0.00668884,-0.00000071
2020-05-05,10639874.638761,15001867.805679,-0.00132400,-0.00132439,-0.00000039
2020-05-06,10533102.137491,14851318.998560,-0.01003513,-0.01003534,-0.00000021
2020-05-07,10612904.525349,14963834.742982,0.00757634,0.00757614,-0.00000020
2020-05-08,10642968.695806,15006232.855018,0.00283279,0.00283337,0.00000058
2020-05-11,10575758.153752,14911464.961635,-0.00631502,-0.00631524,-0.00000022
2020-05-12,10569849.663499,14903130.741191,-0.00055868,-0.00055891,-0.00000023
2020-05-13,10555161.950459,14882412.000863,-0.00138959,-0.00139023,-0.00000064
2020-05-14,10598886.920433,14944060.063542,0.00414252,0.00414234,-0.00000018
2020-05-15,10594748.221076,14938218.026753,-0.00039048,-0.00039093,-0.00000044
2020-05-18,10671407.718047,15046322.047608,0.00723561,0.00723674,0.00000112
2020-05-19,10655410.157351,15023756.806273,-0.00149911,-0.00149972,-0.00000061
2020-05-20,10726447.560513,15123924.292233,0.00666679,0.00666727,0.00000048
2020-05-21,10646188.288637,15010763.315440,-0.00748237,-0.00748225,0.00000012
2020-05-22,10683981.679419,15064050.332696,0.00354995,0.00354992,-0.00000003
2020-05-26,10712235.947607,15103903.754927,0.00264454,0.00264560,0.00000105
2020-05-27,10807810.973280,15238673.201338,0.00892204,0.00892282,0.00000077
2020-05-28,10808106.727449,15239086.536861,0.00002736,0.00002712,-0.00000024
2020-05-29,10855297.791963,15305624.146402,0.00436627,0.00436625,-0.00000002
2020-06-01,10835041.894047,15277058.019855,-0.00186599,-0.00186638,-0.00000039
2020-06-02,10846426.173470,15293115.994019,0.00105069,0.00105112,0.00000043
2020-06-03,10859709.938311,15311863.459956,0.00122471,0.00122588,0.00000116
2020-06-04,10924243.936187,15369443.784514,0.00594252,0.00376050,-0.00217148
2020-06-05,11761397.368972,16588962.460311,0.07663262,0.07934696,0.00251797
2020-06-08,12188494.110630,17191933.835460,0.03631344,0.03634774,0.00003311
2020-06-09,11928101.181677,16800871.545640,-0.02136383,-0.02274685,-0.00141421
2020-06-10,11704179.810348,16536490.436976,-0.01877259,-0.01573615,0.00308975
2020-06-11,9679703.979800,13673092.466823,-0.17297033,-0.17315633,-0.00022493
2020-06-12,10029014.013063,14280670.621421,0.03608685,0.04443605,0.00802610
2020-06-15,10302711.941230,14595119.962294,0.02729061,0.02201923,-0.00514456
2020-06-16,10906672.523832,15388921.012441,0.05862151,0.05438811,-0.00400699
2020-06-17,10755815.062465,15224051.562480,-0.01383167,-0.01071352,0.00315690
2020-06-18,10784399.567176,15255429.711586,0.00265759,0.00206109,-0.00059509
2020-06-19,10593024.121594,14995457.175792,-0.01774558,-0.01704131,0.00071674
2020-06-22,10803034.129326,15299678.621592,0.01982531,0.02028757,0.00045317
2020-06-23,10949300.317876,15504107.137981,0.01353936,0.01336162,-0.00017538
2020-06-24,10108433.110192,14297211.702980,-0.07679643,-0.07784359,-0.00113491
2020-06-25,10428584.091719,14766483.385906,0.03167167,0.03282260,0.00111497
2020-06-26,9694765.825958,13720379.431722,-0.07036605,-0.07084313,-0.00051333
2020-06-29,10116402.648821,14344957.713821,0.04349118,0.04552194,0.00194423
2020-06-30,10520460.858799,15006864.936101,0.03994090,0.04614215,0.00594537
2020-07-01,10735720.395331,15234285.314174,0.02046104,0.01515442,-0.00521378
2020-07-02,10897602.042686,15444779.261607,0.01507879,0.01381712,-0.00124370
2020-07-06,11404041.502475,16186260.964708,0.04647256,0.04800857,0.00146672
2020-07-07,11048622.868795,15670584.107133,-0.03116602,-0.03185892,-0.00071545
2020-07-08,11293904.250986,16045646.180942,0.02220018,0.02393415,0.00169488
2020-07-09,11120492.884202,15779325.709361,-0.01535442,-0.01659768,-0.00126344
2020-07-10,11454631.584358,16280773.035824,0.03004711,0.03177876,0.00167972
2020-07-13,11142951.024220,15833864.698616,-0.02721000,-0.02745007,-0.00024681
2020-07-14,11589620.130076,16476151.362311,0.04008535,0.04056411,0.00046020
2020-07-15,11897321.496952,16918140.460646,0.02654974,0.02682599,0.00026907
2020-07-16,11792753.811861,16748774.922538,-0.00878918,-0.01001088,-0.00123330
2020-07-17,11885582.326889,16896425.287503,0.00787166,0.00881559,0.00093612
2020-07-20,12181544.977120,17326652.239470,0.02490098,0.02546260,0.00054783
2020-07-21,12256675.088718,17416350.323991,0.00616754,0.00517688,-0.00098506
2020-07-22,12465233.690026,17714780.800313,0.01701592,0.01713508,0.00011716
2020-07-23,12017424.232067,17082877.884480,-0.03592467,-0.03567094,0.00026315
2020-07-24,11783379.898503,16770661.226649,-0.01947542,-0.01827658,0.00122190
2020-07-27,12040420.130934,17148399.171961,0.02181379,0.02252374,0.00069454
2020-07-28,11815756.484566,16821442.595068,-0.01865912,-0.01906630,-0.00041501
2020-07-29,12243803.200356,17454451.010868,0.03622677,0.03763104,0.00135426
2020-07-30,12108986.435644,17264802.172289,-0.01101102,-0.01086536,0.00014727
2020-07-31,12412023.352338,17660998.450310,0.02502579,0.02294821,-0.00202891
2020-08-03,12645778.979781,18037592.188561,0.01883300,0.02132347,0.00244145
2020-08-04,12804516.171482,18236240.219623,0.01255258,0.01101300,-0.00152165
2020-08-05,13043016.223899,18588008.158919,0.01862624,0.01928950,0.00065091
2020-08-06,13305068.738651,18942326.493748,0.02009140,0.01906166,-0.00100997
2020-08-07,13324956.565364,18980224.188727,0.00149476,0.00200069,0.00050505
2020-08-10,13451552.280018,19137709.858880,0.00950065,0.00829736,-0.00119268
2020-08-11,13124887.375652,18684569.243632,-0.02428455,-0.02367789,0.00062157
2020-08-12,13663392.433221,19483352.490056,0.04102931,0.04275096,0.00165243
2020-08-13,13592405.272066,19368831.796054,-0.00519543,-0.00587787,-0.00068625
2020-08-14,13591522.096139,19362633.534953,-0.00006498,-0.00032001,-0.00025509
2020-08-17,13722453.642239,19523022.526857,0.00963332,0.00828343,-0.00133791
2020-08-18,13807703.078355,19659888.133050,0.00621240,0.00701047,0.00079283
2020-08-19,13631067.302757,19409415.942232,-0.01279255,-0.01274027,0.00005296
2020-08-20,13759553.650286,19595290.964536,0.00942599,0.00957654,0.00014913
2020-08-21,13906010.436492,19798164.132546,0.01064401,0.01035316,-0.00028783
2020-08-24,14329138.939220,20393005.731548,0.03042774,0.03004529,-0.00037123
2020-08-25,14478374.969301,20615619.513765,0.01041486,0.01091618,0.00049603
2020-08-26,14921029.465415,21241331.152019,0.03057349,0.03035134,-0.00021559
2020-08-27,15009768.038383,21348640.100364,0.00594722,0.00505189,-0.00089042
2020-08-28,15301541.341360,21784620.341925,0.01943889,0.02042192,0.00096382
2020-08-31,15139533.123352,21644267.301720,-0.01058771,-0.00644276,0.00418055
2020-09-01,15562973.467066,22134079.143985,0.02796918,0.02263010,-0.00520735
2020-09-02,16242048.463799,23134761.380811,0.04363401,0.04521002,0.00150898
2020-09-03,14554212.793346,20725148.777141,-0.10391766,-0.10415550,-0.00026546
2020-09-04,14203777.070409,20219881.522883,-0.02407796,-0.02437943,-0.00030895
2020-09-08,13032106.543664,18540582.843003,-0.08249007,-0.08305186,-0.00061248
2020-09-09,13802522.511888,19698734.495441,0.05911676,0.06246576,0.00315708
2020-09-10,13077520.659413,18673759.995119,-0.05252676,-0.05203250,0.00052152
2020-09-11,13106130.760377,18708032.142264,0.00218773,0.00183531,-0.00035171
2020-09-14,13616278.145063,19439583.610741,0.03892433,0.03910360,0.00017254
2020-09-15,13825610.989059,19747198.307381,0.01537372,0.01582414,0.00044350
2020-09-16,13657456.381264,19481620.450954,-0.01216254,-0.01344889,-0.00130303
2020-09-17,13298488.749071,18995553.854982,-0.02628364,-0.02495001,0.00136869
2020-09-18,12833521.366296,18352643.544481,-0.03496393,-0.03384530,0.00115848
2020-09-21,12414936.997323,17699641.904689,-0.03261649,-0.03558079,-0.00306896
2020-09-22,12790666.583532,18265461.858463,0.03026432,0.03196788,0.00165215
2020-09-23,11900882.421124,16987018.921946,-0.06956511,-0.06999237,-0.00045931
2020-09-24,11998517.340663,17135583.975765,0.00820401,0.00874580,0.00053724
2020-09-25,12574104.712379,17953424.327850,0.04797154,0.04772760,-0.00023280
2020-09-28,13205219.145904,18810908.412572,0.05019160,0.04776159,-0.00231655
2020-09-29,12979374.521815,18543521.840402,-0.01710268,-0.01421444,0.00293418
2020-09-30,13278240.709336,19006597.422861,0.02302624,0.02497236,0.00190051
2020-10-01,13529816.870790,19308432.054734,0.01894650,0.01588052,-0.00301351
2020-10-02,13151356.367694,18770144.958703,-0.02797233,-0.02787834,0.00009669
2020-10-05,13840056.369208,19781583.449644,0.05236722,0.05388549,0.00144168
2020-10-06,13259084.285022,18952111.227937,-0.04197758,-0.04193154,0.00004806
2020-10-07,13940676.319993,19975708.004760,0.05140566,0.05400964,0.00247360
2020-10-08,14309846.892333,20457619.912355,0.02648154,0.02412490,-0.00229848
2020-10-09,14691037.284463,20990596.947561,0.02663833,0.02605274,-0.00057056
2020-10-12,15401156.627337,22021415.769665,0.04833691,0.04910860,0.00073584
2020-10-13,15104612.330781,21615609.977114,-0.01925468,-0.01842778,0.00084278
2020-10-14,14820599.455129,21192627.810703,-0.01880306,-0.01956837,-0.00078028
2020-10-15,14766650.649269,21099274.987501,-0.00364012,-0.00440497,-0.00076793
2020-10-16,14728311.684121,21110298.639528,-0.00259632,0.00052247,0.00312203
2020-10-19,14059600.240847,20070755.778131,-0.04540313,-0.04924340,-0.00403104
2020-10-20,14225297.755983,20368704.728918,0.01178536,0.01484493,0.00301936
2020-10-21,14147258.632338,20238056.056266,-0.00548594,-0.00641419,-0.00093380
2020-10-22,14379565.619270,20560412.993965,0.01642064,0.01592826,-0.00048454
2020-10-23,14525775.556426,20775507.866177,0.01016790,0.01046160,0.00029071
2020-10-26,13722335.224098,19635662.596985,-0.05531136,-0.05486486,0.00047253
2020-10-27,13585460.575054,19456230.593261,-0.00997459,-0.00913807,0.00084459
2020-10-28,12181223.961563,17407551.871071,-0.10336320,-0.10529679,-0.00215883
2020-10-29,12565287.164683,18040899.845423,0.03152911,0.03638352,0.00469499
2020-10-30,12140551.489733,17399403.041812,-0.03380231,-0.03555792,-0.00181868
2020-11-02,12563712.979558,18047973.733206,0.03485521,0.03727546,0.00233600
2020-11-03,13227689.357914,19013603.685569,0.05284874,0.05350351,0.00062171
2020-11-04,14120340.601866,20275375.300094,0.06748354,0.06636152,-0.00105164
2020-11-05,14948970.664422,21457518.776305,0.05868343,0.05830439,-0.00035809
2020-11-06,14942406.209867,21442348.148358,-0.00043912,-0.00070701,-0.00026804
2020-11-09,15500024.007960,22157864.114159,0.03731780,0.03336929,-0.00381373
2020-11-10,15439083.167757,22067813.929110,-0.00393166,-0.00406403,-0.00013290
2020-11-11,15764127.978819,22589623.544702,0.02105338,0.02364573,0.00253569
2020-11-12,15325686.973143,21913408.024709,-0.02781258,-0.02993478,-0.00218531
2020-11-13,15949291.225059,22837873.154523,0.04069013,0.04218719,0.00143749
2020-11-16,16528496.032212,23641354.911354,0.03631539,0.03518199,-0.00109429
2020-11-17,16280300.123539,23314359.095843,-0.01501624,-0.01383152,0.00120206
2020-11-18,15686675.102561,22520550.230627,-0.03646278,-0.03404807,0.00250296
2020-11-19,15882776.191901,22793643.093659,0.01250113,0.01212639,-0.00037018
2020-11-20,15562808.397863,22332964.523046,-0.02014558,-0.02021084,-0.00006660
2020-11-23,15837857.265811,22720660.678554,0.01767347,0.01735982,-0.00030826
2020-11-24,16606455.619497,23829929.244826,0.04852919,0.04882202,0.00027924
2020-11-25,16523351.907114,23724171.291019,-0.00500430,-0.00443803,0.00056896
2020-11-27,16663612.057384,23895483.993284,0.00848860,0.00722102,-0.00125770
2020-11-30,16438192.589492,23571345.498005,-0.01352765,-0.01356484,-0.00003771
2020-12-01,16979737.339266,24380360.509617,0.03294430,0.03432197,0.00133284
2020-12-02,17086149.259785,24514842.307212,0.00626699,0.00551599,-0.00074661
2020-12-03,17069916.933382,24475503.229854,-0.00095003,-0.00160470,-0.00065551
2020-12-04,17509512.754182,25119063.325656,0.02575266,0.02629405,0.00052766
2020-12-07,17411059.553174,24983110.494753,-0.00562284,-0.00541234,0.00021167
2020-12-08,17560906.909727,25191119.430204,0.00860645,0.00832598,-0.00027811
2020-12-09,17091967.046892,24587540.342379,-0.02670362,-0.02395999,0.00281494
2020-12-10,17066520.642131,24495579.100948,-0.00148879,-0.00374016,-0.00225727
2020-12-11,17000171.032056,24405073.604724,-0.00388771,-0.00369477,0.00019367
2020-12-14,16765624.321516,24075642.252551,-0.01379673,-0.01349848,0.00030238
2020-12-15,17459723.256019,25048057.128314,0.04140012,0.04038999,-0.00097045
2020-12-16,17538841.525591,25187608.256215,0.00453147,0.00557134,0.00103464
2020-12-17,17823862.296133,25628926.715957,0.01625083,0.01752125,0.00124932
2020-12-18,17608397.675043,25363910.225604,-0.01208855,-0.01034052,0.00176785
2020-12-21,17444514.207188,25071625.916633,-0.00930712,-0.01152363,-0.00223984
2020-12-22,17340545.200259,24919525.207902,-0.00595998,-0.00606665,-0.00010731
2020-12-23,17381148.979494,24980884.728820,0.00234155,0.00246231,0.00012047
2020-12-24,17588426.538911,25254357.115480,0.01192542,0.01094727,-0.00096710
2020-12-28,18046244.880670,25922343.631573,0.02602952,0.02645035,0.00041006
2020-12-29,17930986.044309,25757465.823167,-0.00638686,-0.00636045,0.00002658
2020-12-30,18002315.010948,25865579.628111,0.00397797,0.00419738,0.00021851
2020-12-31,18291917.844772,26361288.143283,0.01608698,0.01916479,0.00302451
2021-01-04,17546666.930911,25185747.369112,-0.04074209,-0.04459345,-0.00402302
2021-01-05,17891789.022362,25724010.803340,0.01966881,0.02137175,0.00166869
2021-01-06,18216157.939131,26164265.234586,0.01812948,0.01711453,-0.00099738
2021-01-07,19031470.839164,27337111.861921,0.04475768,0.04482628,0.00006566
2021-01-08,19351358.328948,27785598.268862,0.01680834,0.01640577,-0.00039600
2021-01-11,18970783.897253,27259301.425674,-0.01966655,-0.01894135,0.00073947
2021-01-12,18974501.511687,27297164.828806,0.00019597,0.00138901,0.00119210
2021-01-13,19115449.444751,27485382.816468,0.00742828,0.00689515,-0.00052934
2021-01-14,18920379.894587,27187690.814809,-0.01020481,-0.01083092,-0.00063276
2021-01-15,18514440.320341,26614465.791028,-0.02145515,-0.02108399,0.00037922
2021-01-19,18952362.944874,27269433.370175,0.02365303,0.02460946,0.00093389
2021-01-20,19723767.985504,28395931.681873,0.04070231,0.04130993,0.00058368
2021-01-21,19777873.879370,28422633.958851,0.00274318,0.00094036,-0.00179951
2021-01-22,19565051.389525,28168352.994868,-0.01076064,-0.00894643,0.00183227
2021-01-25,19802317.214373,28482454.260578,0.01212702,0.01115086,-0.00096494
2021-01-26,19712015.481974,28359536.404872,-0.00456016,-0.00431556,0.00024569
2021-01-27,18276144.102714,26167839.146551,-0.07284244,-0.07728255,-0.00480045
2021-01-28,18735303.154848,26947115.602832,0.02512341,0.02977993,0.00453212
2021-01-29,17608716.797920,25412899.846809,-0.06013174,-0.05693432,0.00339621
2021-02-01,18475814.322291,26668402.886876,0.04924252,0.04940416,0.00015405
2021-02-02,19271222.228639,27774403.611622,0.04305130,0.04147233,-0.00151495
2021-02-03,19327727.422350,27849999.990403,0.00293210,0.00272180,-0.00020971
2021-02-04,19975685.193285,28767837.461657,0.03352478,0.03295646,-0.00055003
2021-02-05,20214230.827642,29104472.962922,0.01194180,0.01170180,-0.00023720
2021-02-08,20660334.653602,29741058.421357,0.02206880,0.02187243,-0.00019215
2021-02-09,20609041.668372,29651716.747747,-0.00248268,-0.00300398,-0.00052274
2021-02-10,20583624.519253,29626568.975166,-0.00123330,-0.00084811,0.00038560
2021-02-11,20682340.287147,29779769.635510,0.00479584,0.00517106,0.00037336
2021-02-12,20997083.250822,30205854.492435,0.01521796,0.01430786,-0.00089685
2021-02-16,20936565.808306,30159847.599825,-0.00288218,-0.00152311,0.00136207
2021-02-17,20949149.407768,30137494.959761,0.00060103,-0.00074114,-0.00134227
2021-02-18,20679705.766374,29749025.842314,-0.01286179,-0.01288989,-0.00002847
2021-02-19,20564442.880567,29590244.358245,-0.00557372,-0.00533737,0.00023765
2021-02-22,20078112.439892,28908568.666504,-0.02364909,-0.02303718,0.00062654
2021-02-23,20153031.838154,29025077.109863,0.00373140,0.00403024,0.00029769
2021-02-24,20820614.659305,30032468.438029,0.03312568,0.03470762,0.00153005
2021-02-25,19320943.629590,27851591.385354,-0.07202818,-0.07261731,-0.00063506
2021-02-26,19001641.090517,27463825.684928,-0.01652624,-0.01392257,0.00264392
2021-03-01,20391489.836599,29459668.194935,0.07314362,0.07267169,-0.00043986
2021-03-02,19917065.335919,28773130.676299,-0.02326581,-0.02330432,-0.00003943
2021-03-03,19127228.476391,27667940.020502,-0.03965629,-0.03841051,0.00129638
2021-03-04,18419272.466751,26550513.772819,-0.03701299,-0.04038704,-0.00350988
2021-03-05,19431238.861942,28168277.980792,0.05494063,0.06093156,0.00566286
2021-03-08,19144102.326015,27721849.253461,-0.01477706,-0.01584863,-0.00108824
2021-03-09,19946471.990408,28914572.371729,0.04191211,0.04302466,0.00106723
2021-03-10,20315267.678252,29433073.729676,0.01848927,0.01793218,-0.00054712
2021-03-11,20957619.525205,30352607.083943,0.03161917,0.03124150,-0.00036616
2021-03-12,21044970.414319,30451357.708362,0.00416798,0.00325345,-0.00091115
2021-03-15,21409646.495429,31037230.841086,0.01732842,0.01923964,0.00187690
2021-03-16,21336075.855514,30900083.970981,-0.00343633,-0.00441879,-0.00098633
2021-03-17,21544186.462112,31168833.080421,0.00975393,0.00869736,-0.00104691
2021-03-18,20592675.610406,29828891.030346,-0.04416555,-0.04298980,0.00122932
2021-03-19,20481627.482352,29777868.117852,-0.00539260,-0.00171052,0.00369521
2021-03-22,20966254.646793,30414511.579496,0.02366156,0.02137975,-0.00223155
2021-03-23,20502918.000070,29730362.773705,-0.02209916,-0.02249416,-0.00040400
2021-03-24,20161168.586785,29245282.505388,-0.01666833,-0.01631599,0.00035825
2021-03-25,20500241.120199,29719787.636881,0.01681810,0.01622501,-0.00058345
2021-03-26,21498662.073024,31217900.527468,0.04870289,0.05040793,0.00162453
2021-03-29,21458430.375114,31144753.109744,-0.00187136,-0.00234312,-0.00047276
2021-03-30,21292657.326983,30864437.574102,-0.00772531,-0.00900041,-0.00128585
2021-03-31,21544913.579612,31201951.664841,0.01184710,0.01093537,-0.00090146
2021-04-01,22228539.185529,32309510.738602,0.03173026,0.03549647,0.00364374
2021-04-05,23189005.865655,33698840.588689,0.04320872,0.04300065,-0.00019947
2021-04-06,23148676.498944,33608358.156137,-0.00173916,-0.00268503,-0.00094797
2021-04-07,23234850.177342,33762897.759283,0.00372262,0.00459825,0.00087200
2021-04-08,23572963.308693,34198005.170387,0.01455198,0.01288715,-0.00164230
2021-04-09,24079922.528499,34989438.544224,0.02150596,0.02314268,0.00160098
2021-04-12,24111148.844547,34976413.120446,0.00129678,-0.00037227,-0.00166827
2021-04-13,24306592.215082,35319536.239224,0.00810593,0.00981013,0.00168906
2021-04-14,24070796.368691,34892981.696837,-0.00970090,-0.01207701,-0.00240227
2021-04-15,24844517.365297,36073618.645400,0.03214356,0.03383594,0.00163834
2021-04-16,25104351.963576,36465792.138009,0.01045843,0.01087148,0.00040869
2021-04-19,24731921.134231,35903025.910466,-0.01483531,-0.01543272,-0.00060659
2021-04-20,24186235.005868,35181444.125564,-0.02206404,-0.02009808,0.00200830
2021-04-21,24866400.228225,36173969.197648,0.02812200,0.02821161,0.00008716
2021-04-22,24180412.553089,35192813.588837,-0.02758693,-0.02712325,0.00047672
2021-04-23,24952398.031171,36356411.915129,0.03192607,0.03306352,0.00110166
2021-04-26,25113178.244721,36552849.450704,0.00644348,0.00540311,-0.00103425
2021-04-27,25088137.107317,36534548.484674,-0.00099713,-0.00050067,0.00049683
2021-04-28,25051530.813327,36449626.291263,-0.00145911,-0.00232444,-0.00086697
2021-04-29,25551656.805488,37185250.620855,0.01996389,0.02018194,0.00021376
2021-04-30,25043929.411883,36391045.142487,-0.01987063,-0.02135808,-0.00151876
2021-05-03,25212851.901468,36700617.291325,0.00674505,0.00850682,0.00174844
2021-05-04,24751079.542168,35967212.456809,-0.01831496,-0.01998345,-0.00170106
2021-05-05,24763224.683551,36050112.783210,0.00049069,0.00230489,0.00181166
2021-05-06,25366264.324031,36955627.181672,0.02435223,0.02511821,0.00074750
2021-05-07,25908157.684090,37779510.368777,0.02136276,0.02229385,0.00091120
2021-05-10,25145527.373528,36617137.899525,-0.02943591,-0.03076727,-0.00137268
2021-05-11,24482362.787994,35661602.828146,-0.02637306,-0.02609530,0.00028525
2021-05-12,22913071.167341,33374804.829633,-0.06409886,-0.06412494,-0.00002786
2021-05-13,23728783.909753,34640883.286901,0.03560032,0.03793516,0.00225203
2021-05-14,24820164.482197,36211592.380073,0.04599395,0.04534264,-0.00062287
2021-05-17,24640030.903896,35948298.565435,-0.00725755,-0.00727098,-0.00001353
2021-05-18,23999967.957535,35049223.421624,-0.02597655,-0.02501023,0.00099160
2021-05-19,23808552.163575,34745541.768497,-0.00797567,-0.00866443,-0.00069454
2021-05-20,24569174.300192,35860052.587060,0.03194743,0.03207637,0.00012494
2021-05-21,24511793.817269,35783247.730017,-0.00233547,-0.00214179,0.00019411
2021-05-24,25252625.884768,36840708.631483,0.03022349,0.02955184,-0.00065216
2021-05-25,25091794.187693,36603028.982805,-0.00636891,-0.00645155,-0.00008317
2021-05-26,25227410.217748,36817498.716072,0.00540480,0.00585934,0.00045200
2021-05-27,25259507.385607,36950686.895339,0.00127231,0.00361752,0.00233949
2021-05-28,25405430.147685,37043921.715957,0.00577694,0.00252322,-0.00324028
2021-06-01,25344844.218822,36995699.777000,-0.00238476,-0.00130175,0.00108501
2021-06-02,25471408.997575,37163733.563611,0.00499371,0.00454198,-0.00044958
2021-06-03,25179316.196125,36766042.338060,-0.01146748,-0.01070106,0.00077501
2021-06-04,25862529.694190,37753002.896597,0.02713392,0.02684435,-0.00028196
2021-06-07,25795216.657947,37670411.129645,-0.00260272,-0.00218769,0.00041603
2021-06-08,25805726.587908,37696284.323110,0.00040744,0.00068683,0.00027924
2021-06-09,25682632.209339,37499265.458463,-0.00477004,-0.00522648,-0.00045873
2021-06-10,26036944.580245,38025287.459015,0.01379580,0.01402753,0.00022855
2021-06-11,26171787.085139,38249579.003748,0.00517889,0.00589848,0.00071563
2021-06-14,26367601.456602,38453661.613058,0.00748189,0.00533555,-0.00213267
2021-06-15,26200160.783991,38234651.932831,-0.00635024,-0.00569542,0.00065879
2021-06-16,25767652.085351,37635905.941593,-0.01650786,-0.01565977,0.00086195
2021-06-17,25738274.763666,37594013.040542,-0.00114009,-0.00111311,0.00002701
2021-06-18,24711598.323242,36133956.008939,-0.03988909,-0.03883749,0.00109470
2021-06-21,25748089.741194,37683351.672427,0.04194352,0.04287921,0.00089763
2021-06-22,26156535.016050,38262496.273344,0.01586313,0.01536871,-0.00048681
2021-06-23,26070516.871142,38146944.277125,-0.00328859,-0.00301998,0.00026946
2021-06-24,26516367.183391,38804801.538946,0.01710171,0.01724535,0.00014122
2021-06-25,26808865.132177,39193928.378840,0.01103085,0.01002780,-0.00099259
2021-06-28,26974892.039622,39472043.775953,0.00619299,0.00709588,0.00089693
2021-06-29,27008720.731026,39511126.600830,0.00125408,0.00099014,-0.00026365
2021-06-30,27081170.248694,39672324.888514,0.00268245,0.00407982,0.00139266
2021-07-01,27537937.403928,40294601.717632,0.01686660,0.01568541,-0.00116227
2021-07-02,28164656.608540,41190604.775378,0.02275839,0.02223631,-0.00051060
2021-07-06,28003982.226621,40942173.680672,-0.00570482,-0.00603126,-0.00032836
2021-07-07,28291400.592558,41365156.187153,0.01026348,0.01033122,0.00006705
2021-07-08,27613783.301051,40310596.543695,-0.02395135,-0.02549391,-0.00158166
2021-07-09,28486076.299352,41705854.236712,0.03158904,0.03461268,0.00292676
2021-07-12,28793833.118476,42142292.785747,0.01080376,0.01046468,-0.00033551
2021-07-13,28499914.186521,41709520.183714,-0.01020770,-0.01026932,-0.00006225
2021-07-14,28615606.166891,41862053.285183,0.00405938,0.00365703,-0.00040080
2021-07-15,28337582.125733,41462578.605337,-0.00971582,-0.00954264,0.00017486
2021-07-16,27674472.342666,40531626.882923,-0.02340037,-0.02245282,0.00096978
2021-07-19,26431331.700601,38583313.360542,-0.04492012,-0.04806897,-0.00330239
2021-07-20,27550212.962849,40359331.117397,0.04233163,0.04603072,0.00354258
2021-07-21,28243004.613990,41361228.749415,0.02514651,0.02482444,-0.00031422
2021-07-22,28421694.722007,41614606.612232,0.00632688,0.00612598,-0.00019966
2021-07-23,29271808.402066,42867445.691889,0.02991073,0.03010575,0.00018934
2021-07-26,29493572.750284,43181780.140810,0.00757604,0.00733271,-0.00024153
2021-07-27,29098938.564177,42580811.580290,-0.01338035,-0.01391718,-0.00054426
2021-07-28,29049712.077299,42561948.166183,-0.00169169,-0.00044300,0.00125003
2021-07-29,29423846.309734,43107014.383995,0.01287910,0.01280642,-0.00007176
2021-07-30,28990471.095339,42417625.284155,-0.01472871,-0.01599250,-0.00128351
2021-08-02,28811865.488897,42187641.271503,-0.00616084,-0.00542190,0.00074325
2021-08-03,29508305.854144,43242610.698169,0.02417200,0.02500660,0.00081457
2021-08-04,29083041.899506,42649877.284001,-0.01441167,-0.01370716,0.00071456
2021-08-05,29625997.305089,43426404.633156,0.01866914,0.01820702,-0.00045375
2021-08-06,29777330.673804,43648354.177550,0.00510813,0.00511094,0.00000279
2021-08-09,29689986.259589,43532097.087709,-0.00293325,-0.00266349,0.00027052
2021-08-10,29799789.718903,43666616.314518,0.00369833,0.00309012,-0.00060616
2021-08-11,30013287.557384,43991699.472952,0.00716441,0.00744466,0.00027822
2021-08-12,30274085.210465,44380036.270985,0.00868941,0.00882750,0.00013690
2021-08-13,30452052.071942,44595932.731620,0.00587852,0.00486472,-0.00100838
2021-08-16,30668623.440240,44943071.881106,0.00711188,0.00778410,0.00066725
2021-08-17,30060115.136091,44028153.010948,-0.01984140,-0.02035728,-0.00052647
2021-08-18,29088362.735330,42641108.685249,-0.03232697,-0.03150358,0.00085054
2021-08-19,29209833.958133,42809784.647067,0.00417594,0.00395571,-0.00021933
2021-08-20,29901354.744064,43862025.992612,0.02367425,0.02457946,0.00088389
2021-08-23,30694108.156097,44973495.545946,0.02651229,0.02534013,-0.00114254
2021-08-24,30837682.765281,45178542.219276,0.00467760,0.00455928,-0.00011777
2021-08-25,31006455.943793,45485515.998003,0.00547295,0.00679468,0.00131367
2021-08-26,30461301.597190,44700135.093928,-0.01758196,-0.01726662,0.00032094
2021-08-27,31270425.148415,45895410.794040,0.02656234,0.02673987,0.00017292
2021-08-30,31699065.464016,46489053.441546,0.01370753,0.01293468,-0.00076269
2021-08-31,31534848.049377,46309701.987116,-0.00518051,-0.00385793,0.00132859
2021-09-01,31633169.206842,46360549.911714,0.00311786,0.00109800,-0.00201561
2021-09-02,31914513.371462,46757654.376375,0.00889396,0.00856557,-0.00032555
2021-09-03,31875684.266664,46719867.181874,-0.00121666,-0.00080815,0.00040892
2021-09-07,31520243.967385,46261207.430601,-0.01115083,-0.00981723,0.00134773
2021-09-08,31427131.185591,46089012.574006,-0.00295406,-0.00372223,-0.00077074
2021-09-09,31002306.937764,45469047.226079,-0.01351775,-0.01345148,0.00006718
2021-09-10,30281633.639191,44428535.739345,-0.02324580,-0.02288395,0.00037039
2021-09-13,30492684.841890,44733873.318550,0.00696961,0.00687256,-0.00009639
2021-09-14,30016316.354348,43967963.674939,-0.01562239,-0.01712147,-0.00152404
2021-09-15,30766197.042124,45114381.252309,0.02498244,0.02607393,0.00106432
2021-09-16,30605305.429998,44912474.570179,-0.00522949,-0.00447544,0.00075773
2021-09-17,29703386.427018,43685961.832520,-0.02946937,-0.02730895,0.00222354
2021-09-20,28245729.148229,41462266.348458,-0.04907377,-0.05090183,-0.00192425
2021-09-21,28161574.565373,41364811.483773,-0.00297937,-0.00235045,0.00063061
2021-09-22,28975020.391671,42584080.600939,0.02888496,0.02947600,0.00057429
2021-09-23,30023424.901620,44150890.368437,0.03618305,0.03679332,0.00058879
2021-09-24,30171549.660580,44347862.719915,0.00493364,0.00446134,-0.00047009
2021-09-27,29913279.273376,43992258.411698,-0.00856006,-0.00801852,0.00054607
2021-09-28,28117839.467005,41352460.125763,-0.06002150,-0.06000597,0.00001651
2021-09-29,28248766.986242,41559579.174404,0.00465639,0.00500863,0.00035055
2021-09-30,27173551.841264,40044426.958431,-0.03806237,-0.03645735,0.00166714
2021-10-01,28147440.261692,41452252.582578,0.03583957,0.03515659,-0.00065956
2021-10-04,27106988.606243,39869812.206207,-0.03696434,-0.03817502,-0.00125793
2021-10-05,27895235.882204,41146643.465974,0.02907912,0.03202501,0.00285856
2021-10-06,28265784.209501,41653642.167174,0.01328357,0.01232175,-0.00094966
2021-10-07,28993621.092536,42678303.889843,0.02574975,0.02459957,-0.00112194
2021-10-08,28828040.928968,42431036.896451,-0.00571092,-0.00579374,-0.00008330
2021-10-11,28196478.317080,41553974.813089,-0.02190793,-0.02067030,0.00126455
2021-10-12,28025398.458559,41252156.848677,-0.00606742,-0.00726328,-0.00120388
2021-10-13,28293776.679188,41644039.391065,0.00957625,0.00949969,-0.00007584
2021-10-14,29717833.051780,43828591.147108,0.05033108,0.05245773,0.00202269
2021-10-15,30410807.800852,44804497.995057,0.02331848,0.02226644,-0.00102859
2021-10-18,30687158.819638,45251631.403814,0.00908726,0.00997965,0.00088396
2021-10-19,31401770.167720,46256161.098608,0.02328698,0.02219875,-0.00106403
2021-10-20,31765818.751059,46768747.646600,0.01159325,0.01108148,-0.00050604
2021-10-21,31997776.937731,47188295.942961,0.00730213,0.00897070,0.00165510
2021-10-22,31899083.311392,47045280.321303,-0.00308439,-0.00303074,0.00005381
2021-10-25,32393323.519827,47709988.767725,0.01549387,0.01412912,-0.00134483
2021-10-26,32484167.178260,47962350.413119,0.00280439,0.00528949,0.00247508
2021-10-27,32059115.516474,47240713.833808,-0.01308489,-0.01504590,-0.00198899
2021-10-28,32997376.809114,48656606.352938,0.02926660,0.02997187,0.00068498
2021-10-29,33171499.312208,48944131.639735,0.00527686,0.00590928,0.00062890
2021-11-01,33379414.727589,49211790.069723,0.00626789,0.00546865,-0.00079458
2021-11-02,33765423.969264,49753966.712675,0.01156429,0.01101721,-0.00054097
2021-11-03,34373934.126247,50701712.957680,0.01802169,0.01904866,0.00100827
2021-11-04,34854531.045010,51343614.409629,0.01398143,0.01266035,-0.00130372
2021-11-05,35208097.051178,51920660.788509,0.01014405,0.01123891,0.00108328
2021-11-08,35333590.141135,52064026.579993,0.00356432,0.00276125,-0.00080055
2021-11-09,34960178.612919,51532650.109264,-0.01056817,-0.01020621,0.00036576
2021-11-10,34113549.324391,50279274.500544,-0.02421696,-0.02432197,-0.00010762
2021-11-11,34145010.895938,50368979.269696,0.00092226,0.00178413,0.00086071
2021-11-12,34904452.057918,51474204.055598,0.02224164,0.02194257,-0.00029261
2021-11-15,34951198.613668,51481462.882990,0.00133927,0.00014102,-0.00119737
2021-11-16,35349031.397749,52081904.346555,0.01138252,0.01166326,0.00027754
2021-11-17,35091236.340118,51690893.801970,-0.00729285,-0.00750761,-0.00021636
2021-11-18,35453576.955097,52219129.649788,0.01032567,0.01021913,-0.00010546
2021-11-19,35252027.822117,52010446.887554,-0.00568487,-0.00399629,0.00169680
2021-11-22,34970128.974024,51528111.078440,-0.00799667,-0.00927383,-0.00128828
2021-11-23,35104640.269046,51788925.759944,0.00384646,0.00506160,0.00120975
2021-11-24,35361873.617128,52148471.274699,0.00732762,0.00694252,-0.00038237
2021-11-26,33051205.784843,48665576.440820,-0.06534348,-0.06678805,-0.00154676
2021-11-29,34247215.231569,50655600.857201,0.03618656,0.04089183,0.00453067
2021-11-30,32278056.650104,47773264.009523,-0.05749836,-0.05690065,0.00063396
2021-12-01,31162302.160225,46014454.810409,-0.03456697,-0.03681576,-0.00233203
2021-12-02,32586636.511409,47967808.568852,0.04570697,0.04245087,-0.00311863
2021-12-03,31719846.224008,46792386.073387,-0.02659956,-0.02450440,0.00215010
2021-12-06,32854782.460872,48430985.579333,0.03578000,0.03501851,-0.00073546
2021-12-07,34878756.969585,51442829.590639,0.06160365,0.06218837,0.00055064
2021-12-08,35170618.490536,51917131.736132,0.00836789,0.00921999,0.00084467
2021-12-09,34450005.795840,50834948.593124,-0.02048905,-0.02084443,-0.00036288
2021-12-10,35433877.888882,52283318.835659,0.02855942,0.02849162,-0.00006591
2021-12-13,34488453.595933,50847138.941421,-0.02668137,-0.02746918,-0.00080974
2021-12-14,33782287.766183,49694239.248278,-0.02047543,-0.02267384,-0.00224689
2021-12-15,35364302.711460,52152825.723901,0.04682972,0.04947428,0.00252307
2021-12-16,34403519.840105,50770997.871520,-0.02716816,-0.02649574,0.00069095
2021-12-17,33330443.632251,49201623.489073,-0.03119088,-0.03091084,0.00028901
2021-12-20,32246818.024809,47502039.011449,-0.03251159,-0.03454326,-0.00210215
2021-12-21,33955575.204572,50145893.314273,0.05298995,0.05565770,0.00253030
2021-12-22,34982484.760294,51689475.826692,0.03024274,0.03078183,0.00052313
2021-12-23,35627012.595686,52645055.268503,0.01842430,0.01848692,0.00006149
2021-12-27,37149223.859850,54842544.663352,0.04272632,0.04174161,-0.00094481
2021-12-28,37063007.292199,54689888.759018,-0.00232082,-0.00278353,-0.00046390
2021-12-29,37195221.744436,54924149.305558,0.00356729,0.00428343,0.00071335
2021-12-30,36877702.401852,54451782.658128,-0.00853656,-0.00860035,-0.00006433
2021-12-31,36572214.347496,54038344.941638,-0.00828381,-0.00759273,0.00069661
2022-01-03,37243588.533630,55066388.481720,0.01835749,0.01902433,0.00065461
2022-01-04,37195354.761487,54972723.921370,-0.00129509,-0.00170094,-0.00040646
2022-01-05,35055796.930114,51856979.328098,-0.05752218,-0.05667801,0.00089529
2022-01-06,34912209.087246,51711179.214977,-0.00409598,-0.00281158,0.00128885
2022-01-07,34547213.248636,51081021.279407,-0.01045468,-0.01218611,-0.00175126
2022-01-10,34409661.596807,50847788.970283,-0.00398156,-0.00456593,-0.00058688
2022-01-11,35311832.379351,52247721.318255,0.02621853,0.02753182,0.00127892
2022-01-12,35626223.891226,52687752.207809,0.00890329,0.00842201,-0.00047715
2022-01-13,34150778.390718,50427200.125901,-0.04141459,-0.04290470,-0.00155569
2022-01-14,34179793.490128,50527212.724784,0.00084962,0.00198331,0.00113209
2022-01-18,32379913.372946,47775879.496503,-0.05265919,-0.05445250,-0.00189479
2022-01-19,31357453.326196,46353486.749958,-0.03157699,-0.02977219,0.00186191
2022-01-20,30320468.734007,44828452.610592,-0.03306980,-0.03290010,0.00017549
2022-01-21,28531606.625365,42286270.004408,-0.05899850,-0.05670913,0.00242995
2022-01-24,28886815.683962,42574166.015045,0.01244967,0.00680826,-0.00558762
2022-01-25,27832776.117315,41061923.427533,-0.03648860,-0.03552019,0.00100458
2022-01-26,27643161.423998,40881572.021763,-0.00681264,-0.00439218,0.00243410
2022-01-27,27221119.092384,40223854.758686,-0.01526751,-0.01608836,-0.00083392
2022-01-28,29221232.315845,43211703.102835,0.07347652,0.07428051,0.00074867
2022-01-31,30822688.214597,45664104.342124,0.05480453,0.05675317,0.00184569
2022-02-01,31424189.354978,46603778.742847,0.01951488,0.02057797,0.00104219
2022-02-02,32321220.845384,47909046.946896,0.02854589,0.02800778,-0.00052332
2022-02-03,30065581.888032,44512328.430930,-0.06978817,-0.07089931,-0.00119522
2022-02-04,30487721.487943,45219582.915826,0.01404063,0.01588896,0.00182108
2022-02-07,30184241.164056,44719609.475740,-0.00995418,-0.01105657,-0.00111409
2022-02-08,30915719.884065,45870309.153539,0.02423380,0.02573143,0.00146114
2022-02-09,32274375.465549,47872156.515661,0.04394708,0.04364146,-0.00029279
2022-02-10,30571193.028910,45352983.426513,-0.05277197,-0.05262293,0.00015733
2022-02-11,28740346.516830,42758092.454629,-0.05988796,-0.05721544,0.00283874
2022-02-14,28457536.774803,42263054.914428,-0.00984016,-0.01157763,-0.00175628
2022-02-15,29826382.697898,44279207.236883,0.04810135,0.04770484,-0.00037838
2022-02-16,29931459.454928,44400800.202552,0.00352295,0.00274605,-0.00077447
2022-02-17,28020481.043885,41663741.111639,-0.06384515,-0.06164436,0.00234812
2022-02-18,27480991.684855,40764272.097696,-0.01925339,-0.02158877,-0.00238406
2022-02-22,26577205.803761,39521926.068556,-0.03288767,-0.03047635,0.00249022
2022-02-23,27002769.069174,39866664.938970,0.01601234,0.00872272,-0.00720059
2022-02-24,26892719.259071,39696244.540837,-0.00407550,-0.00427476,-0.00020009
2022-02-25,27185116.020938,40127890.457430,0.01087271,0.01087372,0.00000100
2022-02-28,27239851.428600,40208670.150105,0.00201343,0.00201306,-0.00000038
2022-03-01,27421521.923985,40476818.125625,0.00666929,0.00666891,-0.00000038
2022-03-02,27485602.470517,40571438.365446,0.00233687,0.00233764,0.00000077
2022-03-03,27637028.903381,40794964.961990,0.00550930,0.00550946,0.00000016
2022-03-04,27726681.467749,40927279.991384,0.00324393,0.00324342,-0.00000051
2022-03-07,27799599.654873,41034896.857015,0.00262989,0.00262947,-0.00000043
2022-03-08,27923307.971907,41217467.152644,0.00445000,0.00444915,-0.00000085
2022-03-09,27820532.686316,41065807.003260,-0.00368063,-0.00367951,0.00000112
2022-03-10,27836664.474809,41089615.925443,0.00057985,0.00057977,-0.00000008
2022-03-11,27798907.312934,41033892.869735,-0.00135638,-0.00135613,0.00000025
2022-03-14,27714690.301020,40909601.047676,-0.00302951,-0.00302900,0.00000051
2022-03-15,27624636.812267,40776697.186071,-0.00324931,-0.00324872,0.00000059
2022-03-16,27785905.345153,41014753.126886,0.00583785,0.00583804,0.00000019
2022-03-17,28099495.782739,41477670.583554,0.01128595,0.01128661,0.00000065
2022-03-18,27907343.801620,41194031.015453,-0.00683827,-0.00683837,-0.00000010
2022-03-21,28180205.640118,41596822.024281,0.00977742,0.00977790,0.00000047
2022-03-22,28124863.309080,41515138.892582,-0.00196387,-0.00196369,0.00000019
2022-03-23,28180038.599560,41596563.816082,0.00196180,0.00196133,-0.00000047
2022-03-24,28379909.435868,41891601.866447,0.00709264,0.00709285,0.00000021
2022-03-25,28515862.212800,42092306.662343,0.00479046,0.00479105,0.00000059
2022-03-28,28343495.916428,41837891.934392,-0.00604458,-0.00604421,0.00000037
2022-03-29,28208430.218198,41638506.446520,-0.00476532,-0.00476567,-0.00000035
2022-03-30,28372844.285890,41881200.998118,0.00582854,0.00582861,0.00000006
2022-03-31,28237679.094161,41681667.190654,-0.00476389,-0.00476428,-0.00000039
2022-04-01,28131908.269336,41525542.606268,-0.00374573,-0.00374564,0.00000009
2022-04-04,28012908.423558,41349863.639889,-0.00423007,-0.00423062,-0.00000056
2022-04-05,27890112.966421,41168604.967018,-0.00438353,-0.00438354,-0.00000001
2022-04-06,27932893.264258,41231753.267519,0.00153389,0.00153389,0.00000001
2022-04-07,28026535.450254,41369981.136247,0.00335240,0.00335246,0.00000006
2022-04-08,28250382.237000,41700415.906652,0.00798696,0.00798731,0.00000035
2022-04-11,28267268.614243,41725335.354082,0.00059774,0.00059758,-0.00000016
2022-04-12,28300968.557480,41775065.820055,0.00119219,0.00119185,-0.00000034
2022-04-13,28265840.995963,41723200.644599,-0.00124121,-0.00124153,-0.00000032
2022-04-14,28156999.560352,41562535.882432,-0.00385063,-0.00385073,-0.00000009
2022-04-18,28246518.464703,41694678.459249,0.00317928,0.00317937,0.00000009
2022-04-19,28151755.016195,41554819.038418,-0.00335487,-0.00335437,0.00000050
2022-04-20,28197376.753300,41622156.278903,0.00162056,0.00162044,-0.00000012
2022-04-21,28016760.012767,41355536.380567,-0.00640544,-0.00640572,-0.00000028
2022-04-22,27726554.576467,40927150.342862,-0.01035828,-0.01035861,-0.00000034
2022-04-25,27588677.877933,40723645.780450,-0.00497273,-0.00497236,0.00000037
2022-04-26,27461590.916617,40536033.170414,-0.00460649,-0.00460697,-0.00000048
2022-04-27,27365049.771063,40393533.106650,-0.00351550,-0.00351539,0.00000011
2022-04-28,27444945.517295,40511468.142083,0.00291963,0.00291965,0.00000002
2022-04-29,27153583.641282,40081358.662540,-0.01061623,-0.01061698,-0.00000076
2022-05-02,26865570.597250,39656224.027221,-0.01060682,-0.01060679,0.00000002
2022-05-03,26942184.939293,39769319.064388,0.00285177,0.00285189,0.00000012
2022-05-04,27302401.662322,40301054.126217,0.01336999,0.01337048,0.00000049
2022-05-05,27013221.466382,39874171.391135,-0.01059175,-0.01059235,-0.00000060
2022-05-06,26989273.678339,39838816.799891,-0.00088652,-0.00088665,-0.00000013
2022-05-09,26725930.995010,39450089.677799,-0.00975731,-0.00975750,-0.00000019
2022-05-10,26612003.572474,39281925.737760,-0.00426280,-0.00426270,0.00000010
2022-05-11,26658049.495821,39349883.467118,0.00173027,0.00173000,-0.00000027
2022-05-12,26408940.964915,38982172.771347,-0.00934459,-0.00934465,-0.00000006
2022-05-13,26405624.271999,38977289.702779,-0.00012559,-0.00012526,0.00000033
2022-05-16,26474735.614589,39079296.437926,0.00261730,0.00261708,-0.00000021
2022-05-17,26541328.488197,39177615.018281,0.00251534,0.00251587,0.00000054
2022-05-18,26349787.810842,38894858.793468,-0.00721670,-0.00721729,-0.00000060
2022-05-19,26394830.770346,38961325.163379,0.00170942,0.00170887,-0.00000055
2022-05-20,26414589.025910,38990490.700637,0.00074857,0.00074858,0.00000001
2022-05-23,26603643.404602,39269566.968258,0.00715720,0.00715755,0.00000035
2022-05-24,26679195.609441,39381081.118645,0.00283992,0.00283971,-0.00000021
2022-05-25,26612575.170784,39282745.985847,-0.00249709,-0.00249701,0.00000008
2022-05-26,26710883.360935,39427872.284558,0.00369405,0.00369440,0.00000035
2022-05-27,26912054.162442,39724840.285684,0.00753142,0.00753193,0.00000051
2022-05-31,26717259.378206,39437302.245038,-0.00723820,-0.00723824,-0.00000004
2022-06-01,26673782.459666,39373112.311216,-0.00162730,-0.00162765,-0.00000035
2022-06-02,26842613.520118,39622321.097823,0.00632948,0.00632942,-0.00000006
2022-06-03,26649740.685628,39337619.060933,-0.00718532,-0.00718540,-0.00000007
2022-06-06,26616008.268993,39287831.673708,-0.00126577,-0.00126564,0.00000013
2022-06-07,26733188.718255,39460803.380271,0.00440263,0.00440268,0.00000005
2022-06-08,26560721.354600,39206208.094597,-0.00645143,-0.00645185,-0.00000042
2022-06-09,26317110.055039,38846593.024528,-0.00917186,-0.00917240,-0.00000054
2022-06-10,26163770.797140,38620213.611181,-0.00582660,-0.00582752,-0.00000093
2022-06-13,25573368.205175,37748708.626689,-0.02256565,-0.02256603,-0.00000039
2022-06-14,25335822.862271,37398056.910927,-0.00928878,-0.00928910,-0.00000033
2022-06-15,25534451.703062,37691249.152695,0.00783984,0.00783977,-0.00000007
2022-06-16,25374539.244182,37455162.627407,-0.00626262,-0.00626370,-0.00000109
2022-06-17,25279462.102411,37314823.953083,-0.00374695,-0.00374684,0.00000011
2022-06-21,25332358.356205,37392916.635687,0.00209246,0.00209281,0.00000035
2022-06-22,25352135.777600,37422101.855701,0.00078072,0.00078050,-0.00000022
2022-06-23,25246196.037587,37265721.403468,-0.00417873,-0.00417883,-0.00000010
2022-06-24,25512583.171641,37658968.553123,0.01055158,0.01055252,0.00000093
2022-06-27,25498993.555027,37638910.544907,-0.00053266,-0.00053262,0.00000004
2022-06-28,25384059.885124,37469246.235209,-0.00450738,-0.00450768,-0.00000030
2022-06-29,25369140.893373,37447222.158873,-0.00058773,-0.00058779,-0.00000006
2022-06-30,25285236.437702,37323370.911676,-0.00330734,-0.00330735,-0.00000001
2022-07-01,25438346.272628,37549390.182495,0.00605531,0.00605570,0.00000040
2022-07-05,25221068.286580,37228677.490686,-0.00854136,-0.00854109,0.00000027
2022-07-06,25068471.092851,37003441.690280,-0.00605039,-0.00605006,0.00000033
2022-07-07,25165853.715154,37147198.298547,0.00388467,0.00388495,0.00000029
2022-07-08,25204175.570074,37203770.841430,0.00152277,0.00152293,0.00000016
2022-07-11,25091911.175465,37038052.895404,-0.00445420,-0.00445433,-0.00000013
2022-07-12,25039169.728100,36960200.697448,-0.00210193,-0.00210195,-0.00000002
2022-07-13,25080030.300171,37020513.644533,0.00163187,0.00163183,-0.00000003
2022-07-14,24874041.354738,36716453.731867,-0.00821327,-0.00821328,-0.00000002
2022-07-15,24972840.030734,36862303.703892,0.00397196,0.00397233,0.00000037
2022-07-18,24902096.936111,36757871.053614,-0.00283280,-0.00283305,-0.00000025
2022-07-19,25116150.173083,37073855.771449,0.00859579,0.00859638,0.00000059
2022-07-20,25117395.186103,37075708.651239,0.00004957,0.00004998,0.00000041
2022-07-21,25286605.778946,37325473.523256,0.00673679,0.00673662,-0.00000017
2022-07-22,25303859.798580,37350936.866286,0.00068234,0.00068220,-0.00000014
2022-07-25,25329801.341755,37389237.771645,0.00102520,0.00102543,0.00000023
2022-07-26,25247029.559690,37267050.638102,-0.00326776,-0.00326798,-0.00000021
2022-07-27,25483269.358412,37615772.501436,0.00935713,0.00935738,0.00000024
2022-07-28,25713575.411780,37955730.526607,0.00903754,0.00903765,0.00000011
2022-07-29,25921051.739197,38262004.304162,0.00806875,0.00806924,0.00000049
2022-08-01,25833755.460246,38133127.728079,-0.00336778,-0.00336827,-0.00000049
2022-08-02,25648316.749864,37859395.400445,-0.00717816,-0.00717833,-0.00000018
2022-08-03,25758163.654762,38021547.128696,0.00428281,0.00428300,0.00000019
2022-08-04,25881177.556183,38203113.286539,0.00477572,0.00477535,-0.00000037
2022-08-05,25696683.986276,37930786.443289,-0.00712848,-0.00712839,0.00000009
2022-08-08,25770129.736823,38039192.393613,0.00285818,0.00285799,-0.00000019
2022-08-09,25801093.662311,38084898.493571,0.00120154,0.00120155,0.00000001
2022-08-10,25846528.467535,38151971.525837,0.00176096,0.00176115,0.00000018
2022-08-11,25872629.053850,38190505.673880,0.00100983,0.00101002,0.00000019
2022-08-12,26086258.700923,38505853.504919,0.00825697,0.00825723,0.00000025
2022-08-15,26035521.084231,38430973.677001,-0.00194499,-0.00194463,0.00000036
2022-08-16,26129480.276438,38569681.266185,0.00360888,0.00360927,0.00000038
2022-08-17,25991665.708459,38366249.707352,-0.00527429,-0.00527439,-0.00000010
2022-08-18,25985448.167322,38357073.559835,-0.00023921,-0.00023917,0.00000004
2022-08-19,25721042.148566,37966768.148233,-0.01017516,-0.01017558,-0.00000043
2022-08-22,25398049.021677,37489974.872260,-0.01255754,-0.01255817,-0.00000064
2022-08-23,25502115.091264,37643585.854446,0.00409740,0.00409739,-0.00000002
2022-08-24,25636536.917601,37842017.922709,0.00527101,0.00527134,0.00000033
2022-08-25,25775340.699093,38046916.068986,0.00541430,0.00541457,0.00000027
2022-08-26,25451690.032997,37569159.015095,-0.01255660,-0.01255705,-0.00000046
2022-08-29,25395150.091545,37485694.133975,-0.00222146,-0.00222163,-0.00000017
2022-08-30,25254068.382858,37277441.968467,-0.00555546,-0.00555551,-0.00000005
2022-08-31,25030374.850284,36947235.823899,-0.00885772,-0.00885807,-0.00000035
2022-09-01,25006893.606785,36912587.949140,-0.00093811,-0.00093777,0.00000034
2022-09-02,24977526.144604,36869218.590369,-0.00117437,-0.00117492,-0.00000055
2022-09-06,24893228.987023,36744789.786163,-0.00337492,-0.00337487,0.00000005
2022-09-07,25079323.373470,37019487.619856,0.00747570,0.00747583,0.00000013
2022-09-08,25114692.185646,37071709.791433,0.00141028,0.00141067,0.00000039
2022-09-09,25202885.952751,37201895.601236,0.00351164,0.00351173,0.00000009
2022-09-12,25307794.886224,37356754.745584,0.00416258,0.00416267,0.00000009
2022-09-13,24901486.108211,36756982.295338,-0.01605469,-0.01605526,-0.00000058
2022-09-14,24895529.895791,36748197.048832,-0.00023919,-0.00023901,0.00000018
2022-09-15,24670768.077300,36416432.280828,-0.00902820,-0.00902806,0.00000015
2022-09-16,24668045.315073,36412404.058567,-0.00011036,-0.00011062,-0.00000025
2022-09-19,24792682.905806,36596395.571351,0.00505259,0.00505299,0.00000040
2022-09-20,24719154.649655,36487861.350948,-0.00296572,-0.00296571,0.00000002
2022-09-21,24518567.760880,36191747.329884,-0.00811463,-0.00811541,-0.00000078
2022-09-22,24451461.243290,36092686.910726,-0.00273697,-0.00273710,-0.00000013
2022-09-23,24281880.873897,35842379.828864,-0.00693539,-0.00693512,0.00000027
2022-09-26,24070597.823375,35530502.127377,-0.00870126,-0.00870137,-0.00000010
2022-09-27,24134763.246984,35625219.994146,0.00266572,0.00266582,0.00000010
2022-09-28,24499400.814216,36163466.317155,0.01510840,0.01510858,0.00000018
2022-09-29,24421829.036080,36048954.037679,-0.00316627,-0.00316652,-0.00000025
2022-09-30,24405952.095086,36025518.099445,-0.00065011,-0.00065011,-0.00000000
2022-10-03,24742163.217433,36521796.815510,0.01377578,0.01377576,-0.00000003
2022-10-04,25072920.796558,37010040.518296,0.01336818,0.01336856,0.00000038
2022-10-05,24949847.680814,36828369.203789,-0.00490861,-0.00490870,-0.00000010
2022-10-06,24851237.290597,36682802.040592,-0.00395234,-0.00395258,-0.00000024
2022-10-07,24551138.512940,36239813.114084,-0.01207581,-0.01207620,-0.00000040
2022-10-10,24367042.200351,35968072.895603,-0.00749848,-0.00749839,0.00000010
2022-10-11,24351704.262120,35945433.517294,-0.00062945,-0.00062943,0.00000002
2022-10-12,24339556.384398,35927490.308677,-0.00049885,-0.00049918,-0.00000033
2022-10-13,24560501.875341,36253667.035692,0.00907763,0.00907875,0.00000111
2022-10-14,24413201.225750,36036239.777396,-0.00599746,-0.00599739,0.00000007
2022-10-17,24564044.425240,36258910.409647,0.00617876,0.00617908,0.00000032
2022-10-18,24768305.304947,36560437.710271,0.00831544,0.00831595,0.00000050
2022-10-19,24515599.073604,36187413.311371,-0.01020281,-0.01020295,-0.00000015
2022-10-20,24344671.153577,35935092.191848,-0.00697221,-0.00697262,-0.00000041
2022-10-21,24755848.451762,36542046.151804,0.01688983,0.01689029,0.00000045
2022-10-24,24834316.182821,36657885.392555,0.00316966,0.00317003,0.00000036
2022-10-25,24934484.711400,36805750.569432,0.00403347,0.00403365,0.00000018
2022-10-26,24978294.610375,36870412.258015,0.00175700,0.00175684,-0.00000016
2022-10-27,25025678.666469,36940361.036769,0.00189701,0.00189715,0.00000014
2022-10-28,25195740.050319,37191425.338418,0.00679548,0.00679648,0.00000099
2022-10-31,24992340.525879,36891178.685913,-0.00807277,-0.00807301,-0.00000023
2022-11-01,25021278.043261,36933882.912905,0.00115786,0.00115757,-0.00000028
2022-11-02,24879600.817385,36724749.050950,-0.00566227,-0.00566238,-0.00000012
2022-11-03,24651839.970196,36388533.140078,-0.00915452,-0.00915502,-0.00000051
2022-11-04,24957614.097344,36839872.410997,0.01240370,0.01240334,-0.00000036
2022-11-07,25044114.942857,36967572.946592,0.00346591,0.00346637,0.00000046
2022-11-08,25304005.722720,37351189.119719,0.01037732,0.01037710,-0.00000022
2022-11-09,25162105.800055,37141720.652610,-0.00560780,-0.00560808,-0.00000028
2022-11-10,25867401.610559,38182830.663489,0.02803008,0.02803074,0.00000065
2022-11-11,26132371.513940,38573972.115700,0.01024339,0.01024391,0.00000051
2022-11-14,26101252.500562,38528030.574798,-0.00119082,-0.00119100,-0.00000018
2022-11-15,26172626.674843,38633386.439480,0.00273451,0.00273453,0.00000001
2022-11-16,26103299.717017,38531048.851052,-0.00264883,-0.00264894,-0.00000011
2022-11-17,25999498.557842,38377829.581126,-0.00397655,-0.00397651,0.00000004
2022-11-18,26014986.328759,38400706.196202,0.00059569,0.00059609,0.00000039
2022-11-21,25974548.067070,38341020.854123,-0.00155442,-0.00155428,0.00000014
2022-11-22,26139803.922309,38584971.078873,0.00636222,0.00636264,0.00000042
2022-11-23,26203031.593714,38678296.824649,0.00241883,0.00241871,-0.00000012
2022-11-25,26248084.542842,38744801.862726,0.00171938,0.00171944,0.00000006
2022-11-28,26072808.137933,38486069.368867,-0.00667768,-0.00667786,-0.00000018
2022-11-29,26171025.084216,38631050.381838,0.00376703,0.00376710,0.00000008
2022-11-30,26376597.240403,38934495.548297,0.00785495,0.00785496,0.00000000
2022-12-01,26495760.853010,39110371.893522,0.00451778,0.00451724,-0.00000054
2022-12-02,26473066.994261,39076876.619684,-0.00085651,-0.00085643,0.00000008
2022-12-05,26136745.292015,38580427.306206,-0.01270430,-0.01270443,-0.00000013
2022-12-06,26097791.111988,38522916.586022,-0.00149040,-0.00149067,-0.00000027
2022-12-07,26128533.127578,38568281.148070,0.00117795,0.00117760,-0.00000035
2022-12-08,26150708.056625,38601015.663504,0.00084869,0.00084874,0.00000006
2022-12-09,26176042.366627,38638409.871824,0.00096878,0.00096874,-0.00000004
2022-12-12,26255928.843644,38756353.272234,0.00305189,0.00305249,0.00000060
2022-12-13,26442221.021415,39031328.075214,0.00709524,0.00709496,-0.00000028
2022-12-14,26350282.201109,38895610.423738,-0.00347697,-0.00347715,-0.00000018
2022-12-15,26012536.385910,38397053.505384,-0.01281754,-0.01281782,-0.00000028
2022-12-16,26039446.580640,38436763.258026,0.00103451,0.00103419,-0.00000032
2022-12-19,26017400.814050,38404225.273921,-0.00084663,-0.00084653,0.00000010
2022-12-20,26200022.529170,38673785.324082,0.00701921,0.00701902,-0.00000019
2022-12-21,26381253.990960,38941323.825683,0.00691723,0.00691783,0.00000060
2022-12-22,26107168.179410,38536736.072695,-0.01038942,-0.01038968,-0.00000026
2022-12-23,26216766.136073,38698521.493833,0.00419800,0.00419821,0.00000021
2022-12-27,26251312.157600,38749505.873562,0.00131771,0.00131748,-0.00000023
2022-12-28,26171922.241941,38632317.211016,-0.00302423,-0.00302426,-0.00000004
2022-12-29,26392048.202066,38957259.716815,0.00841077,0.00841116,0.00000039
2022-12-30,26421836.884570,39001227.605298,0.00112870,0.00112862,-0.00000008
2023-01-03,26517720.777374,39142756.950810,0.00362896,0.00362884,-0.00000012
2023-01-04,26740562.770199,39471700.538167,0.00840351,0.00840369,0.00000018
2023-01-05,26572534.960273,39223678.852717,-0.00628363,-0.00628353,0.00000010
2023-01-06,26923138.085409,39741206.645594,0.01319419,0.01319427,0.00000008
2023-01-09,26885842.792420,39686145.471487,-0.00138525,-0.00138549,-0.00000024
2023-01-10,26929736.426829,39750936.703333,0.00163259,0.00163259,-0.00000000
2023-01-11,27016581.226647,39879138.116668,0.00322487,0.00322512,0.00000025
2023-01-12,27118780.481318,40029982.450163,0.00378283,0.00378254,-0.00000030
2023-01-13,27176968.512943,40115861.305700,0.00214567,0.00214536,-0.00000031
2023-01-17,27029258.114608,39897820.139340,-0.00543513,-0.00543529,-0.00000015
2023-01-18,26835453.165307,39611726.271002,-0.00717019,-0.00717066,-0.00000048
2023-01-19,26898846.444350,39705279.443409,0.00236230,0.00236175,-0.00000054
2023-01-20,27005124.053517,39862174.846962,0.00395101,0.00395150,0.00000049
2023-01-23,27009491.439388,39868620.508105,0.00016172,0.00016170,-0.00000003
2023-01-24,27075152.610871,39965542.704360,0.00243104,0.00243104,-0.00000000
2023-01-25,27135372.407604,40054430.671341,0.00222417,0.00222412,-0.00000006
2023-01-26,27016133.311270,39878425.592565,-0.00439423,-0.00439415,0.00000008
2023-01-27,27003390.140237,39859616.557760,-0.00047169,-0.00047166,0.00000003
2023-01-30,26875788.018738,39671255.060468,-0.00472541,-0.00472562,-0.00000021
2023-01-31,27069909.515339,39957811.512381,0.00722291,0.00722328,0.00000036
2023-02-01,28133126.683261,41330740.207270,0.03927672,0.03435946,-0.00474265
2023-02-02,29328640.005995,43126307.824791,0.04249486,0.04344388,0.00090992
2023-02-03,28374241.895406,41796544.661644,-0.03254151,-0.03083415,0.00176323
2023-02-06,27868351.255888,41021613.589587,-0.01782922,-0.01854055,-0.00072451
2023-02-07,28933118.771039,42633192.595882,0.03820705,0.03928609,0.00103879
2023-02-08,27967922.079773,41217469.973714,-0.03335958,-0.03320705,0.00015778
2023-02-09,27235811.525892,40101459.650292,-0.02617679,-0.02707615,-0.00092396
2023-02-10,27421217.830012,40342329.941983,0.00680745,0.00600652,-0.00079582
2023-02-13,28357507.202671,41713738.122952,0.03414470,0.03399427,-0.00014547
2023-02-14,28312073.129936,41675760.951416,-0.00160219,-0.00091042,0.00069264
2023-02-15,28582574.508934,42008683.450802,0.00955428,0.00798840,-0.00155227
2023-02-16,27376060.936419,40335111.443863,-0.04221151,-0.03983872,0.00247430
2023-02-17,27150393.326546,40001878.485214,-0.00824325,-0.00826161,-0.00001852
2023-02-21,25519611.568093,37621827.326421,-0.06006476,-0.05949848,0.00060228
2023-02-22,25410985.000585,37446949.849798,-0.00425659,-0.00464830,-0.00039346
2023-02-23,25781311.847078,38045467.210490,0.01457349,0.01598307,0.00138837
2023-02-24,24941046.494045,36847084.612017,-0.03259203,-0.03149870,0.00112953
2023-02-27,25187500.007295,37195781.425967,0.00988144,0.00946335,-0.00041409
2023-02-28,24889753.630572,36848857.247450,-0.01182120,-0.00932698,0.00252088
2023-03-01,24604749.081957,36316992.480674,-0.01145068,-0.01443368,-0.00302212
2023-03-02,25143927.135984,37161366.916032,0.02191358,0.02325012,0.00130703
2023-03-03,26326368.041886,38974691.373139,0.04702690,0.04879596,0.00168818
2023-03-06,26409200.310730,39058010.571018,0.00314636,0.00213778,-0.00100593
2023-03-07,25170680.568447,37301569.228056,-0.04689728,-0.04497007,0.00202000
2023-03-08,25275793.178290,37458382.842849,0.00417599,0.00420394,0.00002783
2023-03-09,23875106.733285,35373397.868064,-0.05541612,-0.05566137,-0.00025967
2023-03-10,22836181.989419,33842187.032483,-0.04351498,-0.04328707,0.00023825
2023-03-13,22709187.701886,33659171.821912,-0.00556110,-0.00540790,0.00015404
2023-03-14,23829203.364808,35293402.039522,0.04931994,0.04855230,-0.00073182
2023-03-15,23376580.453068,34588527.104154,-0.01899446,-0.01997186,-0.00099682
2023-03-16,24564688.977009,36347532.126242,0.05082474,0.05085516,0.00002895
2023-03-17,23746480.412768,35153740.433722,-0.03330832,-0.03284382,0.00048039
2023-03-20,24377921.370089,36113500.602006,0.02659093,0.02730179,0.00069221
2023-03-21,25322588.052678,37515335.039887,0.03875091,0.03881746,0.00006407
2023-03-22,24050409.539296,35709710.755637,-0.05023888,-0.04813030,0.00221766
2023-03-23,24209529.863724,36025820.955100,0.00661612,0.00885222,0.00221894
2023-03-24,24678955.935686,36632979.269202,0.01939014,0.01685342,-0.00249156
2023-03-27,24788476.952851,36816137.788218,0.00443783,0.00499983,0.00055936
2023-03-28,24644772.120767,36641438.683267,-0.00579724,-0.00474518,0.00105764
2023-03-29,25683500.705291,38184823.390560,0.04214803,0.04212129,-0.00002566
2023-03-30,26129894.492582,38815954.902806,0.01738057,0.01652833,-0.00083802
2023-03-31,27210941.674087,40478051.072722,0.04137205,0.04281992,0.00138939
2023-04-03,27520138.991302,40914516.531427,0.01136298,0.01078277,-0.00057385
2023-04-04,27039983.553719,40197980.668999,-0.01744742,-0.01751300,-0.00006674
2023-04-05,26829319.875765,39890916.151892,-0.00779082,-0.00763880,0.00015320
2023-04-06,27122824.237350,40320685.238503,0.01093969,0.01077361,-0.00016430
2023-04-10,27197296.412692,40449093.732664,0.00274574,0.00318468,0.00043764
2023-04-11,27194031.051975,40440798.073437,-0.00012006,-0.00020509,-0.00008504
2023-04-12,26854985.720398,39934690.048815,-0.01246764,-0.01251479,-0.00004775
2023-04-13,27885461.348860,41537377.644103,0.03837186,0.04013272,0.00169435
2023-04-14,27699223.533596,41278732.301271,-0.00667867,-0.00622681,0.00045480
2023-04-17,27967708.338557,41686900.364395,0.00969286,0.00988810,0.00019334
2023-04-18,28010408.420207,41786674.791657,0.00152676,0.00239342,0.00086496
2023-04-19,27991518.926886,41770857.392448,-0.00067437,-0.00037853,0.00029600
2023-04-20,27502539.933124,41034002.554924,-0.01746883,-0.01764040,-0.00017464
2023-04-21,27536186.481854,41138431.136784,0.00122340,0.00254493,0.00131905
2023-04-24,27631185.303091,41245716.568536,0.00344996,0.00260791,-0.00083951
2023-04-25,26306882.739666,39304050.349873,-0.04792782,-0.04707558,0.00089474
2023-04-26,25942193.570268,38833634.111970,-0.01386288,-0.01196865,0.00191902
2023-04-27,27473004.256622,41177336.337957,0.05900853,0.06035238,0.00126817
2023-04-28,28163690.087522,42182638.426672,0.02514053,0.02441397,-0.00070900
2023-05-01,28091498.914573,42135947.385446,-0.00256327,-0.00110688,0.00145907
2023-05-02,27132119.019425,40700438.938231,-0.03415197,-0.03406850,0.00008641
2023-05-03,26550970.833211,39841058.398332,-0.02141920,-0.02111477,0.00031104
2023-05-04,25954288.992908,38959719.109673,-0.02247307,-0.02212138,0.00035971
2023-05-05,27369224.248970,41174104.767823,0.05451643,0.05683782,0.00219896
2023-05-08,27399916.984462,41230154.826125,0.00112143,0.00136129,0.00023956
2023-05-09,27029540.948807,40662502.496909,-0.01351741,-0.01376789,-0.00025394
2023-05-10,27369291.254576,41202333.958949,0.01256959,0.01327590,0.00069730
2023-05-11,27239691.364300,40988305.619985,-0.00473523,-0.00519457,-0.00046163
2023-05-12,27114814.488255,40789165.448456,-0.00458437,-0.00485846,-0.00027539
2023-05-15,27381826.509264,41154470.821039,0.00984746,0.00895594,-0.00088321
2023-05-16,26823557.900976,40368289.781795,-0.02038829,-0.01910317,0.00131100
2023-05-17,27769633.952211,41810423.913579,0.03527034,0.03572443,0.00043852
2023-05-18,28569305.610229,42969655.525980,0.02879662,0.02772590,-0.00104129
2023-05-19,28418047.351373,42771201.377240,-0.00529443,-0.00461847,0.00067933
2023-05-22,28449254.627414,42795516.731637,0.00109815,0.00056850,-0.00052921
2023-05-23,27480047.161395,41346440.782354,-0.03406794,-0.03386046,0.00021477
2023-05-24,26847470.096700,40428329.242872,-0.02301950,-0.02220533,0.00083301
2023-05-25,27534596.363342,41492200.454831,0.02559371,0.02631499,0.00070304
2023-05-26,28593209.572124,43093463.108641,0.03844666,0.03859190,0.00013985
2023-05-30,28604287.355633,43074173.914314,0.00038743,-0.00044761,-0.00083507
2023-05-31,28121814.780549,42274681.578323,-0.01686714,-0.01856083,-0.00172423
2023-06-01,28915090.036396,43547924.940632,0.02820854,0.03011834,0.00185569
2023-06-02,30172858.412243,45446795.539770,0.04349868,0.04360416,0.00010107
2023-06-05,29981517.510565,45185768.583662,-0.00634149,-0.00574357,0.00060155
2023-06-06,30150875.723586,45492495.793915,0.00564875,0.00678814,0.00113234
2023-06-07,29837848.761541,44982697.806921,-0.01038202,-0.01120620,-0.00083317
2023-06-08,30358472.750058,45797289.535336,0.01744844,0.01810900,0.00064902
2023-06-09,30494204.289305,45947605.016521,0.00447096,0.00328219,-0.00118418
2023-06-12,31318431.379205,47186465.273588,0.02702898,0.02696246,-0.00006477
2023-06-13,31921265.024730,48138046.491011,0.01924853,0.02016640,0.00090014
2023-06-14,31977989.593334,48248268.439689,0.00177702,0.00228971,0.00051165
2023-06-15,33190734.615707,49976065.350398,0.03792437,0.03581055,-0.00203866
2023-06-16,32805454.336547,49402360.696615,-0.01160807,-0.01147959,0.00012998
2023-06-20,32333541.136809,48706271.618612,-0.01438521,-0.01409020,0.00029927
2023-06-21,31784722.084943,47922156.903663,-0.01697368,-0.01609884,0.00088954
2023-06-22,32114435.779857,48429423.414564,0.01037334,0.01058522,0.00020968
2023-06-23,31374278.513264,47332746.932660,-0.02304749,-0.02264484,0.00041207
2023-06-26,30968812.409160,46703224.427243,-0.01292352,-0.01329994,-0.00038142
2023-06-27,31981391.797546,48309372.715588,0.03269675,0.03439052,0.00163881
2023-06-28,32006960.671298,48256022.183406,0.00079949,-0.00110435,-0.00190413
2023-06-29,32356129.399125,48886403.899883,0.01090915,0.01306328,0.00212861
2023-06-30,33488677.534311,50631779.248373,0.03500258,0.03570267,0.00067619
2023-07-03,33662859.339363,50812355.297610,0.00520121,0.00356646,-0.00162762
2023-07-05,33419469.637601,50512545.645948,-0.00723021,-0.00590033,0.00133867
2023-07-06,32583584.709661,49309037.641926,-0.02501191,-0.02382592,0.00121568
2023-07-07,32338435.882688,48873931.701622,-0.00752369,-0.00882406,-0.00131109
2023-07-10,32580831.588727,49236637.877705,0.00749559,0.00742126,-0.00007378
2023-07-11,33189950.122924,50237630.681999,0.01869561,0.02033024,0.00160335
2023-07-12,33955513.478210,51348077.388400,0.02306612,0.02210388,-0.00094098
2023-07-13,34767507.315777,52625595.115977,0.02391346,0.02487956,0.00094309
2023-07-14,34665376.875780,52462567.239532,-0.00293753,-0.00309788,-0.00016084
2023-07-17,35009212.376560,53053387.635281,0.00991870,0.01126175,0.00132898
2023-07-18,35786452.068587,54172989.746447,0.02220100,0.02110331,-0.00107443
2023-07-19,35998605.925454,54540419.405665,0.00592833,0.00678253,0.00084880
2023-07-20,35273959.211638,53454442.172928,-0.02012985,-0.01991142,0.00022290
2023-07-21,35267765.353041,53497253.935459,-0.00017559,0.00080090,0.00097619
2023-07-24,35696712.554647,54139572.960603,0.01216259,0.01200658,-0.00015414
2023-07-25,35992939.201388,54580340.948306,0.00829843,0.00814133,-0.00015582
2023-07-26,35999063.191067,54549693.807252,0.00017014,-0.00056151,-0.00073179
2023-07-27,35246140.280935,53444285.328006,-0.02091507,-0.02026425,0.00066450
2023-07-28,36256004.480411,55052721.015466,0.02865177,0.03009556,0.00140259
2023-07-31,36445252.801044,55298718.784264,0.00521978,0.00446840,-0.00074775
2023-08-01,36086561.732242,54846277.963557,-0.00984191,-0.00818176,0.00167525
2023-08-02,34566358.293018,52547601.681393,-0.04212658,-0.04191125,0.00022477
2023-08-03,34253446.183197,52107579.135044,-0.00905250,-0.00837379,0.00068468
2023-08-04,33730638.007091,51275123.551229,-0.01526294,-0.01597571,-0.00072408
2023-08-07,34623965.927784,52667882.844315,0.02648417,0.02716248,0.00066059
2023-08-08,34155321.584814,51999873.216501,-0.01353526,-0.01268343,0.00086314
2023-08-09,33455000.034773,50898936.090471,-0.02050402,-0.02117192,-0.00068211
2023-08-10,33494754.999659,50929466.740076,0.00118831,0.00059983,-0.00058796
2023-08-11,33382702.422769,50757042.188572,-0.00334538,-0.00338556,-0.00004031
2023-08-14,33928756.348423,51643511.877995,0.01635739,0.01746496,0.00108915
2023-08-15,32742688.686124,49847751.841665,-0.03495759,-0.03477223,0.00019206
2023-08-16,31997768.665791,48684176.351034,-0.02275073,-0.02334259,-0.00060582
2023-08-17,31202654.651965,47558859.396259,-0.02484905,-0.02311463,0.00177703
2023-08-18,31271222.783526,47505230.610363,0.00219751,-0.00112763,-0.00332336
2023-08-21,31873524.100499,48475711.419393,0.01926056,0.02042893,0.00114563
2023-08-22,31587737.416019,48046468.331339,-0.00896627,-0.00885481,0.00011247
2023-08-23,32591414.653968,49647717.115118,0.03177427,0.03332709,0.00150387
2023-08-24,31273010.792361,47656913.729391,-0.04045249,-0.04009859,0.00036875
2023-08-25,31876832.348366,48624848.634956,0.01930807,0.02031048,0.00098294
2023-08-28,32488143.030706,49544058.129250,0.01917727,0.01890411,-0.00026806
2023-08-29,33854288.139807,51671457.338882,0.04205058,0.04293954,0.00085273
2023-08-30,34258584.106842,52253892.144350,0.01194224,0.01127189,-0.00066266
2023-08-31,34107694.112735,51998446.266524,-0.00440444,-0.00488855,-0.00048637
2023-09-01,34305790.614959,52272258.991552,0.00580797,0.00526579,-0.00053920
2023-09-05,33837205.086290,51628532.696147,-0.01365908,-0.01231487,0.00136189
2023-09-06,33117375.702498,50541134.046955,-0.02127331,-0.02106197,0.00021591
2023-09-07,32803074.752118,50040730.549424,-0.00949051,-0.00990092,-0.00041442
2023-09-08,32919294.650733,50252809.595968,0.00354296,0.00423813,0.00069248
2023-09-11,33549361.203408,51277672.719135,0.01913973,0.02039415,0.00123010
2023-09-12,32990561.240171,50390194.880239,-0.01665605,-0.01730730,-0.00066249
2023-09-13,33087818.651011,50573889.648760,0.00294804,0.00364545,0.00069512
2023-09-14,33927811.038506,51865385.019777,0.02538676,0.02553680,0.00014632
2023-09-15,32639754.167866,49969024.773167,-0.03796463,-0.03656312,0.00145576
2023-09-18,32729057.874664,50073476.701276,0.00273604,0.00209033,-0.00064415
2023-09-19,32513638.253165,49748282.320880,-0.00658191,-0.00649434,0.00008814
2023-09-20,31582883.838530,48351196.733516,-0.02862658,-0.02808309,0.00055935
2023-09-21,30012159.764341,45986162.527622,-0.04973340,-0.04891366,0.00086226
2023-09-22,29777859.779677,45658427.257816,-0.00780684,-0.00712682,0.00068513
2023-09-25,30132287.812257,46221611.438702,0.01190240,0.01233473,0.00042715
2023-09-26,28788463.918855,44152778.407770,-0.04459747,-0.04475900,-0.00016908
2023-09-27,28791938.565933,44188542.859712,0.00012070,0.00081002,0.00068900
2023-09-28,29277483.885983,44960083.027990,0.01686393,0.01746019,0.00058619
2023-09-29,29051084.192787,44593848.915746,-0.00773289,-0.00814576,-0.00041617
2023-10-02,29027919.502566,44606371.850723,-0.00079738,0.00028082,0.00107848
2023-10-03,27840527.135774,42778186.546237,-0.04090518,-0.04098485,-0.00008306
2023-10-04,28439055.544577,43829054.530059,0.02149846,0.02456551,0.00299800
2023-10-05,28350832.266328,43649409.039559,-0.00310219,-0.00409878,-0.00100019
2023-10-06,29348911.593024,45197197.999487,0.03520459,0.03545956,0.00024627
2023-10-09,29919250.598938,46039849.809320,0.01943305,0.01864389,-0.00077442
2023-10-10,30365494.424767,46731264.970124,0.01491494,0.01501775,0.00010130
2023-10-11,30733940.755246,47313802.040351,0.01213372,0.01246568,0.00032793
2023-10-12,30162178.063234,46430313.045108,-0.01860362,-0.01867297,-0.00007066
2023-10-13,29668373.450006,45722098.361045,-0.01637165,-0.01525328,0.00113634
2023-10-16,30583133.302934,47192460.420985,0.03083283,0.03215867,0.00128536
2023-10-17,30568143.190817,47169989.293732,-0.00049014,-0.00047616,0.00001399
2023-10-18,29323734.148739,45282182.690642,-0.04070934,-0.04002135,0.00071693
2023-10-19,28561547.300254,44099571.632327,-0.02599215,-0.02611648,-0.00012765
2023-10-20,27478390.816242,42434515.675166,-0.03792359,-0.03775674,0.00017342
2023-10-23,27317787.607002,42216100.549716,-0.00584471,-0.00514711,0.00070145
2023-10-24,27915584.232050,43147717.528650,0.02188305,0.02206781,0.00018079
2023-10-25,26718383.015402,41272772.824029,-0.04288648,-0.04345409,-0.00059321
2023-10-26,25719269.488727,39799131.128145,-0.03739424,-0.03570494,0.00175339
2023-10-27,25362664.862298,39210544.537724,-0.01386527,-0.01478893,-0.00093709
2023-10-30,26263736.238491,40657975.382093,0.03552747,0.03691433,0.00133838
2023-10-31,26725403.495736,41438084.225730,0.01757813,0.01918711,0.00157994
2023-11-01,27592976.195385,42719893.244776,0.03246247,0.03093311,-0.00148237
2023-11-02,29150148.323907,45112648.075696,0.05643364,0.05601032,-0.00040079
2023-11-03,29942402.800515,46341838.751746,0.02717840,0.02724714,0.00006692
2023-11-06,30098477.296977,46578077.896699,0.00521249,0.00509775,-0.00011415
2023-11-07,30336384.637557,46964369.312184,0.00790430,0.00829342,0.00038599
2023-11-08,30393876.357419,47094730.199895,0.00189514,0.00277574,0.00087855
2023-11-09,29688697.544571,45958081.317294,-0.02320135,-0.02413537,-0.00095667
2023-11-10,31061695.909371,48113374.007279,0.04624650,0.04689692,0.00062148
2023-11-13,30949630.199423,47996673.941907,-0.00360784,-0.00242552,0.00118590
2023-11-14,32715666.569346,50718275.134051,0.05706163,0.05670395,-0.00033843
2023-11-15,32911328.618859,50950085.735301,0.00598068,0.00457055,-0.00140273
2023-11-16,33031391.302003,51122140.140990,0.00364807,0.00337692,-0.00027020
2023-11-17,33158625.901122,51308707.415551,0.00385193,0.00364944,-0.00020173
2023-11-20,33888968.284239,52422218.421312,0.02202571,0.02170218,-0.00031661
2023-11-21,33604260.453676,52107427.342899,-0.00840119,-0.00600492,0.00241366
2023-11-22,34020993.138520,52733078.346259,0.01240119,0.01200694,-0.00038949
2023-11-24,34057890.377862,52823659.340470,0.00108454,0.00171773,0.00063230
2023-11-27,33860137.946012,52520701.752634,-0.00580636,-0.00573526,0.00007151
2023-11-28,33940653.051922,52666117.273721,0.00237787,0.00276873,0.00038985
2023-11-29,33855711.597154,52511343.478936,-0.00250265,-0.00293877,-0.00043732
2023-11-30,34230278.875942,53096510.941437,0.01106364,0.01114364,0.00007912
2023-12-01,34812923.409233,54011379.974780,0.01702132,0.01723030,0.00020547
2023-12-04,34268102.312216,53163097.156055,-0.01564997,-0.01570563,-0.00005655
2023-12-05,34216704.163371,53069192.853032,-0.00149988,-0.00176634,-0.00026690
2023-12-06,33769096.134444,52449862.569718,-0.01308156,-0.01167024,0.00142901
2023-12-07,34542690.888397,53688307.630892,0.02290836,0.02361198,0.00068762
2023-12-08,34963644.710093,54326869.520024,0.01218648,0.01189387,-0.00028913
2023-12-11,35350428.715586,54941310.368143,0.01106246,0.01131007,0.00024487
2023-12-12,35857363.488803,55666102.043459,0.01434027,0.01319211,-0.00113257
2023-12-13,37301982.957797,57916713.585111,0.04028794,0.04043056,0.00013708
2023-12-14,37609372.865472,58353194.867860,0.00824058,0.00753636,-0.00069871
2023-12-15,37416259.422097,58325603.936411,-0.00513472,-0.00047283,0.00467501
2023-12-18,38030164.292899,59115875.724089,0.01640744,0.01354931,-0.00281595
2023-12-19,38702509.125339,60132286.112442,0.01767925,0.01719353,-0.00047740
2023-12-20,37011689.526827,57548234.875874,-0.04368760,-0.04297278,0.00074720
2023-12-21,38072289.876113,59320490.190281,0.02865582,0.03079600,0.00207840
2023-12-22,38316371.475719,59604259.661000,0.00641100,0.00478367,-0.00161828
2023-12-26,38772396.224964,60356025.341892,0.01190156,0.01261262,0.00070244
2023-12-27,38963105.019674,60601918.267351,0.00491867,0.00407404,-0.00084085
2023-12-28,38959330.381466,60659881.968459,-0.00009688,0.00095647,0.00105289
2023-12-29,38624774.803710,60155436.686462,-0.00858730,-0.00831596,0.00027365
2024-01-02,37862311.039763,59168893.075264,-0.01974028,-0.01639991,0.00340184
2024-01-03,36997714.950645,57760906.311720,-0.02283527,-0.02379606,-0.00098373
2024-01-04,36626235.153783,57160143.298967,-0.01004061,-0.01040086,-0.00036396
2024-01-05,36746292.118421,57465068.262428,0.00327790,0.00533457,0.00204786
2024-01-08,38302068.860729,59908175.254432,0.04233833,0.04251465,0.00016914
2024-01-09,38001125.140664,59634017.825861,-0.00785711,-0.00457629,0.00330135
2024-01-10,38731741.241468,60616228.471694,0.01922617,0.01647064,-0.00270721
2024-01-11,38669904.818037,60489561.510511,-0.00159653,-0.00208965,-0.00049403
2024-01-12,38700850.872127,60611269.646610,0.00080026,0.00201205,0.00121009
2024-01-16,38283932.281689,59963716.259661,-0.01077285,-0.01068371,0.00009011
2024-01-17,37622737.326587,58969056.451784,-0.01727082,-0.01658769,0.00069489
2024-01-18,38605158.005241,60496522.395142,0.02611242,0.02590284,-0.00020427
2024-01-19,40000596.676423,62703692.389710,0.03614643,0.03648425,0.00032598
2024-01-22,40251404.790109,63109770.809491,0.00627011,0.00647615,0.00020473
2024-01-23,40587328.785242,63637794.070266,0.00834565,0.00836674,0.00002092
2024-01-24,40665501.481263,63747617.975638,0.00192604,0.00172577,-0.00019991
2024-01-25,41328810.432107,64748036.420020,0.01631134,0.01569342,-0.00060819
2024-01-26,41230795.526260,64613148.714422,-0.00237159,-0.00208327,0.00028896
2024-01-29,42106867.723765,66071980.350480,0.02124801,0.02257794,0.00130141
2024-01-30,41993445.591206,65943130.028974,-0.00269367,-0.00195015,0.00074525
2024-01-31,39917447.503616,62802824.106694,-0.04943624,-0.04762143,0.00190738
2024-02-01,41470476.663173,65179236.078103,0.03890602,0.03783925,-0.00102735
2024-02-02,42725053.211966,67232798.502058,0.03025228,0.03150639,0.00121654
2024-02-05,42232558.765309,66607974.386848,-0.01152706,-0.00929344,0.00225712
2024-02-06,42603153.118033,67047023.981847,0.00877509,0.00659155,-0.00216689
2024-02-07,43628872.470589,68672632.136527,0.02407614,0.02424579,0.00016565
2024-02-08,43692955.548398,68776797.297355,0.00146882,0.00151684,0.00004794
2024-02-09,44412147.292247,69932780.939657,0.01646013,0.01680776,0.00034194
2024-02-12,44326237.597313,69743053.198693,-0.00193437,-0.00271300,-0.00078044
2024-02-13,42426769.226362,66933974.486542,-0.04285201,-0.04027754,0.00268612
2024-02-14,43613999.544249,68852451.163113,0.02798305,0.02866223,0.00066047
2024-02-15,44474293.707461,70029847.309226,0.01972518,0.01710028,-0.00257745
2024-02-16,43766576.212263,69035768.081730,-0.01591296,-0.01419508,0.00174413
2024-02-20,43020757.053113,67825360.874579,-0.01704084,-0.01753304,-0.00050086
2024-02-21,43126696.316903,68071863.094220,0.00246252,0.00363437,0.00116829
2024-02-22,45820086.822325,72345961.556977,0.06245298,0.06278803,0.00031531
2024-02-23,45855920.329470,72381472.273210,0.00078205,0.00049085,-0.00029102
2024-02-26,45325936.032672,71560996.408266,-0.01155760,-0.01133544,0.00022473
2024-02-27,45551700.247158,71920490.264763,0.00498091,0.00502360,0.00004248
2024-02-28,45314614.716040,71550229.706202,-0.00520476,-0.00514819,0.00005686
2024-02-29,45791552.501164,72663031.329152,0.01052503,0.01555273,0.00496300
2024-03-01,47089583.503652,74398465.465651,0.02834652,0.02388332,-0.00434962
2024-03-04,46895137.936543,74141103.676364,-0.00412927,-0.00345924,0.00067259
2024-03-05,45458159.265790,71894564.643206,-0.03064238,-0.03030086,0.00035226
2024-03-06,46155063.951816,73002127.611136,0.01533068,0.01540538,0.00007356
2024-03-07,47499625.845536,75239470.158879,0.02913141,0.03064763,0.00147223
2024-03-08,46608654.338695,73789929.965923,-0.01875744,-0.01926569,-0.00051810
2024-03-11,46466290.677690,73538172.099164,-0.00305445,-0.00341182,-0.00035853
2024-03-12,47931827.208593,75978190.594796,0.03153978,0.03318030,0.00158910
2024-03-13,47686611.837338,75542718.340157,-0.00511592,-0.00573154,-0.00061898
2024-03-14,47345810.750418,74903139.537747,-0.00714668,-0.00846645,-0.00133015
2024-03-15,46340714.106702,73466313.311611,-0.02122884,-0.01918246,0.00208859
2024-03-18,47183869.956893,74854232.790723,0.01819471,0.01889192,0.00068451
2024-03-19,47950334.664836,76087943.550955,0.01624421,0.01648151,0.00023348
2024-03-20,49178167.416873,78047953.470064,0.02560634,0.02575980,0.00014961
2024-03-21,49642263.022825,78733018.552050,0.00943703,0.00877749,-0.00065358
2024-03-22,49420229.187569,78390680.775208,-0.00447268,-0.00434808,0.00012515
2024-03-25,49008547.462212,77679514.300356,-0.00833023,-0.00907208,-0.00074836
2024-03-26,48568343.094358,77013738.551340,-0.00898220,-0.00857080,0.00041504
2024-03-27,49812694.631283,79018816.128200,0.02562063,0.02603532,0.00040425
2024-03-28,49765472.725442,79262049.618313,-0.00094799,0.00307817,0.00402188
2024-04-01,49541465.527889,78796798.469428,-0.00450126,-0.00586978,-0.00137566
2024-04-02,48541008.445706,77083490.888561,-0.02019434,-0.02174337,-0.00158221
2024-04-03,48644619.676202,77326459.522198,0.00213451,0.00315202,0.00101483
2024-04-04,46819516.985805,74429924.748148,-0.03751911,-0.03745852,0.00006295
2024-04-05,48285398.588361,76902989.701381,0.03130920,0.03322676,0.00185762
2024-04-08,48315674.806358,76824418.385751,0.00062703,-0.00102169,-0.00164905
2024-04-09,48467880.715841,77137479.772676,0.00315024,0.00407502,0.00092146
2024-04-10,47032804.714412,74994083.162043,-0.02960880,-0.02778671,0.00187593
2024-04-11,48024090.073935,76638652.532761,0.02107647,0.02192932,0.00083490
2024-04-12,46032800.397274,73359276.890946,-0.04146439,-0.04279010,-0.00138401
2024-04-15,44253648.266781,70697086.492585,-0.03864966,-0.03628976,0.00245177
2024-04-16,43990942.117238,70254603.459128,-0.00593637,-0.00625886,-0.00032446
2024-04-17,43170178.798799,69023084.374206,-0.01865755,-0.01752937,0.00114897
2024-04-18,42850329.548611,68545459.026615,-0.00740903,-0.00691979,0.00049277
2024-04-19,41750202.070787,66703306.004548,-0.02567372,-0.02687491,-0.00123360
2024-04-22,42813743.965741,68480150.211383,0.02547393,0.02663802,0.00113453
2024-04-23,44409287.707225,70890828.025901,0.03726709,0.03520258,-0.00199232
2024-04-24,44286790.886504,70897609.414496,-0.00275836,0.00009566,0.00285783
2024-04-25,43712521.319363,69911786.044895,-0.01296706,-0.01390489,-0.00095060
2024-04-26,45000070.491027,72054001.950104,0.02945493,0.03064170,0.00115215
2024-04-29,45445665.667645,72733501.366598,0.00990210,0.00943042,-0.00046716
2024-04-30,43264724.257978,69349033.468293,-0.04799009,-0.04653245,0.00152995
2024-05-01,42818372.750549,68610842.024500,-0.01031675,-0.01064458,-0.00033130
2024-05-02,43992223.788791,70516051.444381,0.02741466,0.02776834,0.00034419
2024-05-03,45604694.353203,73164408.581335,0.03665354,0.03755680,0.00087095
2024-05-06,46958707.431624,75380339.488729,0.02969021,0.03028701,0.00057942
2024-05-07,47133837.220419,75655690.636111,0.00372944,0.00365282,-0.00007634
2024-05-08,47113188.598179,75637811.922852,-0.00043808,-0.00023632,0.00020184
2024-05-09,47898081.351168,76774924.779450,0.01665972,0.01503366,-0.00160070
2024-05-10,48048115.829802,77133607.108840,0.00313237,0.00467187,0.00153352
2024-05-13,48029802.386259,77080754.804391,-0.00038115,-0.00068520,-0.00030422
2024-05-14,48685900.732800,78165283.606075,0.01366023,0.01407003,0.00040420
2024-05-15,50437251.813528,80828679.094579,0.03597245,0.03407389,-0.00183431
2024-05-16,50119875.045054,80308955.564366,-0.00629251,-0.00642994,-0.00013831
2024-05-17,50314183.596598,80580097.899170,0.00387688,0.00337624,-0.00049883
2024-05-20,50434486.187106,80807885.222155,0.00239103,0.00282684,0.00043468
2024-05-21,50812609.536019,81403909.886814,0.00749732,0.00737582,-0.00012060
2024-05-22,50340510.683581,80736447.045209,-0.00929098,-0.00819940,0.00110121
2024-05-23,49189734.780994,78939268.988320,-0.02285984,-0.02225981,0.00061388
2024-05-24,50166043.705630,80605726.658914,0.01984782,0.02111063,0.00123747
2024-05-28,50258026.103479,80680055.891271,0.00183356,0.00092213,-0.00091017
2024-05-29,49167903.686526,78890150.526619,-0.02169051,-0.02218523,-0.00050581
2024-05-30,48148795.035501,77441227.004369,-0.02072711,-0.01836634,0.00240784
2024-05-31,49377820.385620,79346311.029327,0.02552557,0.02460039,-0.00090256
2024-06-03,49511678.889534,79619929.249568,0.00271090,0.00344841,0.00073524
2024-06-04,49664029.477128,79968245.667708,0.00307706,0.00437474,0.00129286
2024-06-05,51418129.581527,82812033.144043,0.03531933,0.03556146,0.00023384
2024-06-06,51354091.476333,82749639.087638,-0.00124544,-0.00075344,0.00049249
2024-06-07,51124227.714118,82462079.499204,-0.00447606,-0.00347506,0.00100500
2024-06-10,51598326.182230,83097345.931606,0.00927346,0.00770374,-0.00155651
2024-06-11,51921053.648853,83745156.223269,0.00625461,0.00779580,0.00153044
2024-06-12,53188896.194254,85812193.604954,0.02441866,0.02468247,0.00025749
2024-06-13,53459932.218461,86356176.156054,0.00509573,0.00633922,0.00123643
2024-06-14,53558252.693474,86243316.645705,0.00183914,-0.00130691,-0.00314522
2024-06-17,54803139.319246,88204953.879755,0.02324360,0.02274538,-0.00048702
2024-06-18,55209774.066236,88847770.806442,0.00741992,0.00728776,-0.00013119
2024-06-20,54718594.928557,88189591.672480,-0.00889660,-0.00740794,0.00150089
2024-06-21,54328659.520039,87767757.695689,-0.00712620,-0.00478326,0.00235697
2024-06-24,53859107.744853,86978813.655195,-0.00864280,-0.00898900,-0.00034927
2024-06-25,54499974.123632,87978066.299677,0.01189894,0.01148846,-0.00040574
2024-06-26,54651079.139873,88366609.596820,0.00277257,0.00441637,0.00163791
2024-06-27,54874260.978626,88588421.273098,0.00408376,0.00251013,-0.00156846
2024-06-28,54210375.568868,87518371.157708,-0.01209830,-0.01207889,0.00001965
2024-07-01,54552985.111328,88211277.190868,0.00632000,0.00791726,0.00158597
2024-07-02,55582789.346079,89801285.325241,0.01887714,0.01802500,-0.00083670
2024-07-03,56304654.388605,91106972.165557,0.01298720,0.01453973,0.00153145
2024-07-05,57282512.062422,92576811.398473,0.01736726,0.01613311,-0.00121382
2024-07-08,57415284.581434,92856702.270094,0.00231785,0.00302334,0.00070360
2024-07-09,57571549.434601,93045240.616042,0.00272166,0.00203042,-0.00068960
2024-07-10,59201839.546461,95814075.567805,0.02831763,0.02975794,0.00139967
2024-07-11,57646221.815071,93293511.866658,-0.02627651,-0.02630682,-0.00003113
2024-07-12,58681897.117232,94839718.598050,0.01796606,0.01657357,-0.00136885
2024-07-15,59182318.938174,95650256.232825,0.00852770,0.00854639,0.00001853
2024-07-16,60156402.466555,97452485.367903,0.01645903,0.01884186,0.00234151
2024-07-17,57601385.061217,93436803.181359,-0.04247291,-0.04120657,0.00132164
2024-07-18,56268385.401495,91207784.320084,-0.02314180,-0.02385590,-0.00073128
2024-07-19,55109773.758901,89251412.427128,-0.02059081,-0.02144962,-0.00087725
2024-07-22,56795221.313631,92164653.293605,0.03058346,0.03264084,0.00199433
2024-07-23,56478992.694179,91720926.359118,-0.00556787,-0.00481450,0.00075730
2024-07-24,52568270.066931,85399189.542354,-0.06924207,-0.06892360,0.00034210
2024-07-25,51741967.676386,84075521.046965,-0.01571865,-0.01549978,0.00022235
2024-07-26,53453611.561654,86873158.732717,0.03308038,0.03327529,0.00018866
2024-07-29,53541740.989869,87083668.162539,0.00164871,0.00242318,0.00077290
2024-07-30,52671011.538453,85792253.895289,-0.01626263,-0.01482958,0.00145568
2024-07-31,55130938.171722,89805911.358373,0.04670361,0.04678345,0.00007627
2024-08-01,52843759.394256,86069241.132296,-0.04148630,-0.04160829,-0.00012727
2024-08-02,49916446.141813,81255060.556653,-0.05539563,-0.05593381,-0.00056991
2024-08-05,45391840.865991,73764233.311866,-0.09064358,-0.09218905,-0.00170097
2024-08-06,46724216.121247,75993563.438098,0.02935275,0.03022237,0.00084447
2024-08-07,45724909.289240,74070405.842126,-0.02138734,-0.02530685,-0.00401321
2024-08-08,48899477.876657,79343040.868103,0.06942755,0.07118410,0.00164116
2024-08-09,49500160.551546,80422889.551467,0.01228403,0.01360987,0.00130890
2024-08-12,49547831.107835,80436166.307636,0.00096304,0.00016509,-0.00079750
2024-08-13,51988400.046125,84393219.680450,0.04925683,0.04919495,-0.00005897
2024-08-14,52456581.880199,85318280.281046,0.00900551,0.01096131,0.00193648
2024-08-15,55128175.416201,89398289.912830,0.05092962,0.04782105,-0.00296230
2024-08-16,55444909.593223,89932393.765490,0.00574541,0.00597443,0.00022768
2024-08-19,57013272.547224,92528166.801195,0.02828687,0.02886360,0.00056071
2024-08-20,56698126.253451,91980300.382292,-0.00552760,-0.00592108,-0.00039575
2024-08-21,57262059.780297,93099826.428752,0.00994625,0.01217137,0.00220078
2024-08-22,55839587.998644,90553239.585012,-0.02484144,-0.02735329,-0.00257917
2024-08-23,57620080.332579,93719686.490317,0.03188584,0.03496779,0.00298226
2024-08-26,57162222.231126,92838412.190825,-0.00794616,-0.00940330,-0.00146990
2024-08-27,57359419.347013,93266964.141482,0.00344978,0.00461611,0.00116164
2024-08-28,56342920.860380,91575872.970256,-0.01772156,-0.01813173,-0.00041765
2024-08-29,56337093.616803,91550137.263954,-0.00010342,-0.00028103,-0.00017764
2024-08-30,57895563.319222,94340966.930002,0.02766330,0.03048417,0.00274118
2024-09-03,54348896.110672,88403888.540311,-0.06125974,-0.06293213,-0.00178312
2024-09-04,53913074.580015,87903824.742994,-0.00801896,-0.00565658,0.00237864
2024-09-05,53483013.183201,87105391.902073,-0.00797694,-0.00908303,-0.00111560
2024-09-06,50780925.484035,82632171.997869,-0.05052235,-0.05135411,-0.00087640
2024-09-09,52466648.846164,85576092.419695,0.03319600,0.03562681,0.00234995
2024-09-10,53085324.125452,86707673.185714,0.01179178,0.01322309,0.00141363
2024-09-11,54684879.754906,89439108.503251,0.03013179,0.03150166,0.00132892
2024-09-12,56064159.807759,91381659.300251,0.02522233,0.02171925,-0.00342274
2024-09-13,56925684.776557,92825170.467112,0.01536677,0.01579651,0.00042315
2024-09-16,57150771.038067,93160219.105071,0.00395404,0.00360946,-0.00034328
2024-09-17,57197539.193835,93220184.708908,0.00081833,0.00064368,-0.00017452
2024-09-18,56607996.746146,92410879.665425,-0.01030713,-0.00868165,0.00164106
2024-09-19,59541130.958274,97057327.463060,0.05181484,0.05028031,-0.00146000
2024-09-20,59159555.724266,96487875.553087,-0.00640860,-0.00586717,0.00054477
2024-09-23,59565971.639253,97297955.181371,0.00686983,0.00839566,0.00151428
2024-09-24,60048453.625543,98009534.389264,0.00809996,0.00731340,-0.00078054
2024-09-25,59651125.417910,97458202.446676,-0.00661679,-0.00562529,0.00099761
2024-09-26,60331550.088545,98607447.360326,0.01140674,0.01179218,0.00038103
2024-09-27,60066252.128446,98229044.307280,-0.00439733,-0.00383747,0.00056218
2024-09-30,60819677.576468,99455900.961424,0.01254324,0.01248975,-0.00005282
2024-10-01,59082074.525240,96732438.547240,-0.02856975,-0.02738362,0.00122027
2024-10-02,59081160.154028,96755887.080481,-0.00001548,0.00024241,0.00025785
2024-10-03,58714899.156351,96254046.813864,-0.00619929,-0.00518666,0.00101842
2024-10-04,60307713.802530,98813312.543166,0.02712795,0.02658866,-0.00052519
2024-10-07,58647837.360168,96043038.116251,-0.02752345,-0.02803544,-0.00052661
2024-10-08,60282520.664703,98809003.099336,0.02787287,0.02879922,0.00090083
2024-10-09,61486924.035577,100852756.766079,0.01997931,0.02068388,0.00069053
2024-10-10,61145657.994878,100235068.348522,-0.00555022,-0.00612466,-0.00057781
2024-10-11,62205030.431762,101981991.157037,0.01732539,0.01742826,0.00010111
2024-10-14,63699809.022227,104312060.778001,0.02402987,0.02284785,-0.00115494
2024-10-15,62211387.303594,101954702.428891,-0.02336619,-0.02259910,0.00078514
2024-10-16,62962879.897401,103366914.551815,0.01207966,0.01385137,0.00174903
2024-10-17,62958338.642214,103298766.816689,-0.00007213,-0.00065928,-0.00058737
2024-10-18,63652272.851703,104501274.201589,0.01102212,0.01164106,0.00061201
2024-10-21,63324103.079180,103943635.777320,-0.00515566,-0.00533619,-0.00018148
2024-10-22,63160152.562028,103779975.179423,-0.00258907,-0.00157451,0.00101667
2024-10-23,61399093.209061,100935274.081705,-0.02788244,-0.02741089,0.00048496
2024-10-24,61783167.480342,101572580.420233,0.00625537,0.00631401,0.00005827
2024-10-25,61677907.736895,101463029.885165,-0.00170370,-0.00107854,0.00062602
2024-10-28,62222731.591035,102277181.188694,0.00883337,0.00802412,-0.00080249
2024-10-29,62487758.134924,102756665.217359,0.00425932,0.00468808,0.00042685
2024-10-30,61890695.403049,101732217.644625,-0.00955488,-0.00996965,-0.00041886
2024-10-31,58204877.298386,96018911.111169,-0.05955367,-0.05616025,0.00360182
2024-11-01,58932995.176255,97214896.267328,0.01250957,0.01245573,-0.00005318
2024-11-04,58518387.447739,96403658.818694,-0.00703524,-0.00834479,-0.00131969
2024-11-05,60599398.770995,99930241.344432,0.03556167,0.03658142,0.00098425
2024-11-06,65094833.825393,107459211.382870,0.07418283,0.07534226,0.00107877
2024-11-07,66581338.206310,109773874.375455,0.02283598,0.02153992,-0.00126793
2024-11-08,67430766.700815,110988102.035167,0.01275776,0.01106117,-0.00167662
2024-11-11,67562739.596060,111312204.388093,0.00195716,0.00292015,0.00096065
2024-11-12,66921255.951354,110340499.992736,-0.00949464,-0.00872954,0.00077213
2024-11-13,66990412.137465,110402914.764417,0.00103340,0.00056566,-0.00046737
2024-11-14,65679512.231703,108392731.088921,-0.01956847,-0.01820770,0.00138696
2024-11-15,63104370.176117,104055437.342136,-0.03920769,-0.04001462,-0.00084021
2024-11-18,63857035.865499,105288782.942168,0.01192731,0.01185277,-0.00007366
2024-11-19,64523371.475919,106513471.019253,0.01043480,0.01163171,0.00118384
2024-11-20,64562631.706488,106507130.999488,0.00060847,-0.00005952,-0.00066781
2024-11-21,65508279.975350,108169113.166860,0.01464699,0.01560442,0.00094316
2024-11-22,66134766.239313,109246788.607188,0.00956347,0.00996288,0.00039555
2024-11-25,66739851.448448,110195282.969048,0.00914928,0.00868213,-0.00046302
2024-11-26,67829345.557671,112066042.718870,0.01632449,0.01697677,0.00064159
2024-11-27,67147100.262970,110789628.023426,-0.01005826,-0.01138984,-0.00134602
2024-11-29,68174867.137104,112637481.300833,0.01530620,0.01667894,0.00135113
2024-12-02,68716953.021931,113457268.832001,0.00795140,0.00727811,-0.00066821
2024-12-03,68730822.257302,113590413.602717,0.00020183,0.00117352,0.00097102
2024-12-04,69996339.148000,115595370.799849,0.01841265,0.01765076,-0.00074840
2024-12-05,69612225.298540,114954160.153388,-0.00548763,-0.00554703,-0.00005973
2024-12-06,69992901.329981,115771288.474419,0.00546852,0.00710830,0.00162953
2024-12-09,68864490.759076,113716794.538720,-0.01612179,-0.01774614,-0.00165234
2024-12-10,68242645.906209,112717263.429514,-0.00902998,-0.00878965,0.00024249
2024-12-11,69759345.117575,115419804.057340,0.02222509,0.02397628,0.00171165
2024-12-12,68645270.468850,113588124.895460,-0.01597026,-0.01586971,0.00010217
2024-12-13,68596279.778011,113564101.126291,-0.00071368,-0.00021150,0.00050241
2024-12-16,69369188.237265,114820984.101514,0.01126750,0.01106761,-0.00019768
2024-12-17,68461367.782088,113507414.229808,-0.01308680,-0.01144016,0.00166709
2024-12-18,62396532.326822,103644077.676245,-0.08858771,-0.08689597,0.00185445
2024-12-19,62297861.151812,103435194.928444,-0.00158136,-0.00201539,-0.00043481
2024-12-20,64384007.837713,106832149.448770,0.03348665,0.03284138,-0.00062456
2024-12-23,65731697.110901,109147330.687919,0.02093205,0.02167120,0.00072374
2024-12-24,67729091.449980,112650945.129469,0.03038708,0.03209986,0.00166089
2024-12-26,67692007.220502,112537559.497634,-0.00054754,-0.00100652,-0.00045934
2024-12-27,65553990.367900,108839419.358768,-0.03158448,-0.03286139,-0.00131942
2024-12-30,63333485.706614,105338176.291782,-0.03387291,-0.03216889,0.00176222
2024-12-31,62537150.728564,103974672.968859,-0.01257368,-0.01294406,-0.00037516
2025-01-02,62036850.904476,103270427.547278,-0.00800004,-0.00677324,0.00123593
2025-01-03,64410807.703017,107208504.398868,0.03826688,0.03813364,-0.00012834
2025-01-06,65506041.067637,108975621.181464,0.01700388,0.01648299,-0.00051231
2025-01-07,63264603.035540,105420595.769184,-0.03421727,-0.03262221,0.00165021
2025-01-08,63490872.001854,105899859.158066,0.00357655,0.00454620,0.00096573
2025-01-10,60562474.176220,101023626.919790,-0.04612313,-0.04604569,0.00008118
2025-01-13,60768706.498540,101377357.277276,0.00340528,0.00350146,0.00009585
2025-01-14,60972279.021548,101704432.874481,0.00334996,0.00322632,-0.00012323
2025-01-15,64289169.241664,107226460.046203,0.05439997,0.05429485,-0.00009970
2025-01-16,63972599.115355,106551454.531962,-0.00492416,-0.00629514,-0.00137871
2025-01-17,65783245.486555,109680127.452207,0.02830347,0.02936302,0.00102986
2025-01-21,67548373.676168,112548631.598739,0.02683249,0.02615336,-0.00066160
2025-01-22,68667554.426616,114571014.376436,0.01656858,0.01796897,0.00137661
2025-01-23,69776580.146275,116331962.985608,0.01615065,0.01536993,-0.00076861
2025-01-24,69112623.261272,115315387.687070,-0.00951547,-0.00873857,0.00078405
2025-01-27,66194276.530825,110144702.296218,-0.04222596,-0.04483951,-0.00273251
2025-01-28,67827056.327880,113116096.549107,0.02466648,0.02697719,0.00225254
2025-01-29,66901879.704059,111566608.989282,-0.01364023,-0.01369821,-0.00005878
2025-01-30,67917840.894268,113267988.811194,0.01518584,0.01524990,0.00006310
2025-01-31,66797794.924287,111469838.767376,-0.01649119,-0.01587518,0.00062614
2025-02-03,65451248.309152,108839747.960522,-0.02015855,-0.02359464,-0.00351295
2025-02-04,66723985.618989,111153333.407477,0.01944558,0.02125681,0.00177510
2025-02-05,67513830.809196,112407674.758513,0.01183750,0.01128478,-0.00054640
2025-02-06,68210593.467012,113598857.414609,0.01032030,0.01059699,0.00027383
2025-02-07,66189252.434809,110374997.404457,-0.02963383,-0.02837933,0.00129197
2025-02-10,67578335.540988,112626135.345327,0.02098654,0.02039536,-0.00057919
2025-02-11,67728427.745861,112729539.589971,0.00222101,0.00091812,-0.00130085
2025-02-12,67024774.683863,111792249.859552,-0.01038933,-0.00831450,0.00209442
2025-02-13,69117047.292219,115285276.859669,0.03121641,0.03124570,0.00002841
2025-02-14,69091478.692287,115244656.879059,-0.00036993,-0.00035234,0.00001760
2025-02-18,69657682.496984,116092147.970880,0.00819499,0.00735384,-0.00083466
2025-02-19,70129927.400266,116890423.911174,0.00677951,0.00687623,0.00009606
2025-02-20,69212058.702494,115397900.401090,-0.01308812,-0.01276857,0.00032373
2025-02-21,65646525.393434,109579777.941504,-0.05151607,-0.05041792,0.00115712
2025-02-24,64683837.418325,107925568.486527,-0.01466472,-0.01509594,-0.00043773
2025-02-25,63688621.585641,106354574.435694,-0.01538585,-0.01455627,0.00084219
2025-02-26,63777089.677047,106418350.568263,0.00138907,0.00059966,-0.00078863
2025-02-27,60674518.969054,101326051.066692,-0.04864710,-0.04785170,0.00083572
2025-02-28,63474002.082877,106103304.659418,0.04613935,0.04714734,0.00096306
2025-03-03,60164204.611346,100505216.174301,-0.05214414,-0.05276074,-0.00065073
2025-03-04,57960464.493357,96779295.656583,-0.03662876,-0.03707191,-0.00046011
2025-03-05,59883703.381806,100021135.961076,0.03318191,0.03349725,0.00030517
2025-03-06,56596246.323590,94758809.986196,-0.05489736,-0.05261214,0.00241504
2025-03-07,57485107.842914,96341652.889090,0.01570531,0.01670391,0.00098268
2025-03-10,52898285.199142,88499511.587869,-0.07979149,-0.08139928,-0.00174873
2025-03-11,51570939.830703,86460505.322668,-0.02509241,-0.02303975,0.00210328
2025-03-12,52297359.942517,87716304.406800,0.01408584,0.01452454,0.00043251
2025-03-13,50223497.769153,84077775.412357,-0.03965520,-0.04148065,-0.00190263
2025-03-14,51639670.135204,86327296.195965,0.02819741,0.02675524,-0.00140360
2025-03-17,52046216.738513,86989554.641302,0.00787276,0.00767148,-0.00019972
2025-03-18,52234345.130352,87303978.071783,0.00361464,0.00361450,-0.00000014
2025-03-19,52458347.600478,87678383.126966,0.00428841,0.00428852,0.00000011
2025-03-20,52508891.921668,87762869.610395,0.00096351,0.00096360,0.00000008
2025-03-21,52128905.192279,87127744.811517,-0.00723662,-0.00723683,-0.00000021
2025-03-24,52198648.461690,87244335.498274,0.00133790,0.00133816,0.00000026
2025-03-25,52366221.918846,87524419.076593,0.00321030,0.00321034,0.00000003
2025-03-26,52484266.451763,87721731.361678,0.00225421,0.00225437,0.00000016
2025-03-27,52783060.974845,88221129.670764,0.00569303,0.00569298,-0.00000005
2025-03-28,52689865.840062,88065330.901662,-0.00176563,-0.00176600,-0.00000038
2025-03-31,53126396.277543,88794950.078073,0.00828490,0.00828498,0.00000007
2025-04-01,53147091.863142,88829545.392430,0.00038955,0.00038961,0.00000006
2025-04-02,53305565.231347,89094429.508204,0.00298179,0.00298194,0.00000015
2025-04-03,53002959.565329,88588631.628996,-0.00567681,-0.00567710,-0.00000029
2025-04-04,51439095.548364,85974709.282053,-0.02950522,-0.02950630,-0.00000111
2025-04-07,50955256.983350,85166030.417171,-0.00940605,-0.00940601,0.00000004
2025-04-08,51049013.779633,85322737.065646,0.00183998,0.00184001,0.00000003
2025-04-09,52514440.823270,87772097.270352,0.02870628,0.02870700,0.00000071
2025-04-10,52871537.237347,88368914.572642,0.00679997,0.00679962,-0.00000034
2025-04-11,53414794.103531,89276916.531967,0.01027503,0.01027513,0.00000009
2025-04-14,53558378.498708,89516926.498392,0.00268810,0.00268838,0.00000027
2025-04-15,53642103.687985,89656856.065222,0.00156325,0.00156316,-0.00000009
2025-04-16,53854965.334492,90012563.209063,0.00396818,0.00396743,-0.00000075
2025-04-17,53874449.504689,90045142.499984,0.00036179,0.00036194,0.00000015
2025-04-21,54058681.580895,90352999.535263,0.00341966,0.00341892,-0.00000073
2025-04-22,54207163.753153,90601226.676276,0.00274669,0.00274730,0.00000062
2025-04-23,53933049.803069,90143115.669378,-0.00505678,-0.00505634,0.00000044
2025-04-24,54412324.100755,90944174.909830,0.00888647,0.00888653,0.00000006
2025-04-25,54179081.802734,90554341.944762,-0.00428657,-0.00428651,0.00000006
2025-04-28,54519281.100993,91122938.613057,0.00627916,0.00627907,-0.00000010
2025-04-29,54432835.379653,90978469.290330,-0.00158560,-0.00158543,0.00000017
2025-04-30,54293818.948784,90746122.040868,-0.00255391,-0.00255387,0.00000004
2025-05-01,53754577.543079,89844847.345035,-0.00993191,-0.00993183,0.00000009
2025-05-02,54071815.218579,90375105.747822,0.00590159,0.00590193,0.00000034
2025-05-05,53725688.256516,89796482.757349,-0.00640125,-0.00640246,-0.00000122
2025-05-06,54242516.369845,90660274.705403,0.00961976,0.00961944,-0.00000031
2025-05-07,54186207.011831,90566194.612879,-0.00103810,-0.00103772,0.00000038
2025-05-08,53565005.104031,89527922.753564,-0.01146421,-0.01146423,-0.00000002
2025-05-09,53743178.569445,89825718.492265,0.00332630,0.00332629,-0.00000001
2025-05-12,53197919.854382,88914406.609351,-0.01014564,-0.01014533,0.00000031
2025-05-13,53160783.908562,88852323.399527,-0.00069807,-0.00069824,-0.00000016
2025-05-14,52444394.706536,87654945.898493,-0.01347590,-0.01347604,-0.00000015
2025-05-15,52901780.148872,88419413.375957,0.00872134,0.00872133,-0.00000001
2025-05-16,52937282.479882,88478786.842670,0.00067110,0.00067150,0.00000040
2025-05-19,53096422.337887,88744753.414129,0.00300620,0.00300599,-0.00000020
2025-05-20,53341814.799745,89154873.442699,0.00462164,0.00462134,-0.00000029
2025-05-21,53450470.989503,89336472.557071,0.00203698,0.00203689,-0.00000008
2025-05-22,53172816.395150,88872399.481008,-0.00519461,-0.00519467,-0.00000005
2025-05-23,53558638.427118,89517235.696710,0.00725600,0.00725575,-0.00000025
2025-05-27,53364191.570290,89192265.595109,-0.00363054,-0.00363025,0.00000029
2025-05-28,53195606.143397,88910484.399456,-0.00315915,-0.00315926,-0.00000011
2025-05-29,53399279.751477,89250905.173030,0.00382877,0.00382880,0.00000004
2025-05-30,53272020.966014,89038207.836446,-0.00238316,-0.00238314,0.00000002
2025-06-02,53701515.640477,89756033.457637,0.00806229,0.00806200,-0.00000030
2025-06-03,53338033.888911,89148502.762668,-0.00676856,-0.00676869,-0.00000013
2025-06-04,53299784.415245,89084547.778150,-0.00071711,-0.00071740,-0.00000028
2025-06-05,53073816.069941,88706861.293835,-0.00423957,-0.00423964,-0.00000007
2025-06-06,52955010.690125,88508320.386926,-0.00223849,-0.00223817,0.00000033
2025-06-09,53045826.352128,88660103.129097,0.00171496,0.00171490,-0.00000006
2025-06-10,52968827.572334,88531399.064115,-0.00145155,-0.00145166,-0.00000011
2025-06-11,52319711.764780,87483185.649044,-0.01225468,-0.01184002,0.00041971
2025-06-12,52888504.468100,88479002.525637,0.01087148,0.01138295,0.00050584
2025-06-13,51096729.472002,85488263.631811,-0.03387834,-0.03380168,0.00007935
2025-06-16,52553030.638586,87946174.994180,0.02850087,0.02875145,0.00024361
2025-06-17,51185208.773517,85736705.412307,-0.02602746,-0.02512298,0.00092822
2025-06-18,51130684.933860,85647447.252390,-0.00106523,-0.00104107,0.00002418
2025-06-20,50682174.772468,85071388.739194,-0.00877184,-0.00672593,0.00206189
2025-06-23,52224013.270074,87579893.194554,0.03042171,0.02948705,-0.00090748
2025-06-24,53920903.436716,90496071.578886,0.03249253,0.03329735,0.00077919
2025-06-25,53975997.179138,90488588.409824,0.00102175,-0.00008269,-0.00110392
2025-06-26,55231857.678954,92614008.080358,0.02326702,0.02348826,0.00021619
2025-06-27,56027848.409837,94033269.278692,0.01441180,0.01532448,0.00089930
2025-06-30,56838067.176194,95471765.147985,0.01446100,0.01529773,0.00082446
2025-07-01,56732433.756394,95150626.181351,-0.00185850,-0.00336371,-0.00150915
2025-07-02,57460685.240616,96464757.792397,0.01283660,0.01381107,0.00096165
2025-07-03,58923428.714969,98796398.614026,0.02545642,0.02417091,-0.00125439
2025-07-07,57478952.177058,96537661.939908,-0.02451447,-0.02286254,0.00169201
2025-07-08,57336756.652861,96318067.576478,-0.00247387,-0.00227470,0.00019964
2025-07-09,58329512.560862,98066383.973836,0.01731448,0.01815149,0.00082243
2025-07-10,58814480.123644,98857413.240471,0.00831427,0.00806626,-0.00024600
2025-07-11,58151805.906980,97875939.603325,-0.01126720,-0.00992817,0.00135336
2025-07-14,58468188.517443,98292551.756996,0.00544063,0.00425653,-0.00117839
2025-07-15,57679868.883143,97120598.931773,-0.01348288,-0.01192311,0.00157984
2025-07-16,58221266.037078,98037293.692589,0.00938624,0.00943873,0.00005200
2025-07-17,59241010.679558,99599601.261501,0.01751499,0.01593585,-0.00155316
2025-07-18,59133000.895295,99560779.640909,-0.00182323,-0.00038978,0.00143504
2025-07-21,59422051.069913,99978962.198614,0.00488814,0.00420027,-0.00068475
2025-07-22,59394220.156489,100151153.109107,-0.00046836,0.00172227,0.00218926
2025-07-23,60880262.814751,102442061.524898,0.02501999,0.02287451,-0.00209530
2025-07-24,60976824.066404,102629722.531181,0.00158608,0.00183187,0.00024537
2025-07-25,61675577.066906,103838707.381916,0.01145932,0.01178007,0.00031706
2025-07-28,61601904.615376,103893899.013978,-0.00119452,0.00053151,0.00172660
2025-07-29,61092947.286514,102967897.289174,-0.00826204,-0.00891296,-0.00065656
2025-07-30,60841162.386398,102570524.741487,-0.00412134,-0.00385919,0.00026320
2025-07-31,60126530.086881,101421006.004086,-0.01174587,-0.01120711,0.00054502
2025-08-01,57127156.812011,96507865.188419,-0.04988436,-0.04844303,0.00151585
2025-08-04,59706212.884995,100858828.118390,0.04514589,0.04508402,-0.00005919
2025-08-05,58816608.432453,99406273.917081,-0.01489970,-0.01440185,0.00050524
2025-08-06,60099786.064997,101538217.944480,0.02181659,0.02144678,-0.00036198
2025-08-07,59962710.576024,101237030.054187,-0.00228080,-0.00296625,-0.00068726
2025-08-08,61311418.212485,103609362.817438,0.02249244,0.02343345,0.00091989
2025-08-11,60905337.696920,102843253.042545,-0.00662324,-0.00739421,-0.00077641
2025-08-12,62826867.064945,106315960.422198,0.03154944,0.03376699,0.00214742
2025-08-13,63454412.060025,107305560.119992,0.00998848,0.00930810,-0.00067388
2025-08-14,63427565.636924,107381506.834583,-0.00042308,0.00070776,0.00113068
2025-08-15,62986442.800392,106422644.368879,-0.00695475,-0.00892949,-0.00199055
2025-08-18,62889547.781909,106391953.426992,-0.00153835,-0.00028839,0.00125110
2025-08-19,61829123.479578,104499508.195148,-0.01686169,-0.01778748,-0.00094211
2025-08-20,61311242.317335,103708988.125323,-0.00837601,-0.00756482,0.00081770
2025-08-21,60558139.454946,102436396.150670,-0.01228328,-0.01227080,0.00001263
2025-08-22,63309098.194968,107092813.871878,0.04542674,0.04545667,0.00002863
2025-08-25,62475227.454064,105765157.589016,-0.01317142,-0.01239725,0.00078420
2025-08-26,63194122.825336,107034761.048095,0.01150689,0.01200399,0.00049132
2025-08-27,63598787.227383,107764424.399497,0.00640351,0.00681707,0.00041084
2025-08-28,64242536.454032,108765783.105163,0.01012204,0.00929211,-0.00082195
2025-08-29,63100868.689200,106685121.905580,-0.01777121,-0.01912974,-0.00138406
2025-09-02,61675625.558331,104469286.410435,-0.02258674,-0.02076986,0.00185714
2025-09-03,62592283.111836,106085339.706613,0.01486256,0.01546917,0.00059755
2025-09-04,64107623.736842,108750872.730745,0.02420970,0.02512631,0.00089454
2025-09-05,63551146.382708,107713542.826203,-0.00868036,-0.00953859,-0.00086612
2025-09-08,64014326.982011,108403842.285222,0.00728831,0.00640866,-0.00087367
2025-09-09,64450365.655818,109262846.823727,0.00681158,0.00792412,0.00110440
2025-09-10,64978990.447423,110218571.714920,0.00820204,0.00874703,0.00054040
2025-09-11,66537047.216695,112963834.103249,0.02397785,0.02490744,0.00090741
2025-09-12,66462349.047727,112791318.408149,-0.00112266,-0.00152718,-0.00040506
2025-09-15,67468772.758834,114329145.624923,0.01514276,0.01363427,-0.00148710
2025-09-16,67169935.036469,113862135.172643,-0.00442927,-0.00408479,0.00034596
2025-09-17,66905305.488917,113517683.529668,-0.00393970,-0.00302516,0.00091773
2025-09-18,67818741.670954,115136108.278896,0.01365267,0.01425703,0.00059604
2025-09-19,68736799.694003,116792451.097752,0.01353694,0.01438595,0.00083733
2025-09-22,69710089.964825,118315966.704606,0.01415967,0.01304464,-0.00110006
2025-09-23,68582987.697088,116405472.665208,-0.01616842,-0.01614739,0.00002138
2025-09-24,67865510.747405,115411928.202702,-0.01046144,-0.00853520,0.00194471
2025-09-25,66862435.203642,113681847.516077,-0.01478034,-0.01499048,-0.00021332
2025-09-26,68012252.958820,115679843.715183,0.01719677,0.01757533,0.00037210
2025-09-29,68553232.803569,116588947.238857,0.00795415,0.00785879,-0.00009462
2025-09-30,69279975.755879,117977319.880615,0.01060115,0.01190827,0.00129257
2025-10-01,69991044.345114,119134658.820813,0.01026370,0.00980984,-0.00044934
2025-10-02,70191157.211734,119310658.233596,0.00285912,0.00147731,-0.00137882
2025-10-03,70176174.324164,119321338.581423,-0.00021346,0.00008952,0.00030299
2025-10-06,70862572.478919,120627548.488592,0.00978107,0.01094699,0.00115396
2025-10-07,70073097.025990,119246889.710905,-0.01114094,-0.01144563,-0.00030818
2025-10-08,71261053.830246,121315405.181852,0.01695311,0.01734649,0.00038675
2025-10-09,70651721.704169,120310869.724227,-0.00855070,-0.00828036,0.00027264
2025-10-10,64921526.637372,110580069.441388,-0.08110482,-0.08088047,0.00024412
2025-10-13,67843212.568330,115963097.397240,0.04500335,0.04867991,0.00351206
2025-10-14,67524845.401079,115411262.147911,-0.00469269,-0.00475871,-0.00006634
2025-10-15,68385006.142232,116774997.682727,0.01273843,0.01181631,-0.00091094
2025-10-16,66997214.352661,114596526.967652,-0.02029380,-0.01865528,0.00167106
2025-10-17,68081719.213469,116381168.120762,0.01618731,0.01557326,-0.00060446
2025-10-20,70194345.848599,120044008.458654,0.03103075,0.03147279,0.00042865
2025-10-21,70134346.235900,120032868.380662,-0.00085476,-0.00009280,0.00076233
2025-10-22,69038274.107552,118102639.496968,-0.01562818,-0.01608084,-0.00045995
2025-10-23,70176700.151065,120160921.057441,0.01648978,0.01742790,0.00092248
2025-10-24,71886693.985374,122979324.415152,0.02436697,0.02345524,-0.00089044
2025-10-27,74433765.049237,127469070.245995,0.03543175,0.03650814,0.00103902
2025-10-28,74997750.864123,128315104.276787,0.00757702,0.00663717,-0.00093321
2025-10-29,75055145.078497,128286650.429707,0.00076528,-0.00022175,-0.00098676
2025-10-30,72630849.189444,124522165.732775,-0.03230020,-0.02934432,0.00304988
2025-10-31,73224820.028803,125484075.275719,0.00817794,0.00772481,-0.00044956
2025-11-03,73622274.658194,126134534.814461,0.00542787,0.00518360,-0.00024298
2025-11-04,71030630.654918,121708689.261055,-0.03520190,-0.03508829,0.00011775
2025-11-05,71641654.875015,123045878.922040,0.00860226,0.01098681,0.00236141
2025-11-06,69326035.102061,118862710.656975,-0.03232225,-0.03399682,-0.00173200
2025-11-07,69515239.017833,119233100.010767,0.00272919,0.00311611,0.00038579
2025-11-10,72723658.530300,124672767.488529,0.04615419,0.04562213,-0.00050872
2025-11-11,73193266.953468,125459721.061611,0.00645744,0.00631215,-0.00014436
2025-11-12,73269809.257648,125677384.827564,0.00104576,0.00173493,0.00068822
2025-11-13,69657947.593690,119501523.120364,-0.04929536,-0.04914060,0.00016278
2025-11-14,69573445.280083,119164444.260663,-0.00121310,-0.00282071,-0.00161085
2025-11-17,67586805.278938,115958313.273729,-0.02855457,-0.02690510,0.00169652
2025-11-18,65887606.259436,113078680.240881,-0.02514099,-0.02483335,0.00031552
2025-11-19,66575562.873651,114355471.137775,0.01044137,0.01129117,0.00084067
2025-11-20,63517277.806273,108964798.425941,-0.04593705,-0.04713961,-0.00126126
2025-11-21,65385723.144602,112208247.216308,0.02941633,0.02976602,0.00033964
2025-11-24,68273924.468319,117331483.001637,0.04417174,0.04565828,0.00142264
2025-11-25,70149019.388717,120507907.790809,0.02746429,0.02707223,-0.00038165
2025-11-26,71572233.792682,122933647.036127,0.02028844,0.02012930,-0.00015600
2025-11-28,72728495.248051,124884506.955758,0.01615517,0.01586921,-0.00028145
2025-12-01,71692370.243907,122917695.584165,-0.01424648,-0.01574904,-0.00152544
2025-12-02,72024900.872982,123807651.549059,0.00463830,0.00724026,0.00258660
2025-12-03,72748718.874582,124899346.425408,0.01004955,0.00881767,-0.00122037
2025-12-04,72901193.084754,125285736.567116,0.00209590,0.00309361,0.00099513
2025-12-05,73279623.251118,125989660.429670,0.00519100,0.00561855,0.00042525
2025-12-08,72595514.085731,124701748.646284,-0.00933560,-0.01022236,-0.00089552
2025-12-09,72387245.715634,124365787.162543,-0.00286889,-0.00269412,0.00017526
2025-12-10,73759832.436317,126854924.812420,0.01896172,0.02001465,0.00103280
2025-12-11,74272350.519788,127622766.065973,0.00694847,0.00605291,-0.00088978
2025-12-12,71836926.743296,123621633.191012,-0.03279045,-0.03135125,0.00148689
2025-12-15,71493941.021506,123020374.368459,-0.00477450,-0.00486370,-0.00008963
2025-12-16,70865063.030655,122123817.816367,-0.00879624,-0.00728787,0.00152060
2025-12-17,68499453.569503,117840460.106082,-0.03338189,-0.03507389,-0.00175197
2025-12-18,70022623.394591,120718271.323604,0.02223623,0.02442125,0.00213520
2025-12-19,71868132.793703,123944416.893243,0.02635590,0.02672458,0.00035915
2025-12-22,73192813.577698,126330678.869060,0.01843210,0.01925268,0.00080540
2025-12-23,74187834.880335,128013447.863121,0.01359452,0.01332035,-0.00027053
2025-12-24,74900048.903370,129206943.500063,0.00960015,0.00932321,-0.00027434
2025-12-26,74889670.318681,129091134.903123,-0.00013857,-0.00089630,-0.00075813
2025-12-29,74065832.567845,127785630.807288,-0.01100069,-0.01011304,0.00089711
2025-12-30,73725824.159628,127258934.167582,-0.00459062,-0.00412172,0.00047096
2025-12-31,72087261.431096,124495324.003203,-0.02222509,-0.02171643,0.00052008
2026-01-02,72460556.118971,125195059.544621,0.00517837,0.00562058,0.00043983
2026-01-05,73870069.093859,127565866.547390,0.01945214,0.01893691,-0.00050553
2026-01-06,75153860.519172,129872165.905226,0.01737905,0.01807928,0.00068804
2026-01-07,74400446.260120,128566318.607875,-0.01002496,-0.01005487,-0.00003021
2026-01-08,74331344.502537,128581104.648121,-0.00092878,0.00011501,0.00104421
2026-01-09,75795664.204665,130999607.234177,0.01969990,0.01880916,-0.00087391
2026-01-12,76131861.113939,131601240.199797,0.00443557,0.00459263,0.00015636
2026-01-13,75632772.107522,130823840.359758,-0.00655559,-0.00590724,0.00065241
2026-01-14,74503170.631573,128722809.108147,-0.01493534,-0.01606000,-0.00114236
2026-01-15,75064245.397237,129720055.989307,0.00753088,0.00774724,0.00021472
2026-01-16,74845916.025228,129456679.690936,-0.00290857,-0.00203034,0.00088040
2026-01-20,70247892.690446,121530526.200794,-0.06143319,-0.06122630,0.00022041
2026-01-21,72634022.571591,125817781.541768,0.03396728,0.03527719,0.00126607
2026-01-22,73738605.269560,127862044.264480,0.01520751,0.01624780,0.00102419
2026-01-23,73799263.679124,127971070.632533,0.00082261,0.00085269,0.00003005
2026-01-26,74907629.382565,129864228.070231,0.01501866,0.01479364,-0.00022171
2026-01-27,75797777.328507,131398919.817632,0.01188327,0.01181766,-0.00006484
2026-01-28,75731285.904151,131302592.240787,-0.00087722,-0.00073309,0.00014424
2026-01-29,75228241.328164,130765813.488084,-0.00664249,-0.00408810,0.00256817
2026-01-30,74472297.888044,129055216.823534,-0.01004867,-0.01308138,-0.00306820
2026-02-02,75656699.432248,131177624.251946,0.01590392,0.01644573,0.00053319
2026-02-03,73663522.727128,127841125.253120,-0.02634501,-0.02543497,0.00093423
2026-02-04,72504274.285671,125836906.828978,-0.01573708,-0.01567742,0.00006061
2026-02-05,69782132.618667,121149417.036005,-0.03754457,-0.03725052,0.00030548
2026-02-06,73832448.741789,128349069.614589,0.05804231,0.05942788,0.00130870
2026-02-09,74845251.511429,130099187.237569,0.01371758,0.01363561,-0.00008087
2026-02-10,74184738.845301,128773230.122609,-0.00882504,-0.01019189,-0.00137997
2026-02-11,74123271.095241,128736371.755713,-0.00082858,-0.00028623,0.00054265
2026-02-12,70647317.985705,122629810.808355,-0.04689422,-0.04743462,-0.00056715
2026-02-13,70753862.039445,122802027.440894,0.00150811,0.00140436,-0.00010360
2026-02-17,71096898.034961,123198695.956135,0.00484830,0.00323015,-0.00161164
2026-02-18,72140667.560760,125231358.049337,0.01468094,0.01649906,0.00179020
2026-02-19,71555552.155985,124177359.467868,-0.00811076,-0.00841641,-0.00030820
2026-02-20,73057507.136138,126726633.619258,0.02099006,0.02052930,-0.00045139
2026-02-23,70818897.704764,122882521.552483,-0.03064174,-0.03033389,0.00031753
2026-02-24,72340131.281566,125682289.615397,0.02148062,0.02278410,0.00127526
2026-02-25,74136719.728688,128685710.885807,0.02483529,0.02389693,-0.00091604
2026-02-26,72857262.576012,126607866.824326,-0.01725808,-0.01614666,0.00113030
2026-02-27,71824280.528039,124928562.502460,-0.01417816,-0.01326382,0.00092706
2026-03-02,71876452.537183,125080086.480441,0.00072638,0.00121288,0.00048603
2026-03-03,69947714.448416,121422164.692793,-0.02683407,-0.02924464,-0.00248010
2026-03-04,71414535.871511,124198387.540725,0.02097026,0.02286422,0.00185334
2026-03-05,70239715.994369,122136023.796878,-0.01645071,-0.01660540,-0.00015729
2026-03-06,67393971.481421,117330693.845918,-0.04051475,-0.03934408,0.00121935
2026-03-09,69122159.582567,120291574.286160,0.02564307,0.02523534,-0.00039761
2026-03-10,68734873.325049,119518119.192897,-0.00560292,-0.00642984,-0.00083192
2026-03-11,68478694.959526,119207378.328020,-0.00372705,-0.00259995,0.00113068
2026-03-12,65303162.667076,113744763.245121,-0.04637256,-0.04582447,0.00057457
2026-03-13,64185868.410062,111601554.543166,-0.01710934,-0.01884226,-0.00176464
2026-03-16,66087693.938482,115091148.671410,0.02962997,0.03126833,0.00158994
2026-03-17,66608767.990323,115934744.388931,0.00788459,0.00732981,-0.00055059
2026-03-18,63825119.127293,111276717.427018,-0.04179103,-0.04017801,0.00168196
2026-03-19,63286202.569797,110341507.768256,-0.00844364,-0.00840436,0.00003962
2026-03-20,60504086.471653,105250926.038317,-0.04396086,-0.04613478,-0.00227647
2026-03-23,62449646.215675,109036399.995375,0.03215584,0.03596618,0.00368484
2026-03-24,61788712.862485,107815209.981717,-0.01058346,-0.01119984,-0.00062316
2026-03-25,62773067.255747,109560730.913992,0.01593097,0.01618993,0.00025486
2026-03-26,59407942.547916,103890872.140203,-0.05360778,-0.05175083,0.00196021
2026-03-27,56361921.412095,98693310.084227,-0.05127296,-0.05002905,0.00131027
2026-03-30,57907920.816747,100302603.926083,0.02742986,0.01630601,-0.01088591
2026-03-31,58804906.362810,101835906.400704,0.01548986,0.01528677,-0.00020002
2026-04-01,59092421.219147,102333803.872535,0.00488930,0.00488921,-0.00000009
2026-04-02,58721382.286664,101691258.620115,-0.00627896,-0.00627891,0.00000005
2026-04-06,58628921.205628,101531141.446712,-0.00157457,-0.00157454,0.00000003
2026-04-07,58856888.606584,101925922.412462,0.00388831,0.00388827,-0.00000003
2026-04-08,59095703.890968,102339498.199213,0.00405756,0.00405761,0.00000005
2026-04-09,59461149.311276,102972375.314347,0.00618396,0.00618409,0.00000013
2026-04-10,59202313.576157,102524117.733565,-0.00435302,-0.00435318,-0.00000016
2026-04-13,59157012.837908,102445669.702689,-0.00076519,-0.00076517,0.00000002
2026-04-14,59504824.636650,103047979.442556,0.00587947,0.00587931,-0.00000016
2026-04-15,60541869.531427,99928223.861074,0.01742791,-0.03027479,-0.04802032
2026-04-16,60915068.016313,100708341.335360,0.00616430,0.00780678,0.00163108
2026-04-17,63134660.730701,104369077.861862,0.03643750,0.03634988,-0.00008454
2026-04-20,62749256.046029,103642641.245447,-0.00610449,-0.00696027,-0.00086141
2026-04-21,61484294.884296,101677447.419828,-0.02015898,-0.01896125,0.00122163
2026-04-22,63354399.121545,104774165.551226,0.03041597,0.03045629,0.00003914
2026-04-23,62561224.111580,103443749.762087,-0.01251965,-0.01269794,-0.00018056
2026-04-24,64022694.222567,105961918.962780,0.02336064,0.02434337,0.00095984
2026-04-27,64312537.349976,106360564.342713,0.00452719,0.00376216,-0.00076188
2026-04-28,63335628.930238,104781684.700381,-0.01519002,-0.01484460,0.00035069
2026-04-29,63304120.141061,104647066.623635,-0.00049749,-0.00128475,-0.00078796
2026-04-30,65118620.666373,107897050.700741,0.02866323,0.03105662,0.00232400
2026-05-01,65665732.249619,108819541.484608,0.00840177,0.00854973,0.00014672
