date,adj_close,name,source
2009-06-25,1.12776,UPRO,tiingo
2009-06-26,1.12192,UPRO,tiingo
2009-06-29,1.15374,UPRO,tiingo
2009-06-30,1.1262,UPRO,tiingo
2009-07-01,1.13829,UPRO,tiingo
2009-07-02,1.04435,UPRO,tiingo
2009-07-06,1.0472,UPRO,tiingo
2009-07-07,0.98198,UPRO,tiingo
2009-07-08,0.98315,UPRO,tiingo
2009-07-09,0.989256,UPRO,tiingo
2009-07-10,0.979771,UPRO,tiingo
2009-07-13,1.05136,UPRO,tiingo
2009-07-14,1.07292,UPRO,tiingo
2009-07-15,1.16466,UPRO,tiingo
2009-07-16,1.19583,UPRO,tiingo
2009-07-17,1.19377,UPRO,tiingo
2009-07-20,1.23,UPRO,tiingo
2009-07-21,1.25041,UPRO,tiingo
2009-07-22,1.24806,UPRO,tiingo
2009-07-23,1.33096,UPRO,tiingo
2009-07-24,1.34837,UPRO,tiingo
2009-07-27,1.35981,UPRO,tiingo
2009-07-28,1.34824,UPRO,tiingo
2009-07-29,1.33031,UPRO,tiingo
2009-07-30,1.37189,UPRO,tiingo
2009-07-31,1.37592,UPRO,tiingo
2009-08-03,1.44517,UPRO,tiingo
2009-08-04,1.45907,UPRO,tiingo
2009-08-05,1.44868,UPRO,tiingo
2009-08-06,1.42152,UPRO,tiingo
2009-08-07,1.47791,UPRO,tiingo
2009-08-10,1.46765,UPRO,tiingo
2009-08-11,1.41178,UPRO,tiingo
2009-08-12,1.46089,UPRO,tiingo
2009-08-13,1.49388,UPRO,tiingo
2009-08-14,1.45816,UPRO,tiingo
2009-08-17,1.34981,UPRO,tiingo
2009-08-18,1.38683,UPRO,tiingo
2009-08-19,1.41866,UPRO,tiingo
2009-08-20,1.46504,UPRO,tiingo
2009-08-21,1.5469,UPRO,tiingo
2009-08-24,1.54663,UPRO,tiingo
2009-08-25,1.5569,UPRO,tiingo
2009-08-26,1.55652,UPRO,tiingo
2009-08-27,1.57094,UPRO,tiingo
2009-08-28,1.56535,UPRO,tiingo
2009-08-31,1.52689,UPRO,tiingo
2009-09-01,1.42257,UPRO,tiingo
2009-09-02,1.40905,UPRO,tiingo
2009-09-03,1.44023,UPRO,tiingo
2009-09-04,1.50325,UPRO,tiingo
2009-09-08,1.54274,UPRO,tiingo
2009-09-09,1.579,UPRO,tiingo
2009-09-10,1.62706,UPRO,tiingo
2009-09-11,1.62472,UPRO,tiingo
2009-09-14,1.65214,UPRO,tiingo
2009-09-15,1.67097,UPRO,tiingo
2009-09-16,1.74517,UPRO,tiingo
2009-09-17,1.73685,UPRO,tiingo
2009-09-18,1.74192,UPRO,tiingo
2009-09-21,1.72724,UPRO,tiingo
2009-09-22,1.75972,UPRO,tiingo
2009-09-23,1.71256,UPRO,tiingo
2009-09-24,1.65724,UPRO,tiingo
2009-09-25,1.63177,UPRO,tiingo
2009-09-28,1.71678,UPRO,tiingo
2009-09-29,1.70704,UPRO,tiingo
2009-09-30,1.68455,UPRO,tiingo
2009-10-01,1.55715,UPRO,tiingo
2009-10-02,1.53988,UPRO,tiingo
2009-10-05,1.60421,UPRO,tiingo
2009-10-06,1.6748,UPRO,tiingo
2009-10-07,1.68762,UPRO,tiingo
2009-10-08,1.72849,UPRO,tiingo
2009-10-09,1.75617,UPRO,tiingo
2009-10-12,1.77879,UPRO,tiingo
2009-10-13,1.7693,UPRO,tiingo
2009-10-14,1.85926,UPRO,tiingo
2009-10-15,1.87602,UPRO,tiingo
2009-10-16,1.83585,UPRO,tiingo
2009-10-19,1.88122,UPRO,tiingo
2009-10-20,1.85327,UPRO,tiingo
2009-10-21,1.80257,UPRO,tiingo
2009-10-22,1.85406,UPRO,tiingo
2009-10-23,1.79243,UPRO,tiingo
2009-10-26,1.72926,UPRO,tiingo
2009-10-27,1.7082,UPRO,tiingo
2009-10-28,1.6124,UPRO,tiingo
2009-10-29,1.71471,UPRO,tiingo
2009-10-30,1.56833,UPRO,tiingo
2009-11-02,1.60018,UPRO,tiingo
2009-11-03,1.61592,UPRO,tiingo
2009-11-04,1.62449,UPRO,tiingo
2009-11-05,1.71665,UPRO,tiingo
2009-11-06,1.73343,UPRO,tiingo
2009-11-09,1.84977,UPRO,tiingo
2009-11-10,1.8482,UPRO,tiingo
2009-11-11,1.87901,UPRO,tiingo
2009-11-12,1.81921,UPRO,tiingo
2009-11-13,1.85236,UPRO,tiingo
2009-11-16,1.93152,UPRO,tiingo
2009-11-17,1.93855,UPRO,tiingo
2009-11-18,1.93594,UPRO,tiingo
2009-11-19,1.8599,UPRO,tiingo
2009-11-20,1.84339,UPRO,tiingo
2009-11-23,1.91177,UPRO,tiingo
2009-11-24,1.91671,UPRO,tiingo
2009-11-25,1.93646,UPRO,tiingo
2009-11-27,1.84288,UPRO,tiingo
2009-11-30,1.86303,UPRO,tiingo
2009-12-01,1.92425,UPRO,tiingo
2009-12-02,1.92971,UPRO,tiingo
2009-12-03,1.88369,UPRO,tiingo
2009-12-04,1.91345,UPRO,tiingo
2009-12-07,1.90461,UPRO,tiingo
2009-12-08,1.84457,UPRO,tiingo
2009-12-09,1.86042,UPRO,tiingo
2009-12-10,1.89279,UPRO,tiingo
2009-12-11,1.92074,UPRO,tiingo
2009-12-14,1.95675,UPRO,tiingo
2009-12-15,1.92815,UPRO,tiingo
2009-12-16,1.93685,UPRO,tiingo
2009-12-17,1.86926,UPRO,tiingo
2009-12-18,1.89877,UPRO,tiingo
2009-12-21,1.95414,UPRO,tiingo
2009-12-22,1.97741,UPRO,tiingo
2009-12-23,1.99104,UPRO,tiingo
2009-12-24,2.02225,UPRO,tiingo
2009-12-28,2.03565,UPRO,tiingo
2009-12-29,2.02225,UPRO,tiingo
2009-12-30,2.01601,UPRO,tiingo
2009-12-31,1.95981,UPRO,tiingo
2010-01-04,2.05841,UPRO,tiingo
2010-01-05,2.0761,UPRO,tiingo
2010-01-06,2.08208,UPRO,tiingo
2010-01-07,2.10745,UPRO,tiingo
2010-01-08,2.12801,UPRO,tiingo
2010-01-11,2.13555,UPRO,tiingo
2010-01-12,2.07753,UPRO,tiingo
2010-01-13,2.13048,UPRO,tiingo
2010-01-14,2.14635,UPRO,tiingo
2010-01-15,2.07519,UPRO,tiingo
2010-01-19,2.15297,UPRO,tiingo
2010-01-20,2.08781,UPRO,tiingo
2010-01-21,1.96554,UPRO,tiingo
2010-01-22,1.83807,UPRO,tiingo
2010-01-25,1.8607,UPRO,tiingo
2010-01-26,1.83728,UPRO,tiingo
2010-01-27,1.86473,UPRO,tiingo
2010-01-28,1.79944,UPRO,tiingo
2010-01-29,1.74052,UPRO,tiingo
2010-02-01,1.82194,UPRO,tiingo
2010-02-02,1.88945,UPRO,tiingo
2010-02-03,1.86135,UPRO,tiingo
2010-02-04,1.69056,UPRO,tiingo
2010-02-05,1.70032,UPRO,tiingo
2010-02-08,1.66377,UPRO,tiingo
2010-02-09,1.72387,UPRO,tiingo
2010-02-10,1.71437,UPRO,tiingo
2010-02-11,1.76574,UPRO,tiingo
2010-02-12,1.76091,UPRO,tiingo
2010-02-16,1.8451,UPRO,tiingo
2010-02-17,1.87085,UPRO,tiingo
2010-02-18,1.90623,UPRO,tiingo
2010-02-19,1.91869,UPRO,tiingo
2010-02-22,1.9156,UPRO,tiingo
2010-02-23,1.84665,UPRO,tiingo
2010-02-24,1.89855,UPRO,tiingo
2010-02-25,1.89217,UPRO,tiingo
2010-02-26,1.89608,UPRO,tiingo
2010-03-01,1.95318,UPRO,tiingo
2010-03-02,1.96672,UPRO,tiingo
2010-03-03,1.97452,UPRO,tiingo
2010-03-04,1.99194,UPRO,tiingo
2010-03-05,2.07858,UPRO,tiingo
2010-03-08,2.07832,UPRO,tiingo
2010-03-09,2.08871,UPRO,tiingo
2010-03-10,2.11708,UPRO,tiingo
2010-03-11,2.14439,UPRO,tiingo
2010-03-12,2.14282,UPRO,tiingo
2010-03-15,2.14635,UPRO,tiingo
2010-03-16,2.19758,UPRO,tiingo
2010-03-17,2.23532,UPRO,tiingo
2010-03-18,2.23349,UPRO,tiingo
2010-03-19,2.1972,UPRO,tiingo
2010-03-22,2.23297,UPRO,tiingo
2010-03-23,2.28214,UPRO,tiingo
2010-03-24,2.24928,UPRO,tiingo
2010-03-25,2.23602,UPRO,tiingo
2010-03-26,2.23718,UPRO,tiingo
2010-03-29,2.27556,UPRO,tiingo
2010-03-30,2.2796,UPRO,tiingo
2010-03-31,2.25449,UPRO,tiingo
2010-04-01,2.30238,UPRO,tiingo
2010-04-05,2.35663,UPRO,tiingo
2010-04-06,2.37381,UPRO,tiingo
2010-04-07,2.3362,UPRO,tiingo
2010-04-08,2.35663,UPRO,tiingo
2010-04-09,2.40323,UPRO,tiingo
2010-04-12,2.41675,UPRO,tiingo
2010-04-13,2.4243,UPRO,tiingo
2010-04-14,2.50198,UPRO,tiingo
2010-04-15,2.5116,UPRO,tiingo
2010-04-16,2.39164,UPRO,tiingo
2010-04-19,2.41402,UPRO,tiingo
2010-04-20,2.47968,UPRO,tiingo
2010-04-21,2.46594,UPRO,tiingo
2010-04-22,2.48871,UPRO,tiingo
2010-04-23,2.53776,UPRO,tiingo
2010-04-26,2.50809,UPRO,tiingo
2010-04-27,2.33048,UPRO,tiingo
2010-04-28,2.38071,UPRO,tiingo
2010-04-29,2.47192,UPRO,tiingo
2010-04-30,2.34648,UPRO,tiingo
2010-05-03,2.44069,UPRO,tiingo
2010-05-04,2.2645,UPRO,tiingo
2010-05-05,2.22677,UPRO,tiingo
2010-05-06,2.00494,UPRO,tiingo
2010-05-07,1.91656,UPRO,tiingo
2010-05-10,2.1651,UPRO,tiingo
2010-05-11,2.14636,UPRO,tiingo
2010-05-12,2.23743,UPRO,tiingo
2010-05-13,2.15416,UPRO,tiingo
2010-05-14,2.03784,UPRO,tiingo
2010-05-17,2.04005,UPRO,tiingo
2010-05-18,1.95871,UPRO,tiingo
2010-05-19,1.92385,UPRO,tiingo
2010-05-20,1.70329,UPRO,tiingo
2010-05-21,1.76522,UPRO,tiingo
2010-05-24,1.71058,UPRO,tiingo
2010-05-25,1.7163,UPRO,tiingo
2010-05-26,1.68078,UPRO,tiingo
2010-05-27,1.85306,UPRO,tiingo
2010-05-28,1.7798,UPRO,tiingo
2010-06-01,1.69405,UPRO,tiingo
2010-06-02,1.82365,UPRO,tiingo
2010-06-03,1.84252,UPRO,tiingo
2010-06-04,1.65735,UPRO,tiingo
2010-06-07,1.58879,UPRO,tiingo
2010-06-08,1.63485,UPRO,tiingo
2010-06-09,1.61013,UPRO,tiingo
2010-06-10,1.75522,UPRO,tiingo
2010-06-11,1.77825,UPRO,tiingo
2010-06-14,1.77252,UPRO,tiingo
2010-06-15,1.89041,UPRO,tiingo
2010-06-16,1.88872,UPRO,tiingo
2010-06-17,1.89769,UPRO,tiingo
2010-06-18,1.90355,UPRO,tiingo
2010-06-21,1.88495,UPRO,tiingo
2010-06-22,1.79406,UPRO,tiingo
2010-06-23,1.77712,UPRO,tiingo
2010-06-24,1.68957,UPRO,tiingo
2010-06-25,1.72188,UPRO,tiingo
2010-06-28,1.69191,UPRO,tiingo
2010-06-29,1.53791,UPRO,tiingo
2010-06-30,1.48475,UPRO,tiingo
2010-07-01,1.47524,UPRO,tiingo
2010-07-02,1.44958,UPRO,tiingo
2010-07-06,1.47655,UPRO,tiingo
2010-07-07,1.61596,UPRO,tiingo
2010-07-08,1.66337,UPRO,tiingo
2010-07-09,1.69934,UPRO,tiingo
2010-07-12,1.70429,UPRO,tiingo
2010-07-13,1.78155,UPRO,tiingo
2010-07-14,1.7809,UPRO,tiingo
2010-07-15,1.7822,UPRO,tiingo
2010-07-16,1.63485,UPRO,tiingo
2010-07-19,1.66521,UPRO,tiingo
2010-07-20,1.71824,UPRO,tiingo
2010-07-21,1.6536,UPRO,tiingo
2010-07-22,1.76253,UPRO,tiingo
2010-07-23,1.80787,UPRO,tiingo
2010-07-26,1.86676,UPRO,tiingo
2010-07-27,1.86312,UPRO,tiingo
2010-07-28,1.82806,UPRO,tiingo
2010-07-29,1.80097,UPRO,tiingo
2010-07-30,1.79914,UPRO,tiingo
2010-08-02,1.9207,UPRO,tiingo
2010-08-03,1.89399,UPRO,tiingo
2010-08-04,1.93125,UPRO,tiingo
2010-08-05,1.92435,UPRO,tiingo
2010-08-06,1.9005,UPRO,tiingo
2010-08-09,1.93073,UPRO,tiingo
2010-08-10,1.90284,UPRO,tiingo
2010-08-11,1.74586,UPRO,tiingo
2010-08-12,1.71419,UPRO,tiingo
2010-08-13,1.6953,UPRO,tiingo
2010-08-16,1.69478,UPRO,tiingo
2010-08-17,1.75314,UPRO,tiingo
2010-08-18,1.76539,UPRO,tiingo
2010-08-19,1.67471,UPRO,tiingo
2010-08-20,1.65921,UPRO,tiingo
2010-08-23,1.63706,UPRO,tiingo
2010-08-24,1.5671,UPRO,tiingo
2010-08-25,1.58,UPRO,tiingo
2010-08-26,1.54912,UPRO,tiingo
2010-08-27,1.62208,UPRO,tiingo
2010-08-30,1.5525,UPRO,tiingo
2010-08-31,1.55693,UPRO,tiingo
2010-09-01,1.69152,UPRO,tiingo
2010-09-02,1.73881,UPRO,tiingo
2010-09-03,1.80488,UPRO,tiingo
2010-09-07,1.74741,UPRO,tiingo
2010-09-08,1.78142,UPRO,tiingo
2010-09-09,1.80643,UPRO,tiingo
2010-09-10,1.83458,UPRO,tiingo
2010-09-13,1.89441,UPRO,tiingo
2010-09-14,1.89022,UPRO,tiingo
2010-09-15,1.91483,UPRO,tiingo
2010-09-16,1.91132,UPRO,tiingo
2010-09-17,1.91276,UPRO,tiingo
2010-09-20,2.00368,UPRO,tiingo
2010-09-21,1.98743,UPRO,tiingo
2010-09-22,1.96228,UPRO,tiingo
2010-09-23,1.91246,UPRO,tiingo
2010-09-24,2.02708,UPRO,tiingo
2010-09-27,2.00166,UPRO,tiingo
2010-09-28,2.02278,UPRO,tiingo
2010-09-29,2.00791,UPRO,tiingo
2010-09-30,1.992,UPRO,tiingo
2010-10-01,2.0173,UPRO,tiingo
2010-10-04,1.97322,UPRO,tiingo
2010-10-05,2.09018,UPRO,tiingo
2010-10-06,2.09162,UPRO,tiingo
2010-10-07,2.08328,UPRO,tiingo
2010-10-08,2.11614,UPRO,tiingo
2010-10-11,2.12319,UPRO,tiingo
2010-10-12,2.14418,UPRO,tiingo
2010-10-13,2.19074,UPRO,tiingo
2010-10-14,2.17625,UPRO,tiingo
2010-10-15,2.18199,UPRO,tiingo
2010-10-18,2.15149,UPRO,tiingo
2010-10-19,2.12149,UPRO,tiingo
2010-10-20,2.18773,UPRO,tiingo
2010-10-21,2.19947,UPRO,tiingo
2010-10-22,2.21616,UPRO,tiingo
2010-10-25,2.22972,UPRO,tiingo
2010-10-26,2.23246,UPRO,tiingo
2010-10-27,2.21524,UPRO,tiingo
2010-10-28,2.21851,UPRO,tiingo
2010-10-29,2.21993,UPRO,tiingo
2010-11-01,2.2219,UPRO,tiingo
2010-11-02,2.27237,UPRO,tiingo
2010-11-03,2.30183,UPRO,tiingo
2010-11-04,2.43406,UPRO,tiingo
2010-11-05,2.46614,UPRO,tiingo
2010-11-08,2.45127,UPRO,tiingo
2010-11-09,2.39598,UPRO,tiingo
2010-11-10,2.42337,UPRO,tiingo
2010-11-11,2.39377,UPRO,tiingo
2010-11-12,2.31017,UPRO,tiingo
2010-11-15,2.30183,UPRO,tiingo
2010-11-16,2.1936,UPRO,tiingo
2010-11-17,2.19699,UPRO,tiingo
2010-11-18,2.29322,UPRO,tiingo
2010-11-19,2.3107,UPRO,tiingo
2010-11-22,2.30718,UPRO,tiingo
2010-11-23,2.20377,UPRO,tiingo
2010-11-24,2.29962,UPRO,tiingo
2010-11-26,2.2395,UPRO,tiingo
2010-11-29,2.24393,UPRO,tiingo
2010-11-30,2.20168,UPRO,tiingo
2010-12-01,2.34435,UPRO,tiingo
2010-12-02,2.43562,UPRO,tiingo
2010-12-03,2.45453,UPRO,tiingo
2010-12-06,2.44658,UPRO,tiingo
2010-12-07,2.45049,UPRO,tiingo
2010-12-08,2.47735,UPRO,tiingo
2010-12-09,2.50943,UPRO,tiingo
2010-12-10,2.55246,UPRO,tiingo
2010-12-13,2.55755,UPRO,tiingo
2010-12-14,2.56329,UPRO,tiingo
2010-12-15,2.52744,UPRO,tiingo
2010-12-16,2.5715,UPRO,tiingo
2010-12-17,2.58259,UPRO,tiingo
2010-12-20,2.59537,UPRO,tiingo
2010-12-21,2.64557,UPRO,tiingo
2010-12-22,2.6723,UPRO,tiingo
2010-12-23,2.66017,UPRO,tiingo
2010-12-27,2.66017,UPRO,tiingo
2010-12-28,2.67491,UPRO,tiingo
2010-12-29,2.6813,UPRO,tiingo
2010-12-30,2.67074,UPRO,tiingo
2010-12-31,2.67204,UPRO,tiingo
2011-01-03,2.74976,UPRO,tiingo
2011-01-04,2.74115,UPRO,tiingo
2011-01-05,2.78758,UPRO,tiingo
2011-01-06,2.77115,UPRO,tiingo
2011-01-07,2.75602,UPRO,tiingo
2011-01-10,2.74728,UPRO,tiingo
2011-01-11,2.77323,UPRO,tiingo
2011-01-12,2.85121,UPRO,tiingo
2011-01-13,2.84195,UPRO,tiingo
2011-01-14,2.89137,UPRO,tiingo
2011-01-18,2.9138,UPRO,tiingo
2011-01-19,2.91042,UPRO,tiingo
2011-01-20,2.81639,UPRO,tiingo
2011-01-21,2.83817,UPRO,tiingo
2011-01-24,2.88225,UPRO,tiingo
2011-01-25,2.88603,UPRO,tiingo
2011-01-26,2.92084,UPRO,tiingo
2011-01-27,2.94106,UPRO,tiingo
2011-01-28,2.78572,UPRO,tiingo
2011-01-31,2.84743,UPRO,tiingo
2011-02-01,2.98331,UPRO,tiingo
2011-02-02,2.96683,UPRO,tiingo
2011-02-03,2.98565,UPRO,tiingo
2011-02-04,3.01578,UPRO,tiingo
2011-02-07,3.07002,UPRO,tiingo
2011-02-08,3.11188,UPRO,tiingo
2011-02-09,3.0905,UPRO,tiingo
2011-02-10,3.09493,UPRO,tiingo
2011-02-11,3.15009,UPRO,tiingo
2011-02-14,3.1673,UPRO,tiingo
2011-02-15,3.14279,UPRO,tiingo
2011-02-16,3.19638,UPRO,tiingo
2011-02-17,3.23016,UPRO,tiingo
2011-02-18,3.25011,UPRO,tiingo
2011-02-22,3.05646,UPRO,tiingo
2011-02-23,3.00587,UPRO,tiingo
2011-02-24,2.99491,UPRO,tiingo
2011-02-25,3.0819,UPRO,tiingo
2011-02-28,3.14331,UPRO,tiingo
2011-03-01,2.98566,UPRO,tiingo
2011-03-02,3.00131,UPRO,tiingo
2011-03-03,3.15622,UPRO,tiingo
2011-03-04,3.08971,UPRO,tiingo
2011-03-07,3.01108,UPRO,tiingo
2011-03-08,3.09089,UPRO,tiingo
2011-03-09,3.08072,UPRO,tiingo
2011-03-10,2.9082,UPRO,tiingo
2011-03-11,2.96923,UPRO,tiingo
2011-03-14,2.9168,UPRO,tiingo
2011-03-15,2.819,UPRO,tiingo
2011-03-16,2.6594,UPRO,tiingo
2011-03-17,2.75759,UPRO,tiingo
2011-03-18,2.79514,UPRO,tiingo
2011-03-21,2.9215,UPRO,tiingo
2011-03-22,2.89334,UPRO,tiingo
2011-03-23,2.91641,UPRO,tiingo
2011-03-24,2.99857,UPRO,tiingo
2011-03-25,3.024,UPRO,tiingo
2011-03-28,3.00561,UPRO,tiingo
2011-03-29,3.06468,UPRO,tiingo
2011-03-30,3.12766,UPRO,tiingo
2011-03-31,3.11828,UPRO,tiingo
2011-04-01,3.15349,UPRO,tiingo
2011-04-04,3.16287,UPRO,tiingo
2011-04-05,3.16327,UPRO,tiingo
2011-04-06,3.18673,UPRO,tiingo
2011-04-07,3.16678,UPRO,tiingo
2011-04-08,3.13823,UPRO,tiingo
2011-04-11,3.10811,UPRO,tiingo
2011-04-12,3.03925,UPRO,tiingo
2011-04-13,3.03416,UPRO,tiingo
2011-04-14,3.04137,UPRO,tiingo
2011-04-15,3.06663,UPRO,tiingo
2011-04-18,2.97432,UPRO,tiingo
2011-04-19,3.01734,UPRO,tiingo
2011-04-20,3.14604,UPRO,tiingo
2011-04-21,3.19221,UPRO,tiingo
2011-04-25,3.18048,UPRO,tiingo
2011-04-26,3.26419,UPRO,tiingo
2011-04-27,3.32522,UPRO,tiingo
2011-04-28,3.35808,UPRO,tiingo
2011-04-29,3.39055,UPRO,tiingo
2011-05-02,3.36513,UPRO,tiingo
2011-05-03,3.33148,UPRO,tiingo
2011-05-04,3.26616,UPRO,tiingo
2011-05-05,3.18126,UPRO,tiingo
2011-05-06,3.2149,UPRO,tiingo
2011-05-09,3.25989,UPRO,tiingo
2011-05-10,3.34165,UPRO,tiingo
2011-05-11,3.23172,UPRO,tiingo
2011-05-12,3.27866,UPRO,tiingo
2011-05-13,3.19926,UPRO,tiingo
2011-05-16,3.14214,UPRO,tiingo
2011-05-17,3.14214,UPRO,tiingo
2011-05-18,3.22703,UPRO,tiingo
2011-05-19,3.24816,UPRO,tiingo
2011-05-20,3.16913,UPRO,tiingo
2011-05-23,3.05764,UPRO,tiingo
2011-05-24,3.05334,UPRO,tiingo
2011-05-25,3.08072,UPRO,tiingo
2011-05-26,3.11828,UPRO,tiingo
2011-05-27,3.15818,UPRO,tiingo
2011-05-31,3.25715,UPRO,tiingo
2011-06-01,3.04316,UPRO,tiingo
2011-06-02,3.02635,UPRO,tiingo
2011-06-03,2.93949,UPRO,tiingo
2011-06-06,2.84248,UPRO,tiingo
2011-06-07,2.83582,UPRO,tiingo
2011-06-08,2.80219,UPRO,tiingo
2011-06-09,2.86125,UPRO,tiingo
2011-06-10,2.74624,UPRO,tiingo
2011-06-13,2.75093,UPRO,tiingo
2011-06-14,2.85578,UPRO,tiingo
2011-06-15,2.70361,UPRO,tiingo
2011-06-16,2.71769,UPRO,tiingo
2011-06-17,2.74468,UPRO,tiingo
2011-06-20,2.79006,UPRO,tiingo
2011-06-21,2.90076,UPRO,tiingo
2011-06-22,2.85108,UPRO,tiingo
2011-06-23,2.82488,UPRO,tiingo
2011-06-24,2.72668,UPRO,tiingo
2011-06-27,2.79788,UPRO,tiingo
2011-06-28,2.90703,UPRO,tiingo
2011-06-29,2.98253,UPRO,tiingo
2011-06-30,3.06586,UPRO,tiingo
2011-07-01,3.20356,UPRO,tiingo
2011-07-05,3.19064,UPRO,tiingo
2011-07-06,3.20278,UPRO,tiingo
2011-07-07,3.3123,UPRO,tiingo
2011-07-08,3.23915,UPRO,tiingo
2011-07-11,3.0682,UPRO,tiingo
2011-07-12,3.02243,UPRO,tiingo
2011-07-13,3.05567,UPRO,tiingo
2011-07-14,2.99114,UPRO,tiingo
2011-07-15,3.03534,UPRO,tiingo
2011-07-18,2.96454,UPRO,tiingo
2011-07-19,3.10693,UPRO,tiingo
2011-07-20,3.10145,UPRO,tiingo
2011-07-21,3.22938,UPRO,tiingo
2011-07-22,3.2372,UPRO,tiingo
2011-07-25,3.18322,UPRO,tiingo
2011-07-26,3.14801,UPRO,tiingo
2011-07-27,2.95867,UPRO,tiingo
2011-07-28,2.93284,UPRO,tiingo
2011-07-29,2.86987,UPRO,tiingo
2011-08-01,2.82996,UPRO,tiingo
2011-08-02,2.62027,UPRO,tiingo
2011-08-03,2.65744,UPRO,tiingo
2011-08-04,2.28149,UPRO,tiingo
2011-08-05,2.27171,UPRO,tiingo
2011-08-08,1.82301,UPRO,tiingo
2011-08-09,2.0765,UPRO,tiingo
2011-08-10,1.80383,UPRO,tiingo
2011-08-11,2.04442,UPRO,tiingo
2011-08-12,2.08941,UPRO,tiingo
2011-08-15,2.2142,UPRO,tiingo
2011-08-16,2.16022,UPRO,tiingo
2011-08-17,2.16608,UPRO,tiingo
2011-08-18,1.88364,UPRO,tiingo
2011-08-19,1.7964,UPRO,tiingo
2011-08-22,1.79875,UPRO,tiingo
2011-08-23,1.97127,UPRO,tiingo
2011-08-24,2.05616,UPRO,tiingo
2011-08-25,1.96228,UPRO,tiingo
2011-08-26,2.04834,UPRO,tiingo
2011-08-29,2.22516,UPRO,tiingo
2011-08-30,2.2369,UPRO,tiingo
2011-08-31,2.26466,UPRO,tiingo
2011-09-01,2.20169,UPRO,tiingo
2011-09-02,2.03229,UPRO,tiingo
2011-09-06,1.98731,UPRO,tiingo
2011-09-07,2.15396,UPRO,tiingo
2011-09-08,2.08628,UPRO,tiingo
2011-09-09,1.92471,UPRO,tiingo
2011-09-12,1.9611,UPRO,tiingo
2011-09-13,2.01,UPRO,tiingo
2011-09-14,2.09607,UPRO,tiingo
2011-09-15,2.20599,UPRO,tiingo
2011-09-16,2.24354,UPRO,tiingo
2011-09-19,2.17704,UPRO,tiingo
2011-09-20,2.17078,UPRO,tiingo
2011-09-21,1.97418,UPRO,tiingo
2011-09-22,1.78705,UPRO,tiingo
2011-09-23,1.81406,UPRO,tiingo
2011-09-26,1.94482,UPRO,tiingo
2011-09-27,2.00628,UPRO,tiingo
2011-09-28,1.88532,UPRO,tiingo
2011-09-29,1.93385,UPRO,tiingo
2011-09-30,1.79606,UPRO,tiingo
2011-10-03,1.63672,UPRO,tiingo
2011-10-04,1.7342,UPRO,tiingo
2011-10-05,1.8399,UPRO,tiingo
2011-10-06,1.93934,UPRO,tiingo
2011-10-07,1.89941,UPRO,tiingo
2011-10-10,2.09356,UPRO,tiingo
2011-10-11,2.09514,UPRO,tiingo
2011-10-12,2.15464,UPRO,tiingo
2011-10-13,2.13858,UPRO,tiingo
2011-10-14,2.24859,UPRO,tiingo
2011-10-17,2.12019,UPRO,tiingo
2011-10-18,2.24531,UPRO,tiingo
2011-10-19,2.16638,UPRO,tiingo
2011-10-20,2.1926,UPRO,tiingo
2011-10-21,2.31671,UPRO,tiingo
2011-10-24,2.40753,UPRO,tiingo
2011-10-25,2.26463,UPRO,tiingo
2011-10-26,2.33275,UPRO,tiingo
2011-10-27,2.57115,UPRO,tiingo
2011-10-28,2.58095,UPRO,tiingo
2011-10-31,2.38168,UPRO,tiingo
2011-11-01,2.19026,UPRO,tiingo
2011-11-02,2.29557,UPRO,tiingo
2011-11-03,2.41888,UPRO,tiingo
2011-11-04,2.37582,UPRO,tiingo
2011-11-07,2.41888,UPRO,tiingo
2011-11-08,2.51244,UPRO,tiingo
2011-11-09,2.23568,UPRO,tiingo
2011-11-10,2.29674,UPRO,tiingo
2011-11-11,2.42985,UPRO,tiingo
2011-11-14,2.35703,UPRO,tiingo
2011-11-15,2.39578,UPRO,tiingo
2011-11-16,2.27834,UPRO,tiingo
2011-11-17,2.1699,UPRO,tiingo
2011-11-18,2.16012,UPRO,tiingo
2011-11-21,2.03563,UPRO,tiingo
2011-11-22,2.0137,UPRO,tiingo
2011-11-23,1.88335,UPRO,tiingo
2011-11-25,1.86378,UPRO,tiingo
2011-11-28,2.03136,UPRO,tiingo
2011-11-29,2.04737,UPRO,tiingo
2011-11-30,2.30183,UPRO,tiingo
2011-12-01,2.2983,UPRO,tiingo
2011-12-02,2.29479,UPRO,tiingo
2011-12-05,2.36916,UPRO,tiingo
2011-12-06,2.37112,UPRO,tiingo
2011-12-07,2.39892,UPRO,tiingo
2011-12-08,2.24116,UPRO,tiingo
2011-12-09,2.35312,UPRO,tiingo
2011-12-12,2.25172,UPRO,tiingo
2011-12-13,2.18557,UPRO,tiingo
2011-12-14,2.11392,UPRO,tiingo
2011-12-15,2.13663,UPRO,tiingo
2011-12-16,2.14876,UPRO,tiingo
2011-12-19,2.0787,UPRO,tiingo
2011-12-20,2.2693,UPRO,tiingo
2011-12-21,2.28187,UPRO,tiingo
2011-12-22,2.34802,UPRO,tiingo
2011-12-23,2.40323,UPRO,tiingo
2011-12-27,2.40478,UPRO,tiingo
2011-12-28,2.32015,UPRO,tiingo
2011-12-29,2.386,UPRO,tiingo
2011-12-30,2.35467,UPRO,tiingo
2012-01-03,2.4686,UPRO,tiingo
2012-01-04,2.47251,UPRO,tiingo
2012-01-05,2.49757,UPRO,tiingo
2012-01-06,2.47917,UPRO,tiingo
2012-01-09,2.4913,UPRO,tiingo
2012-01-10,2.55629,UPRO,tiingo
2012-01-11,2.56333,UPRO,tiingo
2012-01-12,2.57977,UPRO,tiingo
2012-01-13,2.55237,UPRO,tiingo
2012-01-17,2.56724,UPRO,tiingo
2012-01-18,2.65298,UPRO,tiingo
2012-01-19,2.69447,UPRO,tiingo
2012-01-20,2.70034,UPRO,tiingo
2012-01-23,2.7027,UPRO,tiingo
2012-01-24,2.69486,UPRO,tiingo
2012-01-25,2.76102,UPRO,tiingo
2012-01-26,2.72148,UPRO,tiingo
2012-01-27,2.716,UPRO,tiingo
2012-01-30,2.6882,UPRO,tiingo
2012-01-31,2.68195,UPRO,tiingo
2012-02-01,2.75359,UPRO,tiingo
2012-02-02,2.76846,UPRO,tiingo
2012-02-03,2.88629,UPRO,tiingo
2012-02-06,2.87964,UPRO,tiingo
2012-02-07,2.90156,UPRO,tiingo
2012-02-08,2.92269,UPRO,tiingo
2012-02-09,2.93483,UPRO,tiingo
2012-02-10,2.87728,UPRO,tiingo
2012-02-13,2.93601,UPRO,tiingo
2012-02-14,2.92466,UPRO,tiingo
2012-02-15,2.88276,UPRO,tiingo
2012-02-16,2.97594,UPRO,tiingo
2012-02-17,3.00413,UPRO,tiingo
2012-02-21,3.00882,UPRO,tiingo
2012-02-22,2.97476,UPRO,tiingo
2012-02-23,3.01978,UPRO,tiingo
2012-02-24,3.03505,UPRO,tiingo
2012-02-27,3.04875,UPRO,tiingo
2012-02-28,3.07772,UPRO,tiingo
2012-02-29,3.03701,UPRO,tiingo
2012-03-01,3.09103,UPRO,tiingo
2012-03-02,3.06284,UPRO,tiingo
2012-03-05,3.02291,UPRO,tiingo
2012-03-06,2.88825,UPRO,tiingo
2012-03-07,2.9501,UPRO,tiingo
2012-03-08,3.03857,UPRO,tiingo
2012-03-09,3.07263,UPRO,tiingo
2012-03-12,3.0738,UPRO,tiingo
2012-03-13,3.24253,UPRO,tiingo
2012-03-14,3.22922,UPRO,tiingo
2012-03-15,3.28207,UPRO,tiingo
2012-03-16,3.30359,UPRO,tiingo
2012-03-19,3.33922,UPRO,tiingo
2012-03-20,3.3075,UPRO,tiingo
2012-03-21,3.29342,UPRO,tiingo
2012-03-22,3.21982,UPRO,tiingo
2012-03-23,3.25153,UPRO,tiingo
2012-03-26,3.38698,UPRO,tiingo
2012-03-27,3.35684,UPRO,tiingo
2012-03-28,3.3075,UPRO,tiingo
2012-03-29,3.2895,UPRO,tiingo
2012-03-30,3.31926,UPRO,tiingo
2012-04-02,3.40146,UPRO,tiingo
2012-04-03,3.36153,UPRO,tiingo
2012-04-04,3.26418,UPRO,tiingo
2012-04-05,3.25662,UPRO,tiingo
2012-04-09,3.14976,UPRO,tiingo
2012-04-10,2.98808,UPRO,tiingo
2012-04-11,3.0511,UPRO,tiingo
2012-04-12,3.1838,UPRO,tiingo
2012-04-13,3.06245,UPRO,tiingo
2012-04-16,3.05384,UPRO,tiingo
2012-04-17,3.19163,UPRO,tiingo
2012-04-18,3.16149,UPRO,tiingo
2012-04-19,3.10277,UPRO,tiingo
2012-04-20,3.11569,UPRO,tiingo
2012-04-23,3.03974,UPRO,tiingo
2012-04-24,3.07498,UPRO,tiingo
2012-04-25,3.20221,UPRO,tiingo
2012-04-26,3.26563,UPRO,tiingo
2012-04-27,3.2805,UPRO,tiingo
2012-04-30,3.24017,UPRO,tiingo
2012-05-01,3.30125,UPRO,tiingo
2012-05-02,3.27541,UPRO,tiingo
2012-05-03,3.20339,UPRO,tiingo
2012-05-04,3.04562,UPRO,tiingo
2012-05-07,3.04992,UPRO,tiingo
2012-05-08,3.01352,UPRO,tiingo
2012-05-09,2.95754,UPRO,tiingo
2012-05-10,2.97672,UPRO,tiingo
2012-05-11,2.94932,UPRO,tiingo
2012-05-14,2.85263,UPRO,tiingo
2012-05-15,2.80448,UPRO,tiingo
2012-05-16,2.77198,UPRO,tiingo
2012-05-17,2.64318,UPRO,tiingo
2012-05-18,2.57782,UPRO,tiingo
2012-05-21,2.71287,UPRO,tiingo
2012-05-22,2.716,UPRO,tiingo
2012-05-23,2.72736,UPRO,tiingo
2012-05-24,2.74614,UPRO,tiingo
2012-05-25,2.72152,UPRO,tiingo
2012-05-29,2.81739,UPRO,tiingo
2012-05-30,2.69329,UPRO,tiingo
2012-05-31,2.67802,UPRO,tiingo
2012-06-01,2.47487,UPRO,tiingo
2012-06-04,2.47408,UPRO,tiingo
2012-06-05,2.52183,UPRO,tiingo
2012-06-06,2.70035,UPRO,tiingo
2012-06-07,2.69917,UPRO,tiingo
2012-06-08,2.76494,UPRO,tiingo
2012-06-11,2.66237,UPRO,tiingo
2012-06-12,2.75672,UPRO,tiingo
2012-06-13,2.69967,UPRO,tiingo
2012-06-14,2.78647,UPRO,tiingo
2012-06-15,2.86633,UPRO,tiingo
2012-06-18,2.88394,UPRO,tiingo
2012-06-19,2.96972,UPRO,tiingo
2012-06-20,2.95425,UPRO,tiingo
2012-06-21,2.75649,UPRO,tiingo
2012-06-22,2.81954,UPRO,tiingo
2012-06-25,2.6817,UPRO,tiingo
2012-06-26,2.72516,UPRO,tiingo
2012-06-27,2.80034,UPRO,tiingo
2012-06-28,2.77411,UPRO,tiingo
2012-06-29,2.98518,UPRO,tiingo
2012-07-02,3.00672,UPRO,tiingo
2012-07-03,3.06742,UPRO,tiingo
2012-07-05,3.02434,UPRO,tiingo
2012-07-06,2.93858,UPRO,tiingo
2012-07-09,2.92958,UPRO,tiingo
2012-07-10,2.85204,UPRO,tiingo
2012-07-11,2.85086,UPRO,tiingo
2012-07-12,2.81405,UPRO,tiingo
2012-07-13,2.95268,UPRO,tiingo
2012-07-16,2.92801,UPRO,tiingo
2012-07-17,2.99106,UPRO,tiingo
2012-07-18,3.0592,UPRO,tiingo
2012-07-19,3.07995,UPRO,tiingo
2012-07-20,2.99654,UPRO,tiingo
2012-07-23,2.9049,UPRO,tiingo
2012-07-24,2.83363,UPRO,tiingo
2012-07-25,2.83128,UPRO,tiingo
2012-07-26,2.9703,UPRO,tiingo
2012-07-27,3.14026,UPRO,tiingo
2012-07-30,3.13321,UPRO,tiingo
2012-07-31,3.09017,UPRO,tiingo
2012-08-01,3.06663,UPRO,tiingo
2012-08-02,2.9985,UPRO,tiingo
2012-08-03,3.17629,UPRO,tiingo
2012-08-06,3.19195,UPRO,tiingo
2012-08-07,3.24011,UPRO,tiingo
2012-08-08,3.25421,UPRO,tiingo
2012-08-09,3.26322,UPRO,tiingo
2012-08-10,3.27772,UPRO,tiingo
2012-08-13,3.2734,UPRO,tiingo
2012-08-14,3.27576,UPRO,tiingo
2012-08-15,3.28437,UPRO,tiingo
2012-08-16,3.35525,UPRO,tiingo
2012-08-17,3.37178,UPRO,tiingo
2012-08-20,3.37287,UPRO,tiingo
2012-08-21,3.34194,UPRO,tiingo
2012-08-22,3.34194,UPRO,tiingo
2012-08-23,3.264,UPRO,tiingo
2012-08-24,3.32392,UPRO,tiingo
2012-08-27,3.32392,UPRO,tiingo
2012-08-28,3.31374,UPRO,tiingo
2012-08-29,3.3204,UPRO,tiingo
2012-08-30,3.24874,UPRO,tiingo
2012-08-31,3.29181,UPRO,tiingo
2012-09-04,3.27614,UPRO,tiingo
2012-09-05,3.27732,UPRO,tiingo
2012-09-06,3.47429,UPRO,tiingo
2012-09-07,3.5205,UPRO,tiingo
2012-09-10,3.45942,UPRO,tiingo
2012-09-11,3.48604,UPRO,tiingo
2012-09-12,3.51932,UPRO,tiingo
2012-09-13,3.68851,UPRO,tiingo
2012-09-14,3.73394,UPRO,tiingo
2012-09-17,3.70065,UPRO,tiingo
2012-09-18,3.68733,UPRO,tiingo
2012-09-19,3.69321,UPRO,tiingo
2012-09-20,3.69281,UPRO,tiingo
2012-09-21,3.68498,UPRO,tiingo
2012-09-24,3.66892,UPRO,tiingo
2012-09-25,3.55595,UPRO,tiingo
2012-09-26,3.4927,UPRO,tiingo
2012-09-27,3.59531,UPRO,tiingo
2012-09-28,3.53931,UPRO,tiingo
2012-10-01,3.5628,UPRO,tiingo
2012-10-02,3.57846,UPRO,tiingo
2012-10-03,3.62194,UPRO,tiingo
2012-10-04,3.70353,UPRO,tiingo
2012-10-05,3.69907,UPRO,tiingo
2012-10-08,3.65952,UPRO,tiingo
2012-10-09,3.55419,UPRO,tiingo
2012-10-10,3.49074,UPRO,tiingo
2012-10-11,3.49427,UPRO,tiingo
2012-10-12,3.45158,UPRO,tiingo
2012-10-15,3.54518,UPRO,tiingo
2012-10-16,3.65052,UPRO,tiingo
2012-10-17,3.69907,UPRO,tiingo
2012-10-18,3.67205,UPRO,tiingo
2012-10-19,3.48017,UPRO,tiingo
2012-10-22,3.48761,UPRO,tiingo
2012-10-23,3.3449,UPRO,tiingo
2012-10-24,3.3161,UPRO,tiingo
2012-10-25,3.34389,UPRO,tiingo
2012-10-26,3.33724,UPRO,tiingo
2012-10-31,3.32822,UPRO,tiingo
2012-11-01,3.44219,UPRO,tiingo
2012-11-02,3.34468,UPRO,tiingo
2012-11-05,3.36935,UPRO,tiingo
2012-11-06,3.44375,UPRO,tiingo
2012-11-07,3.21384,UPRO,tiingo
2012-11-08,3.09327,UPRO,tiingo
2012-11-09,3.09954,UPRO,tiingo
2012-11-12,3.11128,UPRO,tiingo
2012-11-13,3.08269,UPRO,tiingo
2012-11-14,2.95698,UPRO,tiingo
2012-11-15,2.93975,UPRO,tiingo
2012-11-16,2.98206,UPRO,tiingo
2012-11-19,3.15867,UPRO,tiingo
2012-11-20,3.17315,UPRO,tiingo
2012-11-21,3.18999,UPRO,tiingo
2012-11-23,3.31507,UPRO,tiingo
2012-11-26,3.29572,UPRO,tiingo
2012-11-27,3.24952,UPRO,tiingo
2012-11-28,3.32157,UPRO,tiingo
2012-11-29,3.37248,UPRO,tiingo
2012-11-30,3.3619,UPRO,tiingo
2012-12-03,3.31804,UPRO,tiingo
2012-12-04,3.3016,UPRO,tiingo
2012-12-05,3.31922,UPRO,tiingo
2012-12-06,3.35588,UPRO,tiingo
2012-12-07,3.3854,UPRO,tiingo
2012-12-10,3.39519,UPRO,tiingo
2012-12-11,3.46098,UPRO,tiingo
2012-12-12,3.46882,UPRO,tiingo
2012-12-13,3.40851,UPRO,tiingo
2012-12-14,3.36229,UPRO,tiingo
2012-12-17,3.48095,UPRO,tiingo
2012-12-18,3.60274,UPRO,tiingo
2012-12-19,3.52717,UPRO,tiingo
2012-12-20,3.58042,UPRO,tiingo
2012-12-21,3.48683,UPRO,tiingo
2012-12-24,3.44062,UPRO,tiingo
2012-12-26,3.40251,UPRO,tiingo
2012-12-27,3.39429,UPRO,tiingo
2012-12-28,3.27718,UPRO,tiingo
2012-12-31,3.45656,UPRO,tiingo
2013-01-02,3.7135,UPRO,tiingo
2013-01-03,3.68335,UPRO,tiingo
2013-01-04,3.73858,UPRO,tiingo
2013-01-07,3.71116,UPRO,tiingo
2013-01-08,3.67042,UPRO,tiingo
2013-01-09,3.70331,UPRO,tiingo
2013-01-10,3.78362,UPRO,tiingo
2013-01-11,3.79184,UPRO,tiingo
2013-01-14,3.775,UPRO,tiingo
2013-01-15,3.78362,UPRO,tiingo
2013-01-16,3.78323,UPRO,tiingo
2013-01-17,3.85254,UPRO,tiingo
2013-01-18,3.88623,UPRO,tiingo
2013-01-22,3.94107,UPRO,tiingo
2013-01-23,3.95909,UPRO,tiingo
2013-01-24,3.96535,UPRO,tiingo
2013-01-25,4.03272,UPRO,tiingo
2013-01-28,4.01785,UPRO,tiingo
2013-01-29,4.06484,UPRO,tiingo
2013-01-30,4.02137,UPRO,tiingo
2013-01-31,3.98846,UPRO,tiingo
2013-02-01,4.11027,UPRO,tiingo
2013-02-04,3.97319,UPRO,tiingo
2013-02-05,4.09265,UPRO,tiingo
2013-02-06,4.10088,UPRO,tiingo
2013-02-07,4.08874,UPRO,tiingo
2013-02-08,4.15375,UPRO,tiingo
2013-02-11,4.14788,UPRO,tiingo
2013-02-12,4.16825,UPRO,tiingo
2013-02-13,4.18274,UPRO,tiingo
2013-02-14,4.19566,UPRO,tiingo
2013-02-15,4.18234,UPRO,tiingo
2013-02-19,4.26537,UPRO,tiingo
2013-02-20,4.10754,UPRO,tiingo
2013-02-21,4.03586,UPRO,tiingo
2013-02-22,4.15375,UPRO,tiingo
2013-02-25,3.91913,UPRO,tiingo
2013-02-26,3.99904,UPRO,tiingo
2013-02-27,4.14709,UPRO,tiingo
2013-02-28,4.13048,UPRO,tiingo
2013-03-01,4.16942,UPRO,tiingo
2013-03-04,4.22426,UPRO,tiingo
2013-03-05,4.34177,UPRO,tiingo
2013-03-06,4.36409,UPRO,tiingo
2013-03-07,4.38836,UPRO,tiingo
2013-03-08,4.44359,UPRO,tiingo
2013-03-11,4.49059,UPRO,tiingo
2013-03-12,4.45887,UPRO,tiingo
2013-03-13,4.4765,UPRO,tiingo
2013-03-14,4.54973,UPRO,tiingo
2013-03-15,4.53211,UPRO,tiingo
2013-03-18,4.45378,UPRO,tiingo
2013-03-19,4.4248,UPRO,tiingo
2013-03-20,4.51624,UPRO,tiingo
2013-03-21,4.40146,UPRO,tiingo
2013-03-22,4.50332,UPRO,tiingo
2013-03-25,4.45866,UPRO,tiingo
2013-03-26,4.56168,UPRO,tiingo
2013-03-27,4.5558,UPRO,tiingo
2013-03-28,4.58636,UPRO,tiingo
2013-04-01,4.54264,UPRO,tiingo
2013-04-02,4.60634,UPRO,tiingo
2013-04-03,4.46531,UPRO,tiingo
2013-04-04,4.52565,UPRO,tiingo
2013-04-05,4.461,UPRO,tiingo
2013-04-08,4.54405,UPRO,tiingo
2013-04-09,4.6032,UPRO,tiingo
2013-04-10,4.77517,UPRO,tiingo
2013-04-11,4.82062,UPRO,tiingo
2013-04-12,4.78184,UPRO,tiingo
2013-04-15,4.4563,UPRO,tiingo
2013-04-16,4.6412,UPRO,tiingo
2013-04-17,4.44025,UPRO,tiingo
2013-04-18,4.35838,UPRO,tiingo
2013-04-19,4.4704,UPRO,tiingo
2013-04-22,4.53582,UPRO,tiingo
2013-04-23,4.67214,UPRO,tiingo
2013-04-24,4.68116,UPRO,tiingo
2013-04-25,4.73952,UPRO,tiingo
2013-04-26,4.70937,UPRO,tiingo
2013-04-29,4.80455,UPRO,tiingo
2013-04-30,4.83629,UPRO,tiingo
2013-05-01,4.7074,UPRO,tiingo
2013-05-02,4.84176,UPRO,tiingo
2013-05-03,4.98789,UPRO,tiingo
2013-05-06,5.02862,UPRO,tiingo
2013-05-07,5.10226,UPRO,tiingo
2013-05-08,5.17356,UPRO,tiingo
2013-05-09,5.13283,UPRO,tiingo
2013-05-10,5.1814,UPRO,tiingo
2013-05-13,5.19001,UPRO,tiingo
2013-05-14,5.35375,UPRO,tiingo
2013-05-15,5.43602,UPRO,tiingo
2013-05-16,5.35884,UPRO,tiingo
2013-05-17,5.51907,UPRO,tiingo
2013-05-20,5.51749,UPRO,tiingo
2013-05-21,5.53944,UPRO,tiingo
2013-05-22,5.41135,UPRO,tiingo
2013-05-23,5.36824,UPRO,tiingo
2013-05-24,5.34906,UPRO,tiingo
2013-05-28,5.44855,UPRO,tiingo
2013-05-29,5.37726,UPRO,tiingo
2013-05-30,5.4019,UPRO,tiingo
2013-05-31,5.16533,UPRO,tiingo
2013-06-03,5.24838,UPRO,tiingo
2013-06-04,5.17904,UPRO,tiingo
2013-06-05,4.94754,UPRO,tiingo
2013-06-06,5.08817,UPRO,tiingo
2013-06-07,5.28402,UPRO,tiingo
2013-06-10,5.28442,UPRO,tiingo
2013-06-11,5.12695,UPRO,tiingo
2013-06-12,4.99298,UPRO,tiingo
2013-06-13,5.22409,UPRO,tiingo
2013-06-14,5.12616,UPRO,tiingo
2013-06-17,5.24446,UPRO,tiingo
2013-06-18,5.36433,UPRO,tiingo
2013-06-19,5.1481,UPRO,tiingo
2013-06-20,4.76028,UPRO,tiingo
2013-06-21,4.79946,UPRO,tiingo
2013-06-24,4.61927,UPRO,tiingo
2013-06-25,4.75782,UPRO,tiingo
2013-06-26,4.89228,UPRO,tiingo
2013-06-27,4.98554,UPRO,tiingo
2013-06-28,4.8954,UPRO,tiingo
2013-07-01,5.00671,UPRO,tiingo
2013-07-02,4.98711,UPRO,tiingo
2013-07-03,5.00279,UPRO,tiingo
2013-07-05,5.15876,UPRO,tiingo
2013-07-08,5.24575,UPRO,tiingo
2013-07-09,5.35156,UPRO,tiingo
2013-07-10,5.36254,UPRO,tiingo
2013-07-11,5.58905,UPRO,tiingo
2013-07-12,5.59061,UPRO,tiingo
2013-07-15,5.6635,UPRO,tiingo
2013-07-16,5.59453,UPRO,tiingo
2013-07-17,5.63293,UPRO,tiingo
2013-07-18,5.72463,UPRO,tiingo
2013-07-19,5.76226,UPRO,tiingo
2013-07-22,5.79204,UPRO,tiingo
2013-07-23,5.75755,UPRO,tiingo
2013-07-24,5.69407,UPRO,tiingo
2013-07-25,5.72933,UPRO,tiingo
2013-07-26,5.74815,UPRO,tiingo
2013-07-29,5.69092,UPRO,tiingo
2013-07-30,5.69799,UPRO,tiingo
2013-07-31,5.69877,UPRO,tiingo
2013-08-01,5.90131,UPRO,tiingo
2013-08-02,5.93155,UPRO,tiingo
2013-08-05,5.90882,UPRO,tiingo
2013-08-06,5.81242,UPRO,tiingo
2013-08-07,5.74971,UPRO,tiingo
2013-08-08,5.81242,UPRO,tiingo
2013-08-09,5.76226,UPRO,tiingo
2013-08-12,5.73639,UPRO,tiingo
2013-08-13,5.79753,UPRO,tiingo
2013-08-14,5.70426,UPRO,tiingo
2013-08-15,5.45581,UPRO,tiingo
2013-08-16,5.41035,UPRO,tiingo
2013-08-19,5.30846,UPRO,tiingo
2013-08-20,5.38292,UPRO,tiingo
2013-08-21,5.28337,UPRO,tiingo
2013-08-22,5.41975,UPRO,tiingo
2013-08-23,5.47775,UPRO,tiingo
2013-08-26,5.42602,UPRO,tiingo
2013-08-27,5.1517,UPRO,tiingo
2013-08-28,5.20656,UPRO,tiingo
2013-08-29,5.23713,UPRO,tiingo
2013-08-30,5.17365,UPRO,tiingo
2013-09-03,5.25202,UPRO,tiingo
2013-09-04,5.38448,UPRO,tiingo
2013-09-05,5.39311,UPRO,tiingo
2013-09-06,5.40721,UPRO,tiingo
2013-09-09,5.56945,UPRO,tiingo
2013-09-10,5.69015,UPRO,tiingo
2013-09-11,5.74345,UPRO,tiingo
2013-09-12,5.70504,UPRO,tiingo
2013-09-13,5.73482,UPRO,tiingo
2013-09-16,5.83985,UPRO,tiingo
2013-09-17,5.9096,UPRO,tiingo
2013-09-18,6.11848,UPRO,tiingo
2013-09-19,6.09692,UPRO,tiingo
2013-09-20,5.95585,UPRO,tiingo
2013-09-23,5.87747,UPRO,tiingo
2013-09-24,5.83907,UPRO,tiingo
2013-09-25,5.78556,UPRO,tiingo
2013-09-26,5.85066,UPRO,tiingo
2013-09-27,5.77224,UPRO,tiingo
2013-09-30,5.6703,UPRO,tiingo
2013-10-01,5.81379,UPRO,tiingo
2013-10-02,5.79027,UPRO,tiingo
2013-10-03,5.63815,UPRO,tiingo
2013-10-04,5.7589,UPRO,tiingo
2013-10-07,5.6154,UPRO,tiingo
2013-10-08,5.41387,UPRO,tiingo
2013-10-09,5.41779,UPRO,tiingo
2013-10-10,5.76989,UPRO,tiingo
2013-10-11,5.88673,UPRO,tiingo
2013-10-14,5.96357,UPRO,tiingo
2013-10-15,5.82595,UPRO,tiingo
2013-10-16,6.071,UPRO,tiingo
2013-10-17,6.1949,UPRO,tiingo
2013-10-18,6.30468,UPRO,tiingo
2013-10-21,6.32037,UPRO,tiingo
2013-10-22,6.42389,UPRO,tiingo
2013-10-23,6.33919,UPRO,tiingo
2013-10-24,6.39722,UPRO,tiingo
2013-10-25,6.48034,UPRO,tiingo
2013-10-28,6.50779,UPRO,tiingo
2013-10-29,6.62542,UPRO,tiingo
2013-10-30,6.51876,UPRO,tiingo
2013-10-31,6.45055,UPRO,tiingo
2013-11-01,6.50309,UPRO,tiingo
2013-11-04,6.57523,UPRO,tiingo
2013-11-05,6.51249,UPRO,tiingo
2013-11-06,6.60502,UPRO,tiingo
2013-11-07,6.35566,UPRO,tiingo
2013-11-08,6.60972,UPRO,tiingo
2013-11-11,6.61051,UPRO,tiingo
2013-11-12,6.58306,UPRO,tiingo
2013-11-13,6.72814,UPRO,tiingo
2013-11-14,6.83636,UPRO,tiingo
2013-11-15,6.92575,UPRO,tiingo
2013-11-18,6.86223,UPRO,tiingo
2013-11-19,6.81047,UPRO,tiingo
2013-11-20,6.75009,UPRO,tiingo
2013-11-21,6.90457,UPRO,tiingo
2013-11-22,7.0026,UPRO,tiingo
2013-11-25,6.99946,UPRO,tiingo
2013-11-26,6.98847,UPRO,tiingo
2013-11-27,7.03866,UPRO,tiingo
2013-11-29,7.02298,UPRO,tiingo
2013-12-02,6.97279,UPRO,tiingo
2013-12-03,6.89359,UPRO,tiingo
2013-12-04,6.87086,UPRO,tiingo
2013-12-05,6.79321,UPRO,tiingo
2013-12-06,7.00965,UPRO,tiingo
2013-12-09,7.06219,UPRO,tiingo
2013-12-10,6.99397,UPRO,tiingo
2013-12-11,6.75009,UPRO,tiingo
2013-12-12,6.69207,UPRO,tiingo
2013-12-13,6.67561,UPRO,tiingo
2013-12-16,6.80263,UPRO,tiingo
2013-12-17,6.73519,UPRO,tiingo
2013-12-18,7.08493,UPRO,tiingo
2013-12-19,7.06846,UPRO,tiingo
2013-12-20,7.18609,UPRO,tiingo
2013-12-23,7.29509,UPRO,tiingo
2013-12-24,7.34998,UPRO,tiingo
2013-12-26,7.46055,UPRO,tiingo
2013-12-27,7.45584,UPRO,tiingo
2013-12-30,7.44879,UPRO,tiingo
2013-12-31,7.5523,UPRO,tiingo
2014-01-02,7.33665,UPRO,tiingo
2014-01-03,7.3241,UPRO,tiingo
2014-01-06,7.27548,UPRO,tiingo
2014-01-07,7.40173,UPRO,tiingo
2014-01-08,7.40957,UPRO,tiingo
2014-01-09,7.41507,UPRO,tiingo
2014-01-10,7.47858,UPRO,tiingo
2014-01-13,7.18766,UPRO,tiingo
2014-01-14,7.41193,UPRO,tiingo
2014-01-15,7.53503,UPRO,tiingo
2014-01-16,7.50367,UPRO,tiingo
2014-01-17,7.40643,UPRO,tiingo
2014-01-21,7.47153,UPRO,tiingo
2014-01-22,7.488,UPRO,tiingo
2014-01-23,7.30842,UPRO,tiingo
2014-01-24,6.82929,UPRO,tiingo
2014-01-27,6.73205,UPRO,tiingo
2014-01-28,6.85047,UPRO,tiingo
2014-01-29,6.6458,UPRO,tiingo
2014-01-30,6.87085,UPRO,tiingo
2014-01-31,6.74303,UPRO,tiingo
2014-02-03,6.28665,UPRO,tiingo
2014-02-04,6.41369,UPRO,tiingo
2014-02-05,6.39174,UPRO,tiingo
2014-02-06,6.63874,UPRO,tiingo
2014-02-07,6.90065,UPRO,tiingo
2014-02-10,6.93203,UPRO,tiingo
2014-02-11,7.1555,UPRO,tiingo
2014-02-12,7.17511,UPRO,tiingo
2014-02-13,7.2841,UPRO,tiingo
2014-02-14,7.39467,UPRO,tiingo
2014-02-18,7.42761,UPRO,tiingo
2014-02-19,7.2747,UPRO,tiingo
2014-02-20,7.39545,UPRO,tiingo
2014-02-21,7.38527,UPRO,tiingo
2014-02-24,7.49504,UPRO,tiingo
2014-02-25,7.49034,UPRO,tiingo
2014-02-26,7.49112,UPRO,tiingo
2014-02-27,7.61503,UPRO,tiingo
2014-02-28,7.66364,UPRO,tiingo
2014-03-03,7.50446,UPRO,tiingo
2014-03-04,7.82283,UPRO,tiingo
2014-03-05,7.82832,UPRO,tiingo
2014-03-06,7.90046,UPRO,tiingo
2014-03-07,7.89968,UPRO,tiingo
2014-03-10,7.89341,UPRO,tiingo
2014-03-11,7.77578,UPRO,tiingo
2014-03-12,7.78127,UPRO,tiingo
2014-03-13,7.5225,UPRO,tiingo
2014-03-14,7.45349,UPRO,tiingo
2014-03-17,7.64953,UPRO,tiingo
2014-03-18,7.81969,UPRO,tiingo
2014-03-19,7.70285,UPRO,tiingo
2014-03-20,7.82439,UPRO,tiingo
2014-03-21,7.73735,UPRO,tiingo
2014-03-24,7.63699,UPRO,tiingo
2014-03-25,7.74991,UPRO,tiingo
2014-03-26,7.5766,UPRO,tiingo
2014-03-27,7.53191,UPRO,tiingo
2014-03-28,7.63777,UPRO,tiingo
2014-03-31,7.82793,UPRO,tiingo
2014-04-01,7.98514,UPRO,tiingo
2014-04-02,8.06749,UPRO,tiingo
2014-04-03,8.02829,UPRO,tiingo
2014-04-04,7.74912,UPRO,tiingo
2014-04-07,7.48329,UPRO,tiingo
2014-04-08,7.58288,UPRO,tiingo
2014-04-09,7.82676,UPRO,tiingo
2014-04-10,7.33037,UPRO,tiingo
2014-04-11,7.1312,UPRO,tiingo
2014-04-14,7.29744,UPRO,tiingo
2014-04-15,7.448,UPRO,tiingo
2014-04-16,7.68247,UPRO,tiingo
2014-04-17,7.71226,UPRO,tiingo
2014-04-21,7.80009,UPRO,tiingo
2014-04-22,7.89732,UPRO,tiingo
2014-04-23,7.84871,UPRO,tiingo
2014-04-24,7.89575,UPRO,tiingo
2014-04-25,7.69815,UPRO,tiingo
2014-04-28,7.77029,UPRO,tiingo
2014-04-29,7.87929,UPRO,tiingo
2014-04-30,7.9577,UPRO,tiingo
2014-05-01,7.95378,UPRO,tiingo
2014-05-02,7.92163,UPRO,tiingo
2014-05-05,7.96319,UPRO,tiingo
2014-05-06,7.75539,UPRO,tiingo
2014-05-07,7.89262,UPRO,tiingo
2014-05-08,7.86596,UPRO,tiingo
2014-05-09,7.90359,UPRO,tiingo
2014-05-12,8.1263,UPRO,tiingo
2014-05-13,8.14983,UPRO,tiingo
2014-05-14,8.03299,UPRO,tiingo
2014-05-15,7.81342,UPRO,tiingo
2014-05-16,7.90359,UPRO,tiingo
2014-05-19,7.98986,UPRO,tiingo
2014-05-20,7.83459,UPRO,tiingo
2014-05-21,8.02984,UPRO,tiingo
2014-05-22,8.09415,UPRO,tiingo
2014-05-23,8.18904,UPRO,tiingo
2014-05-27,8.34352,UPRO,tiingo
2014-05-28,8.31999,UPRO,tiingo
2014-05-29,8.44938,UPRO,tiingo
2014-05-30,8.48466,UPRO,tiingo
2014-06-02,8.52231,UPRO,tiingo
2014-06-03,8.50897,UPRO,tiingo
2014-06-04,8.55054,UPRO,tiingo
2014-06-05,8.72775,UPRO,tiingo
2014-06-06,8.85166,UPRO,tiingo
2014-06-09,8.87597,UPRO,tiingo
2014-06-10,8.88223,UPRO,tiingo
2014-06-11,8.79284,UPRO,tiingo
2014-06-12,8.60072,UPRO,tiingo
2014-06-13,8.67914,UPRO,tiingo
2014-06-16,8.69404,UPRO,tiingo
2014-06-17,8.76383,UPRO,tiingo
2014-06-18,8.9638,UPRO,tiingo
2014-06-19,8.99358,UPRO,tiingo
2014-06-20,9.04849,UPRO,tiingo
2014-06-23,9.0375,UPRO,tiingo
2014-06-24,8.86734,UPRO,tiingo
2014-06-25,8.99005,UPRO,tiingo
2014-06-26,8.9767,UPRO,tiingo
2014-06-27,9.02693,UPRO,tiingo
2014-06-30,9.0128,UPRO,tiingo
2014-07-01,9.18857,UPRO,tiingo
2014-07-02,9.21289,UPRO,tiingo
2014-07-03,9.35178,UPRO,tiingo
2014-07-07,9.25919,UPRO,tiingo
2014-07-08,9.08263,UPRO,tiingo
2014-07-09,9.19642,UPRO,tiingo
2014-07-10,9.08578,UPRO,tiingo
2014-07-11,9.12893,UPRO,tiingo
2014-07-14,9.25684,UPRO,tiingo
2014-07-15,9.20897,UPRO,tiingo
2014-07-16,9.30941,UPRO,tiingo
2014-07-17,8.99005,UPRO,tiingo
2014-07-18,9.2639,UPRO,tiingo
2014-07-21,9.20741,UPRO,tiingo
2014-07-22,9.33138,UPRO,tiingo
2014-07-23,9.39415,UPRO,tiingo
2014-07-24,9.39612,UPRO,tiingo
2014-07-25,9.26782,UPRO,tiingo
2014-07-28,9.27331,UPRO,tiingo
2014-07-29,9.15561,UPRO,tiingo
2014-07-30,9.15561,UPRO,tiingo
2014-07-31,8.61262,UPRO,tiingo
2014-08-01,8.52944,UPRO,tiingo
2014-08-04,8.71305,UPRO,tiingo
2014-08-05,8.4549,UPRO,tiingo
2014-08-06,8.46353,UPRO,tiingo
2014-08-07,8.32465,UPRO,tiingo
2014-08-08,8.61496,UPRO,tiingo
2014-08-11,8.69737,UPRO,tiingo
2014-08-12,8.65577,UPRO,tiingo
2014-08-13,8.8433,UPRO,tiingo
2014-08-14,8.95474,UPRO,tiingo
2014-08-15,8.95082,UPRO,tiingo
2014-08-18,9.17132,UPRO,tiingo
2014-08-19,9.31569,UPRO,tiingo
2014-08-20,9.39415,UPRO,tiingo
2014-08-21,9.47733,UPRO,tiingo
2014-08-22,9.42789,UPRO,tiingo
2014-08-25,9.56914,UPRO,tiingo
2014-08-26,9.59503,UPRO,tiingo
2014-08-27,9.58483,UPRO,tiingo
2014-08-28,9.56443,UPRO,tiingo
2014-08-29,9.64211,UPRO,tiingo
2014-09-02,9.6225,UPRO,tiingo
2014-09-03,9.61699,UPRO,tiingo
2014-09-04,9.56285,UPRO,tiingo
2014-09-05,9.69861,UPRO,tiingo
2014-09-08,9.62406,UPRO,tiingo
2014-09-09,9.44281,UPRO,tiingo
2014-09-10,9.54952,UPRO,tiingo
2014-09-11,9.57103,UPRO,tiingo
2014-09-12,9.40828,UPRO,tiingo
2014-09-15,9.38552,UPRO,tiingo
2014-09-16,9.59895,UPRO,tiingo
2014-09-17,9.63427,UPRO,tiingo
2014-09-18,9.78492,UPRO,tiingo
2014-09-19,9.76923,UPRO,tiingo
2014-09-22,9.53069,UPRO,tiingo
2014-09-23,9.36905,UPRO,tiingo
2014-09-24,9.59116,UPRO,tiingo
2014-09-25,9.12559,UPRO,tiingo
2014-09-26,9.34856,UPRO,tiingo
2014-09-29,9.29046,UPRO,tiingo
2014-09-30,9.2143,UPRO,tiingo
2014-10-01,8.84371,UPRO,tiingo
2014-10-02,8.83822,UPRO,tiingo
2014-10-03,9.13108,UPRO,tiingo
2014-10-06,9.09732,UPRO,tiingo
2014-10-07,8.68198,UPRO,tiingo
2014-10-08,9.13814,UPRO,tiingo
2014-10-09,8.58384,UPRO,tiingo
2014-10-10,8.29177,UPRO,tiingo
2014-10-13,7.88272,UPRO,tiingo
2014-10-14,7.92355,UPRO,tiingo
2014-10-15,7.7304,UPRO,tiingo
2014-10-16,7.72569,UPRO,tiingo
2014-10-17,8.01619,UPRO,tiingo
2014-10-20,8.24309,UPRO,tiingo
2014-10-21,8.72988,UPRO,tiingo
2014-10-22,8.54772,UPRO,tiingo
2014-10-23,8.84765,UPRO,tiingo
2014-10-24,9.03451,UPRO,tiingo
2014-10-27,9.0031,UPRO,tiingo
2014-10-28,9.30302,UPRO,tiingo
2014-10-29,9.27868,UPRO,tiingo
2014-10-30,9.45848,UPRO,tiingo
2014-10-31,9.77017,UPRO,tiingo
2014-11-03,9.78588,UPRO,tiingo
2014-11-04,9.69166,UPRO,tiingo
2014-11-05,9.86754,UPRO,tiingo
2014-11-06,9.99156,UPRO,tiingo
2014-11-07,10.0182,UPRO,tiingo
2014-11-10,10.1023,UPRO,tiingo
2014-11-11,10.1321,UPRO,tiingo
2014-11-12,10.1031,UPRO,tiingo
2014-11-13,10.1329,UPRO,tiingo
2014-11-14,10.1439,UPRO,tiingo
2014-11-17,10.1636,UPRO,tiingo
2014-11-18,10.337,UPRO,tiingo
2014-11-19,10.2844,UPRO,tiingo
2014-11-20,10.3378,UPRO,tiingo
2014-11-21,10.5121,UPRO,tiingo
2014-11-24,10.5938,UPRO,tiingo
2014-11-25,10.5844,UPRO,tiingo
2014-11-26,10.655,UPRO,tiingo
2014-11-28,10.5852,UPRO,tiingo
2014-12-01,10.3692,UPRO,tiingo
2014-12-02,10.5538,UPRO,tiingo
2014-12-03,10.6887,UPRO,tiingo
2014-12-04,10.6472,UPRO,tiingo
2014-12-05,10.6943,UPRO,tiingo
2014-12-08,10.4863,UPRO,tiingo
2014-12-09,10.4548,UPRO,tiingo
2014-12-10,9.96017,UPRO,tiingo
2014-12-11,10.0976,UPRO,tiingo
2014-12-12,9.61785,UPRO,tiingo
2014-12-15,9.40273,UPRO,tiingo
2014-12-16,9.19311,UPRO,tiingo
2014-12-17,9.74977,UPRO,tiingo
2014-12-18,10.4446,UPRO,tiingo
2014-12-19,10.5797,UPRO,tiingo
2014-12-22,10.7203,UPRO,tiingo
2014-12-23,10.7791,UPRO,tiingo
2014-12-24,10.7783,UPRO,tiingo
2014-12-26,10.8743,UPRO,tiingo
2014-12-29,10.9135,UPRO,tiingo
2014-12-30,10.7462,UPRO,tiingo
2014-12-31,10.4224,UPRO,tiingo
2015-01-02,10.394,UPRO,tiingo
2015-01-05,9.83447,UPRO,tiingo
2015-01-06,9.56804,UPRO,tiingo
2015-01-07,9.92094,UPRO,tiingo
2015-01-08,10.4443,UPRO,tiingo
2015-01-09,10.1881,UPRO,tiingo
2015-01-12,9.94215,UPRO,tiingo
2015-01-13,9.86042,UPRO,tiingo
2015-01-14,9.68751,UPRO,tiingo
2015-01-15,9.42265,UPRO,tiingo
2015-01-16,9.77396,UPRO,tiingo
2015-01-20,9.85177,UPRO,tiingo
2015-01-21,9.99645,UPRO,tiingo
2015-01-22,10.4475,UPRO,tiingo
2015-01-23,10.2652,UPRO,tiingo
2015-01-26,10.3508,UPRO,tiingo
2015-01-27,9.93823,UPRO,tiingo
2015-01-28,9.53346,UPRO,tiingo
2015-01-29,9.81641,UPRO,tiingo
2015-01-30,9.43522,UPRO,tiingo
2015-02-02,9.78025,UPRO,tiingo
2015-02-03,10.2078,UPRO,tiingo
2015-02-04,10.0923,UPRO,tiingo
2015-02-05,10.4067,UPRO,tiingo
2015-02-06,10.3147,UPRO,tiingo
2015-02-09,10.174,UPRO,tiingo
2015-02-10,10.5017,UPRO,tiingo
2015-02-11,10.519,UPRO,tiingo
2015-02-12,10.8192,UPRO,tiingo
2015-02-13,10.9591,UPRO,tiingo
2015-02-17,11.0157,UPRO,tiingo
2015-02-18,11.0047,UPRO,tiingo
2015-02-19,10.9836,UPRO,tiingo
2015-02-20,11.1831,UPRO,tiingo
2015-02-23,11.1752,UPRO,tiingo
2015-02-24,11.2696,UPRO,tiingo
2015-02-25,11.2326,UPRO,tiingo
2015-02-26,11.1957,UPRO,tiingo
2015-02-27,11.085,UPRO,tiingo
2015-03-02,11.2924,UPRO,tiingo
2015-03-03,11.1525,UPRO,tiingo
2015-03-04,11.0055,UPRO,tiingo
2015-03-05,11.044,UPRO,tiingo
2015-03-06,10.5701,UPRO,tiingo
2015-03-09,10.7093,UPRO,tiingo
2015-03-10,10.1857,UPRO,tiingo
2015-03-11,10.1111,UPRO,tiingo
2015-03-12,10.4971,UPRO,tiingo
2015-03-13,10.3037,UPRO,tiingo
2015-03-16,10.7242,UPRO,tiingo
2015-03-17,10.6212,UPRO,tiingo
2015-03-18,10.9946,UPRO,tiingo
2015-03-19,10.8476,UPRO,tiingo
2015-03-20,11.1344,UPRO,tiingo
2015-03-23,11.0747,UPRO,tiingo
2015-03-24,10.8798,UPRO,tiingo
2015-03-25,10.4013,UPRO,tiingo
2015-03-26,10.3328,UPRO,tiingo
2015-03-27,10.3958,UPRO,tiingo
2015-03-30,10.7797,UPRO,tiingo
2015-03-31,10.4997,UPRO,tiingo
2015-04-01,10.3895,UPRO,tiingo
2015-04-02,10.4832,UPRO,tiingo
2015-04-06,10.7066,UPRO,tiingo
2015-04-07,10.6168,UPRO,tiingo
2015-04-08,10.7293,UPRO,tiingo
2015-04-09,10.8749,UPRO,tiingo
2015-04-10,11.0448,UPRO,tiingo
2015-04-13,10.9009,UPRO,tiingo
2015-04-14,10.959,UPRO,tiingo
2015-04-15,11.1039,UPRO,tiingo
2015-04-16,11.0936,UPRO,tiingo
2015-04-17,10.7105,UPRO,tiingo
2015-04-20,11.0015,UPRO,tiingo
2015-04-21,10.9646,UPRO,tiingo
2015-04-22,11.1243,UPRO,tiingo
2015-04-23,11.2085,UPRO,tiingo
2015-04-24,11.2887,UPRO,tiingo
2015-04-27,11.14,UPRO,tiingo
2015-04-28,11.2423,UPRO,tiingo
2015-04-29,11.1055,UPRO,tiingo
2015-04-30,10.7719,UPRO,tiingo
2015-05-01,11.1164,UPRO,tiingo
2015-05-04,11.2241,UPRO,tiingo
2015-05-05,10.8246,UPRO,tiingo
2015-05-06,10.6947,UPRO,tiingo
2015-05-07,10.8246,UPRO,tiingo
2015-05-08,11.2455,UPRO,tiingo
2015-05-11,11.0905,UPRO,tiingo
2015-05-12,10.9843,UPRO,tiingo
2015-05-13,10.9969,UPRO,tiingo
2015-05-14,11.3414,UPRO,tiingo
2015-05-15,11.3753,UPRO,tiingo
2015-05-18,11.4807,UPRO,tiingo
2015-05-19,11.4649,UPRO,tiingo
2015-05-20,11.4438,UPRO,tiingo
2015-05-21,11.5413,UPRO,tiingo
2015-05-22,11.461,UPRO,tiingo
2015-05-26,11.0982,UPRO,tiingo
2015-05-27,11.3949,UPRO,tiingo
2015-05-28,11.365,UPRO,tiingo
2015-05-29,11.1416,UPRO,tiingo
2015-06-01,11.2141,UPRO,tiingo
2015-06-02,11.1825,UPRO,tiingo
2015-06-03,11.2691,UPRO,tiingo
2015-06-04,11.0078,UPRO,tiingo
2015-06-05,10.9371,UPRO,tiingo
2015-06-08,10.7325,UPRO,tiingo
2015-06-09,10.7153,UPRO,tiingo
2015-06-10,11.1102,UPRO,tiingo
2015-06-11,11.2109,UPRO,tiingo
2015-06-12,10.9465,UPRO,tiingo
2015-06-15,10.8018,UPRO,tiingo
2015-06-16,10.9922,UPRO,tiingo
2015-06-17,11.0456,UPRO,tiingo
2015-06-18,11.3713,UPRO,tiingo
2015-06-19,11.1747,UPRO,tiingo
2015-06-22,11.4027,UPRO,tiingo
2015-06-23,11.428,UPRO,tiingo
2015-06-24,11.177,UPRO,tiingo
2015-06-25,11.0669,UPRO,tiingo
2015-06-26,11.0684,UPRO,tiingo
2015-06-29,10.3776,UPRO,tiingo
2015-06-30,10.45,UPRO,tiingo
2015-07-01,10.6828,UPRO,tiingo
2015-07-02,10.6498,UPRO,tiingo
2015-07-06,10.5632,UPRO,tiingo
2015-07-07,10.7521,UPRO,tiingo
2015-07-08,10.2203,UPRO,tiingo
2015-07-09,10.2706,UPRO,tiingo
2015-07-10,10.6609,UPRO,tiingo
2015-07-13,11.0086,UPRO,tiingo
2015-07-14,11.1629,UPRO,tiingo
2015-07-15,11.1424,UPRO,tiingo
2015-07-16,11.3958,UPRO,tiingo
2015-07-17,11.432,UPRO,tiingo
2015-07-20,11.4555,UPRO,tiingo
2015-07-21,11.3108,UPRO,tiingo
2015-07-22,11.2431,UPRO,tiingo
2015-07-23,11.0574,UPRO,tiingo
2015-07-24,10.7223,UPRO,tiingo
2015-07-27,10.5302,UPRO,tiingo
2015-07-28,10.9142,UPRO,tiingo
2015-07-29,11.1392,UPRO,tiingo
2015-07-30,11.1408,UPRO,tiingo
2015-07-31,11.0952,UPRO,tiingo
2015-08-03,10.974,UPRO,tiingo
2015-08-04,10.9142,UPRO,tiingo
2015-08-05,11.0212,UPRO,tiingo
2015-08-06,10.7804,UPRO,tiingo
2015-08-07,10.6876,UPRO,tiingo
2015-08-10,11.0873,UPRO,tiingo
2015-08-11,10.7899,UPRO,tiingo
2015-08-12,10.8198,UPRO,tiingo
2015-08-13,10.7883,UPRO,tiingo
2015-08-14,10.9016,UPRO,tiingo
2015-08-17,11.0857,UPRO,tiingo
2015-08-18,10.9898,UPRO,tiingo
2015-08-19,10.7348,UPRO,tiingo
2015-08-20,10.0564,UPRO,tiingo
2015-08-21,9.11381,UPRO,tiingo
2015-08-24,8.06409,UPRO,tiingo
2015-08-25,7.68639,UPRO,tiingo
2015-08-26,8.59288,UPRO,tiingo
2015-08-27,9.23499,UPRO,tiingo
2015-08-28,9.23657,UPRO,tiingo
2015-08-31,9.00207,UPRO,tiingo
2015-09-01,8.20258,UPRO,tiingo
2015-09-02,8.65898,UPRO,tiingo
2015-09-03,8.67315,UPRO,tiingo
2015-09-04,8.28757,UPRO,tiingo
2015-09-08,8.91236,UPRO,tiingo
2015-09-09,8.5504,UPRO,tiingo
2015-09-10,8.68889,UPRO,tiingo
2015-09-11,8.81165,UPRO,tiingo
2015-09-14,8.70306,UPRO,tiingo
2015-09-15,9.04613,UPRO,tiingo
2015-09-16,9.26646,UPRO,tiingo
2015-09-17,9.21926,UPRO,tiingo
2015-09-18,8.75813,UPRO,tiingo
2015-09-21,8.89347,UPRO,tiingo
2015-09-22,8.55197,UPRO,tiingo
2015-09-23,8.49689,UPRO,tiingo
2015-09-24,8.42292,UPRO,tiingo
2015-09-25,8.40089,UPRO,tiingo
2015-09-28,7.76507,UPRO,tiingo
2015-09-29,7.78238,UPRO,tiingo
2015-09-30,8.21989,UPRO,tiingo
2015-10-01,8.29072,UPRO,tiingo
2015-10-02,8.63694,UPRO,tiingo
2015-10-05,9.11224,UPRO,tiingo
2015-10-06,9.01781,UPRO,tiingo
2015-10-07,9.25073,UPRO,tiingo
2015-10-08,9.48995,UPRO,tiingo
2015-10-09,9.50726,UPRO,tiingo
2015-10-12,9.54818,UPRO,tiingo
2015-10-13,9.35775,UPRO,tiingo
2015-10-14,9.21454,UPRO,tiingo
2015-10-15,9.63473,UPRO,tiingo
2015-10-16,9.76536,UPRO,tiingo
2015-10-19,9.78582,UPRO,tiingo
2015-10-20,9.74332,UPRO,tiingo
2015-10-21,9.57335,UPRO,tiingo
2015-10-22,10.0471,UPRO,tiingo
2015-10-23,10.3807,UPRO,tiingo
2015-10-26,10.3147,UPRO,tiingo
2015-10-27,10.239,UPRO,tiingo
2015-10-28,10.5931,UPRO,tiingo
2015-10-29,10.5916,UPRO,tiingo
2015-10-30,10.4279,UPRO,tiingo
2015-11-02,10.8009,UPRO,tiingo
2015-11-03,10.8937,UPRO,tiingo
2015-11-04,10.8151,UPRO,tiingo
2015-11-05,10.771,UPRO,tiingo
2015-11-06,10.749,UPRO,tiingo
2015-11-09,10.4531,UPRO,tiingo
2015-11-10,10.5081,UPRO,tiingo
2015-11-11,10.3949,UPRO,tiingo
2015-11-12,9.96525,UPRO,tiingo
2015-11-13,9.62844,UPRO,tiingo
2015-11-16,10.0643,UPRO,tiingo
2015-11-17,10.0298,UPRO,tiingo
2015-11-18,10.5113,UPRO,tiingo
2015-11-19,10.4957,UPRO,tiingo
2015-11-20,10.6105,UPRO,tiingo
2015-11-23,10.5648,UPRO,tiingo
2015-11-24,10.6152,UPRO,tiingo
2015-11-25,10.6026,UPRO,tiingo
2015-11-27,10.6325,UPRO,tiingo
2015-11-30,10.5129,UPRO,tiingo
2015-12-01,10.8104,UPRO,tiingo
2015-12-02,10.4672,UPRO,tiingo
2015-12-03,10.0313,UPRO,tiingo
2015-12-04,10.6183,UPRO,tiingo
2015-12-07,10.4248,UPRO,tiingo
2015-12-08,10.2139,UPRO,tiingo
2015-12-09,9.98098,UPRO,tiingo
2015-12-10,10.0392,UPRO,tiingo
2015-12-11,9.45059,UPRO,tiingo
2015-12-14,9.61428,UPRO,tiingo
2015-12-15,9.91015,UPRO,tiingo
2015-12-16,10.3429,UPRO,tiingo
2015-12-17,9.88339,UPRO,tiingo
2015-12-18,9.32312,UPRO,tiingo
2015-12-21,9.57807,UPRO,tiingo
2015-12-22,9.83469,UPRO,tiingo
2015-12-23,10.1942,UPRO,tiingo
2015-12-24,10.1233,UPRO,tiingo
2015-12-28,10.0776,UPRO,tiingo
2015-12-29,10.3945,UPRO,tiingo
2015-12-30,10.1785,UPRO,tiingo
2015-12-31,9.8757,UPRO,tiingo
2016-01-04,9.44988,UPRO,tiingo
2016-01-05,9.50193,UPRO,tiingo
2016-01-06,9.14046,UPRO,tiingo
2016-01-07,8.48155,UPRO,tiingo
2016-01-08,8.19926,UPRO,tiingo
2016-01-11,8.21345,UPRO,tiingo
2016-01-12,8.42479,UPRO,tiingo
2016-01-13,7.78922,UPRO,tiingo
2016-01-14,8.16929,UPRO,tiingo
2016-01-15,7.63466,UPRO,tiingo
2016-01-19,7.67881,UPRO,tiingo
2016-01-20,7.38706,UPRO,tiingo
2016-01-21,7.4943,UPRO,tiingo
2016-01-22,7.96743,UPRO,tiingo
2016-01-25,7.61258,UPRO,tiingo
2016-01-26,7.91538,UPRO,tiingo
2016-01-27,7.65673,UPRO,tiingo
2016-01-28,7.7766,UPRO,tiingo
2016-01-29,8.35697,UPRO,tiingo
2016-02-01,8.33173,UPRO,tiingo
2016-02-02,7.88541,UPRO,tiingo
2016-02-03,8.0179,UPRO,tiingo
2016-02-04,8.05258,UPRO,tiingo
2016-02-05,7.59208,UPRO,tiingo
2016-02-08,7.27982,UPRO,tiingo
2016-02-09,7.27824,UPRO,tiingo
2016-02-10,7.2704,UPRO,tiingo
2016-02-11,7.00698,UPRO,tiingo
2016-02-12,7.41702,UPRO,tiingo
2016-02-16,7.78448,UPRO,tiingo
2016-02-17,8.17087,UPRO,tiingo
2016-02-18,8.06993,UPRO,tiingo
2016-02-19,8.06837,UPRO,tiingo
2016-02-22,8.40743,UPRO,tiingo
2016-02-23,8.10148,UPRO,tiingo
2016-02-24,8.20872,UPRO,tiingo
2016-02-25,8.49733,UPRO,tiingo
2016-02-26,8.44687,UPRO,tiingo
2016-02-29,8.21661,UPRO,tiingo
2016-03-01,8.82693,UPRO,tiingo
2016-03-02,8.94838,UPRO,tiingo
2016-03-03,9.03984,UPRO,tiingo
2016-03-04,9.13604,UPRO,tiingo
2016-03-07,9.15496,UPRO,tiingo
2016-03-08,8.85059,UPRO,tiingo
2016-03-09,8.98779,UPRO,tiingo
2016-03-10,9.00358,UPRO,tiingo
2016-03-11,9.44358,UPRO,tiingo
2016-03-14,9.40889,UPRO,tiingo
2016-03-15,9.36629,UPRO,tiingo
2016-03-16,9.53505,UPRO,tiingo
2016-03-17,9.71167,UPRO,tiingo
2016-03-18,9.82523,UPRO,tiingo
2016-03-21,9.86151,UPRO,tiingo
2016-03-22,9.85204,UPRO,tiingo
2016-03-23,9.65806,UPRO,tiingo
2016-03-24,9.6344,UPRO,tiingo
2016-03-28,9.65806,UPRO,tiingo
2016-03-29,9.93247,UPRO,tiingo
2016-03-30,10.0507,UPRO,tiingo
2016-03-31,9.98298,UPRO,tiingo
2016-04-01,10.169,UPRO,tiingo
2016-04-04,10.076,UPRO,tiingo
2016-04-05,9.78107,UPRO,tiingo
2016-04-06,10.0855,UPRO,tiingo
2016-04-07,9.73376,UPRO,tiingo
2016-04-08,9.81104,UPRO,tiingo
2016-04-11,9.73533,UPRO,tiingo
2016-04-12,10.016,UPRO,tiingo
2016-04-13,10.3094,UPRO,tiingo
2016-04-14,10.3173,UPRO,tiingo
2016-04-15,10.27,UPRO,tiingo
2016-04-18,10.4956,UPRO,tiingo
2016-04-19,10.5948,UPRO,tiingo
2016-04-20,10.6201,UPRO,tiingo
2016-04-21,10.4529,UPRO,tiingo
2016-04-22,10.4592,UPRO,tiingo
2016-04-25,10.3977,UPRO,tiingo
2016-04-26,10.4545,UPRO,tiingo
2016-04-27,10.5096,UPRO,tiingo
2016-04-28,10.232,UPRO,tiingo
2016-04-29,10.0633,UPRO,tiingo
2016-05-02,10.2873,UPRO,tiingo
2016-05-03,10.0223,UPRO,tiingo
2016-05-04,9.84573,UPRO,tiingo
2016-05-05,9.85362,UPRO,tiingo
2016-05-06,9.94982,UPRO,tiingo
2016-05-09,9.98767,UPRO,tiingo
2016-05-10,10.3488,UPRO,tiingo
2016-05-11,10.0649,UPRO,tiingo
2016-05-12,10.0633,UPRO,tiingo
2016-05-13,9.79684,UPRO,tiingo
2016-05-16,10.0871,UPRO,tiingo
2016-05-17,9.81261,UPRO,tiingo
2016-05-18,9.82523,UPRO,tiingo
2016-05-19,9.72114,UPRO,tiingo
2016-05-20,9.89778,UPRO,tiingo
2016-05-23,9.84889,UPRO,tiingo
2016-05-24,10.2384,UPRO,tiingo
2016-05-25,10.4435,UPRO,tiingo
2016-05-26,10.4545,UPRO,tiingo
2016-05-27,10.5823,UPRO,tiingo
2016-05-31,10.5318,UPRO,tiingo
2016-06-01,10.5902,UPRO,tiingo
2016-06-02,10.6926,UPRO,tiingo
2016-06-03,10.5996,UPRO,tiingo
2016-06-06,10.7557,UPRO,tiingo
2016-06-07,10.7951,UPRO,tiingo
2016-06-08,10.9024,UPRO,tiingo
2016-06-09,10.8613,UPRO,tiingo
2016-06-10,10.5491,UPRO,tiingo
2016-06-13,10.3142,UPRO,tiingo
2016-06-14,10.2574,UPRO,tiingo
2016-06-15,10.2022,UPRO,tiingo
2016-06-16,10.2952,UPRO,tiingo
2016-06-17,10.1785,UPRO,tiingo
2016-06-20,10.374,UPRO,tiingo
2016-06-21,10.4607,UPRO,tiingo
2016-06-22,10.4029,UPRO,tiingo
2016-06-23,10.8151,UPRO,tiingo
2016-06-24,9.64335,UPRO,tiingo
2016-06-27,9.11909,UPRO,tiingo
2016-06-28,9.61333,UPRO,tiingo
2016-06-29,10.117,UPRO,tiingo
2016-06-30,10.5102,UPRO,tiingo
2016-07-01,10.5845,UPRO,tiingo
2016-07-05,10.3697,UPRO,tiingo
2016-07-06,10.5435,UPRO,tiingo
2016-07-07,10.5213,UPRO,tiingo
2016-07-08,10.9872,UPRO,tiingo
2016-07-11,11.1056,UPRO,tiingo
2016-07-12,11.3487,UPRO,tiingo
2016-07-13,11.3503,UPRO,tiingo
2016-07-14,11.5256,UPRO,tiingo
2016-07-15,11.4908,UPRO,tiingo
2016-07-18,11.584,UPRO,tiingo
2016-07-19,11.5429,UPRO,tiingo
2016-07-20,11.6914,UPRO,tiingo
2016-07-21,11.5556,UPRO,tiingo
2016-07-22,11.712,UPRO,tiingo
2016-07-25,11.6235,UPRO,tiingo
2016-07-26,11.6282,UPRO,tiingo
2016-07-27,11.5998,UPRO,tiingo
2016-07-28,11.6377,UPRO,tiingo
2016-07-29,11.6803,UPRO,tiingo
2016-08-01,11.6519,UPRO,tiingo
2016-08-02,11.4277,UPRO,tiingo
2016-08-03,11.5304,UPRO,tiingo
2016-08-04,11.5714,UPRO,tiingo
2016-08-05,11.854,UPRO,tiingo
2016-08-08,11.8304,UPRO,tiingo
2016-08-09,11.843,UPRO,tiingo
2016-08-10,11.7578,UPRO,tiingo
2016-08-11,11.9267,UPRO,tiingo
2016-08-12,11.892,UPRO,tiingo
2016-08-15,12.0025,UPRO,tiingo
2016-08-16,11.805,UPRO,tiingo
2016-08-17,11.8682,UPRO,tiingo
2016-08-18,11.9519,UPRO,tiingo
2016-08-19,11.8966,UPRO,tiingo
2016-08-22,11.8935,UPRO,tiingo
2016-08-23,11.9614,UPRO,tiingo
2016-08-24,11.7924,UPRO,tiingo
2016-08-25,11.7435,UPRO,tiingo
2016-08-26,11.6882,UPRO,tiingo
2016-08-29,11.8556,UPRO,tiingo
2016-08-30,11.7924,UPRO,tiingo
2016-08-31,11.693,UPRO,tiingo
2016-09-01,11.7025,UPRO,tiingo
2016-09-02,11.8524,UPRO,tiingo
2016-09-06,11.9661,UPRO,tiingo
2016-09-07,11.963,UPRO,tiingo
2016-09-08,11.873,UPRO,tiingo
2016-09-09,11.0266,UPRO,tiingo
2016-09-12,11.4862,UPRO,tiingo
2016-09-13,10.9888,UPRO,tiingo
2016-09-14,10.9729,UPRO,tiingo
2016-09-15,11.3061,UPRO,tiingo
2016-09-16,11.1781,UPRO,tiingo
2016-09-19,11.1749,UPRO,tiingo
2016-09-20,11.1892,UPRO,tiingo
2016-09-21,11.5608,UPRO,tiingo
2016-09-22,11.7693,UPRO,tiingo
2016-09-23,11.5861,UPRO,tiingo
2016-09-26,11.3003,UPRO,tiingo
2016-09-27,11.5134,UPRO,tiingo
2016-09-28,11.6792,UPRO,tiingo
2016-09-29,11.3634,UPRO,tiingo
2016-09-30,11.6303,UPRO,tiingo
2016-10-03,11.5198,UPRO,tiingo
2016-10-04,11.3602,UPRO,tiingo
2016-10-05,11.5103,UPRO,tiingo
2016-10-06,11.5293,UPRO,tiingo
2016-10-07,11.4044,UPRO,tiingo
2016-10-10,11.5767,UPRO,tiingo
2016-10-11,11.155,UPRO,tiingo
2016-10-12,11.196,UPRO,tiingo
2016-10-13,11.0823,UPRO,tiingo
2016-10-14,11.0933,UPRO,tiingo
2016-10-17,10.986,UPRO,tiingo
2016-10-18,11.1739,UPRO,tiingo
2016-10-19,11.2671,UPRO,tiingo
2016-10-20,11.2055,UPRO,tiingo
2016-10-21,11.2119,UPRO,tiingo
2016-10-24,11.354,UPRO,tiingo
2016-10-25,11.2577,UPRO,tiingo
2016-10-26,11.1865,UPRO,tiingo
2016-10-27,11.0918,UPRO,tiingo
2016-10-28,10.9844,UPRO,tiingo
2016-10-31,10.9765,UPRO,tiingo
2016-11-01,10.7554,UPRO,tiingo
2016-11-02,10.5501,UPRO,tiingo
2016-11-03,10.4095,UPRO,tiingo
2016-11-04,10.3606,UPRO,tiingo
2016-11-07,11.0428,UPRO,tiingo
2016-11-08,11.1928,UPRO,tiingo
2016-11-09,11.5735,UPRO,tiingo
2016-11-10,11.6445,UPRO,tiingo
2016-11-11,11.5671,UPRO,tiingo
2016-11-14,11.5892,UPRO,tiingo
2016-11-15,11.8593,UPRO,tiingo
2016-11-16,11.7993,UPRO,tiingo
2016-11-17,11.9715,UPRO,tiingo
2016-11-18,11.8925,UPRO,tiingo
2016-11-21,12.1595,UPRO,tiingo
2016-11-22,12.2304,UPRO,tiingo
2016-11-23,12.2526,UPRO,tiingo
2016-11-25,12.3932,UPRO,tiingo
2016-11-28,12.2179,UPRO,tiingo
2016-11-29,12.2873,UPRO,tiingo
2016-11-30,12.1894,UPRO,tiingo
2016-12-01,12.0489,UPRO,tiingo
2016-12-02,12.071,UPRO,tiingo
2016-12-05,12.2747,UPRO,tiingo
2016-12-06,12.4105,UPRO,tiingo
2016-12-07,12.8843,UPRO,tiingo
2016-12-08,12.9822,UPRO,tiingo
2016-12-09,13.2144,UPRO,tiingo
2016-12-12,13.1781,UPRO,tiingo
2016-12-13,13.4292,UPRO,tiingo
2016-12-14,13.1228,UPRO,tiingo
2016-12-15,13.257,UPRO,tiingo
2016-12-16,13.2002,UPRO,tiingo
2016-12-19,13.2729,UPRO,tiingo
2016-12-20,13.4134,UPRO,tiingo
2016-12-21,13.3139,UPRO,tiingo
2016-12-22,13.2507,UPRO,tiingo
2016-12-23,13.2901,UPRO,tiingo
2016-12-27,13.3913,UPRO,tiingo
2016-12-28,13.0722,UPRO,tiingo
2016-12-29,13.0502,UPRO,tiingo
2016-12-30,12.9159,UPRO,tiingo
2017-01-03,13.1955,UPRO,tiingo
2017-01-04,13.4308,UPRO,tiingo
2017-01-05,13.3897,UPRO,tiingo
2017-01-06,13.5414,UPRO,tiingo
2017-01-09,13.4134,UPRO,tiingo
2017-01-10,13.3913,UPRO,tiingo
2017-01-11,13.5003,UPRO,tiingo
2017-01-12,13.4118,UPRO,tiingo
2017-01-13,13.4956,UPRO,tiingo
2017-01-17,13.3708,UPRO,tiingo
2017-01-18,13.4403,UPRO,tiingo
2017-01-19,13.2997,UPRO,tiingo
2017-01-20,13.4371,UPRO,tiingo
2017-01-23,13.333,UPRO,tiingo
2017-01-24,13.5872,UPRO,tiingo
2017-01-25,13.9173,UPRO,tiingo
2017-01-26,13.8857,UPRO,tiingo
2017-01-27,13.8367,UPRO,tiingo
2017-01-30,13.5872,UPRO,tiingo
2017-01-31,13.5792,UPRO,tiingo
2017-02-01,13.5872,UPRO,tiingo
2017-02-02,13.6061,UPRO,tiingo
2017-02-03,13.8793,UPRO,tiingo
2017-02-06,13.8209,UPRO,tiingo
2017-02-07,13.8114,UPRO,tiingo
2017-02-08,13.8667,UPRO,tiingo
2017-02-09,14.1036,UPRO,tiingo
2017-02-10,14.2695,UPRO,tiingo
2017-02-13,14.4874,UPRO,tiingo
2017-02-14,14.6738,UPRO,tiingo
2017-02-15,14.8933,UPRO,tiingo
2017-02-16,14.8648,UPRO,tiingo
2017-02-17,14.9233,UPRO,tiingo
2017-02-21,15.1806,UPRO,tiingo
2017-02-22,15.1539,UPRO,tiingo
2017-02-23,15.1917,UPRO,tiingo
2017-02-24,15.2423,UPRO,tiingo
2017-02-27,15.3103,UPRO,tiingo
2017-02-28,15.1965,UPRO,tiingo
2017-03-01,15.8092,UPRO,tiingo
2017-03-02,15.5408,UPRO,tiingo
2017-03-03,15.555,UPRO,tiingo
2017-03-06,15.4192,UPRO,tiingo
2017-03-07,15.2818,UPRO,tiingo
2017-03-08,15.1822,UPRO,tiingo
2017-03-09,15.2359,UPRO,tiingo
2017-03-10,15.3861,UPRO,tiingo
2017-03-13,15.4097,UPRO,tiingo
2017-03-14,15.2518,UPRO,tiingo
2017-03-15,15.6135,UPRO,tiingo
2017-03-16,15.5519,UPRO,tiingo
2017-03-17,15.4492,UPRO,tiingo
2017-03-20,15.394,UPRO,tiingo
2017-03-21,14.819,UPRO,tiingo
2017-03-22,14.909,UPRO,tiingo
2017-03-23,14.8585,UPRO,tiingo
2017-03-24,14.8285,UPRO,tiingo
2017-03-27,14.7748,UPRO,tiingo
2017-03-28,15.0828,UPRO,tiingo
2017-03-29,15.1523,UPRO,tiingo
2017-03-30,15.2707,UPRO,tiingo
2017-03-31,15.1634,UPRO,tiingo
2017-04-03,15.1049,UPRO,tiingo
2017-04-04,15.1302,UPRO,tiingo
2017-04-05,14.977,UPRO,tiingo
2017-04-06,15.1002,UPRO,tiingo
2017-04-07,15.056,UPRO,tiingo
2017-04-10,15.0796,UPRO,tiingo
2017-04-11,15.0259,UPRO,tiingo
2017-04-12,14.8364,UPRO,tiingo
2017-04-13,14.5537,UPRO,tiingo
2017-04-17,14.9217,UPRO,tiingo
2017-04-18,14.7796,UPRO,tiingo
2017-04-19,14.7037,UPRO,tiingo
2017-04-20,15.0464,UPRO,tiingo
2017-04-21,14.9201,UPRO,tiingo
2017-04-24,15.394,UPRO,tiingo
2017-04-25,15.664,UPRO,tiingo
2017-04-26,15.6418,UPRO,tiingo
2017-04-27,15.6798,UPRO,tiingo
2017-04-28,15.5834,UPRO,tiingo
2017-05-01,15.6813,UPRO,tiingo
2017-05-02,15.7082,UPRO,tiingo
2017-05-03,15.6577,UPRO,tiingo
2017-05-04,15.6876,UPRO,tiingo
2017-05-05,15.8851,UPRO,tiingo
2017-05-08,15.8756,UPRO,tiingo
2017-05-09,15.833,UPRO,tiingo
2017-05-10,15.9056,UPRO,tiingo
2017-05-11,15.8187,UPRO,tiingo
2017-05-12,15.7398,UPRO,tiingo
2017-05-15,15.9735,UPRO,tiingo
2017-05-16,15.9389,UPRO,tiingo
2017-05-17,15.1002,UPRO,tiingo
2017-05-18,15.2565,UPRO,tiingo
2017-05-19,15.5534,UPRO,tiingo
2017-05-22,15.803,UPRO,tiingo
2017-05-23,15.9025,UPRO,tiingo
2017-05-24,15.9925,UPRO,tiingo
2017-05-25,16.2183,UPRO,tiingo
2017-05-26,16.2263,UPRO,tiingo
2017-05-30,16.1867,UPRO,tiingo
2017-05-31,16.16,UPRO,tiingo
2017-06-01,16.5373,UPRO,tiingo
2017-06-02,16.6969,UPRO,tiingo
2017-06-05,16.6748,UPRO,tiingo
2017-06-06,16.5248,UPRO,tiingo
2017-06-07,16.599,UPRO,tiingo
2017-06-08,16.6195,UPRO,tiingo
2017-06-09,16.55,UPRO,tiingo
2017-06-12,16.5278,UPRO,tiingo
2017-06-13,16.7664,UPRO,tiingo
2017-06-14,16.7079,UPRO,tiingo
2017-06-15,16.6022,UPRO,tiingo
2017-06-16,16.6022,UPRO,tiingo
2017-06-19,17.0221,UPRO,tiingo
2017-06-20,16.6969,UPRO,tiingo
2017-06-21,16.6621,UPRO,tiingo
2017-06-22,16.6432,UPRO,tiingo
2017-06-23,16.7142,UPRO,tiingo
2017-06-26,16.7285,UPRO,tiingo
2017-06-27,16.34,UPRO,tiingo
2017-06-28,16.7506,UPRO,tiingo
2017-06-29,16.3273,UPRO,tiingo
2017-06-30,16.4046,UPRO,tiingo
2017-07-03,16.4852,UPRO,tiingo
2017-07-05,16.5926,UPRO,tiingo
2017-07-06,16.1504,UPRO,tiingo
2017-07-07,16.4474,UPRO,tiingo
2017-07-10,16.4931,UPRO,tiingo
2017-07-11,16.4553,UPRO,tiingo
2017-07-12,16.8264,UPRO,tiingo
2017-07-13,16.9054,UPRO,tiingo
2017-07-14,17.1296,UPRO,tiingo
2017-07-17,17.1312,UPRO,tiingo
2017-07-18,17.158,UPRO,tiingo
2017-07-19,17.436,UPRO,tiingo
2017-07-20,17.4487,UPRO,tiingo
2017-07-21,17.4139,UPRO,tiingo
2017-07-24,17.3966,UPRO,tiingo
2017-07-25,17.5008,UPRO,tiingo
2017-07-26,17.5151,UPRO,tiingo
2017-07-27,17.4739,UPRO,tiingo
2017-07-28,17.3918,UPRO,tiingo
2017-07-31,17.3681,UPRO,tiingo
2017-08-01,17.4707,UPRO,tiingo
2017-08-02,17.4913,UPRO,tiingo
2017-08-03,17.4091,UPRO,tiingo
2017-08-04,17.4834,UPRO,tiingo
2017-08-07,17.5765,UPRO,tiingo
2017-08-08,17.4676,UPRO,tiingo
2017-08-09,17.4408,UPRO,tiingo
2017-08-10,16.7158,UPRO,tiingo
2017-08-11,16.7791,UPRO,tiingo
2017-08-14,17.2718,UPRO,tiingo
2017-08-15,17.2686,UPRO,tiingo
2017-08-16,17.346,UPRO,tiingo
2017-08-17,16.5437,UPRO,tiingo
2017-08-18,16.4505,UPRO,tiingo
2017-08-21,16.5011,UPRO,tiingo
2017-08-22,16.9875,UPRO,tiingo
2017-08-23,16.8185,UPRO,tiingo
2017-08-24,16.7032,UPRO,tiingo
2017-08-25,16.8137,UPRO,tiingo
2017-08-28,16.8169,UPRO,tiingo
2017-08-29,16.8643,UPRO,tiingo
2017-08-30,17.1154,UPRO,tiingo
2017-08-31,17.4045,UPRO,tiingo
2017-09-01,17.4992,UPRO,tiingo
2017-09-05,17.1028,UPRO,tiingo
2017-09-06,17.2765,UPRO,tiingo
2017-09-07,17.2639,UPRO,tiingo
2017-09-08,17.1912,UPRO,tiingo
2017-09-11,17.733,UPRO,tiingo
2017-09-12,17.9272,UPRO,tiingo
2017-09-13,17.9605,UPRO,tiingo
2017-09-14,17.9351,UPRO,tiingo
2017-09-15,18.0141,UPRO,tiingo
2017-09-18,18.1104,UPRO,tiingo
2017-09-19,18.153,UPRO,tiingo
2017-09-20,18.1815,UPRO,tiingo
2017-09-21,18.0267,UPRO,tiingo
2017-09-22,18.0362,UPRO,tiingo
2017-09-25,17.924,UPRO,tiingo
2017-09-26,17.9557,UPRO,tiingo
2017-09-27,18.1498,UPRO,tiingo
2017-09-28,18.2194,UPRO,tiingo
2017-09-29,18.3947,UPRO,tiingo
2017-10-02,18.6285,UPRO,tiingo
2017-10-03,18.7627,UPRO,tiingo
2017-10-04,18.8226,UPRO,tiingo
2017-10-05,19.1464,UPRO,tiingo
2017-10-06,19.0975,UPRO,tiingo
2017-10-09,19.0027,UPRO,tiingo
2017-10-10,19.1308,UPRO,tiingo
2017-10-11,19.2207,UPRO,tiingo
2017-10-12,19.1385,UPRO,tiingo
2017-10-13,19.1891,UPRO,tiingo
2017-10-16,19.2728,UPRO,tiingo
2017-10-17,19.3139,UPRO,tiingo
2017-10-18,19.3691,UPRO,tiingo
2017-10-19,19.3865,UPRO,tiingo
2017-10-20,19.6645,UPRO,tiingo
2017-10-23,19.4497,UPRO,tiingo
2017-10-24,19.5412,UPRO,tiingo
2017-10-25,19.2696,UPRO,tiingo
2017-10-26,19.3091,UPRO,tiingo
2017-10-27,19.8004,UPRO,tiingo
2017-10-30,19.5808,UPRO,tiingo
2017-10-31,19.6518,UPRO,tiingo
2017-11-01,19.7529,UPRO,tiingo
2017-11-02,19.7655,UPRO,tiingo
2017-11-03,19.944,UPRO,tiingo
2017-11-06,20.0247,UPRO,tiingo
2017-11-07,20.0072,UPRO,tiingo
2017-11-08,20.1051,UPRO,tiingo
2017-11-09,19.8745,UPRO,tiingo
2017-11-10,19.8478,UPRO,tiingo
2017-11-13,19.8998,UPRO,tiingo
2017-11-14,19.775,UPRO,tiingo
2017-11-15,19.4686,UPRO,tiingo
2017-11-16,19.9346,UPRO,tiingo
2017-11-17,19.7861,UPRO,tiingo
2017-11-20,19.8698,UPRO,tiingo
2017-11-21,20.2552,UPRO,tiingo
2017-11-22,20.1951,UPRO,tiingo
2017-11-24,20.3246,UPRO,tiingo
2017-11-27,20.312,UPRO,tiingo
2017-11-28,20.9138,UPRO,tiingo
2017-11-29,20.8758,UPRO,tiingo
2017-11-30,21.3954,UPRO,tiingo
2017-12-01,21.2786,UPRO,tiingo
2017-12-04,21.1964,UPRO,tiingo
2017-12-05,20.9738,UPRO,tiingo
2017-12-06,20.9738,UPRO,tiingo
2017-12-07,21.1712,UPRO,tiingo
2017-12-08,21.5108,UPRO,tiingo
2017-12-11,21.7176,UPRO,tiingo
2017-12-12,21.8235,UPRO,tiingo
2017-12-13,21.8108,UPRO,tiingo
2017-12-14,21.5439,UPRO,tiingo
2017-12-15,22.0683,UPRO,tiingo
2017-12-18,22.4899,UPRO,tiingo
2017-12-19,22.2326,UPRO,tiingo
2017-12-20,22.193,UPRO,tiingo
2017-12-21,22.3084,UPRO,tiingo
2017-12-22,22.2878,UPRO,tiingo
2017-12-26,22.2008,UPRO,tiingo
2017-12-27,22.2483,UPRO,tiingo
2017-12-28,22.351,UPRO,tiingo
2017-12-29,22.1347,UPRO,tiingo
2018-01-02,22.5878,UPRO,tiingo
2018-01-03,23.0001,UPRO,tiingo
2018-01-04,23.2907,UPRO,tiingo
2018-01-05,23.7456,UPRO,tiingo
2018-01-08,23.864,UPRO,tiingo
2018-01-09,24.0331,UPRO,tiingo
2018-01-10,23.9209,UPRO,tiingo
2018-01-11,24.4152,UPRO,tiingo
2018-01-12,24.8968,UPRO,tiingo
2018-01-16,24.6379,UPRO,tiingo
2018-01-17,25.3454,UPRO,tiingo
2018-01-18,25.2301,UPRO,tiingo
2018-01-19,25.5396,UPRO,tiingo
2018-01-22,26.1666,UPRO,tiingo
2018-01-23,26.3499,UPRO,tiingo
2018-01-24,26.3009,UPRO,tiingo
2018-01-25,26.3356,UPRO,tiingo
2018-01-26,27.2343,UPRO,tiingo
2018-01-29,26.6768,UPRO,tiingo
2018-01-30,25.8476,UPRO,tiingo
2018-01-31,26.1666,UPRO,tiingo
2018-02-01,25.8003,UPRO,tiingo
2018-02-02,24.1325,UPRO,tiingo
2018-02-05,21.1648,UPRO,tiingo
2018-02-06,22.3873,UPRO,tiingo
2018-02-07,21.9641,UPRO,tiingo
2018-02-08,19.5176,UPRO,tiingo
2018-02-09,20.4226,UPRO,tiingo
2018-02-12,21.2233,UPRO,tiingo
2018-02-13,21.4097,UPRO,tiingo
2018-02-14,22.2893,UPRO,tiingo
2018-02-15,23.1043,UPRO,tiingo
2018-02-16,23.1217,UPRO,tiingo
2018-02-20,22.7142,UPRO,tiingo
2018-02-21,22.351,UPRO,tiingo
2018-02-22,22.4426,UPRO,tiingo
2018-02-23,23.5118,UPRO,tiingo
2018-02-26,24.3283,UPRO,tiingo
2018-02-27,23.3886,UPRO,tiingo
2018-02-28,22.6258,UPRO,tiingo
2018-03-01,21.7049,UPRO,tiingo
2018-03-02,22.0398,UPRO,tiingo
2018-03-05,22.7837,UPRO,tiingo
2018-03-06,22.9637,UPRO,tiingo
2018-03-07,22.9385,UPRO,tiingo
2018-03-08,23.2449,UPRO,tiingo
2018-03-09,24.4546,UPRO,tiingo
2018-03-12,24.3678,UPRO,tiingo
2018-03-13,23.8988,UPRO,tiingo
2018-03-14,23.5165,UPRO,tiingo
2018-03-15,23.4328,UPRO,tiingo
2018-03-16,23.5134,UPRO,tiingo
2018-03-19,22.5546,UPRO,tiingo
2018-03-20,22.6557,UPRO,tiingo
2018-03-21,22.5393,UPRO,tiingo
2018-03-22,21.0426,UPRO,tiingo
2018-03-23,19.4844,UPRO,tiingo
2018-03-26,21.098,UPRO,tiingo
2018-03-27,19.9901,UPRO,tiingo
2018-03-28,19.8226,UPRO,tiingo
2018-03-29,20.6602,UPRO,tiingo
2018-04-02,19.2426,UPRO,tiingo
2018-04-03,19.9711,UPRO,tiingo
2018-04-04,20.6649,UPRO,tiingo
2018-04-05,21.0853,UPRO,tiingo
2018-04-06,19.6977,UPRO,tiingo
2018-04-09,19.9332,UPRO,tiingo
2018-04-10,20.8847,UPRO,tiingo
2018-04-11,20.5749,UPRO,tiingo
2018-04-12,21.0633,UPRO,tiingo
2018-04-13,20.8799,UPRO,tiingo
2018-04-16,21.3825,UPRO,tiingo
2018-04-17,22.0762,UPRO,tiingo
2018-04-18,22.1221,UPRO,tiingo
2018-04-19,21.7349,UPRO,tiingo
2018-04-20,21.1881,UPRO,tiingo
2018-04-23,21.1786,UPRO,tiingo
2018-04-24,20.3299,UPRO,tiingo
2018-04-25,20.4675,UPRO,tiingo
2018-04-26,21.0916,UPRO,tiingo
2018-04-27,21.1264,UPRO,tiingo
2018-04-30,20.6318,UPRO,tiingo
2018-05-01,20.7456,UPRO,tiingo
2018-05-02,20.3077,UPRO,tiingo
2018-05-03,20.1703,UPRO,tiingo
2018-05-04,20.9573,UPRO,tiingo
2018-05-07,21.1627,UPRO,tiingo
2018-05-08,21.1691,UPRO,tiingo
2018-05-09,21.7886,UPRO,tiingo
2018-05-10,22.3859,UPRO,tiingo
2018-05-11,22.5124,UPRO,tiingo
2018-05-14,22.6088,UPRO,tiingo
2018-05-15,22.1252,UPRO,tiingo
2018-05-16,22.4066,UPRO,tiingo
2018-05-17,22.3528,UPRO,tiingo
2018-05-18,22.179,UPRO,tiingo
2018-05-21,22.6752,UPRO,tiingo
2018-05-22,22.4823,UPRO,tiingo
2018-05-23,22.6562,UPRO,tiingo
2018-05-24,22.5298,UPRO,tiingo
2018-05-25,22.3401,UPRO,tiingo
2018-05-29,21.6053,UPRO,tiingo
2018-05-30,22.4302,UPRO,tiingo
2018-05-31,21.9657,UPRO,tiingo
2018-06-01,22.6578,UPRO,tiingo
2018-06-04,22.9802,UPRO,tiingo
2018-06-05,23.0466,UPRO,tiingo
2018-06-06,23.625,UPRO,tiingo
2018-06-07,23.5917,UPRO,tiingo
2018-06-08,23.7767,UPRO,tiingo
2018-06-11,23.8762,UPRO,tiingo
2018-06-12,23.9805,UPRO,tiingo
2018-06-13,23.7056,UPRO,tiingo
2018-06-14,23.9047,UPRO,tiingo
2018-06-15,23.8052,UPRO,tiingo
2018-06-18,23.6345,UPRO,tiingo
2018-06-19,23.3736,UPRO,tiingo
2018-06-20,23.4674,UPRO,tiingo
2018-06-21,23.0403,UPRO,tiingo
2018-06-22,23.1494,UPRO,tiingo
2018-06-25,22.2288,UPRO,tiingo
2018-06-26,22.3475,UPRO,tiingo
2018-06-27,21.7875,UPRO,tiingo
2018-06-28,22.1766,UPRO,tiingo
2018-06-29,22.2478,UPRO,tiingo
2018-07-02,22.3712,UPRO,tiingo
2018-07-03,22.1149,UPRO,tiingo
2018-07-05,22.6702,UPRO,tiingo
2018-07-06,23.2159,UPRO,tiingo
2018-07-09,23.8565,UPRO,tiingo
2018-07-10,24.1081,UPRO,tiingo
2018-07-11,23.6002,UPRO,tiingo
2018-07-12,24.203,UPRO,tiingo
2018-07-13,24.2505,UPRO,tiingo
2018-07-16,24.1983,UPRO,tiingo
2018-07-17,24.502,UPRO,tiingo
2018-07-18,24.6396,UPRO,tiingo
2018-07-19,24.3548,UPRO,tiingo
2018-07-20,24.2694,UPRO,tiingo
2018-07-23,24.4118,UPRO,tiingo
2018-07-24,24.7441,UPRO,tiingo
2018-07-25,25.418,UPRO,tiingo
2018-07-26,25.1758,UPRO,tiingo
2018-07-27,24.6871,UPRO,tiingo
2018-07-30,24.2741,UPRO,tiingo
2018-07-31,24.6349,UPRO,tiingo
2018-08-01,24.5352,UPRO,tiingo
2018-08-02,24.8958,UPRO,tiingo
2018-08-03,25.2328,UPRO,tiingo
2018-08-06,25.5081,UPRO,tiingo
2018-08-07,25.7359,UPRO,tiingo
2018-08-08,25.6789,UPRO,tiingo
2018-08-09,25.5793,UPRO,tiingo
2018-08-10,25.062,UPRO,tiingo
2018-08-13,24.7963,UPRO,tiingo
2018-08-14,25.2612,UPRO,tiingo
2018-08-15,24.706,UPRO,tiingo
2018-08-16,25.266,UPRO,tiingo
2018-08-17,25.5128,UPRO,tiingo
2018-08-20,25.7073,UPRO,tiingo
2018-08-21,25.8497,UPRO,tiingo
2018-08-22,25.8355,UPRO,tiingo
2018-08-23,25.6884,UPRO,tiingo
2018-08-24,26.1534,UPRO,tiingo
2018-08-27,26.761,UPRO,tiingo
2018-08-28,26.7989,UPRO,tiingo
2018-08-29,27.2355,UPRO,tiingo
2018-08-30,26.8843,UPRO,tiingo
2018-08-31,26.8748,UPRO,tiingo
2018-09-04,26.7562,UPRO,tiingo
2018-09-05,26.5379,UPRO,tiingo
2018-09-06,26.2816,UPRO,tiingo
2018-09-07,26.1107,UPRO,tiingo
2018-09-10,26.2579,UPRO,tiingo
2018-09-11,26.5332,UPRO,tiingo
2018-09-12,26.5379,UPRO,tiingo
2018-09-13,26.9745,UPRO,tiingo
2018-09-14,27.003,UPRO,tiingo
2018-09-17,26.5521,UPRO,tiingo
2018-09-18,26.9793,UPRO,tiingo
2018-09-19,27.0694,UPRO,tiingo
2018-09-20,27.7006,UPRO,tiingo
2018-09-21,27.6247,UPRO,tiingo
2018-09-24,27.3684,UPRO,tiingo
2018-09-25,27.2593,UPRO,tiingo
2018-09-26,27.0066,UPRO,tiingo
2018-09-27,27.2252,UPRO,tiingo
2018-09-28,27.1966,UPRO,tiingo
2018-10-01,27.5053,UPRO,tiingo
2018-10-02,27.4769,UPRO,tiingo
2018-10-03,27.5148,UPRO,tiingo
2018-10-04,26.8548,UPRO,tiingo
2018-10-05,26.4273,UPRO,tiingo
2018-10-08,26.3845,UPRO,tiingo
2018-10-09,26.2801,UPRO,tiingo
2018-10-10,23.749,UPRO,tiingo
2018-10-11,22.2103,UPRO,tiingo
2018-10-12,23.1079,UPRO,tiingo
2018-10-15,22.7185,UPRO,tiingo
2018-10-16,24.1432,UPRO,tiingo
2018-10-17,24.1954,UPRO,tiingo
2018-10-18,23.1553,UPRO,tiingo
2018-10-19,23.0889,UPRO,tiingo
2018-10-22,22.7992,UPRO,tiingo
2018-10-23,22.4099,UPRO,tiingo
2018-10-24,20.3583,UPRO,tiingo
2018-10-25,21.4885,UPRO,tiingo
2018-10-26,20.3203,UPRO,tiingo
2018-10-29,19.969,UPRO,tiingo
2018-10-30,20.8949,UPRO,tiingo
2018-10-31,21.5455,UPRO,tiingo
2018-11-01,22.2199,UPRO,tiingo
2018-11-02,21.783,UPRO,tiingo
2018-11-05,22.1819,UPRO,tiingo
2018-11-06,22.5808,UPRO,tiingo
2018-11-07,24.0149,UPRO,tiingo
2018-11-08,23.8724,UPRO,tiingo
2018-11-09,23.2124,UPRO,tiingo
2018-11-12,21.8637,UPRO,tiingo
2018-11-13,21.7544,UPRO,tiingo
2018-11-14,21.2796,UPRO,tiingo
2018-11-15,21.9587,UPRO,tiingo
2018-11-16,22.1154,UPRO,tiingo
2018-11-19,21.0326,UPRO,tiingo
2018-11-20,19.836,UPRO,tiingo
2018-11-21,20.0259,UPRO,tiingo
2018-11-23,19.6223,UPRO,tiingo
2018-11-26,20.5482,UPRO,tiingo
2018-11-27,20.7478,UPRO,tiingo
2018-11-28,22.1676,UPRO,tiingo
2018-11-29,22.0252,UPRO,tiingo
2018-11-30,22.4668,UPRO,tiingo
2018-12-03,23.3026,UPRO,tiingo
2018-12-04,21.0896,UPRO,tiingo
2018-12-06,20.9567,UPRO,tiingo
2018-12-07,19.4893,UPRO,tiingo
2018-12-10,19.5795,UPRO,tiingo
2018-12-11,19.5748,UPRO,tiingo
2018-12-12,19.8834,UPRO,tiingo
2018-12-13,19.8596,UPRO,tiingo
2018-12-14,18.7484,UPRO,tiingo
2018-12-17,17.6135,UPRO,tiingo
2018-12-18,17.5802,UPRO,tiingo
2018-12-19,16.7729,UPRO,tiingo
2018-12-20,15.9514,UPRO,tiingo
2018-12-21,14.9495,UPRO,tiingo
2018-12-24,13.7717,UPRO,tiingo
2018-12-26,15.7917,UPRO,tiingo
2018-12-27,16.211,UPRO,tiingo
2018-12-28,16.1347,UPRO,tiingo
2018-12-31,16.5683,UPRO,tiingo
2019-01-02,16.6016,UPRO,tiingo
2019-01-03,15.363,UPRO,tiingo
2019-01-04,16.9256,UPRO,tiingo
2019-01-07,17.3114,UPRO,tiingo
2019-01-08,17.7925,UPRO,tiingo
2019-01-09,18.0403,UPRO,tiingo
2019-01-10,18.2594,UPRO,tiingo
2019-01-11,18.245,UPRO,tiingo
2019-01-14,17.9354,UPRO,tiingo
2019-01-15,18.5405,UPRO,tiingo
2019-01-16,18.65,UPRO,tiingo
2019-01-17,19.0787,UPRO,tiingo
2019-01-18,19.8266,UPRO,tiingo
2019-01-22,19.0359,UPRO,tiingo
2019-01-23,19.1264,UPRO,tiingo
2019-01-24,19.1789,UPRO,tiingo
2019-01-25,19.6456,UPRO,tiingo
2019-01-28,19.2121,UPRO,tiingo
2019-01-29,19.1264,UPRO,tiingo
2019-01-30,20.0267,UPRO,tiingo
2019-01-31,20.5269,UPRO,tiingo
2019-02-01,20.5555,UPRO,tiingo
2019-02-04,20.9937,UPRO,tiingo
2019-02-05,21.2653,UPRO,tiingo
2019-02-06,21.1604,UPRO,tiingo
2019-02-07,20.5507,UPRO,tiingo
2019-02-08,20.627,UPRO,tiingo
2019-02-11,20.6603,UPRO,tiingo
2019-02-12,21.4511,UPRO,tiingo
2019-02-13,21.6416,UPRO,tiingo
2019-02-14,21.4939,UPRO,tiingo
2019-02-15,22.1848,UPRO,tiingo
2019-02-19,22.2943,UPRO,tiingo
2019-02-20,22.4276,UPRO,tiingo
2019-02-21,22.18,UPRO,tiingo
2019-02-22,22.5991,UPRO,tiingo
2019-02-25,22.6944,UPRO,tiingo
2019-02-26,22.623,UPRO,tiingo
2019-02-27,22.5849,UPRO,tiingo
2019-02-28,22.4324,UPRO,tiingo
2019-03-01,22.8802,UPRO,tiingo
2019-03-04,22.6086,UPRO,tiingo
2019-03-05,22.5134,UPRO,tiingo
2019-03-06,22.099,UPRO,tiingo
2019-03-07,21.5463,UPRO,tiingo
2019-03-08,21.413,UPRO,tiingo
2019-03-11,22.3467,UPRO,tiingo
2019-03-12,22.5753,UPRO,tiingo
2019-03-13,23.0231,UPRO,tiingo
2019-03-14,22.9755,UPRO,tiingo
2019-03-15,23.309,UPRO,tiingo
2019-03-18,23.571,UPRO,tiingo
2019-03-19,23.5853,UPRO,tiingo
2019-03-20,23.3394,UPRO,tiingo
2019-03-21,24.1078,UPRO,tiingo
2019-03-22,22.7332,UPRO,tiingo
2019-03-25,22.676,UPRO,tiingo
2019-03-26,23.1532,UPRO,tiingo
2019-03-27,22.8287,UPRO,tiingo
2019-03-28,23.0722,UPRO,tiingo
2019-03-29,23.5208,UPRO,tiingo
2019-04-01,24.3417,UPRO,tiingo
2019-04-02,24.3369,UPRO,tiingo
2019-04-03,24.4802,UPRO,tiingo
2019-04-04,24.6376,UPRO,tiingo
2019-04-05,24.9574,UPRO,tiingo
2019-04-08,25.0529,UPRO,tiingo
2019-04-09,24.6519,UPRO,tiingo
2019-04-10,24.9049,UPRO,tiingo
2019-04-11,24.8763,UPRO,tiingo
2019-04-12,25.3774,UPRO,tiingo
2019-04-15,25.3106,UPRO,tiingo
2019-04-16,25.3822,UPRO,tiingo
2019-04-17,25.1626,UPRO,tiingo
2019-04-18,25.2963,UPRO,tiingo
2019-04-22,25.3774,UPRO,tiingo
2019-04-23,26.0265,UPRO,tiingo
2019-04-24,25.8738,UPRO,tiingo
2019-04-25,25.7926,UPRO,tiingo
2019-04-26,26.1649,UPRO,tiingo
2019-04-29,26.2557,UPRO,tiingo
2019-04-30,26.2986,UPRO,tiingo
2019-05-01,25.7067,UPRO,tiingo
2019-05-02,25.5492,UPRO,tiingo
2019-05-03,26.2699,UPRO,tiingo
2019-05-06,25.9598,UPRO,tiingo
2019-05-07,24.6615,UPRO,tiingo
2019-05-08,24.5469,UPRO,tiingo
2019-05-09,24.2988,UPRO,tiingo
2019-05-10,24.6424,UPRO,tiingo
2019-05-13,22.8192,UPRO,tiingo
2019-05-14,23.3919,UPRO,tiingo
2019-05-15,23.7976,UPRO,tiingo
2019-05-16,24.4419,UPRO,tiingo
2019-05-17,23.9837,UPRO,tiingo
2019-05-20,23.5208,UPRO,tiingo
2019-05-21,24.1269,UPRO,tiingo
2019-05-22,23.9217,UPRO,tiingo
2019-05-23,23.0626,UPRO,tiingo
2019-05-24,23.1532,UPRO,tiingo
2019-05-28,22.5327,UPRO,tiingo
2019-05-29,22.0842,UPRO,tiingo
2019-05-30,22.2416,UPRO,tiingo
2019-05-31,21.33,UPRO,tiingo
2019-06-03,21.1581,UPRO,tiingo
2019-06-04,22.5327,UPRO,tiingo
2019-06-05,23.1007,UPRO,tiingo
2019-06-06,23.5399,UPRO,tiingo
2019-06-07,24.2511,UPRO,tiingo
2019-06-10,24.5851,UPRO,tiingo
2019-06-11,24.5661,UPRO,tiingo
2019-06-12,24.4324,UPRO,tiingo
2019-06-13,24.7523,UPRO,tiingo
2019-06-14,24.6281,UPRO,tiingo
2019-06-17,24.671,UPRO,tiingo
2019-06-18,25.4013,UPRO,tiingo
2019-06-19,25.6112,UPRO,tiingo
2019-06-20,26.3224,UPRO,tiingo
2019-06-21,26.2222,UPRO,tiingo
2019-06-24,26.1172,UPRO,tiingo
2019-06-25,25.358,UPRO,tiingo
2019-06-26,25.2481,UPRO,tiingo
2019-06-27,25.5301,UPRO,tiingo
2019-06-28,25.8886,UPRO,tiingo
2019-07-01,26.5627,UPRO,tiingo
2019-07-02,26.8162,UPRO,tiingo
2019-07-03,27.409,UPRO,tiingo
2019-07-05,27.2895,UPRO,tiingo
2019-07-08,26.883,UPRO,tiingo
2019-07-09,26.9739,UPRO,tiingo
2019-07-10,27.3565,UPRO,tiingo
2019-07-11,27.5238,UPRO,tiingo
2019-07-12,27.911,UPRO,tiingo
2019-07-15,27.9158,UPRO,tiingo
2019-07-16,27.6385,UPRO,tiingo
2019-07-17,27.0887,UPRO,tiingo
2019-07-18,27.366,UPRO,tiingo
2019-07-19,26.8974,UPRO,tiingo
2019-07-22,27.0935,UPRO,tiingo
2019-07-23,27.6481,UPRO,tiingo
2019-07-24,28.0306,UPRO,tiingo
2019-07-25,27.6146,UPRO,tiingo
2019-07-26,28.1787,UPRO,tiingo
2019-07-29,28.0354,UPRO,tiingo
2019-07-30,27.8345,UPRO,tiingo
2019-07-31,26.8735,UPRO,tiingo
2019-08-01,26.1947,UPRO,tiingo
2019-08-02,25.6257,UPRO,tiingo
2019-08-05,23.3452,UPRO,tiingo
2019-08-06,24.2393,UPRO,tiingo
2019-08-07,24.2919,UPRO,tiingo
2019-08-08,25.6879,UPRO,tiingo
2019-08-09,25.1619,UPRO,tiingo
2019-08-12,24.2345,UPRO,tiingo
2019-08-13,25.3532,UPRO,tiingo
2019-08-14,23.1301,UPRO,tiingo
2019-08-15,23.3022,UPRO,tiingo
2019-08-16,24.3205,UPRO,tiingo
2019-08-19,25.1955,UPRO,tiingo
2019-08-20,24.6074,UPRO,tiingo
2019-08-21,25.2051,UPRO,tiingo
2019-08-22,25.1715,UPRO,tiingo
2019-08-23,23.2161,UPRO,tiingo
2019-08-26,23.9764,UPRO,tiingo
2019-08-27,23.7134,UPRO,tiingo
2019-08-28,24.2058,UPRO,tiingo
2019-08-29,25.1189,UPRO,tiingo
2019-08-30,25.095,UPRO,tiingo
2019-09-03,24.6504,UPRO,tiingo
2019-09-04,25.4584,UPRO,tiingo
2019-09-05,26.448,UPRO,tiingo
2019-09-06,26.5149,UPRO,tiingo
2019-09-09,26.5341,UPRO,tiingo
2019-09-10,26.5341,UPRO,tiingo
2019-09-11,27.0982,UPRO,tiingo
2019-09-12,27.3277,UPRO,tiingo
2019-09-13,27.2657,UPRO,tiingo
2019-09-16,27.0313,UPRO,tiingo
2019-09-17,27.2416,UPRO,tiingo
2019-09-18,27.2847,UPRO,tiingo
2019-09-19,27.2416,UPRO,tiingo
2019-09-20,26.8352,UPRO,tiingo
2019-09-23,26.8592,UPRO,tiingo
2019-09-24,26.1994,UPRO,tiingo
2019-09-25,26.6583,UPRO,tiingo
2019-09-26,26.4958,UPRO,tiingo
2019-09-27,26.0464,UPRO,tiingo
2019-09-30,26.4241,UPRO,tiingo
2019-10-01,25.4775,UPRO,tiingo
2019-10-02,24.1198,UPRO,tiingo
2019-10-03,24.6935,UPRO,tiingo
2019-10-04,25.6831,UPRO,tiingo
2019-10-07,25.358,UPRO,tiingo
2019-10-08,24.1771,UPRO,tiingo
2019-10-09,24.8321,UPRO,tiingo
2019-10-10,25.3341,UPRO,tiingo
2019-10-11,26.099,UPRO,tiingo
2019-10-14,26.0416,UPRO,tiingo
2019-10-15,26.8209,UPRO,tiingo
2019-10-16,26.6871,UPRO,tiingo
2019-10-17,26.8974,UPRO,tiingo
2019-10-18,26.5341,UPRO,tiingo
2019-10-21,27.1029,UPRO,tiingo
2019-10-22,26.8114,UPRO,tiingo
2019-10-23,27.0409,UPRO,tiingo
2019-10-24,27.1555,UPRO,tiingo
2019-10-25,27.5094,UPRO,tiingo
2019-10-28,27.9684,UPRO,tiingo
2019-10-29,27.9158,UPRO,tiingo
2019-10-30,28.1883,UPRO,tiingo
2019-10-31,27.9302,UPRO,tiingo
2019-11-01,28.7047,UPRO,tiingo
2019-11-04,29.0488,UPRO,tiingo
2019-11-05,28.9436,UPRO,tiingo
2019-11-06,28.9772,UPRO,tiingo
2019-11-07,29.2735,UPRO,tiingo
2019-11-08,29.4552,UPRO,tiingo
2019-11-11,29.3166,UPRO,tiingo
2019-11-12,29.46,UPRO,tiingo
2019-11-13,29.4982,UPRO,tiingo
2019-11-14,29.6177,UPRO,tiingo
2019-11-15,30.2632,UPRO,tiingo
2019-11-18,30.3158,UPRO,tiingo
2019-11-19,30.2728,UPRO,tiingo
2019-11-20,29.9476,UPRO,tiingo
2019-11-21,29.7994,UPRO,tiingo
2019-11-22,29.9716,UPRO,tiingo
2019-11-25,30.66,UPRO,tiingo
2019-11-26,30.8512,UPRO,tiingo
2019-11-27,31.2529,UPRO,tiingo
2019-11-29,30.9278,UPRO,tiingo
2019-12-02,30.1341,UPRO,tiingo
2019-12-03,29.5174,UPRO,tiingo
2019-12-04,30.0433,UPRO,tiingo
2019-12-05,30.2201,UPRO,tiingo
2019-12-06,31.0186,UPRO,tiingo
2019-12-09,30.7412,UPRO,tiingo
2019-12-10,30.6217,UPRO,tiingo
2019-12-11,30.8799,UPRO,tiingo
2019-12-12,31.6736,UPRO,tiingo
2019-12-13,31.7261,UPRO,tiingo
2019-12-16,32.3907,UPRO,tiingo
2019-12-17,32.3955,UPRO,tiingo
2019-12-18,32.3907,UPRO,tiingo
2019-12-19,32.778,UPRO,tiingo
2019-12-20,33.2752,UPRO,tiingo
2019-12-23,33.3708,UPRO,tiingo
2019-12-24,33.3617,UPRO,tiingo
2019-12-26,33.85,UPRO,tiingo
2019-12-27,33.8358,UPRO,tiingo
2019-12-30,33.2756,UPRO,tiingo
2019-12-31,33.5197,UPRO,tiingo
2020-01-02,34.4246,UPRO,tiingo
2020-01-03,33.6777,UPRO,tiingo
2020-01-06,34.0272,UPRO,tiingo
2020-01-07,33.7303,UPRO,tiingo
2020-01-08,34.2522,UPRO,tiingo
2020-01-09,34.9514,UPRO,tiingo
2020-01-10,34.6544,UPRO,tiingo
2020-01-13,35.3535,UPRO,tiingo
2020-01-14,35.1859,UPRO,tiingo
2020-01-15,35.4301,UPRO,tiingo
2020-01-16,36.2918,UPRO,tiingo
2020-01-17,36.6317,UPRO,tiingo
2020-01-21,36.4259,UPRO,tiingo
2020-01-22,36.4452,UPRO,tiingo
2020-01-23,36.5217,UPRO,tiingo
2020-01-24,35.5402,UPRO,tiingo
2020-01-27,33.8404,UPRO,tiingo
2020-01-28,34.8891,UPRO,tiingo
2020-01-29,34.798,UPRO,tiingo
2020-01-30,35.0997,UPRO,tiingo
2020-01-31,33.2133,UPRO,tiingo
2020-02-03,33.9411,UPRO,tiingo
2020-02-04,35.4876,UPRO,tiingo
2020-02-05,36.6892,UPRO,tiingo
2020-02-06,37.0676,UPRO,tiingo
2020-02-07,36.4977,UPRO,tiingo
2020-02-10,37.2973,UPRO,tiingo
2020-02-11,37.4888,UPRO,tiingo
2020-02-12,38.1927,UPRO,tiingo
2020-02-13,38.049,UPRO,tiingo
2020-02-14,38.2358,UPRO,tiingo
2020-02-18,37.9341,UPRO,tiingo
2020-02-19,38.4751,UPRO,tiingo
2020-02-20,37.9724,UPRO,tiingo
2020-02-21,36.8042,UPRO,tiingo
2020-02-24,33.1222,UPRO,tiingo
2020-02-25,30.1203,UPRO,tiingo
2020-02-26,29.79,UPRO,tiingo
2020-02-27,25.7347,UPRO,tiingo
2020-02-28,25.5624,UPRO,tiingo
2020-03-02,28.66,UPRO,tiingo
2020-03-03,26.223,UPRO,tiingo
2020-03-04,29.5219,UPRO,tiingo
2020-03-05,26.5581,UPRO,tiingo
2020-03-06,25.232,UPRO,tiingo
2020-03-09,19.3381,UPRO,tiingo
2020-03-10,22.3928,UPRO,tiingo
2020-03-11,19.0939,UPRO,tiingo
2020-03-12,13.5545,UPRO,tiingo
2020-03-13,17.3176,UPRO,tiingo
2020-03-16,11.2658,UPRO,tiingo
2020-03-17,13.3677,UPRO,tiingo
2020-03-18,11.3185,UPRO,tiingo
2020-03-19,11.2467,UPRO,tiingo
2020-03-20,9.71933,UPRO,tiingo
2020-03-23,8.91976,UPRO,tiingo
2020-03-24,11.4142,UPRO,tiingo
2020-03-25,11.8578,UPRO,tiingo
2020-03-26,13.9261,UPRO,tiingo
2020-03-27,12.6689,UPRO,tiingo
2020-03-30,13.907,UPRO,tiingo
2020-03-31,13.2591,UPRO,tiingo
2020-04-01,11.4884,UPRO,tiingo
2020-04-02,12.2754,UPRO,tiingo
2020-04-03,11.7475,UPRO,tiingo
2020-04-06,14.1229,UPRO,tiingo
2020-04-07,14.1229,UPRO,tiingo
2020-04-08,15.5578,UPRO,tiingo
2020-04-09,16.2631,UPRO,tiingo
2020-04-13,15.7881,UPRO,tiingo
2020-04-14,17.223,UPRO,tiingo
2020-04-15,16.1145,UPRO,tiingo
2020-04-16,16.3495,UPRO,tiingo
2020-04-17,17.6837,UPRO,tiingo
2020-04-20,16.7335,UPRO,tiingo
2020-04-21,15.1882,UPRO,tiingo
2020-04-22,16.2152,UPRO,tiingo
2020-04-23,16.196,UPRO,tiingo
2020-04-24,16.8823,UPRO,tiingo
2020-04-27,17.6261,UPRO,tiingo
2020-04-28,17.3669,UPRO,tiingo
2020-04-29,18.7106,UPRO,tiingo
2020-04-30,18.1875,UPRO,tiingo
2020-05-01,16.7287,UPRO,tiingo
2020-05-04,16.9062,UPRO,tiingo
2020-05-05,17.3573,UPRO,tiingo
2020-05-06,17.0119,UPRO,tiingo
2020-05-07,17.6164,UPRO,tiingo
2020-05-08,18.4802,UPRO,tiingo
2020-05-11,18.509,UPRO,tiingo
2020-05-12,17.3717,UPRO,tiingo
2020-05-13,16.4743,UPRO,tiingo
2020-05-14,17.0741,UPRO,tiingo
2020-05-15,17.2758,UPRO,tiingo
2020-05-18,18.8737,UPRO,tiingo
2020-05-19,18.2931,UPRO,tiingo
2020-05-20,19.2145,UPRO,tiingo
2020-05-21,18.797,UPRO,tiingo
2020-05-22,18.8978,UPRO,tiingo
2020-05-26,19.6224,UPRO,tiingo
2020-05-27,20.4813,UPRO,tiingo
2020-05-28,20.3806,UPRO,tiingo
2020-05-29,20.6205,UPRO,tiingo
2020-06-01,20.894,UPRO,tiingo
2020-06-02,21.4219,UPRO,tiingo
2020-06-03,22.2857,UPRO,tiingo
2020-06-04,22.0697,UPRO,tiingo
2020-06-05,23.7684,UPRO,tiingo
2020-06-08,24.6611,UPRO,tiingo
2020-06-09,24.1237,UPRO,tiingo
2020-06-10,23.7061,UPRO,tiingo
2020-06-11,19.5648,UPRO,tiingo
2020-06-12,20.2798,UPRO,tiingo
2020-06-15,20.8508,UPRO,tiingo
2020-06-16,22.0457,UPRO,tiingo
2020-06-17,21.7578,UPRO,tiingo
2020-06-18,21.7867,UPRO,tiingo
2020-06-19,21.4027,UPRO,tiingo
2020-06-22,21.8586,UPRO,tiingo
2020-06-23,22.137,UPRO,tiingo
2020-06-24,20.4622,UPRO,tiingo
2020-06-25,21.0859,UPRO,tiingo
2020-06-26,19.5792,UPRO,tiingo
2020-06-29,20.4525,UPRO,tiingo
2020-06-30,21.2876,UPRO,tiingo
2020-07-01,21.6811,UPRO,tiingo
2020-07-02,22.0266,UPRO,tiingo
2020-07-06,23.0534,UPRO,tiingo
2020-07-07,22.3241,UPRO,tiingo
2020-07-08,22.8424,UPRO,tiingo
2020-07-09,22.4537,UPRO,tiingo
2020-07-10,23.1446,UPRO,tiingo
2020-07-13,22.54,UPRO,tiingo
2020-07-14,23.4039,UPRO,tiingo
2020-07-15,24.0564,UPRO,tiingo
2020-07-16,23.8164,UPRO,tiingo
2020-07-17,24.0229,UPRO,tiingo
2020-07-20,24.5987,UPRO,tiingo
2020-07-21,24.7475,UPRO,tiingo
2020-07-22,25.1842,UPRO,tiingo
2020-07-23,24.2723,UPRO,tiingo
2020-07-24,23.8212,UPRO,tiingo
2020-07-27,24.3155,UPRO,tiingo
2020-07-28,23.8692,UPRO,tiingo
2020-07-29,24.7379,UPRO,tiingo
2020-07-30,24.474,UPRO,tiingo
2020-07-31,25.0546,UPRO,tiingo
2020-08-03,25.5633,UPRO,tiingo
2020-08-04,25.8512,UPRO,tiingo
2020-08-05,26.3406,UPRO,tiingo
2020-08-06,26.8781,UPRO,tiingo
2020-08-07,26.931,UPRO,tiingo
2020-08-10,27.1709,UPRO,tiingo
2020-08-11,26.523,UPRO,tiingo
2020-08-12,27.598,UPRO,tiingo
2020-08-13,27.478,UPRO,tiingo
2020-08-14,27.4588,UPRO,tiingo
2020-08-17,27.7275,UPRO,tiingo
2020-08-18,27.8859,UPRO,tiingo
2020-08-19,27.5644,UPRO,tiingo
2020-08-20,27.8139,UPRO,tiingo
2020-08-21,28.1018,UPRO,tiingo
2020-08-24,28.9608,UPRO,tiingo
2020-08-25,29.2535,UPRO,tiingo
2020-08-26,30.1462,UPRO,tiingo
2020-08-27,30.3332,UPRO,tiingo
2020-08-28,30.9283,UPRO,tiingo
2020-08-31,30.578,UPRO,tiingo
2020-09-01,31.4514,UPRO,tiingo
2020-09-02,32.8094,UPRO,tiingo
2020-09-03,29.4071,UPRO,tiingo
2020-09-04,28.716,UPRO,tiingo
2020-09-08,26.3551,UPRO,tiingo
2020-09-09,27.8763,UPRO,tiingo
2020-09-10,26.4318,UPRO,tiingo
2020-09-11,26.4654,UPRO,tiingo
2020-09-14,27.5212,UPRO,tiingo
2020-09-15,27.934,UPRO,tiingo
2020-09-16,27.6123,UPRO,tiingo
2020-09-17,26.8925,UPRO,tiingo
2020-09-18,25.952,UPRO,tiingo
2020-09-21,25.093,UPRO,tiingo
2020-09-22,25.8367,UPRO,tiingo
2020-09-23,24.042,UPRO,tiingo
2020-09-24,24.2388,UPRO,tiingo
2020-09-25,25.3905,UPRO,tiingo
2020-09-28,26.6814,UPRO,tiingo
2020-09-29,26.2447,UPRO,tiingo
2020-09-30,26.8301,UPRO,tiingo
2020-10-01,27.3292,UPRO,tiingo
2020-10-02,26.5758,UPRO,tiingo
2020-10-05,27.9578,UPRO,tiingo
2020-10-06,26.7869,UPRO,tiingo
2020-10-07,28.1786,UPRO,tiingo
2020-10-08,28.9032,UPRO,tiingo
2020-10-09,29.6903,UPRO,tiingo
2020-10-12,31.1203,UPRO,tiingo
2020-10-13,30.5252,UPRO,tiingo
2020-10-14,29.9733,UPRO,tiingo
2020-10-15,29.8294,UPRO,tiingo
2020-10-16,29.7671,UPRO,tiingo
2020-10-19,28.4186,UPRO,tiingo
2020-10-20,28.7353,UPRO,tiingo
2020-10-21,28.5817,UPRO,tiingo
2020-10-22,29.0808,UPRO,tiingo
2020-10-23,29.34,UPRO,tiingo
2020-10-26,27.7323,UPRO,tiingo
2020-10-27,27.4444,UPRO,tiingo
2020-10-28,24.6275,UPRO,tiingo
2020-10-29,25.3618,UPRO,tiingo
2020-10-30,24.5555,UPRO,tiingo
2020-11-02,25.4001,UPRO,tiingo
2020-11-03,26.7294,UPRO,tiingo
2020-11-04,28.5097,UPRO,tiingo
2020-11-05,30.1797,UPRO,tiingo
2020-11-06,30.1894,UPRO,tiingo
2020-11-09,31.3267,UPRO,tiingo
2020-11-10,31.1874,UPRO,tiingo
2020-11-11,31.8545,UPRO,tiingo
2020-11-12,30.9332,UPRO,tiingo
2020-11-13,32.2145,UPRO,tiingo
2020-11-16,33.3854,UPRO,tiingo
2020-11-17,32.8958,UPRO,tiingo
2020-11-18,31.6817,UPRO,tiingo
2020-11-19,32.0896,UPRO,tiingo
2020-11-20,31.4323,UPRO,tiingo
2020-11-23,32.0032,UPRO,tiingo
2020-11-24,33.5341,UPRO,tiingo
2020-11-25,33.3758,UPRO,tiingo
2020-11-27,33.6349,UPRO,tiingo
2020-11-30,33.1982,UPRO,tiingo
2020-12-01,34.2875,UPRO,tiingo
2020-12-02,34.4843,UPRO,tiingo
2020-12-03,34.4651,UPRO,tiingo
2020-12-04,35.3432,UPRO,tiingo
2020-12-07,35.1657,UPRO,tiingo
2020-12-08,35.4537,UPRO,tiingo
2020-12-09,34.5083,UPRO,tiingo
2020-12-10,34.4411,UPRO,tiingo
2020-12-11,34.3115,UPRO,tiingo
2020-12-14,33.8652,UPRO,tiingo
2020-12-15,35.2282,UPRO,tiingo
2020-12-16,35.4008,UPRO,tiingo
2020-12-17,35.996,UPRO,tiingo
2020-12-18,35.5784,UPRO,tiingo
2020-12-21,35.2233,UPRO,tiingo
2020-12-22,34.9882,UPRO,tiingo
2020-12-23,35.0921,UPRO,tiingo
2020-12-24,35.5002,UPRO,tiingo
2020-12-28,36.4026,UPRO,tiingo
2020-12-29,36.1865,UPRO,tiingo
2020-12-30,36.3306,UPRO,tiingo
2020-12-31,36.8972,UPRO,tiingo
2021-01-04,35.3849,UPRO,tiingo
2021-01-05,36.0858,UPRO,tiingo
2021-01-06,36.7626,UPRO,tiingo
2021-01-07,38.3805,UPRO,tiingo
2021-01-08,39.0381,UPRO,tiingo
2021-01-11,38.2604,UPRO,tiingo
2021-01-12,38.2893,UPRO,tiingo
2021-01-13,38.5677,UPRO,tiingo
2021-01-14,38.1692,UPRO,tiingo
2021-01-15,37.3243,UPRO,tiingo
2021-01-19,38.2076,UPRO,tiingo
2021-01-20,39.7774,UPRO,tiingo
2021-01-21,39.8685,UPRO,tiingo
2021-01-22,39.4653,UPRO,tiingo
2021-01-25,39.9406,UPRO,tiingo
2021-01-26,39.7534,UPRO,tiingo
2021-01-27,36.8251,UPRO,tiingo
2021-01-28,37.7516,UPRO,tiingo
2021-01-29,35.5289,UPRO,tiingo
2021-02-01,37.2235,UPRO,tiingo
2021-02-02,38.8173,UPRO,tiingo
2021-02-03,38.9373,UPRO,tiingo
2021-02-04,40.2431,UPRO,tiingo
2021-02-05,40.7087,UPRO,tiingo
2021-02-08,41.6304,UPRO,tiingo
2021-02-09,41.5152,UPRO,tiingo
2021-02-10,41.4863,UPRO,tiingo
2021-02-11,41.6592,UPRO,tiingo
2021-02-12,42.2881,UPRO,tiingo
2021-02-16,42.1632,UPRO,tiingo
2021-02-17,42.2017,UPRO,tiingo
2021-02-18,41.6688,UPRO,tiingo
2021-02-19,41.4384,UPRO,tiingo
2021-02-22,40.4974,UPRO,tiingo
2021-02-23,40.6224,UPRO,tiingo
2021-02-24,41.9617,UPRO,tiingo
2021-02-25,38.9517,UPRO,tiingo
2021-02-26,38.2797,UPRO,tiingo
2021-03-01,41.0543,UPRO,tiingo
2021-03-02,40.1183,UPRO,tiingo
2021-03-03,38.5388,UPRO,tiingo
2021-03-04,37.0794,UPRO,tiingo
2021-03-05,39.1341,UPRO,tiingo
2021-03-08,38.5581,UPRO,tiingo
2021-03-09,40.1902,UPRO,tiingo
2021-03-10,40.9247,UPRO,tiingo
2021-03-11,42.1873,UPRO,tiingo
2021-03-12,42.3601,UPRO,tiingo
2021-03-15,43.1234,UPRO,tiingo
2021-03-16,42.9698,UPRO,tiingo
2021-03-17,43.3635,UPRO,tiingo
2021-03-18,41.4768,UPRO,tiingo
2021-03-19,41.256,UPRO,tiingo
2021-03-22,42.2017,UPRO,tiingo
2021-03-23,41.2506,UPRO,tiingo
2021-03-24,40.6023,UPRO,tiingo
2021-03-25,41.2698,UPRO,tiingo
2021-03-26,43.2916,UPRO,tiingo
2021-03-29,43.2099,UPRO,tiingo
2021-03-30,42.8498,UPRO,tiingo
2021-03-31,43.3828,UPRO,tiingo
2021-04-01,44.7322,UPRO,tiingo
2021-04-05,46.6723,UPRO,tiingo
2021-04-06,46.6003,UPRO,tiingo
2021-04-07,46.7876,UPRO,tiingo
2021-04-08,47.4262,UPRO,tiingo
2021-04-09,48.4587,UPRO,tiingo
2021-04-12,48.5019,UPRO,tiingo
2021-04-13,48.9101,UPRO,tiingo
2021-04-14,48.4395,UPRO,tiingo
2021-04-15,49.9906,UPRO,tiingo
2021-04-16,50.5284,UPRO,tiingo
2021-04-19,49.7697,UPRO,tiingo
2021-04-20,48.6844,UPRO,tiingo
2021-04-21,50.029,UPRO,tiingo
2021-04-22,48.6748,UPRO,tiingo
2021-04-23,50.2307,UPRO,tiingo
2021-04-26,50.5524,UPRO,tiingo
2021-04-27,50.4996,UPRO,tiingo
2021-04-28,50.4277,UPRO,tiingo
2021-04-29,51.3689,UPRO,tiingo
2021-04-30,50.3987,UPRO,tiingo
2021-05-03,50.7253,UPRO,tiingo
2021-05-04,49.7889,UPRO,tiingo
2021-05-05,49.7841,UPRO,tiingo
2021-05-06,50.9847,UPRO,tiingo
2021-05-07,52.1131,UPRO,tiingo
2021-05-10,50.5669,UPRO,tiingo
2021-05-11,49.2415,UPRO,tiingo
2021-05-12,46.1056,UPRO,tiingo
2021-05-13,47.7048,UPRO,tiingo
2021-05-14,49.9089,UPRO,tiingo
2021-05-17,49.5344,UPRO,tiingo
2021-05-18,48.2906,UPRO,tiingo
2021-05-19,47.8728,UPRO,tiingo
2021-05-20,49.4047,UPRO,tiingo
2021-05-21,49.2847,UPRO,tiingo
2021-05-24,50.7926,UPRO,tiingo
2021-05-25,50.4612,UPRO,tiingo
2021-05-26,50.7589,UPRO,tiingo
2021-05-27,50.7878,UPRO,tiingo
2021-05-28,51.0855,UPRO,tiingo
2021-06-01,50.9366,UPRO,tiingo
2021-06-02,51.2007,UPRO,tiingo
2021-06-03,50.6293,UPRO,tiingo
2021-06-04,51.9642,UPRO,tiingo
2021-06-07,51.8827,UPRO,tiingo
2021-06-08,51.897,UPRO,tiingo
2021-06-09,51.6521,UPRO,tiingo
2021-06-10,52.3676,UPRO,tiingo
2021-06-11,52.627,UPRO,tiingo
2021-06-14,52.9967,UPRO,tiingo
2021-06-15,52.675,UPRO,tiingo
2021-06-16,51.8106,UPRO,tiingo
2021-06-17,51.7723,UPRO,tiingo
2021-06-18,49.6881,UPRO,tiingo
2021-06-21,51.7914,UPRO,tiingo
2021-06-22,52.5645,UPRO,tiingo
2021-06-23,52.4205,UPRO,tiingo
2021-06-24,53.3377,UPRO,tiingo
2021-06-25,53.89,UPRO,tiingo
2021-06-28,54.2405,UPRO,tiingo
2021-06-29,54.3029,UPRO,tiingo
2021-06-30,54.4518,UPRO,tiingo
2021-07-01,55.3642,UPRO,tiingo
2021-07-02,56.6272,UPRO,tiingo
2021-07-06,56.2574,UPRO,tiingo
2021-07-07,56.8865,UPRO,tiingo
2021-07-08,55.5275,UPRO,tiingo
2021-07-09,57.2611,UPRO,tiingo
2021-07-12,57.9045,UPRO,tiingo
2021-07-13,57.3139,UPRO,tiingo
2021-07-14,57.5108,UPRO,tiingo
2021-07-15,56.9297,UPRO,tiingo
2021-07-16,55.614,UPRO,tiingo
2021-07-19,53.1696,UPRO,tiingo
2021-07-20,55.4411,UPRO,tiingo
2021-07-21,56.7569,UPRO,tiingo
2021-07-22,57.1266,UPRO,tiingo
2021-07-23,58.8505,UPRO,tiingo
2021-07-26,59.2924,UPRO,tiingo
2021-07-27,58.4952,UPRO,tiingo
2021-07-28,58.3992,UPRO,tiingo
2021-07-29,59.1243,UPRO,tiingo
2021-07-30,58.2263,UPRO,tiingo
2021-08-02,57.8661,UPRO,tiingo
2021-08-03,59.2829,UPRO,tiingo
2021-08-04,58.4377,UPRO,tiingo
2021-08-05,59.5086,UPRO,tiingo
2021-08-06,59.8447,UPRO,tiingo
2021-08-09,59.6573,UPRO,tiingo
2021-08-10,59.8398,UPRO,tiingo
2021-08-11,60.2769,UPRO,tiingo
2021-08-12,60.8099,UPRO,tiingo
2021-08-13,61.146,UPRO,tiingo
2021-08-16,61.6022,UPRO,tiingo
2021-08-17,60.4113,UPRO,tiingo
2021-08-18,58.428,UPRO,tiingo
2021-08-19,58.6345,UPRO,tiingo
2021-08-20,60.0992,UPRO,tiingo
2021-08-23,61.6358,UPRO,tiingo
2021-08-24,61.9432,UPRO,tiingo
2021-08-25,62.3034,UPRO,tiingo
2021-08-26,61.2325,UPRO,tiingo
2021-08-27,62.8075,UPRO,tiingo
2021-08-30,63.6431,UPRO,tiingo
2021-08-31,63.4511,UPRO,tiingo
2021-09-01,63.5568,UPRO,tiingo
2021-09-02,64.085,UPRO,tiingo
2021-09-03,64.0082,UPRO,tiingo
2021-09-07,63.3502,UPRO,tiingo
2021-09-08,63.1197,UPRO,tiingo
2021-09-09,62.2649,UPRO,tiingo
2021-09-10,60.8195,UPRO,tiingo
2021-09-13,61.2325,UPRO,tiingo
2021-09-14,60.2816,UPRO,tiingo
2021-09-15,61.7944,UPRO,tiingo
2021-09-16,61.4486,UPRO,tiingo
2021-09-17,59.7005,UPRO,tiingo
2021-09-20,56.7233,UPRO,tiingo
2021-09-21,56.56,UPRO,tiingo
2021-09-22,58.1591,UPRO,tiingo
2021-09-23,60.2769,UPRO,tiingo
2021-09-24,60.5794,UPRO,tiingo
2021-09-27,60.0607,UPRO,tiingo
2021-09-28,56.4351,UPRO,tiingo
2021-09-29,56.6608,UPRO,tiingo
2021-09-30,54.6055,UPRO,tiingo
2021-10-01,56.5503,UPRO,tiingo
2021-10-04,54.3414,UPRO,tiingo
2021-10-05,55.9933,UPRO,tiingo
2021-10-06,56.7233,UPRO,tiingo
2021-10-07,58.164,UPRO,tiingo
2021-10-08,57.8277,UPRO,tiingo
2021-10-11,56.5984,UPRO,tiingo
2021-10-12,56.2046,UPRO,tiingo
2021-10-13,56.7617,UPRO,tiingo
2021-10-14,59.6238,UPRO,tiingo
2021-10-15,60.9972,UPRO,tiingo
2021-10-18,61.5687,UPRO,tiingo
2021-10-19,62.9709,UPRO,tiingo
2021-10-20,63.6768,UPRO,tiingo
2021-10-21,64.1907,UPRO,tiingo
2021-10-22,63.9744,UPRO,tiingo
2021-10-25,64.9446,UPRO,tiingo
2021-10-26,65.1943,UPRO,tiingo
2021-10-27,64.3059,UPRO,tiingo
2021-10-28,66.1403,UPRO,tiingo
2021-10-29,66.5629,UPRO,tiingo
2021-11-01,66.9231,UPRO,tiingo
2021-11-02,67.7105,UPRO,tiingo
2021-11-03,68.9736,UPRO,tiingo
2021-11-04,69.9004,UPRO,tiingo
2021-11-05,70.6591,UPRO,tiingo
2021-11-08,70.856,UPRO,tiingo
2021-11-09,70.1261,UPRO,tiingo
2021-11-10,68.4501,UPRO,tiingo
2021-11-11,68.527,UPRO,tiingo
2021-11-12,70.0492,UPRO,tiingo
2021-11-15,70.0781,UPRO,tiingo
2021-11-16,70.9185,UPRO,tiingo
2021-11-17,70.3806,UPRO,tiingo
2021-11-18,71.0865,UPRO,tiingo
2021-11-19,70.7456,UPRO,tiingo
2021-11-22,70.1165,UPRO,tiingo
2021-11-23,70.4478,UPRO,tiingo
2021-11-24,70.9233,UPRO,tiingo
2021-11-26,66.3036,UPRO,tiingo
2021-11-29,68.6518,UPRO,tiingo
2021-11-30,64.7572,UPRO,tiingo
2021-12-01,62.4667,UPRO,tiingo
2021-12-02,65.2855,UPRO,tiingo
2021-12-03,63.5663,UPRO,tiingo
2021-12-06,65.8378,UPRO,tiingo
2021-12-07,69.9148,UPRO,tiingo
2021-12-08,70.5295,UPRO,tiingo
2021-12-09,69.0744,UPRO,tiingo
2021-12-10,71.0673,UPRO,tiingo
2021-12-13,69.1705,UPRO,tiingo
2021-12-14,67.7202,UPRO,tiingo
2021-12-15,70.8512,UPRO,tiingo
2021-12-16,68.9544,UPRO,tiingo
2021-12-17,66.7886,UPRO,tiingo
2021-12-20,64.6467,UPRO,tiingo
2021-12-21,68.0707,UPRO,tiingo
2021-12-22,70.102,UPRO,tiingo
2021-12-23,71.3845,UPRO,tiingo
2021-12-27,74.3919,UPRO,tiingo
2021-12-28,74.2574,UPRO,tiingo
2021-12-29,74.5264,UPRO,tiingo
2021-12-30,73.8875,UPRO,tiingo
2021-12-31,73.2917,UPRO,tiingo
2022-01-03,74.5745,UPRO,tiingo
2022-01-04,74.512,UPRO,tiingo
2022-01-05,70.1835,UPRO,tiingo
2022-01-06,69.9913,UPRO,tiingo
2022-01-07,69.1987,UPRO,tiingo
2022-01-10,68.8863,UPRO,tiingo
2022-01-11,70.7792,UPRO,tiingo
2022-01-12,71.4037,UPRO,tiingo
2022-01-13,68.3819,UPRO,tiingo
2022-01-14,68.4395,UPRO,tiingo
2022-01-18,64.8173,UPRO,tiingo
2022-01-19,62.8091,UPRO,tiingo
2022-01-20,60.7146,UPRO,tiingo
2022-01-21,57.1402,UPRO,tiingo
2022-01-24,57.8513,UPRO,tiingo
2022-01-25,55.699,UPRO,tiingo
2022-01-26,55.3435,UPRO,tiingo
2022-01-27,54.4884,UPRO,tiingo
2022-01-28,58.5047,UPRO,tiingo
2022-01-31,61.6465,UPRO,tiingo
2022-02-01,63.0013,UPRO,tiingo
2022-02-02,64.7404,UPRO,tiingo
2022-02-03,60.1861,UPRO,tiingo
2022-02-04,61.022,UPRO,tiingo
2022-02-07,60.3975,UPRO,tiingo
2022-02-08,61.8484,UPRO,tiingo
2022-02-09,64.5675,UPRO,tiingo
2022-02-10,61.1469,UPRO,tiingo
2022-02-11,57.5054,UPRO,tiingo
2022-02-14,56.9385,UPRO,tiingo
2022-02-15,59.6384,UPRO,tiingo
2022-02-16,59.869,UPRO,tiingo
2022-02-17,56.0737,UPRO,tiingo
2022-02-18,54.9496,UPRO,tiingo
2022-02-22,53.2009,UPRO,tiingo
2022-02-23,50.2416,UPRO,tiingo
2022-02-24,52.5764,UPRO,tiingo
2022-02-25,56.0066,UPRO,tiingo
2022-02-28,55.5741,UPRO,tiingo
2022-03-01,53.1144,UPRO,tiingo
2022-03-02,55.997,UPRO,tiingo
2022-03-03,55.1802,UPRO,tiingo
2022-03-04,53.8447,UPRO,tiingo
2022-03-07,49.0597,UPRO,tiingo
2022-03-08,47.8971,UPRO,tiingo
2022-03-09,51.7884,UPRO,tiingo
2022-03-10,51.0487,UPRO,tiingo
2022-03-11,49.1366,UPRO,tiingo
2022-03-14,48.0413,UPRO,tiingo
2022-03-15,51.212,UPRO,tiingo
2022-03-16,54.5557,UPRO,tiingo
2022-03-17,56.6022,UPRO,tiingo
2022-03-18,58.4662,UPRO,tiingo
2022-03-21,58.4662,UPRO,tiingo
2022-03-22,60.4646,UPRO,tiingo
2022-03-23,58.164,UPRO,tiingo
2022-03-24,60.7405,UPRO,tiingo
2022-03-25,61.6538,UPRO,tiingo
2022-03-28,62.9613,UPRO,tiingo
2022-03-29,65.3455,UPRO,tiingo
2022-03-30,64.1438,UPRO,tiingo
2022-03-31,61.1732,UPRO,tiingo
2022-04-01,61.6057,UPRO,tiingo
2022-04-04,63.2305,UPRO,tiingo
2022-04-05,60.8847,UPRO,tiingo
2022-04-06,59.0291,UPRO,tiingo
2022-04-07,59.8945,UPRO,tiingo
2022-04-08,59.4715,UPRO,tiingo
2022-04-11,56.3662,UPRO,tiingo
2022-04-12,55.7124,UPRO,tiingo
2022-04-13,57.616,UPRO,tiingo
2022-04-14,55.501,UPRO,tiingo
2022-04-18,55.5201,UPRO,tiingo
2022-04-19,58.1831,UPRO,tiingo
2022-04-20,58.0486,UPRO,tiingo
2022-04-21,55.4625,UPRO,tiingo
2022-04-22,50.9439,UPRO,tiingo
2022-04-25,51.7611,UPRO,tiingo
2022-04-26,47.2906,UPRO,tiingo
2022-04-27,47.6368,UPRO,tiingo
2022-04-28,51.242,UPRO,tiingo
2022-04-29,45.6274,UPRO,tiingo
2022-05-02,46.4255,UPRO,tiingo
2022-05-03,47.0503,UPRO,tiingo
2022-05-04,51.3189,UPRO,tiingo
2022-05-05,45.8966,UPRO,tiingo
2022-05-06,45.0602,UPRO,tiingo
2022-05-09,40.734,UPRO,tiingo
2022-05-10,40.9551,UPRO,tiingo
2022-05-11,39.0131,UPRO,tiingo
2022-05-12,38.8785,UPRO,tiingo
2022-05-13,41.6569,UPRO,tiingo
2022-05-16,41.1762,UPRO,tiingo
2022-05-17,43.6375,UPRO,tiingo
2022-05-18,38.4363,UPRO,tiingo
2022-05-19,37.648,UPRO,tiingo
2022-05-20,37.7152,UPRO,tiingo
2022-05-23,39.8496,UPRO,tiingo
2022-05-24,38.9362,UPRO,tiingo
2022-05-25,39.9841,UPRO,tiingo
2022-05-26,42.3299,UPRO,tiingo
2022-05-27,45.4544,UPRO,tiingo
2022-05-31,44.6564,UPRO,tiingo
2022-06-01,43.5989,UPRO,tiingo
2022-06-02,46.0312,UPRO,tiingo
2022-06-03,43.7912,UPRO,tiingo
2022-06-06,44.1469,UPRO,tiingo
2022-06-07,45.416,UPRO,tiingo
2022-06-08,43.9643,UPRO,tiingo
2022-06-09,40.8014,UPRO,tiingo
2022-06-10,37.2346,UPRO,tiingo
2022-06-13,32.9756,UPRO,tiingo
2022-06-14,32.6487,UPRO,tiingo
2022-06-15,34.0235,UPRO,tiingo
2022-06-16,30.7644,UPRO,tiingo
2022-06-17,30.8316,UPRO,tiingo
2022-06-21,33.1679,UPRO,tiingo
2022-06-22,32.966,UPRO,tiingo
2022-06-23,33.9274,UPRO,tiingo
2022-06-24,37.148,UPRO,tiingo
2022-06-27,36.7827,UPRO,tiingo
2022-06-28,34.5234,UPRO,tiingo
2022-06-29,34.3984,UPRO,tiingo
2022-06-30,33.5236,UPRO,tiingo
2022-07-01,34.5619,UPRO,tiingo
2022-07-05,34.7638,UPRO,tiingo
2022-07-06,35.1291,UPRO,tiingo
2022-07-07,36.6769,UPRO,tiingo
2022-07-08,36.6097,UPRO,tiingo
2022-07-11,35.3406,UPRO,tiingo
2022-07-12,34.3984,UPRO,tiingo
2022-07-13,33.8504,UPRO,tiingo
2022-07-14,33.5812,UPRO,tiingo
2022-07-15,35.5136,UPRO,tiingo
2022-07-18,34.6195,UPRO,tiingo
2022-07-19,37.3884,UPRO,tiingo
2022-07-20,38.0902,UPRO,tiingo
2022-07-21,39.2534,UPRO,tiingo
2022-07-22,38.2055,UPRO,tiingo
2022-07-25,38.3016,UPRO,tiingo
2022-07-26,36.9173,UPRO,tiingo
2022-07-27,39.7919,UPRO,tiingo
2022-07-28,41.282,UPRO,tiingo
2022-07-29,43.1182,UPRO,tiingo
2022-08-01,42.6857,UPRO,tiingo
2022-08-02,41.8589,UPRO,tiingo
2022-08-03,43.7624,UPRO,tiingo
2022-08-04,43.6855,UPRO,tiingo
2022-08-05,43.4355,UPRO,tiingo
2022-08-08,43.3105,UPRO,tiingo
2022-08-09,42.7528,UPRO,tiingo
2022-08-10,45.4255,UPRO,tiingo
2022-08-11,45.4352,UPRO,tiingo
2022-08-12,47.7136,UPRO,tiingo
2022-08-15,48.3001,UPRO,tiingo
2022-08-16,48.579,UPRO,tiingo
2022-08-17,47.531,UPRO,tiingo
2022-08-18,47.9155,UPRO,tiingo
2022-08-19,46.0024,UPRO,tiingo
2022-08-22,43.099,UPRO,tiingo
2022-08-23,42.7721,UPRO,tiingo
2022-08-24,43.1375,UPRO,tiingo
2022-08-25,44.9738,UPRO,tiingo
2022-08-26,40.3783,UPRO,tiingo
2022-08-29,39.59,UPRO,tiingo
2022-08-30,38.2632,UPRO,tiingo
2022-08-31,37.3691,UPRO,tiingo
2022-09-01,37.696,UPRO,tiingo
2022-09-02,36.5135,UPRO,tiingo
2022-09-06,36.0809,UPRO,tiingo
2022-09-07,38.0133,UPRO,tiingo
2022-09-08,38.7344,UPRO,tiingo
2022-09-09,40.5321,UPRO,tiingo
2022-09-12,41.83,UPRO,tiingo
2022-09-13,36.3982,UPRO,tiingo
2022-09-14,36.7634,UPRO,tiingo
2022-09-15,35.5232,UPRO,tiingo
2022-09-16,34.7061,UPRO,tiingo
2022-09-19,35.4655,UPRO,tiingo
2022-09-20,34.2832,UPRO,tiingo
2022-09-21,32.4564,UPRO,tiingo
2022-09-22,31.62,UPRO,tiingo
2022-09-23,29.9953,UPRO,tiingo
2022-09-26,29.1108,UPRO,tiingo
2022-09-27,28.8993,UPRO,tiingo
2022-09-28,30.5529,UPRO,tiingo
2022-09-29,28.6301,UPRO,tiingo
2022-09-30,27.3131,UPRO,tiingo
2022-10-03,29.4666,UPRO,tiingo
2022-10-04,32.1776,UPRO,tiingo
2022-10-05,31.9277,UPRO,tiingo
2022-10-06,30.9375,UPRO,tiingo
2022-10-07,28.3514,UPRO,tiingo
2022-10-10,27.7264,UPRO,tiingo
2022-10-11,27.14,UPRO,tiingo
2022-10-12,26.89,UPRO,tiingo
2022-10-13,28.9763,UPRO,tiingo
2022-10-14,26.9958,UPRO,tiingo
2022-10-17,29.0435,UPRO,tiingo
2022-10-18,29.9088,UPRO,tiingo
2022-10-19,29.4473,UPRO,tiingo
2022-10-20,28.6685,UPRO,tiingo
2022-10-21,30.7356,UPRO,tiingo
2022-10-24,31.8508,UPRO,tiingo
2022-10-25,33.3891,UPRO,tiingo
2022-10-26,32.6487,UPRO,tiingo
2022-10-27,32.0815,UPRO,tiingo
2022-10-28,34.3312,UPRO,tiingo
2022-10-31,33.6102,UPRO,tiingo
2022-11-01,33.1679,UPRO,tiingo
2022-11-02,30.649,UPRO,tiingo
2022-11-03,29.6493,UPRO,tiingo
2022-11-04,30.9375,UPRO,tiingo
2022-11-07,31.8316,UPRO,tiingo
2022-11-08,32.3122,UPRO,tiingo
2022-11-09,30.2933,UPRO,tiingo
2022-11-10,35.2734,UPRO,tiingo
2022-11-11,36.3212,UPRO,tiingo
2022-11-14,35.3984,UPRO,tiingo
2022-11-15,36.2923,UPRO,tiingo
2022-11-16,35.4464,UPRO,tiingo
2022-11-17,35.0618,UPRO,tiingo
2022-11-18,35.5329,UPRO,tiingo
2022-11-21,35.1291,UPRO,tiingo
2022-11-22,36.5423,UPRO,tiingo
2022-11-23,37.1864,UPRO,tiingo
2022-11-25,37.148,UPRO,tiingo
2022-11-28,35.3984,UPRO,tiingo
2022-11-29,35.1676,UPRO,tiingo
2022-11-30,38.4459,UPRO,tiingo
2022-12-01,38.3882,UPRO,tiingo
2022-12-02,38.2248,UPRO,tiingo
2022-12-05,36.1385,UPRO,tiingo
2022-12-06,34.5908,UPRO,tiingo
2022-12-07,34.3984,UPRO,tiingo
2022-12-08,35.1868,UPRO,tiingo
2022-12-09,34.3792,UPRO,tiingo
2022-12-12,35.8598,UPRO,tiingo
2022-12-13,36.6384,UPRO,tiingo
2022-12-14,35.9655,UPRO,tiingo
2022-12-15,33.2929,UPRO,tiingo
2022-12-16,32.0815,UPRO,tiingo
2022-12-19,31.2644,UPRO,tiingo
2022-12-20,31.3605,UPRO,tiingo
2022-12-21,32.7737,UPRO,tiingo
2022-12-22,31.3663,UPRO,tiingo
2022-12-23,31.8393,UPRO,tiingo
2022-12-27,31.4822,UPRO,tiingo
2022-12-28,30.3043,UPRO,tiingo
2022-12-29,31.849,UPRO,tiingo
2022-12-30,31.6366,UPRO,tiingo
2023-01-03,31.2215,UPRO,tiingo
2023-01-04,31.9069,UPRO,tiingo
2023-01-05,30.8064,UPRO,tiingo
2023-01-06,32.8917,UPRO,tiingo
2023-01-09,32.853,UPRO,tiingo
2023-01-10,33.5192,UPRO,tiingo
2023-01-11,34.7646,UPRO,tiingo
2023-01-12,35.1217,UPRO,tiingo
2023-01-13,35.5175,UPRO,tiingo
2023-01-17,35.3245,UPRO,tiingo
2023-01-18,33.6544,UPRO,tiingo
2023-01-19,32.8724,UPRO,tiingo
2023-01-20,34.6583,UPRO,tiingo
2023-01-23,35.923,UPRO,tiingo
2023-01-24,35.7975,UPRO,tiingo
2023-01-25,35.8362,UPRO,tiingo
2023-01-26,36.9464,UPRO,tiingo
2023-01-27,37.2167,UPRO,tiingo
2023-01-30,35.8265,UPRO,tiingo
2023-01-31,37.3712,UPRO,tiingo
2023-02-01,38.5296,UPRO,tiingo
2023-02-02,40.1901,UPRO,tiingo
2023-02-03,38.9062,UPRO,tiingo
2023-02-06,38.2207,UPRO,tiingo
2023-02-07,39.6786,UPRO,tiingo
2023-02-08,38.3752,UPRO,tiingo
2023-02-09,37.3423,UPRO,tiingo
2023-02-10,37.5449,UPRO,tiingo
2023-02-13,38.8579,UPRO,tiingo
2023-02-14,38.7999,UPRO,tiingo
2023-02-15,39.1572,UPRO,tiingo
2023-02-16,37.516,UPRO,tiingo
2023-02-17,37.2071,UPRO,tiingo
2023-02-21,34.9769,UPRO,tiingo
2023-02-22,34.8225,UPRO,tiingo
2023-02-23,35.3052,UPRO,tiingo
2023-02-24,34.166,UPRO,tiingo
2023-02-27,34.4943,UPRO,tiingo
2023-02-28,34.1081,UPRO,tiingo
2023-03-01,33.7122,UPRO,tiingo
2023-03-02,34.446,UPRO,tiingo
2023-03-03,36.0775,UPRO,tiingo
2023-03-06,36.1836,UPRO,tiingo
2023-03-07,34.5136,UPRO,tiingo
2023-03-08,34.668,UPRO,tiingo
2023-03-09,32.7179,UPRO,tiingo
2023-03-10,31.2987,UPRO,tiingo
2023-03-13,31.0864,UPRO,tiingo
2023-03-14,32.6696,UPRO,tiingo
2023-03-15,32.0518,UPRO,tiingo
2023-03-16,33.6833,UPRO,tiingo
2023-03-17,32.5441,UPRO,tiingo
2023-03-20,33.4323,UPRO,tiingo
2023-03-21,34.7163,UPRO,tiingo
2023-03-22,32.9811,UPRO,tiingo
2023-03-23,33.1939,UPRO,tiingo
2023-03-24,33.8422,UPRO,tiingo
2023-03-27,34.0068,UPRO,tiingo
2023-03-28,33.7842,UPRO,tiingo
2023-03-29,35.2263,UPRO,tiingo
2023-03-30,35.8262,UPRO,tiingo
2023-03-31,37.3262,UPRO,tiingo
2023-04-03,37.7133,UPRO,tiingo
2023-04-04,37.1037,UPRO,tiingo
2023-04-05,36.7649,UPRO,tiingo
2023-04-06,37.1714,UPRO,tiingo
2023-04-10,37.2778,UPRO,tiingo
2023-04-11,37.2778,UPRO,tiingo
2023-04-12,36.852,UPRO,tiingo
2023-04-13,38.236,UPRO,tiingo
2023-04-14,37.9746,UPRO,tiingo
2023-04-17,38.352,UPRO,tiingo
2023-04-18,38.4294,UPRO,tiingo
2023-04-19,38.3907,UPRO,tiingo
2023-04-20,37.7133,UPRO,tiingo
2023-04-21,37.8003,UPRO,tiingo
2023-04-24,37.9165,UPRO,tiingo
2023-04-25,36.0875,UPRO,tiingo
2023-04-26,35.6229,UPRO,tiingo
2023-04-27,37.6842,UPRO,tiingo
2023-04-28,38.6714,UPRO,tiingo
2023-05-01,38.5359,UPRO,tiingo
2023-05-02,37.2391,UPRO,tiingo
2023-05-03,36.4456,UPRO,tiingo
2023-05-04,35.6423,UPRO,tiingo
2023-05-05,37.5682,UPRO,tiingo
2023-05-08,37.6166,UPRO,tiingo
2023-05-09,37.1037,UPRO,tiingo
2023-05-10,37.6069,UPRO,tiingo
2023-05-11,37.3843,UPRO,tiingo
2023-05-12,37.2391,UPRO,tiingo
2023-05-15,37.5778,UPRO,tiingo
2023-05-16,36.823,UPRO,tiingo
2023-05-17,38.1294,UPRO,tiingo
2023-05-18,39.2328,UPRO,tiingo
2023-05-19,39.0391,UPRO,tiingo
2023-05-22,39.0391,UPRO,tiingo
2023-05-23,37.752,UPRO,tiingo
2023-05-24,36.91,UPRO,tiingo
2023-05-25,37.7811,UPRO,tiingo
2023-05-26,39.2714,UPRO,tiingo
2023-05-30,39.2908,UPRO,tiingo
2023-05-31,38.6133,UPRO,tiingo
2023-06-01,39.6875,UPRO,tiingo
2023-06-02,41.4102,UPRO,tiingo
2023-06-05,41.1295,UPRO,tiingo
2023-06-06,41.4004,UPRO,tiingo
2023-06-07,40.9746,UPRO,tiingo
2023-06-08,41.6811,UPRO,tiingo
2023-06-09,41.8649,UPRO,tiingo
2023-06-12,42.9973,UPRO,tiingo
2023-06-13,43.8586,UPRO,tiingo
2023-06-14,43.9747,UPRO,tiingo
2023-06-15,45.5618,UPRO,tiingo
2023-06-16,45.1166,UPRO,tiingo
2023-06-20,44.4101,UPRO,tiingo
2023-06-21,43.6897,UPRO,tiingo
2023-06-22,44.1071,UPRO,tiingo
2023-06-23,43.1168,UPRO,tiingo
2023-06-26,42.5635,UPRO,tiingo
2023-06-27,43.913,UPRO,tiingo
2023-06-28,43.9809,UPRO,tiingo
2023-06-29,44.4566,UPRO,tiingo
2023-06-30,46.0003,UPRO,tiingo
2023-07-03,46.2043,UPRO,tiingo
2023-07-05,45.9324,UPRO,tiingo
2023-07-06,44.8256,UPRO,tiingo
2023-07-07,44.4372,UPRO,tiingo
2023-07-10,44.7673,UPRO,tiingo
2023-07-11,45.6314,UPRO,tiingo
2023-07-12,46.6702,UPRO,tiingo
2023-07-13,47.748,UPRO,tiingo
2023-07-14,47.6315,UPRO,tiingo
2023-07-17,48.1169,UPRO,tiingo
2023-07-18,49.1946,UPRO,tiingo
2023-07-19,49.4762,UPRO,tiingo
2023-07-20,48.4761,UPRO,tiingo
2023-07-21,48.4566,UPRO,tiingo
2023-07-24,49.0878,UPRO,tiingo
2023-07-25,49.4664,UPRO,tiingo
2023-07-26,49.4469,UPRO,tiingo
2023-07-27,48.447,UPRO,tiingo
2023-07-28,49.8353,UPRO,tiingo
2023-07-31,50.1169,UPRO,tiingo
2023-08-01,49.6412,UPRO,tiingo
2023-08-02,47.5829,UPRO,tiingo
2023-08-03,47.1168,UPRO,tiingo
2023-08-04,46.4567,UPRO,tiingo
2023-08-07,47.6315,UPRO,tiingo
2023-08-08,46.9906,UPRO,tiingo
2023-08-09,46.0489,UPRO,tiingo
2023-08-10,46.0391,UPRO,tiingo
2023-08-11,45.9518,UPRO,tiingo
2023-08-14,46.6605,UPRO,tiingo
2023-08-15,45.0877,UPRO,tiingo
2023-08-16,44.0198,UPRO,tiingo
2023-08-17,42.9906,UPRO,tiingo
2023-08-18,43.0101,UPRO,tiingo
2023-08-21,43.8645,UPRO,tiingo
2023-08-22,43.4858,UPRO,tiingo
2023-08-23,44.8741,UPRO,tiingo
2023-08-24,43.0198,UPRO,tiingo
2023-08-25,43.9033,UPRO,tiingo
2023-08-28,44.7091,UPRO,tiingo
2023-08-29,46.6217,UPRO,tiingo
2023-08-30,47.2139,UPRO,tiingo
2023-08-31,46.9228,UPRO,tiingo
2023-09-01,47.1556,UPRO,tiingo
2023-09-05,46.5635,UPRO,tiingo
2023-09-06,45.5925,UPRO,tiingo
2023-09-07,45.1266,UPRO,tiingo
2023-09-08,45.2819,UPRO,tiingo
2023-09-11,46.1849,UPRO,tiingo
2023-09-12,45.3887,UPRO,tiingo
2023-09-13,45.5635,UPRO,tiingo
2023-09-14,46.68,UPRO,tiingo
2023-09-15,44.9713,UPRO,tiingo
2023-09-18,45.0391,UPRO,tiingo
2023-09-19,44.7576,UPRO,tiingo
2023-09-20,43.4819,UPRO,tiingo
2023-09-21,41.3141,UPRO,tiingo
2023-09-22,40.9739,UPRO,tiingo
2023-09-25,41.5086,UPRO,tiingo
2023-09-26,39.6325,UPRO,tiingo
2023-09-27,39.7005,UPRO,tiingo
2023-09-28,40.3421,UPRO,tiingo
2023-09-29,40.0214,UPRO,tiingo
2023-10-02,39.9824,UPRO,tiingo
2023-10-03,38.3493,UPRO,tiingo
2023-10-04,39.1659,UPRO,tiingo
2023-10-05,39.0687,UPRO,tiingo
2023-10-06,40.4393,UPRO,tiingo
2023-10-09,41.1879,UPRO,tiingo
2023-10-10,41.8197,UPRO,tiingo
2023-10-11,42.3544,UPRO,tiingo
2023-10-12,41.5475,UPRO,tiingo
2023-10-13,40.9156,UPRO,tiingo
2023-10-16,42.1794,UPRO,tiingo
2023-10-17,42.1404,UPRO,tiingo
2023-10-18,40.4684,UPRO,tiingo
2023-10-19,39.3603,UPRO,tiingo
2023-10-20,37.8535,UPRO,tiingo
2023-10-23,37.6688,UPRO,tiingo
2023-10-24,38.5049,UPRO,tiingo
2023-10-25,36.8329,UPRO,tiingo
2023-10-26,35.4718,UPRO,tiingo
2023-10-27,34.9663,UPRO,tiingo
2023-10-30,36.2107,UPRO,tiingo
2023-10-31,36.8619,UPRO,tiingo
2023-11-01,38.0382,UPRO,tiingo
2023-11-02,40.1769,UPRO,tiingo
2023-11-03,41.2559,UPRO,tiingo
2023-11-06,41.5184,UPRO,tiingo
2023-11-07,41.8683,UPRO,tiingo
2023-11-08,41.9656,UPRO,tiingo
2023-11-09,40.9253,UPRO,tiingo
2023-11-10,42.8307,UPRO,tiingo
2023-11-13,42.6947,UPRO,tiingo
2023-11-14,45.154,UPRO,tiingo
2023-11-15,45.4456,UPRO,tiingo
2023-11-16,45.5623,UPRO,tiingo
2023-11-17,45.7373,UPRO,tiingo
2023-11-20,46.7482,UPRO,tiingo
2023-11-21,46.3983,UPRO,tiingo
2023-11-22,46.9329,UPRO,tiingo
2023-11-24,46.9718,UPRO,tiingo
2023-11-27,46.7288,UPRO,tiingo
2023-11-28,46.8357,UPRO,tiingo
2023-11-29,46.6997,UPRO,tiingo
2023-11-30,47.2246,UPRO,tiingo
2023-12-01,48.0217,UPRO,tiingo
2023-12-04,47.2926,UPRO,tiingo
2023-12-05,47.2343,UPRO,tiingo
2023-12-06,46.6414,UPRO,tiingo
2023-12-07,47.6523,UPRO,tiingo
2023-12-08,48.2648,UPRO,tiingo
2023-12-11,48.8188,UPRO,tiingo
2023-12-12,49.4701,UPRO,tiingo
2023-12-13,51.4726,UPRO,tiingo
2023-12-14,51.9295,UPRO,tiingo
2023-12-15,51.6962,UPRO,tiingo
2023-12-18,52.5225,UPRO,tiingo
2023-12-19,53.4363,UPRO,tiingo
2023-12-20,51.1416,UPRO,tiingo
2023-12-21,52.603,UPRO,tiingo
2023-12-22,52.8953,UPRO,tiingo
2023-12-26,53.5188,UPRO,tiingo
2023-12-27,53.8111,UPRO,tiingo
2023-12-28,53.8014,UPRO,tiingo
2023-12-29,53.3338,UPRO,tiingo
2024-01-02,52.3691,UPRO,tiingo
2024-01-03,51.1026,UPRO,tiingo
2024-01-04,50.5667,UPRO,tiingo
2024-01-05,50.7615,UPRO,tiingo
2024-01-08,52.8758,UPRO,tiingo
2024-01-09,52.6127,UPRO,tiingo
2024-01-10,53.5188,UPRO,tiingo
2024-01-11,53.3825,UPRO,tiingo
2024-01-12,53.4603,UPRO,tiingo
2024-01-16,52.866,UPRO,tiingo
2024-01-17,51.9307,UPRO,tiingo
2024-01-18,53.2753,UPRO,tiingo
2024-01-19,55.2726,UPRO,tiingo
2024-01-22,55.5844,UPRO,tiingo
2024-01-23,56.0423,UPRO,tiingo
2024-01-24,56.1981,UPRO,tiingo
2024-01-25,57.0945,UPRO,tiingo
2024-01-26,56.8607,UPRO,tiingo
2024-01-29,58.1857,UPRO,tiingo
2024-01-30,58.0007,UPRO,tiingo
2024-01-31,55.1751,UPRO,tiingo
2024-02-01,57.2602,UPRO,tiingo
2024-02-02,59.0334,UPRO,tiingo
2024-02-05,58.3709,UPRO,tiingo
2024-02-06,58.8483,UPRO,tiingo
2024-02-07,60.2903,UPRO,tiingo
2024-02-08,60.3585,UPRO,tiingo
2024-02-09,61.3524,UPRO,tiingo
2024-02-12,61.2354,UPRO,tiingo
2024-02-13,58.7314,UPRO,tiingo
2024-02-14,60.2806,UPRO,tiingo
2024-02-15,61.4204,UPRO,tiingo
2024-02-16,60.4754,UPRO,tiingo
2024-02-20,59.4621,UPRO,tiingo
2024-02-21,59.5986,UPRO,tiingo
2024-02-22,63.2717,UPRO,tiingo
2024-02-23,63.3496,UPRO,tiingo
2024-02-26,62.6481,UPRO,tiingo
2024-02-27,62.9599,UPRO,tiingo
2024-02-28,62.6579,UPRO,tiingo
2024-02-29,63.2717,UPRO,tiingo
2024-03-01,65.0546,UPRO,tiingo
2024-03-04,64.8014,UPRO,tiingo
2024-03-05,62.8333,UPRO,tiingo
2024-03-06,63.8075,UPRO,tiingo
2024-03-07,65.6587,UPRO,tiingo
2024-03-08,64.4408,UPRO,tiingo
2024-03-11,64.2265,UPRO,tiingo
2024-03-12,66.2823,UPRO,tiingo
2024-03-13,65.9315,UPRO,tiingo
2024-03-14,65.4737,UPRO,tiingo
2024-03-15,64.0511,UPRO,tiingo
2024-03-18,65.2007,UPRO,tiingo
2024-03-19,66.2921,UPRO,tiingo
2024-03-20,68.0778,UPRO,tiingo
2024-03-21,68.6535,UPRO,tiingo
2024-03-22,68.3314,UPRO,tiingo
2024-03-25,67.7557,UPRO,tiingo
2024-03-26,67.1896,UPRO,tiingo
2024-03-27,68.8976,UPRO,tiingo
2024-03-28,68.8586,UPRO,tiingo
2024-04-01,68.5072,UPRO,tiingo
2024-04-02,67.1212,UPRO,tiingo
2024-04-03,67.3164,UPRO,tiingo
2024-04-04,64.7495,UPRO,tiingo
2024-04-05,66.76,UPRO,tiingo
2024-04-08,66.8186,UPRO,tiingo
2024-04-09,67.0529,UPRO,tiingo
2024-04-10,65.0814,UPRO,tiingo
2024-04-11,66.4673,UPRO,tiingo
2024-04-12,63.6369,UPRO,tiingo
2024-04-15,61.2651,UPRO,tiingo
2024-04-16,60.8746,UPRO,tiingo
2024-04-17,59.7913,UPRO,tiingo
2024-04-18,59.3228,UPRO,tiingo
2024-04-19,57.7416,UPRO,tiingo
2024-04-22,59.2935,UPRO,tiingo
2024-04-23,61.4212,UPRO,tiingo
2024-04-24,61.3724,UPRO,tiingo
2024-04-25,60.5429,UPRO,tiingo
2024-04-26,62.29,UPRO,tiingo
2024-04-29,62.895,UPRO,tiingo
2024-04-30,59.9279,UPRO,tiingo
2024-05-01,59.2447,UPRO,tiingo
2024-05-02,60.8746,UPRO,tiingo
2024-05-03,63.139,UPRO,tiingo
2024-05-06,65.0911,UPRO,tiingo
2024-05-07,65.2863,UPRO,tiingo
2024-05-08,65.257,UPRO,tiingo
2024-05-09,66.3111,UPRO,tiingo
2024-05-10,66.5941,UPRO,tiingo
2024-05-13,66.5551,UPRO,tiingo
2024-05-14,67.4531,UPRO,tiingo
2024-05-15,69.9225,UPRO,tiingo
2024-05-16,69.454,UPRO,tiingo
2024-05-17,69.7272,UPRO,tiingo
2024-05-20,69.9323,UPRO,tiingo
2024-05-21,70.4104,UPRO,tiingo
2024-05-22,69.7664,UPRO,tiingo
2024-05-23,68.1461,UPRO,tiingo
2024-05-24,69.5027,UPRO,tiingo
2024-05-28,69.6297,UPRO,tiingo
2024-05-29,68.1266,UPRO,tiingo
2024-05-30,66.7308,UPRO,tiingo
2024-05-31,68.4876,UPRO,tiingo
2024-06-03,68.6535,UPRO,tiingo
2024-06-04,68.8292,UPRO,tiingo
2024-06-05,71.2694,UPRO,tiingo
2024-06-06,71.2401,UPRO,tiingo
2024-06-07,70.8984,UPRO,tiingo
2024-06-10,71.5427,UPRO,tiingo
2024-06-11,72.0306,UPRO,tiingo
2024-06-12,73.7874,UPRO,tiingo
2024-06-13,74.2462,UPRO,tiingo
2024-06-14,74.256,UPRO,tiingo
2024-06-17,76.0031,UPRO,tiingo
2024-06-18,76.5595,UPRO,tiingo
2024-06-20,75.886,UPRO,tiingo
2024-06-21,75.3491,UPRO,tiingo
2024-06-24,74.7538,UPRO,tiingo
2024-06-25,75.5834,UPRO,tiingo
2024-06-26,75.8894,UPRO,tiingo
2024-06-27,76.1732,UPRO,tiingo
2024-06-28,75.2139,UPRO,tiingo
2024-07-01,75.6447,UPRO,tiingo
2024-07-02,77.1227,UPRO,tiingo
2024-07-03,78.0917,UPRO,tiingo
2024-07-05,79.4033,UPRO,tiingo
2024-07-08,79.6481,UPRO,tiingo
2024-07-09,79.8439,UPRO,tiingo
2024-07-10,82.1441,UPRO,tiingo
2024-07-11,80.0298,UPRO,tiingo
2024-07-12,81.459,UPRO,tiingo
2024-07-15,82.1246,UPRO,tiingo
2024-07-16,83.5635,UPRO,tiingo
2024-07-17,80.0005,UPRO,tiingo
2024-07-18,78.1015,UPRO,tiingo
2024-07-19,76.4571,UPRO,tiingo
2024-07-22,78.8357,UPRO,tiingo
2024-07-23,78.4245,UPRO,tiingo
2024-07-24,73.0604,UPRO,tiingo
2024-07-25,71.8664,UPRO,tiingo
2024-07-26,74.2351,UPRO,tiingo
2024-07-29,74.3037,UPRO,tiingo
2024-07-30,73.1584,UPRO,tiingo
2024-07-31,76.5745,UPRO,tiingo
2024-08-01,73.4227,UPRO,tiingo
2024-08-02,69.2724,UPRO,tiingo
2024-08-05,63.1644,UPRO,tiingo
2024-08-06,64.897,UPRO,tiingo
2024-08-07,63.5364,UPRO,tiingo
2024-08-08,67.9217,UPRO,tiingo
2024-08-09,68.7536,UPRO,tiingo
2024-08-12,68.8319,UPRO,tiingo
2024-08-13,72.2089,UPRO,tiingo
2024-08-14,72.9039,UPRO,tiingo
2024-08-15,76.604,UPRO,tiingo
2024-08-16,77.0053,UPRO,tiingo
2024-08-19,79.2174,UPRO,tiingo
2024-08-20,78.7868,UPRO,tiingo
2024-08-21,79.6383,UPRO,tiingo
2024-08-22,77.7002,UPRO,tiingo
2024-08-23,80.0787,UPRO,tiingo
2024-08-26,79.4524,UPRO,tiingo
2024-08-27,79.7852,UPRO,tiingo
2024-08-28,78.3756,UPRO,tiingo
2024-08-29,78.3365,UPRO,tiingo
2024-08-30,80.4606,UPRO,tiingo
2024-09-03,75.5076,UPRO,tiingo
2024-09-04,74.9496,UPRO,tiingo
2024-09-05,74.4015,UPRO,tiingo
2024-09-06,70.5939,UPRO,tiingo
2024-09-09,72.9039,UPRO,tiingo
2024-09-10,73.8337,UPRO,tiingo
2024-09-11,76.0558,UPRO,tiingo
2024-09-12,77.9743,UPRO,tiingo
2024-09-13,79.1196,UPRO,tiingo
2024-09-16,79.4915,UPRO,tiingo
2024-09-17,79.5601,UPRO,tiingo
2024-09-18,78.7965,UPRO,tiingo
2024-09-19,82.8,UPRO,tiingo
2024-09-20,82.2421,UPRO,tiingo
2024-09-23,82.8783,UPRO,tiingo
2024-09-24,83.583,UPRO,tiingo
2024-09-25,82.9758,UPRO,tiingo
2024-09-26,83.9768,UPRO,tiingo
2024-09-27,83.5058,UPRO,tiingo
2024-09-30,84.5852,UPRO,tiingo
2024-10-01,82.2398,UPRO,tiingo
2024-10-02,82.2496,UPRO,tiingo
2024-10-03,81.7883,UPRO,tiingo
2024-10-04,83.9278,UPRO,tiingo
2024-10-07,81.6706,UPRO,tiingo
2024-10-08,83.9375,UPRO,tiingo
2024-10-09,85.6451,UPRO,tiingo
2024-10-10,85.1741,UPRO,tiingo
2024-10-11,86.5775,UPRO,tiingo
2024-10-14,88.707,UPRO,tiingo
2024-10-15,86.6461,UPRO,tiingo
2024-10-16,87.7061,UPRO,tiingo
2024-10-17,87.7257,UPRO,tiingo
2024-10-18,88.6286,UPRO,tiingo
2024-10-21,88.2066,UPRO,tiingo
2024-10-22,88.0202,UPRO,tiingo
2024-10-23,85.547,UPRO,tiingo
2024-10-24,86.077,UPRO,tiingo
2024-10-25,85.9102,UPRO,tiingo
2024-10-28,86.6854,UPRO,tiingo
2024-10-29,87.0583,UPRO,tiingo
2024-10-30,86.2634,UPRO,tiingo
2024-10-31,81.121,UPRO,tiingo
2024-11-01,82.1024,UPRO,tiingo
2024-11-04,81.543,UPRO,tiingo
2024-11-05,84.4871,UPRO,tiingo
2024-11-06,90.7777,UPRO,tiingo
2024-11-07,92.8191,UPRO,tiingo
2024-11-08,93.9968,UPRO,tiingo
2024-11-11,94.193,UPRO,tiingo
2024-11-12,93.2803,UPRO,tiingo
2024-11-13,93.3981,UPRO,tiingo
2024-11-14,91.5629,UPRO,tiingo
2024-11-15,87.9514,UPRO,tiingo
2024-11-18,89.0211,UPRO,tiingo
2024-11-19,89.9927,UPRO,tiingo
2024-11-20,90.0418,UPRO,tiingo
2024-11-21,91.4353,UPRO,tiingo
2024-11-22,92.191,UPRO,tiingo
2024-11-25,93.0939,UPRO,tiingo
2024-11-26,94.5856,UPRO,tiingo
2024-11-27,93.6139,UPRO,tiingo
2024-11-29,95.2431,UPRO,tiingo
2024-12-02,95.8025,UPRO,tiingo
2024-12-03,95.8516,UPRO,tiingo
2024-12-04,97.5886,UPRO,tiingo
2024-12-05,97.1174,UPRO,tiingo
2024-12-06,97.6278,UPRO,tiingo
2024-12-09,96.038,UPRO,tiingo
2024-12-10,95.1351,UPRO,tiingo
2024-12-11,97.3335,UPRO,tiingo
2024-12-12,95.7828,UPRO,tiingo
2024-12-13,95.6454,UPRO,tiingo
2024-12-16,96.7937,UPRO,tiingo
2024-12-17,95.5571,UPRO,tiingo
2024-12-18,87.0878,UPRO,tiingo
2024-12-19,86.8915,UPRO,tiingo
2024-12-20,89.7768,UPRO,tiingo
2024-12-23,91.5282,UPRO,tiingo
2024-12-24,94.4508,UPRO,tiingo
2024-12-26,94.441,UPRO,tiingo
2024-12-27,91.4298,UPRO,tiingo
2024-12-30,88.2315,UPRO,tiingo
2024-12-31,87.2277,UPRO,tiingo
2025-01-02,86.4995,UPRO,tiingo
2025-01-03,89.6682,UPRO,tiingo
2025-01-06,91.223,UPRO,tiingo
2025-01-07,88.1724,UPRO,tiingo
2025-01-08,88.4087,UPRO,tiingo
2025-01-10,84.3346,UPRO,tiingo
2025-01-13,84.7381,UPRO,tiingo
2025-01-14,84.984,UPRO,tiingo
2025-01-15,89.619,UPRO,tiingo
2025-01-16,89.1073,UPRO,tiingo
2025-01-17,91.6167,UPRO,tiingo
2025-01-21,94.008,UPRO,tiingo
2025-01-22,95.6316,UPRO,tiingo
2025-01-23,97.1964,UPRO,tiingo
2025-01-24,96.2811,UPRO,tiingo
2025-01-27,92.1776,UPRO,tiingo
2025-01-28,94.4804,UPRO,tiingo
2025-01-29,93.1814,UPRO,tiingo
2025-01-30,94.6673,UPRO,tiingo
2025-01-31,93.0633,UPRO,tiingo
2025-02-03,91.1345,UPRO,tiingo
2025-02-04,92.9747,UPRO,tiingo
2025-02-05,94.0571,UPRO,tiingo
2025-02-06,95.0315,UPRO,tiingo
2025-02-07,92.3449,UPRO,tiingo
2025-02-10,94.1261,UPRO,tiingo
2025-02-11,94.323,UPRO,tiingo
2025-02-12,93.447,UPRO,tiingo
2025-02-13,96.3599,UPRO,tiingo
2025-02-14,96.2517,UPRO,tiingo
2025-02-18,96.9897,UPRO,tiingo
2025-02-19,97.7081,UPRO,tiingo
2025-02-20,96.4583,UPRO,tiingo
2025-02-21,91.4691,UPRO,tiingo
2025-02-24,90.1505,UPRO,tiingo
2025-02-25,88.7235,UPRO,tiingo
2025-02-26,88.8219,UPRO,tiingo
2025-02-27,84.5807,UPRO,tiingo
2025-02-28,88.4185,UPRO,tiingo
2025-03-03,83.8917,UPRO,tiingo
2025-03-04,80.792,UPRO,tiingo
2025-03-05,83.321,UPRO,tiingo
2025-03-06,78.9321,UPRO,tiingo
2025-03-07,80.0933,UPRO,tiingo
2025-03-10,73.7658,UPRO,tiingo
2025-03-11,71.9157,UPRO,tiingo
2025-03-12,72.9686,UPRO,tiingo
2025-03-13,70.0557,UPRO,tiingo
2025-03-14,74.2775,UPRO,tiingo
2025-03-17,75.9503,UPRO,tiingo
2025-03-18,73.5394,UPRO,tiingo
2025-03-19,75.8323,UPRO,tiingo
2025-03-20,75.2812,UPRO,tiingo
2025-03-21,75.2812,UPRO,tiingo
2025-03-24,79.1879,UPRO,tiingo
2025-03-25,79.7094,UPRO,tiingo
2025-03-26,76.9525,UPRO,tiingo
2025-03-27,76.2324,UPRO,tiingo
2025-03-28,71.6554,UPRO,tiingo
2025-03-31,72.8982,UPRO,tiingo
2025-04-01,73.6085,UPRO,tiingo
2025-04-02,74.9994,UPRO,tiingo
2025-04-03,64.2471,UPRO,tiingo
2025-04-04,53.0904,UPRO,tiingo
2025-04-07,52.3309,UPRO,tiingo
2025-04-08,49.9634,UPRO,tiingo
2025-04-09,63.9314,UPRO,tiingo
2025-04-10,57.2433,UPRO,tiingo
2025-04-11,60.252,UPRO,tiingo
2025-04-14,61.9289,UPRO,tiingo
2025-04-15,61.4456,UPRO,tiingo
2025-04-16,57.3321,UPRO,tiingo
2025-04-17,57.49,UPRO,tiingo
2025-04-21,53.406,UPRO,tiingo
2025-04-22,57.411,UPRO,tiingo
2025-04-23,60.1632,UPRO,tiingo
2025-04-24,63.892,UPRO,tiingo
2025-04-25,65.2434,UPRO,tiingo
2025-04-28,65.3815,UPRO,tiingo
2025-04-29,66.4863,UPRO,tiingo
2025-04-30,66.5554,UPRO,tiingo
2025-05-01,67.9857,UPRO,tiingo
2025-05-02,70.9353,UPRO,tiingo
2025-05-05,69.7711,UPRO,tiingo
2025-05-06,67.9956,UPRO,tiingo
2025-05-07,68.8538,UPRO,tiingo
2025-05-08,70.1954,UPRO,tiingo
2025-05-09,69.8796,UPRO,tiingo
2025-05-12,76.7355,UPRO,tiingo
2025-05-13,78.294,UPRO,tiingo
2025-05-14,78.5604,UPRO,tiingo
2025-05-15,79.6849,UPRO,tiingo
2025-05-16,81.1745,UPRO,tiingo
2025-05-19,81.4309,UPRO,tiingo
2025-05-20,80.5432,UPRO,tiingo
2025-05-21,76.5086,UPRO,tiingo
2025-05-22,76.4889,UPRO,tiingo
2025-05-23,74.8909,UPRO,tiingo
2025-05-27,79.4679,UPRO,tiingo
2025-05-28,78.0967,UPRO,tiingo
2025-05-29,78.9747,UPRO,tiingo
2025-05-30,78.6985,UPRO,tiingo
2025-06-02,79.9414,UPRO,tiingo
2025-06-03,81.3619,UPRO,tiingo
2025-06-04,81.2337,UPRO,tiingo
2025-06-05,80.0105,UPRO,tiingo
2025-06-06,82.3977,UPRO,tiingo
2025-06-09,82.5949,UPRO,tiingo
2025-06-10,84.0254,UPRO,tiingo
2025-06-11,83.2954,UPRO,tiingo
2025-06-12,84.2424,UPRO,tiingo
2025-06-13,81.3027,UPRO,tiingo
2025-06-16,83.6504,UPRO,tiingo
2025-06-17,81.4606,UPRO,tiingo
2025-06-18,81.4014,UPRO,tiingo
2025-06-20,80.6911,UPRO,tiingo
2025-06-23,83.0881,UPRO,tiingo
2025-06-24,85.8304,UPRO,tiingo
2025-06-25,85.9976,UPRO,tiingo
2025-06-26,87.9459,UPRO,tiingo
2025-06-27,89.1328,UPRO,tiingo
2025-06-30,90.4383,UPRO,tiingo
2025-07-01,90.2604,UPRO,tiingo
2025-07-02,91.457,UPRO,tiingo
2025-07-03,93.5637,UPRO,tiingo
2025-07-07,91.467,UPRO,tiingo
2025-07-08,91.2395,UPRO,tiingo
2025-07-09,92.8516,UPRO,tiingo
2025-07-10,93.6231,UPRO,tiingo
2025-07-11,92.5252,UPRO,tiingo
2025-07-14,93.0296,UPRO,tiingo
2025-07-15,91.8231,UPRO,tiingo
2025-07-16,92.7034,UPRO,tiingo
2025-07-17,94.4143,UPRO,tiingo
2025-07-18,94.1275,UPRO,tiingo
2025-07-21,94.6319,UPRO,tiingo
2025-07-22,94.622,UPRO,tiingo
2025-07-23,97.0056,UPRO,tiingo
2025-07-24,97.1342,UPRO,tiingo
2025-07-25,98.1924,UPRO,tiingo
2025-07-28,98.1331,UPRO,tiingo
2025-07-29,97.3517,UPRO,tiingo
2025-07-30,96.9661,UPRO,tiingo
2025-07-31,95.7792,UPRO,tiingo
2025-08-01,91.012,UPRO,tiingo
2025-08-04,95.0869,UPRO,tiingo
2025-08-05,93.6924,UPRO,tiingo
2025-08-06,95.7199,UPRO,tiingo
2025-08-07,95.5418,UPRO,tiingo
2025-08-08,97.6683,UPRO,tiingo
2025-08-11,96.9958,UPRO,tiingo
2025-08-12,100.101,UPRO,tiingo
2025-08-13,101.139,UPRO,tiingo
2025-08-14,101.129,UPRO,tiingo
2025-08-15,100.359,UPRO,tiingo
2025-08-18,100.22,UPRO,tiingo
2025-08-19,98.5287,UPRO,tiingo
2025-08-20,97.7078,UPRO,tiingo
2025-08-21,96.5705,UPRO,tiingo
2025-08-22,100.863,UPRO,tiingo
2025-08-25,99.5672,UPRO,tiingo
2025-08-26,100.764,UPRO,tiingo
2025-08-27,101.398,UPRO,tiingo
2025-08-28,102.465,UPRO,tiingo
2025-08-29,100.517,UPRO,tiingo
2025-09-02,98.2913,UPRO,tiingo
2025-09-03,99.765,UPRO,tiingo
2025-09-04,102.248,UPRO,tiingo
2025-09-05,101.258,UPRO,tiingo
2025-09-08,102.02,UPRO,tiingo
2025-09-09,102.723,UPRO,tiingo
2025-09-10,103.593,UPRO,tiingo
2025-09-11,106.105,UPRO,tiingo
2025-09-12,105.907,UPRO,tiingo
2025-09-15,107.539,UPRO,tiingo
2025-09-16,107.065,UPRO,tiingo
2025-09-17,106.678,UPRO,tiingo
2025-09-18,108.152,UPRO,tiingo
2025-09-19,109.596,UPRO,tiingo
2025-09-22,111.159,UPRO,tiingo
2025-09-23,109.389,UPRO,tiingo
2025-09-24,108.257,UPRO,tiingo
2025-09-25,106.71,UPRO,tiingo
2025-09-26,108.435,UPRO,tiingo
2025-09-29,109.327,UPRO,tiingo
2025-09-30,110.486,UPRO,tiingo
2025-10-01,111.685,UPRO,tiingo
2025-10-02,111.993,UPRO,tiingo
2025-10-03,111.863,UPRO,tiingo
2025-10-06,113.083,UPRO,tiingo
2025-10-07,111.814,UPRO,tiingo
2025-10-08,113.747,UPRO,tiingo
2025-10-09,112.766,UPRO,tiingo
2025-10-10,103.549,UPRO,tiingo
2025-10-13,108.257,UPRO,tiingo
2025-10-14,107.781,UPRO,tiingo
2025-10-15,109.158,UPRO,tiingo
2025-10-16,106.958,UPRO,tiingo
2025-10-17,108.653,UPRO,tiingo
2025-10-20,112.033,UPRO,tiingo
2025-10-21,112.003,UPRO,tiingo
2025-10-22,110.229,UPRO,tiingo
2025-10-23,112.082,UPRO,tiingo
2025-10-24,114.718,UPRO,tiingo
2025-10-27,118.821,UPRO,tiingo
2025-10-28,119.693,UPRO,tiingo
2025-10-29,119.822,UPRO,tiingo
2025-10-30,115.977,UPRO,tiingo
2025-10-31,116.878,UPRO,tiingo
2025-11-03,117.611,UPRO,tiingo
2025-11-04,113.429,UPRO,tiingo
2025-11-05,114.421,UPRO,tiingo
2025-11-06,110.754,UPRO,tiingo
2025-11-07,111.042,UPRO,tiingo
2025-11-10,116.066,UPRO,tiingo
2025-11-11,116.868,UPRO,tiingo
2025-11-12,117.067,UPRO,tiingo
2025-11-13,111.24,UPRO,tiingo
2025-11-14,111.071,UPRO,tiingo
2025-11-17,107.929,UPRO,tiingo
2025-11-18,105.234,UPRO,tiingo
2025-11-19,106.353,UPRO,tiingo
2025-11-20,101.458,UPRO,tiingo
2025-11-21,104.432,UPRO,tiingo
2025-11-24,109.02,UPRO,tiingo
2025-11-25,112.003,UPRO,tiingo
2025-11-26,114.282,UPRO,tiingo
2025-11-28,116.076,UPRO,tiingo
2025-12-01,114.45,UPRO,tiingo
2025-12-02,115.025,UPRO,tiingo
2025-12-03,116.155,UPRO,tiingo
2025-12-04,116.462,UPRO,tiingo
2025-12-05,116.968,UPRO,tiingo
2025-12-08,115.897,UPRO,tiingo
2025-12-09,115.561,UPRO,tiingo
2025-12-10,117.78,UPRO,tiingo
2025-12-11,118.484,UPRO,tiingo
2025-12-12,114.678,UPRO,tiingo
2025-12-15,114.143,UPRO,tiingo
2025-12-16,113.172,UPRO,tiingo
2025-12-17,109.397,UPRO,tiingo
2025-12-18,111.843,UPRO,tiingo
2025-12-19,114.768,UPRO,tiingo
2025-12-22,116.838,UPRO,tiingo
2025-12-23,118.434,UPRO,tiingo
2025-12-24,119.573,UPRO,tiingo
2025-12-26,119.483,UPRO,tiingo
2025-12-29,118.182,UPRO,tiingo
2025-12-30,117.705,UPRO,tiingo
2025-12-31,115.041,UPRO,tiingo
2026-01-02,115.608,UPRO,tiingo
2026-01-05,117.854,UPRO,tiingo
2026-01-06,119.902,UPRO,tiingo
2026-01-07,118.769,UPRO,tiingo
2026-01-08,118.619,UPRO,tiingo
2026-01-09,120.895,UPRO,tiingo
2026-01-12,121.472,UPRO,tiingo
2026-01-13,120.677,UPRO,tiingo
2026-01-14,118.928,UPRO,tiingo
2026-01-15,119.793,UPRO,tiingo
2026-01-16,119.386,UPRO,tiingo
2026-01-20,112.081,UPRO,tiingo
2026-01-21,115.867,UPRO,tiingo
2026-01-22,117.666,UPRO,tiingo
2026-01-23,117.685,UPRO,tiingo
2026-01-26,119.483,UPRO,tiingo
2026-01-27,120.915,UPRO,tiingo
2026-01-28,120.845,UPRO,tiingo
2026-01-29,119.991,UPRO,tiingo
2026-01-30,118.869,UPRO,tiingo
2026-02-02,120.677,UPRO,tiingo
2026-02-03,117.517,UPRO,tiingo
2026-02-04,115.768,UPRO,tiingo
2026-02-05,111.335,UPRO,tiingo
2026-02-06,117.745,UPRO,tiingo
2026-02-09,119.395,UPRO,tiingo
2026-02-10,118.411,UPRO,tiingo
2026-02-11,118.262,UPRO,tiingo
2026-02-12,112.786,UPRO,tiingo
2026-02-13,112.805,UPRO,tiingo
2026-02-17,113.353,UPRO,tiingo
2026-02-18,115.051,UPRO,tiingo
2026-02-19,114.177,UPRO,tiingo
2026-02-20,116.513,UPRO,tiingo
2026-02-23,112.955,UPRO,tiingo
2026-02-24,115.35,UPRO,tiingo
2026-02-25,118.212,UPRO,tiingo
2026-02-26,116.254,UPRO,tiingo
2026-02-27,114.594,UPRO,tiingo
2026-03-02,114.604,UPRO,tiingo
2026-03-03,111.544,UPRO,tiingo
2026-03-04,113.9,UPRO,tiingo
2026-03-05,112.001,UPRO,tiingo
2026-03-06,107.489,UPRO,tiingo
2026-03-09,110.282,UPRO,tiingo
2026-03-10,109.625,UPRO,tiingo
2026-03-11,109.258,UPRO,tiingo
2026-03-12,104.239,UPRO,tiingo
2026-03-13,102.371,UPRO,tiingo
2026-03-16,105.443,UPRO,tiingo
2026-03-17,106.257,UPRO,tiingo
2026-03-18,101.835,UPRO,tiingo
2026-03-19,101,UPRO,tiingo
2026-03-20,96.4878,UPRO,tiingo
2026-03-23,99.5884,UPRO,tiingo
2026-03-24,98.5549,UPRO,tiingo
2026-03-25,100.117,UPRO,tiingo
2026-03-26,94.799,UPRO,tiingo
2026-03-27,89.8489,UPRO,tiingo
2026-03-30,88.9325,UPRO,tiingo
2026-03-31,96.5918,UPRO,tiingo
2026-04-01,98.7731,UPRO,tiingo
2026-04-02,98.9822,UPRO,tiingo
2026-04-06,100.337,UPRO,tiingo
2026-04-07,100.447,UPRO,tiingo
2026-04-08,108.026,UPRO,tiingo
2026-04-09,109.919,UPRO,tiingo
2026-04-10,109.569,UPRO,tiingo
2026-04-13,112.777,UPRO,tiingo
2026-04-14,116.87,UPRO,tiingo
2026-04-15,119.579,UPRO,tiingo
2026-04-16,120.476,UPRO,tiingo
2026-04-17,124.729,UPRO,tiingo
2026-04-20,123.991,UPRO,tiingo
2026-04-21,121.582,UPRO,tiingo
2026-04-22,125.187,UPRO,tiingo
2026-04-23,123.663,UPRO,tiingo
2026-04-24,126.482,UPRO,tiingo
2026-04-27,127.079,UPRO,tiingo
2026-04-28,125.187,UPRO,tiingo
2026-04-29,125.117,UPRO,tiingo
2026-04-30,128.663,UPRO,tiingo
2026-05-01,129.778,UPRO,tiingo
2026-05-04,128.335,UPRO,tiingo
2026-05-05,131.322,UPRO,tiingo
2026-05-06,136.75,UPRO,tiingo
2026-05-07,135.476,UPRO,tiingo
2026-05-08,138.663,UPRO,tiingo
2026-05-11,139.53,UPRO,tiingo
2026-05-12,138.972,UPRO,tiingo
2026-05-13,141.262,UPRO,tiingo
2026-05-14,144.52,UPRO,tiingo
2026-05-15,139.171,UPRO,tiingo
2026-05-18,138.802,UPRO,tiingo
2026-05-19,136.093,UPRO,tiingo
2026-05-20,140.266,UPRO,tiingo
2026-05-21,141.013,UPRO,tiingo
2026-05-22,142.507,UPRO,tiingo
2026-05-26,145.276,UPRO,tiingo
2026-05-27,145.256,UPRO,tiingo
2026-05-28,147.597,UPRO,tiingo
2026-05-29,148.583,UPRO,tiingo
2026-06-01,149.688,UPRO,tiingo
2026-06-02,150.266,UPRO,tiingo
2026-06-03,147.129,UPRO,tiingo
2026-06-04,148.732,UPRO,tiingo
2026-06-05,136.979,UPRO,tiingo
2026-06-08,138.015,UPRO,tiingo
2026-06-09,136.681,UPRO,tiingo
2026-06-10,130.167,UPRO,tiingo
2026-06-11,136.741,UPRO,tiingo
2026-06-12,138.852,UPRO,tiingo
2026-06-15,146.153,UPRO,tiingo
2026-06-16,143.563,UPRO,tiingo
2026-06-17,138.185,UPRO,tiingo
2026-06-18,142.239,UPRO,tiingo
2026-06-22,140.854,UPRO,tiingo
2026-06-23,134.838,UPRO,tiingo
2026-06-24,134.459,UPRO,tiingo
2026-06-25,134.489,UPRO,tiingo
2026-06-26,131.843,UPRO,tiingo
2026-06-29,138.511,UPRO,tiingo
2026-06-30,141.536,UPRO,tiingo
2026-07-01,141.137,UPRO,tiingo
2026-07-02,140.518,UPRO,tiingo
2026-07-06,144.151,UPRO,tiingo
2026-07-07,141.955,UPRO,tiingo
2026-07-08,140.578,UPRO,tiingo
2026-07-09,144.131,UPRO,tiingo
2026-07-10,145.898,UPRO,tiingo
2026-07-13,142.474,UPRO,tiingo
2026-07-14,144.021,UPRO,tiingo
2026-07-15,145.609,UPRO,tiingo
2026-07-16,143.353,UPRO,tiingo
2026-07-17,138.801,UPRO,tiingo
2026-07-20,138.222,UPRO,tiingo
2026-07-21,141.636,UPRO,tiingo
2026-07-22,141.017,UPRO,tiingo
2026-07-23,135.886,UPRO,tiingo
2026-07-24,136.026,UPRO,tiingo
2026-07-27,136.116,UPRO,tiingo
2026-07-28,137.054,UPRO,tiingo
2026-07-29,130.775,UPRO,tiingo
2026-07-30,137.323,UPRO,tiingo
2026-07-31,140.029,UPRO,tiingo
2026-08-03,146.058,UPRO,tiingo
2026-08-04,153.864,UPRO,tiingo
2026-08-05,152.965,UPRO,tiingo
2026-08-06,152.157,UPRO,tiingo
2026-08-07,154.782,UPRO,tiingo
2026-08-10,154.702,UPRO,tiingo
2026-08-11,153.085,UPRO,tiingo
2026-08-12,154.273,UPRO,tiingo
2026-08-13,157.397,UPRO,tiingo
2026-08-14,156.349,UPRO,tiingo
2026-08-17,154.123,UPRO,tiingo
2026-08-18,150.919,UPRO,tiingo
2026-08-19,151.887,UPRO,tiingo
2026-08-20,148.014,UPRO,tiingo
2026-08-21,149.611,UPRO,tiingo
2026-08-24,148.314,UPRO,tiingo
2026-08-25,149.671,UPRO,tiingo
2026-08-26,149.701,UPRO,tiingo
2026-08-27,152.636,UPRO,tiingo
2026-08-28,151.508,UPRO,tiingo
2026-08-31,150.001,UPRO,tiingo
2026-09-01,146.886,UPRO,tiingo
2026-09-02,148.873,UPRO,tiingo
2026-09-03,153.455,UPRO,tiingo
2026-09-04,151.608,UPRO,tiingo
2026-09-08,149.032,UPRO,tiingo
2026-09-09,146.926,UPRO,tiingo
2026-09-10,144.241,UPRO,tiingo
2026-09-11,147.755,UPRO,tiingo
2026-09-14,145.728,UPRO,tiingo
2026-09-15,143.712,UPRO,tiingo
2026-09-16,141.845,UPRO,tiingo
2026-09-17,146.617,UPRO,tiingo
2026-09-18,146.926,UPRO,tiingo
2026-09-21,153.794,UPRO,tiingo
2026-09-22,153.734,UPRO,tiingo
2026-09-23,150.3,UPRO,tiingo
2026-09-24,149.99,UPRO,tiingo
2026-09-25,152.2,UPRO,tiingo