date,adj_close,name,source
2006-06-21,3.62808,SSO,tiingo
2006-06-22,3.58952,SSO,tiingo
2006-06-23,3.58901,SSO,tiingo
2006-06-26,3.60982,SSO,tiingo
2006-06-27,3.54588,SSO,tiingo
2006-06-28,3.57734,SSO,tiingo
2006-06-29,3.72905,SSO,tiingo
2006-06-30,3.72704,SSO,tiingo
2006-07-03,3.77777,SSO,tiingo
2006-07-05,3.72754,SSO,tiingo
2006-07-06,3.73921,SSO,tiingo
2006-07-07,3.69608,SSO,tiingo
2006-07-10,3.70267,SSO,tiingo
2006-07-11,3.73431,SSO,tiingo
2006-07-12,3.66056,SSO,tiingo
2006-07-13,3.54993,SSO,tiingo
2006-07-14,3.51798,SSO,tiingo
2006-07-17,3.51441,SSO,tiingo
2006-07-18,3.5199,SSO,tiingo
2006-07-19,3.64077,SSO,tiingo
2006-07-20,3.59814,SSO,tiingo
2006-07-21,3.54131,SSO,tiingo
2006-07-24,3.65345,SSO,tiingo
2006-07-25,3.69963,SSO,tiingo
2006-07-26,3.70674,SSO,tiingo
2006-07-27,3.67122,SSO,tiingo
2006-07-28,3.75493,SSO,tiingo
2006-07-31,3.74479,SSO,tiingo
2006-08-01,3.7113,SSO,tiingo
2006-08-02,3.73972,SSO,tiingo
2006-08-03,3.75849,SSO,tiingo
2006-08-04,3.75748,SSO,tiingo
2006-08-07,3.73667,SSO,tiingo
2006-08-08,3.70623,SSO,tiingo
2006-08-09,3.67781,SSO,tiingo
2006-08-10,3.71029,SSO,tiingo
2006-08-11,3.68339,SSO,tiingo
2006-08-14,3.69584,SSO,tiingo
2006-08-15,3.78691,SSO,tiingo
2006-08-16,3.85033,SSO,tiingo
2006-08-17,3.86607,SSO,tiingo
2006-08-18,3.8818,SSO,tiingo
2006-08-21,3.86353,SSO,tiingo
2006-08-22,3.86657,SSO,tiingo
2006-08-23,3.83511,SSO,tiingo
2006-08-24,3.84931,SSO,tiingo
2006-08-25,3.85642,SSO,tiingo
2006-08-28,3.88941,SSO,tiingo
2006-08-29,3.90768,SSO,tiingo
2006-08-30,3.90717,SSO,tiingo
2006-08-31,3.90412,SSO,tiingo
2006-09-01,3.94352,SSO,tiingo
2006-09-05,3.9508,SSO,tiingo
2006-09-06,3.88169,SSO,tiingo
2006-09-07,3.84272,SSO,tiingo
2006-09-08,3.87012,SSO,tiingo
2006-09-11,3.86911,SSO,tiingo
2006-09-12,3.94472,SSO,tiingo
2006-09-13,3.98328,SSO,tiingo
2006-09-14,3.964,SSO,tiingo
2006-09-15,3.99797,SSO,tiingo
2006-09-18,3.99749,SSO,tiingo
2006-09-19,3.97161,SSO,tiingo
2006-09-20,4.01982,SSO,tiingo
2006-09-21,3.97617,SSO,tiingo
2006-09-22,3.95436,SSO,tiingo
2006-09-25,4.02793,SSO,tiingo
2006-09-26,4.08088,SSO,tiingo
2006-09-27,4.09086,SSO,tiingo
2006-09-28,4.10405,SSO,tiingo
2006-09-29,4.0873,SSO,tiingo
2006-10-02,4.05331,SSO,tiingo
2006-10-03,4.06802,SSO,tiingo
2006-10-04,4.16799,SSO,tiingo
2006-10-05,4.1832,SSO,tiingo
2006-10-06,4.17102,SSO,tiingo
2006-10-09,4.17509,SSO,tiingo
2006-10-10,4.18778,SSO,tiingo
2006-10-11,4.17102,SSO,tiingo
2006-10-12,4.24562,SSO,tiingo
2006-10-13,4.26541,SSO,tiingo
2006-10-16,4.2786,SSO,tiingo
2006-10-17,4.25729,SSO,tiingo
2006-10-18,4.25627,SSO,tiingo
2006-10-19,4.26389,SSO,tiingo
2006-10-20,4.26998,SSO,tiingo
2006-10-23,4.30955,SSO,tiingo
2006-10-24,4.32884,SSO,tiingo
2006-10-25,4.35319,SSO,tiingo
2006-10-26,4.39075,SSO,tiingo
2006-10-27,4.33289,SSO,tiingo
2006-10-30,4.32731,SSO,tiingo
2006-10-31,4.31311,SSO,tiingo
2006-11-01,4.26185,SSO,tiingo
2006-11-02,4.25831,SSO,tiingo
2006-11-03,4.23192,SSO,tiingo
2006-11-06,4.33493,SSO,tiingo
2006-11-07,4.35776,SSO,tiingo
2006-11-08,4.38617,SSO,tiingo
2006-11-09,4.33595,SSO,tiingo
2006-11-10,4.34356,SSO,tiingo
2006-11-13,4.36132,SSO,tiingo
2006-11-14,4.42321,SSO,tiingo
2006-11-15,4.45468,SSO,tiingo
2006-11-16,4.47396,SSO,tiingo
2006-11-17,4.47295,SSO,tiingo
2006-11-20,4.4704,SSO,tiingo
2006-11-21,4.4841,SSO,tiingo
2006-11-22,4.5034,SSO,tiingo
2006-11-24,4.46737,SSO,tiingo
2006-11-27,4.34863,SSO,tiingo
2006-11-28,4.37399,SSO,tiingo
2006-11-29,4.45417,SSO,tiingo
2006-11-30,4.45772,SSO,tiingo
2006-12-01,4.43743,SSO,tiingo
2006-12-04,4.50847,SSO,tiingo
2006-12-05,4.545,SSO,tiingo
2006-12-06,4.53181,SSO,tiingo
2006-12-07,4.49882,SSO,tiingo
2006-12-08,4.5105,SSO,tiingo
2006-12-11,4.53434,SSO,tiingo
2006-12-12,4.52826,SSO,tiingo
2006-12-13,4.54653,SSO,tiingo
2006-12-14,4.60741,SSO,tiingo
2006-12-15,4.62669,SSO,tiingo
2006-12-18,4.59726,SSO,tiingo
2006-12-19,4.62213,SSO,tiingo
2006-12-20,4.60523,SSO,tiingo
2006-12-21,4.57769,SSO,tiingo
2006-12-22,4.51256,SSO,tiingo
2006-12-26,4.5724,SSO,tiingo
2006-12-27,4.63648,SSO,tiingo
2006-12-28,4.61795,SSO,tiingo
2006-12-29,4.57028,SSO,tiingo
2007-01-03,4.53851,SSO,tiingo
2007-01-04,4.56393,SSO,tiingo
2007-01-05,4.48714,SSO,tiingo
2007-01-08,4.52263,SSO,tiingo
2007-01-09,4.51838,SSO,tiingo
2007-01-10,4.53851,SSO,tiingo
2007-01-11,4.59306,SSO,tiingo
2007-01-12,4.64707,SSO,tiingo
2007-01-16,4.64016,SSO,tiingo
2007-01-17,4.63807,SSO,tiingo
2007-01-18,4.59941,SSO,tiingo
2007-01-19,4.62694,SSO,tiingo
2007-01-22,4.57716,SSO,tiingo
2007-01-23,4.60947,SSO,tiingo
2007-01-24,4.68149,SSO,tiingo
2007-01-25,4.58723,SSO,tiingo
2007-01-26,4.57558,SSO,tiingo
2007-01-29,4.56181,SSO,tiingo
2007-01-30,4.61001,SSO,tiingo
2007-01-31,4.66719,SSO,tiingo
2007-02-01,4.72173,SSO,tiingo
2007-02-02,4.73768,SSO,tiingo
2007-02-05,4.73128,SSO,tiingo
2007-02-06,4.73128,SSO,tiingo
2007-02-07,4.74769,SSO,tiingo
2007-02-08,4.73815,SSO,tiingo
2007-02-09,4.68202,SSO,tiingo
2007-02-12,4.64283,SSO,tiingo
2007-02-13,4.71327,SSO,tiingo
2007-02-14,4.78476,SSO,tiingo
2007-02-15,4.78476,SSO,tiingo
2007-02-16,4.7837,SSO,tiingo
2007-02-20,4.80648,SSO,tiingo
2007-02-21,4.79748,SSO,tiingo
2007-02-22,4.789,SSO,tiingo
2007-02-23,4.76304,SSO,tiingo
2007-02-26,4.75087,SSO,tiingo
2007-02-27,4.36957,SSO,tiingo
2007-02-28,4.45747,SSO,tiingo
2007-03-01,4.44213,SSO,tiingo
2007-03-02,4.31608,SSO,tiingo
2007-03-05,4.23081,SSO,tiingo
2007-03-06,4.37698,SSO,tiingo
2007-03-07,4.35792,SSO,tiingo
2007-03-08,4.41141,SSO,tiingo
2007-03-09,4.43577,SSO,tiingo
2007-03-12,4.45377,SSO,tiingo
2007-03-13,4.27213,SSO,tiingo
2007-03-14,4.33674,SSO,tiingo
2007-03-15,4.35685,SSO,tiingo
2007-03-16,4.3198,SSO,tiingo
2007-03-19,4.42571,SSO,tiingo
2007-03-20,4.47708,SSO,tiingo
2007-03-21,4.62483,SSO,tiingo
2007-03-22,4.62271,SSO,tiingo
2007-03-23,4.62377,SSO,tiingo
2007-03-26,4.62006,SSO,tiingo
2007-03-27,4.58723,SSO,tiingo
2007-03-28,4.51977,SSO,tiingo
2007-03-29,4.52774,SSO,tiingo
2007-03-30,4.53837,SSO,tiingo
2007-04-02,4.54899,SSO,tiingo
2007-04-03,4.63874,SSO,tiingo
2007-04-04,4.64459,SSO,tiingo
2007-04-05,4.67433,SSO,tiingo
2007-04-09,4.6876,SSO,tiingo
2007-04-10,4.69238,SSO,tiingo
2007-04-11,4.63981,SSO,tiingo
2007-04-12,4.70036,SSO,tiingo
2007-04-13,4.73434,SSO,tiingo
2007-04-16,4.82356,SSO,tiingo
2007-04-17,4.8464,SSO,tiingo
2007-04-18,4.84959,SSO,tiingo
2007-04-19,4.85278,SSO,tiingo
2007-04-20,4.9351,SSO,tiingo
2007-04-23,4.91067,SSO,tiingo
2007-04-24,4.9128,SSO,tiingo
2007-04-25,4.99777,SSO,tiingo
2007-04-26,5.0137,SSO,tiingo
2007-04-27,4.99671,SSO,tiingo
2007-04-30,4.92714,SSO,tiingo
2007-05-01,4.93936,SSO,tiingo
2007-05-02,4.99937,SSO,tiingo
2007-05-03,5.04451,SSO,tiingo
2007-05-04,5.0801,SSO,tiingo
2007-05-07,5.08328,SSO,tiingo
2007-05-08,5.07744,SSO,tiingo
2007-05-09,5.1109,SSO,tiingo
2007-05-10,4.99512,SSO,tiingo
2007-05-11,5.07319,SSO,tiingo
2007-05-14,5.0546,SSO,tiingo
2007-05-15,5.0408,SSO,tiingo
2007-05-16,5.12152,SSO,tiingo
2007-05-17,5.10877,SSO,tiingo
2007-05-18,5.18579,SSO,tiingo
2007-05-21,5.17835,SSO,tiingo
2007-05-22,5.18738,SSO,tiingo
2007-05-23,5.18154,SSO,tiingo
2007-05-24,5.07213,SSO,tiingo
2007-05-25,5.11197,SSO,tiingo
2007-05-29,5.15126,SSO,tiingo
2007-05-30,5.23624,SSO,tiingo
2007-05-31,5.23093,SSO,tiingo
2007-06-01,5.27183,SSO,tiingo
2007-06-04,5.27236,SSO,tiingo
2007-06-05,5.2304,SSO,tiingo
2007-06-06,5.11409,SSO,tiingo
2007-06-07,4.94095,SSO,tiingo
2007-06-08,5.05089,SSO,tiingo
2007-06-11,5.0801,SSO,tiingo
2007-06-12,4.95528,SSO,tiingo
2007-06-13,5.1093,SSO,tiingo
2007-06-14,5.16507,SSO,tiingo
2007-06-15,5.22297,SSO,tiingo
2007-06-18,5.21021,SSO,tiingo
2007-06-19,5.23306,SSO,tiingo
2007-06-20,5.1518,SSO,tiingo
2007-06-21,5.1502,SSO,tiingo
2007-06-22,5.05513,SSO,tiingo
2007-06-25,5.00415,SSO,tiingo
2007-06-26,4.91402,SSO,tiingo
2007-06-27,5.05092,SSO,tiingo
2007-06-28,5.03973,SSO,tiingo
2007-06-29,5.03387,SSO,tiingo
2007-07-02,5.13348,SSO,tiingo
2007-07-03,5.15958,SSO,tiingo
2007-07-05,5.14734,SSO,tiingo
2007-07-06,5.20167,SSO,tiingo
2007-07-09,5.20327,SSO,tiingo
2007-07-10,5.04506,SSO,tiingo
2007-07-11,5.13082,SSO,tiingo
2007-07-12,5.30341,SSO,tiingo
2007-07-13,5.33537,SSO,tiingo
2007-07-16,5.32631,SSO,tiingo
2007-07-17,5.31619,SSO,tiingo
2007-07-18,5.30128,SSO,tiingo
2007-07-19,5.33378,SSO,tiingo
2007-07-20,5.21978,SSO,tiingo
2007-07-23,5.25867,SSO,tiingo
2007-07-24,5.08341,SSO,tiingo
2007-07-25,5.09779,SSO,tiingo
2007-07-26,4.85542,SSO,tiingo
2007-07-27,4.6791,SSO,tiingo
2007-07-30,4.80481,SSO,tiingo
2007-07-31,4.67964,SSO,tiingo
2007-08-01,4.74249,SSO,tiingo
2007-08-02,4.80855,SSO,tiingo
2007-08-03,4.53848,SSO,tiingo
2007-08-06,4.71692,SSO,tiingo
2007-08-07,4.80481,SSO,tiingo
2007-08-08,4.94065,SSO,tiingo
2007-08-09,4.6578,SSO,tiingo
2007-08-10,4.59174,SSO,tiingo
2007-08-13,4.63755,SSO,tiingo
2007-08-14,4.4836,SSO,tiingo
2007-08-15,4.37228,SSO,tiingo
2007-08-16,4.41862,SSO,tiingo
2007-08-17,4.60453,SSO,tiingo
2007-08-20,4.58908,SSO,tiingo
2007-08-21,4.60666,SSO,tiingo
2007-08-22,4.70628,SSO,tiingo
2007-08-23,4.69721,SSO,tiingo
2007-08-24,4.80481,SSO,tiingo
2007-08-27,4.72225,SSO,tiingo
2007-08-28,4.52676,SSO,tiingo
2007-08-29,4.68869,SSO,tiingo
2007-08-30,4.66366,SSO,tiingo
2007-08-31,4.73131,SSO,tiingo
2007-09-04,4.85382,SSO,tiingo
2007-09-05,4.74622,SSO,tiingo
2007-09-06,4.79373,SSO,tiingo
2007-09-07,4.64981,SSO,tiingo
2007-09-10,4.61891,SSO,tiingo
2007-09-11,4.74622,SSO,tiingo
2007-09-12,4.76753,SSO,tiingo
2007-09-13,4.81866,SSO,tiingo
2007-09-14,4.82613,SSO,tiingo
2007-09-17,4.76433,SSO,tiingo
2007-09-18,5.04507,SSO,tiingo
2007-09-19,5.11218,SSO,tiingo
2007-09-20,5.04453,SSO,tiingo
2007-09-21,5.0605,SSO,tiingo
2007-09-24,5.04985,SSO,tiingo
2007-09-25,5.03355,SSO,tiingo
2007-09-26,5.07094,SSO,tiingo
2007-09-27,5.13235,SSO,tiingo
2007-09-28,5.09924,SSO,tiingo
2007-10-01,5.22528,SSO,tiingo
2007-10-02,5.21139,SSO,tiingo
2007-10-03,5.17454,SSO,tiingo
2007-10-04,5.1911,SSO,tiingo
2007-10-05,5.31607,SSO,tiingo
2007-10-08,5.26106,SSO,tiingo
2007-10-09,5.34651,SSO,tiingo
2007-10-10,5.32407,SSO,tiingo
2007-10-11,5.28457,SSO,tiingo
2007-10-12,5.33477,SSO,tiingo
2007-10-15,5.25198,SSO,tiingo
2007-10-16,5.1895,SSO,tiingo
2007-10-17,5.1991,SSO,tiingo
2007-10-18,5.16813,SSO,tiingo
2007-10-19,4.876,SSO,tiingo
2007-10-22,4.94543,SSO,tiingo
2007-10-23,4.99616,SSO,tiingo
2007-10-24,5.00418,SSO,tiingo
2007-10-25,5.02394,SSO,tiingo
2007-10-26,5.14143,SSO,tiingo
2007-10-29,5.16332,SSO,tiingo
2007-10-30,5.09123,SSO,tiingo
2007-10-31,5.20659,SSO,tiingo
2007-11-01,4.95772,SSO,tiingo
2007-11-02,4.96947,SSO,tiingo
2007-11-05,4.88295,SSO,tiingo
2007-11-06,5.02714,SSO,tiingo
2007-11-07,4.76065,SSO,tiingo
2007-11-08,4.69869,SSO,tiingo
2007-11-09,4.58013,SSO,tiingo
2007-11-12,4.50216,SSO,tiingo
2007-11-13,4.7585,SSO,tiingo
2007-11-14,4.7067,SSO,tiingo
2007-11-15,4.58708,SSO,tiingo
2007-11-16,4.58868,SSO,tiingo
2007-11-19,4.45409,SSO,tiingo
2007-11-20,4.50536,SSO,tiingo
2007-11-21,4.33553,SSO,tiingo
2007-11-23,4.46477,SSO,tiingo
2007-11-26,4.29388,SSO,tiingo
2007-11-27,4.39642,SSO,tiingo
2007-11-28,4.64796,SSO,tiingo
2007-11-29,4.66398,SSO,tiingo
2007-11-30,4.76384,SSO,tiingo
2007-12-03,4.68106,SSO,tiingo
2007-12-04,4.61431,SSO,tiingo
2007-12-05,4.75797,SSO,tiingo
2007-12-06,4.89096,SSO,tiingo
2007-12-07,4.90271,SSO,tiingo
2007-12-10,4.96252,SSO,tiingo
2007-12-11,4.69976,SSO,tiingo
2007-12-12,4.78254,SSO,tiingo
2007-12-13,4.78094,SSO,tiingo
2007-12-14,4.64208,SSO,tiingo
2007-12-17,4.49414,SSO,tiingo
2007-12-18,4.55129,SSO,tiingo
2007-12-19,4.55824,SSO,tiingo
2007-12-20,4.60038,SSO,tiingo
2007-12-21,4.75152,SSO,tiingo
2007-12-24,4.82681,SSO,tiingo
2007-12-26,4.82401,SSO,tiingo
2007-12-27,4.69854,SSO,tiingo
2007-12-28,4.68626,SSO,tiingo
2007-12-31,4.61768,SSO,tiingo
2008-01-02,4.52119,SSO,tiingo
2008-01-03,4.51951,SSO,tiingo
2008-01-04,4.30537,SSO,tiingo
2008-01-07,4.29422,SSO,tiingo
2008-01-08,4.14643,SSO,tiingo
2008-01-09,4.23956,SSO,tiingo
2008-01-10,4.30537,SSO,tiingo
2008-01-11,4.22505,SSO,tiingo
2008-01-14,4.29923,SSO,tiingo
2008-01-15,4.09679,SSO,tiingo
2008-01-16,4.04269,SSO,tiingo
2008-01-17,3.8185,SSO,tiingo
2008-01-18,3.74043,SSO,tiingo
2008-01-22,3.65956,SSO,tiingo
2008-01-23,3.84639,SSO,tiingo
2008-01-24,3.90383,SSO,tiingo
2008-01-25,3.77946,SSO,tiingo
2008-01-28,3.91777,SSO,tiingo
2008-01-29,3.94343,SSO,tiingo
2008-01-30,3.8938,SSO,tiingo
2008-01-31,4.02373,SSO,tiingo
2008-02-01,4.15367,SSO,tiingo
2008-02-04,4.05273,SSO,tiingo
2008-02-05,3.8369,SSO,tiingo
2008-02-06,3.7672,SSO,tiingo
2008-02-07,3.82408,SSO,tiingo
2008-02-08,3.76441,SSO,tiingo
2008-02-11,3.80344,SSO,tiingo
2008-02-12,3.8871,SSO,tiingo
2008-02-13,3.96016,SSO,tiingo
2008-02-14,3.87037,SSO,tiingo
2008-02-15,3.88654,SSO,tiingo
2008-02-19,3.92055,SSO,tiingo
2008-02-20,3.92502,SSO,tiingo
2008-02-21,3.85642,SSO,tiingo
2008-02-22,3.91497,SSO,tiingo
2008-02-25,4.00979,SSO,tiingo
2008-02-26,4.05719,SSO,tiingo
2008-02-27,4.05051,SSO,tiingo
2008-02-28,3.96462,SSO,tiingo
2008-02-29,3.80568,SSO,tiingo
2008-03-03,3.76496,SSO,tiingo
2008-03-04,3.74991,SSO,tiingo
2008-03-05,3.79731,SSO,tiingo
2008-03-06,3.63558,SSO,tiingo
2008-03-07,3.56866,SSO,tiingo
2008-03-10,3.46493,SSO,tiingo
2008-03-11,3.72481,SSO,tiingo
2008-03-12,3.65621,SSO,tiingo
2008-03-13,3.6696,SSO,tiingo
2008-03-14,3.55416,SSO,tiingo
2008-03-17,3.47608,SSO,tiingo
2008-03-18,3.76385,SSO,tiingo
2008-03-19,3.56978,SSO,tiingo
2008-03-20,3.70306,SSO,tiingo
2008-03-24,3.86144,SSO,tiingo
2008-03-25,3.86116,SSO,tiingo
2008-03-26,3.76224,SSO,tiingo
2008-03-27,3.73932,SSO,tiingo
2008-03-28,3.66721,SSO,tiingo
2008-03-31,3.68901,SSO,tiingo
2008-04-01,3.94333,SSO,tiingo
2008-04-02,3.9668,SSO,tiingo
2008-04-03,3.98692,SSO,tiingo
2008-04-04,3.97351,SSO,tiingo
2008-04-07,3.96848,SSO,tiingo
2008-04-08,3.96401,SSO,tiingo
2008-04-09,3.90197,SSO,tiingo
2008-04-10,3.92096,SSO,tiingo
2008-04-11,3.76838,SSO,tiingo
2008-04-14,3.73373,SSO,tiingo
2008-04-15,3.76781,SSO,tiingo
2008-04-16,3.95786,SSO,tiingo
2008-04-17,3.96177,SSO,tiingo
2008-04-18,4.05568,SSO,tiingo
2008-04-21,4.06238,SSO,tiingo
2008-04-22,4.02103,SSO,tiingo
2008-04-23,4.00704,SSO,tiingo
2008-04-24,4.03891,SSO,tiingo
2008-04-25,4.10989,SSO,tiingo
2008-04-28,4.11324,SSO,tiingo
2008-04-29,4.07635,SSO,tiingo
2008-04-30,4.03387,SSO,tiingo
2008-05-01,4.19596,SSO,tiingo
2008-05-02,4.21721,SSO,tiingo
2008-05-05,4.18815,SSO,tiingo
2008-05-06,4.2513,SSO,tiingo
2008-05-07,4.09704,SSO,tiingo
2008-05-08,4.08418,SSO,tiingo
2008-05-09,4.06238,SSO,tiingo
2008-05-12,4.16244,SSO,tiingo
2008-05-13,4.16467,SSO,tiingo
2008-05-14,4.18647,SSO,tiingo
2008-05-15,4.28092,SSO,tiingo
2008-05-16,4.29098,SSO,tiingo
2008-05-19,4.30384,SSO,tiingo
2008-05-20,4.23621,SSO,tiingo
2008-05-21,4.09145,SSO,tiingo
2008-05-22,4.09145,SSO,tiingo
2008-05-23,3.99028,SSO,tiingo
2008-05-27,4.03946,SSO,tiingo
2008-05-28,4.08698,SSO,tiingo
2008-05-29,4.12163,SSO,tiingo
2008-05-30,4.1289,SSO,tiingo
2008-06-02,4.04169,SSO,tiingo
2008-06-03,4.01319,SSO,tiingo
2008-06-04,3.9981,SSO,tiingo
2008-06-05,4.16244,SSO,tiingo
2008-06-06,3.89805,SSO,tiingo
2008-06-09,3.92208,SSO,tiingo
2008-06-10,3.87234,SSO,tiingo
2008-06-11,3.76167,SSO,tiingo
2008-06-12,3.78961,SSO,tiingo
2008-06-13,3.88353,SSO,tiingo
2008-06-16,3.88967,SSO,tiingo
2008-06-17,3.84551,SSO,tiingo
2008-06-18,3.76055,SSO,tiingo
2008-06-19,3.77899,SSO,tiingo
2008-06-20,3.65211,SSO,tiingo
2008-06-23,3.64038,SSO,tiingo
2008-06-24,3.63278,SSO,tiingo
2008-06-25,3.66755,SSO,tiingo
2008-06-26,3.45893,SSO,tiingo
2008-06-27,3.42697,SSO,tiingo
2008-06-30,3.45669,SSO,tiingo
2008-07-01,3.47127,SSO,tiingo
2008-07-02,3.34566,SSO,tiingo
2008-07-03,3.35463,SSO,tiingo
2008-07-07,3.28453,SSO,tiingo
2008-07-08,3.40398,SSO,tiingo
2008-07-09,3.26827,SSO,tiingo
2008-07-10,3.312,SSO,tiingo
2008-07-11,3.23125,SSO,tiingo
2008-07-14,3.16116,SSO,tiingo
2008-07-15,3.07648,SSO,tiingo
2008-07-16,3.25817,SSO,tiingo
2008-07-17,3.28733,SSO,tiingo
2008-07-18,3.32939,SSO,tiingo
2008-07-21,3.34566,SSO,tiingo
2008-07-22,3.41519,SSO,tiingo
2008-07-23,3.44547,SSO,tiingo
2008-07-24,3.29069,SSO,tiingo
2008-07-25,3.30304,SSO,tiingo
2008-07-28,3.1976,SSO,tiingo
2008-07-29,3.3378,SSO,tiingo
2008-07-30,3.4595,SSO,tiingo
2008-07-31,3.36865,SSO,tiingo
2008-08-01,3.33332,SSO,tiingo
2008-08-04,3.27444,SSO,tiingo
2008-08-05,3.44267,SSO,tiingo
2008-08-06,3.46902,SSO,tiingo
2008-08-07,3.36977,SSO,tiingo
2008-08-08,3.49707,SSO,tiingo
2008-08-11,3.5638,SSO,tiingo
2008-08-12,3.4881,SSO,tiingo
2008-08-13,3.45613,SSO,tiingo
2008-08-14,3.50099,SSO,tiingo
2008-08-15,3.53239,SSO,tiingo
2008-08-18,3.43595,SSO,tiingo
2008-08-19,3.36641,SSO,tiingo
2008-08-20,3.395,SSO,tiingo
2008-08-21,3.4079,SSO,tiingo
2008-08-22,3.49146,SSO,tiingo
2008-08-25,3.35519,SSO,tiingo
2008-08-26,3.3793,SSO,tiingo
2008-08-27,3.43987,SSO,tiingo
2008-08-28,3.52287,SSO,tiingo
2008-08-29,3.44435,SSO,tiingo
2008-09-02,3.40902,SSO,tiingo
2008-09-03,3.40117,SSO,tiingo
2008-09-04,3.1976,SSO,tiingo
2008-09-05,3.21892,SSO,tiingo
2008-09-08,3.34789,SSO,tiingo
2008-09-09,3.1404,SSO,tiingo
2008-09-10,3.16956,SSO,tiingo
2008-09-11,3.25986,SSO,tiingo
2008-09-12,3.29014,SSO,tiingo
2008-09-15,2.97498,SSO,tiingo
2008-09-16,3.08714,SSO,tiingo
2008-09-17,2.80393,SSO,tiingo
2008-09-18,2.98899,SSO,tiingo
2008-09-19,3.19649,SSO,tiingo
2008-09-22,3.04227,SSO,tiingo
2008-09-23,2.90768,SSO,tiingo
2008-09-24,2.92074,SSO,tiingo
2008-09-25,3.01688,SSO,tiingo
2008-09-26,3.02531,SSO,tiingo
2008-09-29,2.59746,SSO,tiingo
2008-09-30,2.75489,SSO,tiingo
2008-10-01,2.77625,SSO,tiingo
2008-10-02,2.56035,SSO,tiingo
2008-10-03,2.47939,SSO,tiingo
2008-10-06,2.25169,SSO,tiingo
2008-10-07,2.03243,SSO,tiingo
2008-10-08,1.94248,SSO,tiingo
2008-10-09,1.66979,SSO,tiingo
2008-10-10,1.63045,SSO,tiingo
2008-10-13,1.99589,SSO,tiingo
2008-10-14,1.96833,SSO,tiingo
2008-10-15,1.63156,SSO,tiingo
2008-10-16,1.73839,SSO,tiingo
2008-10-17,1.73727,SSO,tiingo
2008-10-20,1.89018,SSO,tiingo
2008-10-21,1.78225,SSO,tiingo
2008-10-22,1.60401,SSO,tiingo
2008-10-23,1.60571,SSO,tiingo
2008-10-24,1.48988,SSO,tiingo
2008-10-27,1.39037,SSO,tiingo
2008-10-28,1.69791,SSO,tiingo
2008-10-29,1.65631,SSO,tiingo
2008-10-30,1.73389,SSO,tiingo
2008-10-31,1.80135,SSO,tiingo
2008-11-03,1.82609,SSO,tiingo
2008-11-04,1.92562,SSO,tiingo
2008-11-05,1.74627,SSO,tiingo
2008-11-06,1.57984,SSO,tiingo
2008-11-07,1.66417,SSO,tiingo
2008-11-10,1.59446,SSO,tiingo
2008-11-11,1.54554,SSO,tiingo
2008-11-12,1.39656,SSO,tiingo
2008-11-13,1.57984,SSO,tiingo
2008-11-14,1.42973,SSO,tiingo
2008-11-17,1.37463,SSO,tiingo
2008-11-18,1.38475,SSO,tiingo
2008-11-19,1.247,SSO,tiingo
2008-11-20,1.06878,SSO,tiingo
2008-11-21,1.19247,SSO,tiingo
2008-11-24,1.32965,SSO,tiingo
2008-11-25,1.37014,SSO,tiingo
2008-11-26,1.46234,SSO,tiingo
2008-11-28,1.49551,SSO,tiingo
2008-12-01,1.23689,SSO,tiingo
2008-12-02,1.32403,SSO,tiingo
2008-12-03,1.39599,SSO,tiingo
2008-12-04,1.31672,SSO,tiingo
2008-12-05,1.41005,SSO,tiingo
2008-12-08,1.50957,SSO,tiingo
2008-12-09,1.4539,SSO,tiingo
2008-12-10,1.48196,SSO,tiingo
2008-12-11,1.40556,SSO,tiingo
2008-12-12,1.42017,SSO,tiingo
2008-12-15,1.38757,SSO,tiingo
2008-12-16,1.52519,SSO,tiingo
2008-12-17,1.49776,SSO,tiingo
2008-12-18,1.44209,SSO,tiingo
2008-12-19,1.43198,SSO,tiingo
2008-12-22,1.38599,SSO,tiingo
2008-12-23,1.36222,SSO,tiingo
2008-12-24,1.37518,SSO,tiingo
2008-12-26,1.39039,SSO,tiingo
2008-12-29,1.38589,SSO,tiingo
2008-12-30,1.44168,SSO,tiingo
2008-12-31,1.48056,SSO,tiingo
2009-01-02,1.57187,SSO,tiingo
2009-01-05,1.57018,SSO,tiingo
2009-01-06,1.59555,SSO,tiingo
2009-01-07,1.50424,SSO,tiingo
2009-01-08,1.51438,SSO,tiingo
2009-01-09,1.44676,SSO,tiingo
2009-01-12,1.38138,SSO,tiingo
2009-01-13,1.3825,SSO,tiingo
2009-01-14,1.29628,SSO,tiingo
2009-01-15,1.29909,SSO,tiingo
2009-01-16,1.316,SSO,tiingo
2009-01-20,1.17792,SSO,tiingo
2009-01-21,1.27824,SSO,tiingo
2009-01-22,1.24103,SSO,tiingo
2009-01-23,1.25168,SSO,tiingo
2009-01-26,1.26414,SSO,tiingo
2009-01-27,1.29176,SSO,tiingo
2009-01-28,1.37912,SSO,tiingo
2009-01-29,1.29458,SSO,tiingo
2009-01-30,1.23653,SSO,tiingo
2009-02-02,1.23371,SSO,tiingo
2009-02-03,1.26753,SSO,tiingo
2009-02-04,1.2557,SSO,tiingo
2009-02-05,1.28838,SSO,tiingo
2009-02-06,1.36165,SSO,tiingo
2009-02-09,1.36729,SSO,tiingo
2009-02-10,1.24216,SSO,tiingo
2009-02-11,1.26077,SSO,tiingo
2009-02-12,1.26301,SSO,tiingo
2009-02-13,1.23089,SSO,tiingo
2009-02-17,1.1255,SSO,tiingo
2009-02-18,1.11875,SSO,tiingo
2009-02-19,1.09676,SSO,tiingo
2009-02-20,1.07252,SSO,tiingo
2009-02-23,0.997563,SSO,tiingo
2009-02-24,1.07309,SSO,tiingo
2009-02-25,1.05392,SSO,tiingo
2009-02-26,1.02186,SSO,tiingo
2009-02-27,0.975698,SSO,tiingo
2009-03-02,0.887664,SSO,tiingo
2009-03-03,0.869629,SSO,tiingo
2009-03-04,0.912519,SSO,tiingo
2009-03-05,0.839195,SSO,tiingo
2009-03-06,0.837504,SSO,tiingo
2009-03-09,0.819469,SSO,tiingo
2009-03-10,0.919225,SSO,tiingo
2009-03-11,0.928243,SSO,tiingo
2009-03-12,1.00263,SSO,tiingo
2009-03-13,1.01898,SSO,tiingo
2009-03-16,1.01504,SSO,tiingo
2009-03-17,1.07591,SSO,tiingo
2009-03-18,1.12099,SSO,tiingo
2009-03-19,1.0945,SSO,tiingo
2009-03-20,1.04936,SSO,tiingo
2009-03-23,1.19933,SSO,tiingo
2009-03-24,1.15692,SSO,tiingo
2009-03-25,1.1728,SSO,tiingo
2009-03-26,1.22492,SSO,tiingo
2009-03-27,1.17965,SSO,tiingo
2009-03-30,1.09812,SSO,tiingo
2009-03-31,1.11784,SSO,tiingo
2009-04-01,1.16089,SSO,tiingo
2009-04-02,1.22717,SSO,tiingo
2009-04-03,1.25324,SSO,tiingo
2009-04-06,1.23511,SSO,tiingo
2009-04-07,1.17676,SSO,tiingo
2009-04-08,1.20282,SSO,tiingo
2009-04-09,1.29743,SSO,tiingo
2009-04-13,1.30367,SSO,tiingo
2009-04-14,1.25664,SSO,tiingo
2009-04-15,1.28213,SSO,tiingo
2009-04-16,1.3218,SSO,tiingo
2009-04-17,1.33482,SSO,tiingo
2009-04-20,1.22264,SSO,tiingo
2009-04-21,1.27137,SSO,tiingo
2009-04-22,1.25664,SSO,tiingo
2009-04-23,1.27931,SSO,tiingo
2009-04-24,1.31896,SSO,tiingo
2009-04-27,1.29346,SSO,tiingo
2009-04-28,1.28497,SSO,tiingo
2009-04-29,1.33993,SSO,tiingo
2009-04-30,1.34503,SSO,tiingo
2009-05-01,1.35806,SSO,tiingo
2009-05-04,1.4487,SSO,tiingo
2009-05-05,1.43624,SSO,tiingo
2009-05-06,1.48496,SSO,tiingo
2009-05-07,1.44984,SSO,tiingo
2009-05-08,1.51443,SSO,tiingo
2009-05-11,1.45778,SSO,tiingo
2009-05-12,1.44417,SSO,tiingo
2009-05-13,1.37845,SSO,tiingo
2009-05-14,1.39772,SSO,tiingo
2009-05-15,1.37392,SSO,tiingo
2009-05-18,1.45493,SSO,tiingo
2009-05-19,1.44927,SSO,tiingo
2009-05-20,1.43114,SSO,tiingo
2009-05-21,1.38753,SSO,tiingo
2009-05-22,1.38298,SSO,tiingo
2009-05-26,1.45607,SSO,tiingo
2009-05-27,1.40225,SSO,tiingo
2009-05-28,1.44078,SSO,tiingo
2009-05-29,1.49573,SSO,tiingo
2009-06-01,1.56372,SSO,tiingo
2009-06-02,1.57051,SSO,tiingo
2009-06-03,1.52683,SSO,tiingo
2009-06-04,1.55523,SSO,tiingo
2009-06-05,1.55692,SSO,tiingo
2009-06-08,1.54446,SSO,tiingo
2009-06-09,1.55635,SSO,tiingo
2009-06-10,1.55125,SSO,tiingo
2009-06-11,1.56486,SSO,tiingo
2009-06-12,1.57505,SSO,tiingo
2009-06-15,1.498,SSO,tiingo
2009-06-16,1.46117,SSO,tiingo
2009-06-17,1.45381,SSO,tiingo
2009-06-18,1.47533,SSO,tiingo
2009-06-19,1.4861,SSO,tiingo
2009-06-22,1.39715,SSO,tiingo
2009-06-23,1.40225,SSO,tiingo
2009-06-24,1.4224,SSO,tiingo
2009-06-25,1.48607,SSO,tiingo
2009-06-26,1.47924,SSO,tiingo
2009-06-29,1.50719,SSO,tiingo
2009-06-30,1.48607,SSO,tiingo
2009-07-01,1.49347,SSO,tiingo
2009-07-02,1.41329,SSO,tiingo
2009-07-06,1.41386,SSO,tiingo
2009-07-07,1.35759,SSO,tiingo
2009-07-08,1.35589,SSO,tiingo
2009-07-09,1.3644,SSO,tiingo
2009-07-10,1.3536,SSO,tiingo
2009-07-13,1.42126,SSO,tiingo
2009-07-14,1.43775,SSO,tiingo
2009-07-15,1.51848,SSO,tiingo
2009-07-16,1.54576,SSO,tiingo
2009-07-17,1.54804,SSO,tiingo
2009-07-20,1.57874,SSO,tiingo
2009-07-21,1.59466,SSO,tiingo
2009-07-22,1.59409,SSO,tiingo
2009-07-23,1.66344,SSO,tiingo
2009-07-24,1.68164,SSO,tiingo
2009-07-27,1.69016,SSO,tiingo
2009-07-28,1.6805,SSO,tiingo
2009-07-29,1.66407,SSO,tiingo
2009-07-30,1.69869,SSO,tiingo
2009-07-31,1.70097,SSO,tiingo
2009-08-03,1.75894,SSO,tiingo
2009-08-04,1.76918,SSO,tiingo
2009-08-05,1.75957,SSO,tiingo
2009-08-06,1.7419,SSO,tiingo
2009-08-07,1.7851,SSO,tiingo
2009-08-10,1.77657,SSO,tiingo
2009-08-11,1.73172,SSO,tiingo
2009-08-12,1.76976,SSO,tiingo
2009-08-13,1.79824,SSO,tiingo
2009-08-14,1.7726,SSO,tiingo
2009-08-17,1.6805,SSO,tiingo
2009-08-18,1.71177,SSO,tiingo
2009-08-19,1.74138,SSO,tiingo
2009-08-20,1.77771,SSO,tiingo
2009-08-21,1.84196,SSO,tiingo
2009-08-24,1.8465,SSO,tiingo
2009-08-25,1.85162,SSO,tiingo
2009-08-26,1.85219,SSO,tiingo
2009-08-27,1.86242,SSO,tiingo
2009-08-28,1.85559,SSO,tiingo
2009-08-31,1.82672,SSO,tiingo
2009-09-01,1.74531,SSO,tiingo
2009-09-02,1.73224,SSO,tiingo
2009-09-03,1.76009,SSO,tiingo
2009-09-04,1.81012,SSO,tiingo
2009-09-08,1.84139,SSO,tiingo
2009-09-09,1.87038,SSO,tiingo
2009-09-10,1.90619,SSO,tiingo
2009-09-11,1.90676,SSO,tiingo
2009-09-14,1.92894,SSO,tiingo
2009-09-15,1.94031,SSO,tiingo
2009-09-16,1.99943,SSO,tiingo
2009-09-17,1.99545,SSO,tiingo
2009-09-18,1.99772,SSO,tiingo
2009-09-21,1.98977,SSO,tiingo
2009-09-22,2.01023,SSO,tiingo
2009-09-23,1.97328,SSO,tiingo
2009-09-24,1.93349,SSO,tiingo
2009-09-25,1.91526,SSO,tiingo
2009-09-28,1.97966,SSO,tiingo
2009-09-29,1.96826,SSO,tiingo
2009-09-30,1.95629,SSO,tiingo
2009-10-01,1.85864,SSO,tiingo
2009-10-02,1.84173,SSO,tiingo
2009-10-05,1.8936,SSO,tiingo
2009-10-06,1.94832,SSO,tiingo
2009-10-07,1.96029,SSO,tiingo
2009-10-08,1.99108,SSO,tiingo
2009-10-09,2.01215,SSO,tiingo
2009-10-12,2.03097,SSO,tiingo
2009-10-13,2.02356,SSO,tiingo
2009-10-14,2.09082,SSO,tiingo
2009-10-15,2.10336,SSO,tiingo
2009-10-16,2.07372,SSO,tiingo
2009-10-19,2.10849,SSO,tiingo
2009-10-20,2.08797,SSO,tiingo
2009-10-21,2.04864,SSO,tiingo
2009-10-22,2.0874,SSO,tiingo
2009-10-23,2.04465,SSO,tiingo
2009-10-26,1.9979,SSO,tiingo
2009-10-27,1.9791,SSO,tiingo
2009-10-28,1.90613,SSO,tiingo
2009-10-29,1.9848,SSO,tiingo
2009-10-30,1.8725,SSO,tiingo
2009-11-02,1.89873,SSO,tiingo
2009-11-03,1.90841,SSO,tiingo
2009-11-04,1.91696,SSO,tiingo
2009-11-05,1.98936,SSO,tiingo
2009-11-06,2.00076,SSO,tiingo
2009-11-09,2.09254,SSO,tiingo
2009-11-10,2.09254,SSO,tiingo
2009-11-11,2.11362,SSO,tiingo
2009-11-12,2.07087,SSO,tiingo
2009-11-13,2.09366,SSO,tiingo
2009-11-16,2.15408,SSO,tiingo
2009-11-17,2.15865,SSO,tiingo
2009-11-18,2.15752,SSO,tiingo
2009-11-19,2.10051,SSO,tiingo
2009-11-20,2.0874,SSO,tiingo
2009-11-23,2.14155,SSO,tiingo
2009-11-24,2.14384,SSO,tiingo
2009-11-25,2.15865,SSO,tiingo
2009-11-27,2.08968,SSO,tiingo
2009-11-30,2.10336,SSO,tiingo
2009-12-01,2.15124,SSO,tiingo
2009-12-02,2.15466,SSO,tiingo
2009-12-03,2.12046,SSO,tiingo
2009-12-04,2.14326,SSO,tiingo
2009-12-07,2.13528,SSO,tiingo
2009-12-08,2.09082,SSO,tiingo
2009-12-09,2.10393,SSO,tiingo
2009-12-10,2.12788,SSO,tiingo
2009-12-11,2.14782,SSO,tiingo
2009-12-14,2.17575,SSO,tiingo
2009-12-15,2.15523,SSO,tiingo
2009-12-16,2.16265,SSO,tiingo
2009-12-17,2.11078,SSO,tiingo
2009-12-18,2.13358,SSO,tiingo
2009-12-21,2.17405,SSO,tiingo
2009-12-22,2.19114,SSO,tiingo
2009-12-23,2.20135,SSO,tiingo
2009-12-24,2.22529,SSO,tiingo
2009-12-28,2.23156,SSO,tiingo
2009-12-29,2.22701,SSO,tiingo
2009-12-30,2.2213,SSO,tiingo
2009-12-31,2.1802,SSO,tiingo
2010-01-04,2.25039,SSO,tiingo
2010-01-05,2.26522,SSO,tiingo
2010-01-06,2.26691,SSO,tiingo
2010-01-07,2.28574,SSO,tiingo
2010-01-08,2.3017,SSO,tiingo
2010-01-11,2.30911,SSO,tiingo
2010-01-12,2.26578,SSO,tiingo
2010-01-13,2.30226,SSO,tiingo
2010-01-14,2.31538,SSO,tiingo
2010-01-15,2.26464,SSO,tiingo
2010-01-19,2.32051,SSO,tiingo
2010-01-20,2.27204,SSO,tiingo
2010-01-21,2.18538,SSO,tiingo
2010-01-22,2.09017,SSO,tiingo
2010-01-25,2.10791,SSO,tiingo
2010-01-26,2.09074,SSO,tiingo
2010-01-27,2.1107,SSO,tiingo
2010-01-28,2.06224,SSO,tiingo
2010-01-29,2.01662,SSO,tiingo
2010-02-01,2.0782,SSO,tiingo
2010-02-02,2.12951,SSO,tiingo
2010-02-03,2.10899,SSO,tiingo
2010-02-04,1.98013,SSO,tiingo
2010-02-05,1.9904,SSO,tiingo
2010-02-08,1.95847,SSO,tiingo
2010-02-09,2.00636,SSO,tiingo
2010-02-10,1.99786,SSO,tiingo
2010-02-11,2.03886,SSO,tiingo
2010-02-12,2.03601,SSO,tiingo
2010-02-16,2.10043,SSO,tiingo
2010-02-17,2.12039,SSO,tiingo
2010-02-18,2.14605,SSO,tiingo
2010-02-19,2.15746,SSO,tiingo
2010-02-22,2.15517,SSO,tiingo
2010-02-23,2.10443,SSO,tiingo
2010-02-24,2.14035,SSO,tiingo
2010-02-25,2.13675,SSO,tiingo
2010-02-26,2.13989,SSO,tiingo
2010-03-01,2.18253,SSO,tiingo
2010-03-02,2.19338,SSO,tiingo
2010-03-03,2.19851,SSO,tiingo
2010-03-04,2.21047,SSO,tiingo
2010-03-05,2.27544,SSO,tiingo
2010-03-08,2.27604,SSO,tiingo
2010-03-09,2.28289,SSO,tiingo
2010-03-10,2.30283,SSO,tiingo
2010-03-11,2.32279,SSO,tiingo
2010-03-12,2.32279,SSO,tiingo
2010-03-15,2.32451,SSO,tiingo
2010-03-16,2.36156,SSO,tiingo
2010-03-17,2.3895,SSO,tiingo
2010-03-18,2.38722,SSO,tiingo
2010-03-19,2.36327,SSO,tiingo
2010-03-22,2.38722,SSO,tiingo
2010-03-23,2.41231,SSO,tiingo
2010-03-24,2.39891,SSO,tiingo
2010-03-25,2.38861,SSO,tiingo
2010-03-26,2.39091,SSO,tiingo
2010-03-29,2.41609,SSO,tiingo
2010-03-30,2.42067,SSO,tiingo
2010-03-31,2.40464,SSO,tiingo
2010-04-01,2.4367,SSO,tiingo
2010-04-05,2.47619,SSO,tiingo
2010-04-06,2.48821,SSO,tiingo
2010-04-07,2.46131,SSO,tiingo
2010-04-08,2.47619,SSO,tiingo
2010-04-09,2.50882,SSO,tiingo
2010-04-12,2.51797,SSO,tiingo
2010-04-13,2.52198,SSO,tiingo
2010-04-14,2.57736,SSO,tiingo
2010-04-15,2.58265,SSO,tiingo
2010-04-16,2.50195,SSO,tiingo
2010-04-19,2.51969,SSO,tiingo
2010-04-20,2.56262,SSO,tiingo
2010-04-21,2.55289,SSO,tiingo
2010-04-22,2.56835,SSO,tiingo
2010-04-23,2.60041,SSO,tiingo
2010-04-26,2.58209,SSO,tiingo
2010-04-27,2.46131,SSO,tiingo
2010-04-28,2.49565,SSO,tiingo
2010-04-29,2.5569,SSO,tiingo
2010-04-30,2.47218,SSO,tiingo
2010-05-03,2.53916,SSO,tiingo
2010-05-04,2.41781,SSO,tiingo
2010-05-05,2.38632,SSO,tiingo
2010-05-06,2.22633,SSO,tiingo
2010-05-07,2.16252,SSO,tiingo
2010-05-10,2.35255,SSO,tiingo
2010-05-11,2.33824,SSO,tiingo
2010-05-12,2.40464,SSO,tiingo
2010-05-13,2.34511,SSO,tiingo
2010-05-14,2.26102,SSO,tiingo
2010-05-17,2.26268,SSO,tiingo
2010-05-18,2.20132,SSO,tiingo
2010-05-19,2.17682,SSO,tiingo
2010-05-20,2.01026,SSO,tiingo
2010-05-21,2.06921,SSO,tiingo
2010-05-24,2.01598,SSO,tiingo
2010-05-25,2.02057,SSO,tiingo
2010-05-26,1.99366,SSO,tiingo
2010-05-27,2.12931,SSO,tiingo
2010-05-28,2.07437,SSO,tiingo
2010-06-01,2.00453,SSO,tiingo
2010-06-02,2.10757,SSO,tiingo
2010-06-03,2.12703,SSO,tiingo
2010-06-04,1.97878,SSO,tiingo
2010-06-07,1.9244,SSO,tiingo
2010-06-08,1.96447,SSO,tiingo
2010-06-09,1.94443,SSO,tiingo
2010-06-10,2.06006,SSO,tiingo
2010-06-11,2.07894,SSO,tiingo
2010-06-14,2.07494,SSO,tiingo
2010-06-15,2.16767,SSO,tiingo
2010-06-16,2.16537,SSO,tiingo
2010-06-17,2.17167,SSO,tiingo
2010-06-18,2.17568,SSO,tiingo
2010-06-21,2.16367,SSO,tiingo
2010-06-22,2.09273,SSO,tiingo
2010-06-23,2.07838,SSO,tiingo
2010-06-24,2.01069,SSO,tiingo
2010-06-25,2.02847,SSO,tiingo
2010-06-28,2.01298,SSO,tiingo
2010-06-29,1.89078,SSO,tiingo
2010-06-30,1.84766,SSO,tiingo
2010-07-01,1.83973,SSO,tiingo
2010-07-02,1.81622,SSO,tiingo
2010-07-06,1.83973,SSO,tiingo
2010-07-07,1.95561,SSO,tiingo
2010-07-08,1.99347,SSO,tiingo
2010-07-09,2.02273,SSO,tiingo
2010-07-12,2.02731,SSO,tiingo
2010-07-13,2.08928,SSO,tiingo
2010-07-14,2.08756,SSO,tiingo
2010-07-15,2.08928,SSO,tiingo
2010-07-16,1.97225,SSO,tiingo
2010-07-19,1.99692,SSO,tiingo
2010-07-20,2.03936,SSO,tiingo
2010-07-21,1.98831,SSO,tiingo
2010-07-22,2.07608,SSO,tiingo
2010-07-23,2.11107,SSO,tiingo
2010-07-26,2.15926,SSO,tiingo
2010-07-27,2.15467,SSO,tiingo
2010-07-28,2.12772,SSO,tiingo
2010-07-29,2.10649,SSO,tiingo
2010-07-30,2.1077,SSO,tiingo
2010-08-02,2.2,SSO,tiingo
2010-08-03,2.17991,SSO,tiingo
2010-08-04,2.20866,SSO,tiingo
2010-08-05,2.20459,SSO,tiingo
2010-08-06,2.18565,SSO,tiingo
2010-08-09,2.20918,SSO,tiingo
2010-08-10,2.18617,SSO,tiingo
2010-08-11,2.06576,SSO,tiingo
2010-08-12,2.03994,SSO,tiingo
2010-08-13,2.02676,SSO,tiingo
2010-08-16,2.02676,SSO,tiingo
2010-08-17,2.07379,SSO,tiingo
2010-08-18,2.08354,SSO,tiingo
2010-08-19,2.01184,SSO,tiingo
2010-08-20,1.99748,SSO,tiingo
2010-08-23,1.98315,SSO,tiingo
2010-08-24,1.92349,SSO,tiingo
2010-08-25,1.93668,SSO,tiingo
2010-08-26,1.9103,SSO,tiingo
2010-08-27,1.97053,SSO,tiingo
2010-08-30,1.91431,SSO,tiingo
2010-08-31,1.91259,SSO,tiingo
2010-09-01,2.02789,SSO,tiingo
2010-09-02,2.06518,SSO,tiingo
2010-09-03,2.11968,SSO,tiingo
2010-09-07,2.07265,SSO,tiingo
2010-09-08,2.0996,SSO,tiingo
2010-09-09,2.12026,SSO,tiingo
2010-09-10,2.14263,SSO,tiingo
2010-09-13,2.18966,SSO,tiingo
2010-09-14,2.18565,SSO,tiingo
2010-09-15,2.20229,SSO,tiingo
2010-09-16,2.20056,SSO,tiingo
2010-09-17,2.20516,SSO,tiingo
2010-09-20,2.26999,SSO,tiingo
2010-09-21,2.26128,SSO,tiingo
2010-09-22,2.24115,SSO,tiingo
2010-09-23,2.20202,SSO,tiingo
2010-09-24,2.2912,SSO,tiingo
2010-09-27,2.27164,SSO,tiingo
2010-09-28,2.28833,SSO,tiingo
2010-09-29,2.2774,SSO,tiingo
2010-09-30,2.26532,SSO,tiingo
2010-10-01,2.28373,SSO,tiingo
2010-10-04,2.24862,SSO,tiingo
2010-10-05,2.34012,SSO,tiingo
2010-10-06,2.34069,SSO,tiingo
2010-10-07,2.33494,SSO,tiingo
2010-10-08,2.35968,SSO,tiingo
2010-10-11,2.36486,SSO,tiingo
2010-10-12,2.37924,SSO,tiingo
2010-10-13,2.41492,SSO,tiingo
2010-10-14,2.39995,SSO,tiingo
2010-10-15,2.40692,SSO,tiingo
2010-10-18,2.43218,SSO,tiingo
2010-10-19,2.36428,SSO,tiingo
2010-10-20,2.41204,SSO,tiingo
2010-10-21,2.42182,SSO,tiingo
2010-10-22,2.43276,SSO,tiingo
2010-10-25,2.44426,SSO,tiingo
2010-10-26,2.44541,SSO,tiingo
2010-10-27,2.43218,SSO,tiingo
2010-10-28,2.43563,SSO,tiingo
2010-10-29,2.43678,SSO,tiingo
2010-11-01,2.43851,SSO,tiingo
2010-11-02,2.47648,SSO,tiingo
2010-11-03,2.49835,SSO,tiingo
2010-11-04,2.59271,SSO,tiingo
2010-11-05,2.61342,SSO,tiingo
2010-11-08,2.6048,SSO,tiingo
2010-11-09,2.56508,SSO,tiingo
2010-11-10,2.5858,SSO,tiingo
2010-11-11,2.56566,SSO,tiingo
2010-11-12,2.50474,SSO,tiingo
2010-11-15,2.4972,SSO,tiingo
2010-11-16,2.41894,SSO,tiingo
2010-11-17,2.41952,SSO,tiingo
2010-11-18,2.49431,SSO,tiingo
2010-11-19,2.5064,SSO,tiingo
2010-11-22,2.50295,SSO,tiingo
2010-11-23,2.43045,SSO,tiingo
2010-11-24,2.5018,SSO,tiingo
2010-11-26,2.44772,SSO,tiingo
2010-11-29,2.45922,SSO,tiingo
2010-11-30,2.42701,SSO,tiingo
2010-12-01,2.5323,SSO,tiingo
2010-12-02,2.59847,SSO,tiingo
2010-12-03,2.61112,SSO,tiingo
2010-12-06,2.60544,SSO,tiingo
2010-12-07,2.6094,SSO,tiingo
2010-12-08,2.63012,SSO,tiingo
2010-12-09,2.64852,SSO,tiingo
2010-12-10,2.68133,SSO,tiingo
2010-12-13,2.68247,SSO,tiingo
2010-12-14,2.68765,SSO,tiingo
2010-12-15,2.66464,SSO,tiingo
2010-12-16,2.69225,SSO,tiingo
2010-12-17,2.69974,SSO,tiingo
2010-12-20,2.71067,SSO,tiingo
2010-12-21,2.74461,SSO,tiingo
2010-12-22,2.76245,SSO,tiingo
2010-12-23,2.75613,SSO,tiingo
2010-12-27,2.75948,SSO,tiingo
2010-12-28,2.76477,SSO,tiingo
2010-12-29,2.76879,SSO,tiingo
2010-12-30,2.76189,SSO,tiingo
2010-12-31,2.76535,SSO,tiingo
2011-01-03,2.8183,SSO,tiingo
2011-01-04,2.81441,SSO,tiingo
2011-01-05,2.84362,SSO,tiingo
2011-01-06,2.83326,SSO,tiingo
2011-01-07,2.82232,SSO,tiingo
2011-01-10,2.81484,SSO,tiingo
2011-01-11,2.83383,SSO,tiingo
2011-01-12,2.88621,SSO,tiingo
2011-01-13,2.87987,SSO,tiingo
2011-01-14,2.91671,SSO,tiingo
2011-01-18,2.92822,SSO,tiingo
2011-01-19,2.87008,SSO,tiingo
2011-01-20,2.86318,SSO,tiingo
2011-01-21,2.87469,SSO,tiingo
2011-01-24,2.91037,SSO,tiingo
2011-01-25,2.90923,SSO,tiingo
2011-01-26,2.93167,SSO,tiingo
2011-01-27,2.94836,SSO,tiingo
2011-01-28,2.84477,SSO,tiingo
2011-01-31,2.88505,SSO,tiingo
2011-02-01,2.98002,SSO,tiingo
2011-02-02,2.96677,SSO,tiingo
2011-02-03,2.98059,SSO,tiingo
2011-02-04,2.99843,SSO,tiingo
2011-02-07,3.03584,SSO,tiingo
2011-02-08,3.06346,SSO,tiingo
2011-02-09,3.04735,SSO,tiingo
2011-02-10,3.05138,SSO,tiingo
2011-02-11,3.08706,SSO,tiingo
2011-02-14,3.10145,SSO,tiingo
2011-02-15,3.08475,SSO,tiingo
2011-02-16,3.11929,SSO,tiingo
2011-02-17,3.14,SSO,tiingo
2011-02-18,3.15267,SSO,tiingo
2011-02-22,3.02663,SSO,tiingo
2011-02-23,2.98692,SSO,tiingo
2011-02-24,2.98519,SSO,tiingo
2011-02-25,3.04735,SSO,tiingo
2011-02-28,3.08533,SSO,tiingo
2011-03-01,2.98116,SSO,tiingo
2011-03-02,2.99383,SSO,tiingo
2011-03-03,3.09626,SSO,tiingo
2011-03-04,3.05196,SSO,tiingo
2011-03-07,3.00245,SSO,tiingo
2011-03-08,3.05368,SSO,tiingo
2011-03-09,3.0462,SSO,tiingo
2011-03-10,2.9334,SSO,tiingo
2011-03-11,2.97426,SSO,tiingo
2011-03-14,2.93858,SSO,tiingo
2011-03-15,2.87297,SSO,tiingo
2011-03-16,2.76419,SSO,tiingo
2011-03-17,2.83326,SSO,tiingo
2011-03-18,2.85628,SSO,tiingo
2011-03-21,2.94376,SSO,tiingo
2011-03-22,2.92303,SSO,tiingo
2011-03-23,2.94175,SSO,tiingo
2011-03-24,2.99656,SSO,tiingo
2011-03-25,3.01561,SSO,tiingo
2011-03-28,3.00119,SSO,tiingo
2011-03-29,3.04272,SSO,tiingo
2011-03-30,3.0808,SSO,tiingo
2011-03-31,3.07329,SSO,tiingo
2011-04-01,3.0981,SSO,tiingo
2011-04-04,3.10561,SSO,tiingo
2011-04-05,3.10376,SSO,tiingo
2011-04-06,3.12176,SSO,tiingo
2011-04-07,3.10964,SSO,tiingo
2011-04-08,3.08483,SSO,tiingo
2011-04-11,3.0681,SSO,tiingo
2011-04-12,3.02051,SSO,tiingo
2011-04-13,3.01907,SSO,tiingo
2011-04-14,3.02427,SSO,tiingo
2011-04-15,3.04849,SSO,tiingo
2011-04-18,2.97695,SSO,tiingo
2011-04-19,3.01042,SSO,tiingo
2011-04-20,3.09291,SSO,tiingo
2011-04-21,3.12349,SSO,tiingo
2011-04-25,3.1206,SSO,tiingo
2011-04-26,3.17312,SSO,tiingo
2011-04-27,3.2135,SSO,tiingo
2011-04-28,3.23715,SSO,tiingo
2011-04-29,3.24985,SSO,tiingo
2011-05-02,3.24118,SSO,tiingo
2011-05-03,3.21465,SSO,tiingo
2011-05-04,3.17196,SSO,tiingo
2011-05-05,3.11657,SSO,tiingo
2011-05-06,3.14196,SSO,tiingo
2011-05-09,3.16735,SSO,tiingo
2011-05-10,3.22214,SSO,tiingo
2011-05-11,3.1558,SSO,tiingo
2011-05-12,3.1835,SSO,tiingo
2011-05-13,3.13387,SSO,tiingo
2011-05-16,3.09349,SSO,tiingo
2011-05-17,3.09395,SSO,tiingo
2011-05-18,3.14715,SSO,tiingo
2011-05-19,3.16272,SSO,tiingo
2011-05-20,3.11426,SSO,tiingo
2011-05-23,3.041,SSO,tiingo
2011-05-24,3.03638,SSO,tiingo
2011-05-25,3.05426,SSO,tiingo
2011-05-26,3.08138,SSO,tiingo
2011-05-27,3.10503,SSO,tiingo
2011-05-31,3.17254,SSO,tiingo
2011-06-01,3.02714,SSO,tiingo
2011-06-02,3.02138,SSO,tiingo
2011-06-03,2.96195,SSO,tiingo
2011-06-06,2.89965,SSO,tiingo
2011-06-07,2.89388,SSO,tiingo
2011-06-08,2.86964,SSO,tiingo
2011-06-09,2.91291,SSO,tiingo
2011-06-10,2.83273,SSO,tiingo
2011-06-13,2.83502,SSO,tiingo
2011-06-14,2.90772,SSO,tiingo
2011-06-15,2.8056,SSO,tiingo
2011-06-16,2.81599,SSO,tiingo
2011-06-17,2.83439,SSO,tiingo
2011-06-20,2.86273,SSO,tiingo
2011-06-21,2.93888,SSO,tiingo
2011-06-22,2.90496,SSO,tiingo
2011-06-23,2.89052,SSO,tiingo
2011-06-24,2.82297,SSO,tiingo
2011-06-27,2.86859,SSO,tiingo
2011-06-28,2.94539,SSO,tiingo
2011-06-29,2.99908,SSO,tiingo
2011-06-30,3.05394,SSO,tiingo
2011-07-01,3.144,SSO,tiingo
2011-07-05,3.13881,SSO,tiingo
2011-07-06,3.14344,SSO,tiingo
2011-07-07,3.21446,SSO,tiingo
2011-07-08,3.16653,SSO,tiingo
2011-07-11,3.05336,SSO,tiingo
2011-07-12,3.02448,SSO,tiingo
2011-07-13,3.04412,SSO,tiingo
2011-07-14,3.00428,SSO,tiingo
2011-07-15,3.03718,SSO,tiingo
2011-07-18,2.9858,SSO,tiingo
2011-07-19,3.08223,SSO,tiingo
2011-07-20,3.07934,SSO,tiingo
2011-07-21,3.16479,SSO,tiingo
2011-07-22,3.16884,SSO,tiingo
2011-07-25,3.13535,SSO,tiingo
2011-07-26,3.11168,SSO,tiingo
2011-07-27,2.98464,SSO,tiingo
2011-07-28,2.96553,SSO,tiingo
2011-07-29,2.92517,SSO,tiingo
2011-08-01,2.89746,SSO,tiingo
2011-08-02,2.75021,SSO,tiingo
2011-08-03,2.78139,SSO,tiingo
2011-08-04,2.51925,SSO,tiingo
2011-08-05,2.5077,SSO,tiingo
2011-08-08,2.1855,SSO,tiingo
2011-08-09,2.38933,SSO,tiingo
2011-08-10,2.16877,SSO,tiingo
2011-08-11,2.3697,SSO,tiingo
2011-08-12,2.40319,SSO,tiingo
2011-08-15,2.50367,SSO,tiingo
2011-08-16,2.46151,SSO,tiingo
2011-08-17,2.46439,SSO,tiingo
2011-08-18,2.25018,SSO,tiingo
2011-08-19,2.17858,SSO,tiingo
2011-08-22,2.17916,SSO,tiingo
2011-08-23,2.32525,SSO,tiingo
2011-08-24,2.38702,SSO,tiingo
2011-08-25,2.31715,SSO,tiingo
2011-08-26,2.38356,SSO,tiingo
2011-08-29,2.52098,SSO,tiingo
2011-08-30,2.53021,SSO,tiingo
2011-08-31,2.55043,SSO,tiingo
2011-09-01,2.50424,SSO,tiingo
2011-09-02,2.37259,SSO,tiingo
2011-09-06,2.33909,SSO,tiingo
2011-09-07,2.47132,SSO,tiingo
2011-09-08,2.41878,SSO,tiingo
2011-09-09,2.29116,SSO,tiingo
2011-09-12,2.32351,SSO,tiingo
2011-09-13,2.36497,SSO,tiingo
2011-09-14,2.42917,SSO,tiingo
2011-09-15,2.51348,SSO,tiingo
2011-09-16,2.54466,SSO,tiingo
2011-09-19,2.49327,SSO,tiingo
2011-09-20,2.48801,SSO,tiingo
2011-09-21,2.33405,SSO,tiingo
2011-09-22,2.1894,SSO,tiingo
2011-09-23,2.20966,SSO,tiingo
2011-09-26,2.32016,SSO,tiingo
2011-09-27,2.37224,SSO,tiingo
2011-09-28,2.2733,SSO,tiingo
2011-09-29,2.31148,SSO,tiingo
2011-09-30,2.19692,SSO,tiingo
2011-10-03,2.07253,SSO,tiingo
2011-10-04,2.1541,SSO,tiingo
2011-10-05,2.24206,SSO,tiingo
2011-10-06,2.32259,SSO,tiingo
2011-10-07,2.29355,SSO,tiingo
2011-10-10,2.44456,SSO,tiingo
2011-10-11,2.44717,SSO,tiingo
2011-10-12,2.49085,SSO,tiingo
2011-10-13,2.48159,SSO,tiingo
2011-10-14,2.5678,SSO,tiingo
2011-10-17,2.46944,SSO,tiingo
2011-10-18,2.56722,SSO,tiingo
2011-10-19,2.50359,SSO,tiingo
2011-10-20,2.52435,SSO,tiingo
2011-10-21,2.6193,SSO,tiingo
2011-10-24,2.68584,SSO,tiingo
2011-10-25,2.584,SSO,tiingo
2011-10-26,2.63493,SSO,tiingo
2011-10-27,2.77378,SSO,tiingo
2011-10-28,2.81677,SSO,tiingo
2011-10-31,2.67601,SSO,tiingo
2011-11-01,2.53193,SSO,tiingo
2011-11-02,2.61235,SSO,tiingo
2011-11-03,2.7084,SSO,tiingo
2011-11-04,2.67368,SSO,tiingo
2011-11-07,2.70793,SSO,tiingo
2011-11-08,2.77668,SSO,tiingo
2011-11-09,2.57013,SSO,tiingo
2011-11-10,2.61872,SSO,tiingo
2011-11-11,2.72055,SSO,tiingo
2011-11-14,2.6679,SSO,tiingo
2011-11-15,2.69625,SSO,tiingo
2011-11-16,2.61178,SSO,tiingo
2011-11-17,2.52447,SSO,tiingo
2011-11-18,2.52036,SSO,tiingo
2011-11-21,2.42373,SSO,tiingo
2011-11-22,2.40347,SSO,tiingo
2011-11-23,2.29893,SSO,tiingo
2011-11-25,2.28718,SSO,tiingo
2011-11-28,2.42027,SSO,tiingo
2011-11-29,2.43356,SSO,tiingo
2011-11-30,2.63435,SSO,tiingo
2011-12-01,2.63551,SSO,tiingo
2011-12-02,2.63202,SSO,tiingo
2011-12-05,2.68815,SSO,tiingo
2011-12-06,2.68989,SSO,tiingo
2011-12-07,2.70453,SSO,tiingo
2011-12-08,2.59152,SSO,tiingo
2011-12-09,2.67659,SSO,tiingo
2011-12-12,2.59789,SSO,tiingo
2011-12-13,2.55219,SSO,tiingo
2011-12-14,2.49588,SSO,tiingo
2011-12-15,2.51342,SSO,tiingo
2011-12-16,2.51978,SSO,tiingo
2011-12-19,2.46771,SSO,tiingo
2011-12-20,2.61467,SSO,tiingo
2011-12-21,2.62567,SSO,tiingo
2011-12-22,2.67543,SSO,tiingo
2011-12-23,2.71989,SSO,tiingo
2011-12-27,2.72337,SSO,tiingo
2011-12-28,2.65798,SSO,tiingo
2011-12-29,2.70543,SSO,tiingo
2011-12-30,2.68459,SSO,tiingo
2012-01-03,2.76742,SSO,tiingo
2012-01-04,2.77429,SSO,tiingo
2012-01-05,2.79165,SSO,tiingo
2012-01-06,2.78008,SSO,tiingo
2012-01-09,2.78697,SSO,tiingo
2012-01-10,2.83564,SSO,tiingo
2012-01-11,2.83974,SSO,tiingo
2012-01-12,2.85184,SSO,tiingo
2012-01-13,2.83332,SSO,tiingo
2012-01-17,2.84142,SSO,tiingo
2012-01-18,2.90507,SSO,tiingo
2012-01-19,2.93749,SSO,tiingo
2012-01-20,2.94153,SSO,tiingo
2012-01-23,2.94444,SSO,tiingo
2012-01-24,2.93807,SSO,tiingo
2012-01-25,2.98668,SSO,tiingo
2012-01-26,2.95561,SSO,tiingo
2012-01-27,2.95138,SSO,tiingo
2012-01-30,2.93344,SSO,tiingo
2012-01-31,2.92534,SSO,tiingo
2012-02-01,2.97741,SSO,tiingo
2012-02-02,2.98945,SSO,tiingo
2012-02-03,3.0758,SSO,tiingo
2012-02-06,3.07106,SSO,tiingo
2012-02-07,3.08447,SSO,tiingo
2012-02-08,3.10357,SSO,tiingo
2012-02-09,3.1111,SSO,tiingo
2012-02-10,3.06885,SSO,tiingo
2012-02-13,3.1082,SSO,tiingo
2012-02-14,3.10589,SSO,tiingo
2012-02-15,3.07522,SSO,tiingo
2012-02-16,3.1383,SSO,tiingo
2012-02-17,3.15682,SSO,tiingo
2012-02-21,3.1626,SSO,tiingo
2012-02-22,3.14038,SSO,tiingo
2012-02-23,3.16781,SSO,tiingo
2012-02-24,3.1817,SSO,tiingo
2012-02-27,3.19559,SSO,tiingo
2012-02-28,3.21179,SSO,tiingo
2012-02-29,3.17245,SSO,tiingo
2012-03-01,3.22163,SSO,tiingo
2012-03-02,3.20196,SSO,tiingo
2012-03-05,3.17649,SSO,tiingo
2012-03-06,3.07927,SSO,tiingo
2012-03-07,3.12152,SSO,tiingo
2012-03-08,3.18344,SSO,tiingo
2012-03-09,3.20717,SSO,tiingo
2012-03-12,3.20948,SSO,tiingo
2012-03-13,3.32695,SSO,tiingo
2012-03-14,3.31885,SSO,tiingo
2012-03-15,3.35357,SSO,tiingo
2012-03-16,3.36688,SSO,tiingo
2012-03-19,3.3924,SSO,tiingo
2012-03-20,3.37267,SSO,tiingo
2012-03-21,3.35978,SSO,tiingo
2012-03-22,3.31221,SSO,tiingo
2012-03-23,3.33368,SSO,tiingo
2012-03-26,3.42591,SSO,tiingo
2012-03-27,3.40561,SSO,tiingo
2012-03-28,3.37195,SSO,tiingo
2012-03-29,3.3592,SSO,tiingo
2012-03-30,3.38536,SSO,tiingo
2012-04-02,3.43461,SSO,tiingo
2012-04-03,3.41083,SSO,tiingo
2012-04-04,3.33657,SSO,tiingo
2012-04-05,3.33715,SSO,tiingo
2012-04-09,3.26523,SSO,tiingo
2012-04-10,3.151,SSO,tiingo
2012-04-11,3.19737,SSO,tiingo
2012-04-12,3.28901,SSO,tiingo
2012-04-13,3.20606,SSO,tiingo
2012-04-16,3.20026,SSO,tiingo
2012-04-17,3.29888,SSO,tiingo
2012-04-18,3.27566,SSO,tiingo
2012-04-19,3.23739,SSO,tiingo
2012-04-20,3.24494,SSO,tiingo
2012-04-23,3.18808,SSO,tiingo
2012-04-24,3.21431,SSO,tiingo
2012-04-25,3.30468,SSO,tiingo
2012-04-26,3.34817,SSO,tiingo
2012-04-27,3.36129,SSO,tiingo
2012-04-30,3.33078,SSO,tiingo
2012-05-01,3.37277,SSO,tiingo
2012-05-02,3.35398,SSO,tiingo
2012-05-03,3.30352,SSO,tiingo
2012-05-04,3.19678,SSO,tiingo
2012-05-07,3.1991,SSO,tiingo
2012-05-08,3.17531,SSO,tiingo
2012-05-09,3.13518,SSO,tiingo
2012-05-10,3.1469,SSO,tiingo
2012-05-11,3.13007,SSO,tiingo
2012-05-14,3.06104,SSO,tiingo
2012-05-15,3.02798,SSO,tiingo
2012-05-16,3.00362,SSO,tiingo
2012-05-17,2.91248,SSO,tiingo
2012-05-18,2.86092,SSO,tiingo
2012-05-21,2.96011,SSO,tiingo
2012-05-22,2.97056,SSO,tiingo
2012-05-23,2.97635,SSO,tiingo
2012-05-24,2.98796,SSO,tiingo
2012-05-25,2.96591,SSO,tiingo
2012-05-29,3.039,SSO,tiingo
2012-05-30,2.94967,SSO,tiingo
2012-05-31,2.95199,SSO,tiingo
2012-06-01,2.7884,SSO,tiingo
2012-06-04,2.7884,SSO,tiingo
2012-06-05,2.82495,SSO,tiingo
2012-06-06,2.95595,SSO,tiingo
2012-06-07,2.95605,SSO,tiingo
2012-06-08,3.00594,SSO,tiingo
2012-06-11,2.9311,SSO,tiingo
2012-06-12,2.99781,SSO,tiingo
2012-06-13,2.95791,SSO,tiingo
2012-06-14,3.01927,SSO,tiingo
2012-06-15,3.08042,SSO,tiingo
2012-06-18,3.09294,SSO,tiingo
2012-06-19,3.1556,SSO,tiingo
2012-06-20,3.14501,SSO,tiingo
2012-06-21,3.00275,SSO,tiingo
2012-06-22,3.04398,SSO,tiingo
2012-06-25,2.94991,SSO,tiingo
2012-06-26,2.97952,SSO,tiingo
2012-06-27,3.03294,SSO,tiingo
2012-06-28,3.01668,SSO,tiingo
2012-06-29,3.16651,SSO,tiingo
2012-07-02,3.18509,SSO,tiingo
2012-07-03,3.22864,SSO,tiingo
2012-07-05,3.19903,SSO,tiingo
2012-07-06,3.13631,SSO,tiingo
2012-07-09,3.12702,SSO,tiingo
2012-07-10,3.07766,SSO,tiingo
2012-07-11,3.07709,SSO,tiingo
2012-07-12,3.04862,SSO,tiingo
2012-07-13,3.14212,SSO,tiingo
2012-07-16,3.13283,SSO,tiingo
2012-07-17,3.17463,SSO,tiingo
2012-07-18,3.22051,SSO,tiingo
2012-07-19,3.23677,SSO,tiingo
2012-07-20,3.17928,SSO,tiingo
2012-07-23,3.11715,SSO,tiingo
2012-07-24,3.06778,SSO,tiingo
2012-07-25,3.0614,SSO,tiingo
2012-07-26,3.15838,SSO,tiingo
2012-07-27,3.28147,SSO,tiingo
2012-07-30,3.27881,SSO,tiingo
2012-07-31,3.24664,SSO,tiingo
2012-08-01,3.22922,SSO,tiingo
2012-08-02,3.18566,SSO,tiingo
2012-08-03,3.30866,SSO,tiingo
2012-08-06,3.32039,SSO,tiingo
2012-08-07,3.35233,SSO,tiingo
2012-08-08,3.36278,SSO,tiingo
2012-08-09,3.37033,SSO,tiingo
2012-08-10,3.3802,SSO,tiingo
2012-08-13,3.3802,SSO,tiingo
2012-08-14,3.37729,SSO,tiingo
2012-08-15,3.38078,SSO,tiingo
2012-08-16,3.43362,SSO,tiingo
2012-08-17,3.44459,SSO,tiingo
2012-08-20,3.44465,SSO,tiingo
2012-08-21,3.42201,SSO,tiingo
2012-08-22,3.42375,SSO,tiingo
2012-08-23,3.36975,SSO,tiingo
2012-08-24,3.4104,SSO,tiingo
2012-08-27,3.4104,SSO,tiingo
2012-08-28,3.40634,SSO,tiingo
2012-08-29,3.40865,SSO,tiingo
2012-08-30,3.36104,SSO,tiingo
2012-08-31,3.39646,SSO,tiingo
2012-09-04,3.37381,SSO,tiingo
2012-09-05,3.37787,SSO,tiingo
2012-09-06,3.5155,SSO,tiingo
2012-09-07,3.54627,SSO,tiingo
2012-09-10,3.50446,SSO,tiingo
2012-09-11,3.52305,SSO,tiingo
2012-09-12,3.54627,SSO,tiingo
2012-09-13,3.65835,SSO,tiingo
2012-09-14,3.68565,SSO,tiingo
2012-09-17,3.66415,SSO,tiingo
2012-09-18,3.66009,SSO,tiingo
2012-09-19,3.66009,SSO,tiingo
2012-09-20,3.66177,SSO,tiingo
2012-09-21,3.65603,SSO,tiingo
2012-09-24,3.64384,SSO,tiingo
2012-09-25,3.57635,SSO,tiingo
2012-09-26,3.52987,SSO,tiingo
2012-09-27,3.5973,SSO,tiingo
2012-09-28,3.5618,SSO,tiingo
2012-10-01,3.58182,SSO,tiingo
2012-10-02,3.58741,SSO,tiingo
2012-10-03,3.61649,SSO,tiingo
2012-10-04,3.67352,SSO,tiingo
2012-10-05,3.66887,SSO,tiingo
2012-10-08,3.64326,SSO,tiingo
2012-10-09,3.57403,SSO,tiingo
2012-10-10,3.52853,SSO,tiingo
2012-10-11,3.52981,SSO,tiingo
2012-10-12,3.50713,SSO,tiingo
2012-10-15,3.5618,SSO,tiingo
2012-10-16,3.63453,SSO,tiingo
2012-10-17,3.67061,SSO,tiingo
2012-10-18,3.65315,SSO,tiingo
2012-10-19,3.5276,SSO,tiingo
2012-10-22,3.52922,SSO,tiingo
2012-10-23,3.43067,SSO,tiingo
2012-10-24,3.41344,SSO,tiingo
2012-10-25,3.42916,SSO,tiingo
2012-10-26,3.42508,SSO,tiingo
2012-10-31,3.41403,SSO,tiingo
2012-11-01,3.4984,SSO,tiingo
2012-11-02,3.43439,SSO,tiingo
2012-11-05,3.44893,SSO,tiingo
2012-11-06,3.50014,SSO,tiingo
2012-11-07,3.34597,SSO,tiingo
2012-11-08,3.26101,SSO,tiingo
2012-11-09,3.26742,SSO,tiingo
2012-11-12,3.27265,SSO,tiingo
2012-11-13,3.25229,SSO,tiingo
2012-11-14,3.16385,SSO,tiingo
2012-11-15,3.15164,SSO,tiingo
2012-11-16,3.17956,SSO,tiingo
2012-11-19,3.30873,SSO,tiingo
2012-11-20,3.31687,SSO,tiingo
2012-11-21,3.32851,SSO,tiingo
2012-11-23,3.41695,SSO,tiingo
2012-11-26,3.40705,SSO,tiingo
2012-11-27,3.37447,SSO,tiingo
2012-11-28,3.41926,SSO,tiingo
2012-11-29,3.45592,SSO,tiingo
2012-11-30,3.44603,SSO,tiingo
2012-12-03,3.41926,SSO,tiingo
2012-12-04,3.40938,SSO,tiingo
2012-12-05,3.42369,SSO,tiingo
2012-12-06,3.44254,SSO,tiingo
2012-12-07,3.46814,SSO,tiingo
2012-12-10,3.47047,SSO,tiingo
2012-12-11,3.51643,SSO,tiingo
2012-12-12,3.51992,SSO,tiingo
2012-12-13,3.48152,SSO,tiingo
2012-12-14,3.45244,SSO,tiingo
2012-12-17,3.53156,SSO,tiingo
2012-12-18,3.61301,SSO,tiingo
2012-12-19,3.55657,SSO,tiingo
2012-12-20,3.59905,SSO,tiingo
2012-12-21,3.53272,SSO,tiingo
2012-12-24,3.51067,SSO,tiingo
2012-12-26,3.47815,SSO,tiingo
2012-12-27,3.47523,SSO,tiingo
2012-12-28,3.39829,SSO,tiingo
2012-12-31,3.51778,SSO,tiingo
2013-01-02,3.68916,SSO,tiingo
2013-01-03,3.67109,SSO,tiingo
2013-01-04,3.70314,SSO,tiingo
2013-01-07,3.68566,SSO,tiingo
2013-01-08,3.6635,SSO,tiingo
2013-01-09,3.68391,SSO,tiingo
2013-01-10,3.73811,SSO,tiingo
2013-01-11,3.74103,SSO,tiingo
2013-01-14,3.73228,SSO,tiingo
2013-01-15,3.7387,SSO,tiingo
2013-01-16,3.73753,SSO,tiingo
2013-01-17,3.78474,SSO,tiingo
2013-01-18,3.8034,SSO,tiingo
2013-01-22,3.84298,SSO,tiingo
2013-01-23,3.85411,SSO,tiingo
2013-01-24,3.85714,SSO,tiingo
2013-01-25,3.90249,SSO,tiingo
2013-01-28,3.89491,SSO,tiingo
2013-01-29,3.92289,SSO,tiingo
2013-01-30,3.89317,SSO,tiingo
2013-01-31,3.8794,SSO,tiingo
2013-02-01,3.94913,SSO,tiingo
2013-02-04,3.86425,SSO,tiingo
2013-02-05,3.94225,SSO,tiingo
2013-02-06,3.94679,SSO,tiingo
2013-02-07,3.93863,SSO,tiingo
2013-02-08,3.97827,SSO,tiingo
2013-02-11,3.97769,SSO,tiingo
2013-02-12,3.99052,SSO,tiingo
2013-02-13,3.9982,SSO,tiingo
2013-02-14,4.00683,SSO,tiingo
2013-02-15,3.99751,SSO,tiingo
2013-02-19,4.05346,SSO,tiingo
2013-02-20,3.95145,SSO,tiingo
2013-02-21,3.90576,SSO,tiingo
2013-02-22,3.98002,SSO,tiingo
2013-02-25,3.83371,SSO,tiingo
2013-02-26,3.88198,SSO,tiingo
2013-02-27,3.97944,SSO,tiingo
2013-02-28,3.96311,SSO,tiingo
2013-03-01,3.98876,SSO,tiingo
2013-03-04,4.03015,SSO,tiingo
2013-03-05,4.10359,SSO,tiingo
2013-03-06,4.11701,SSO,tiingo
2013-03-07,4.13449,SSO,tiingo
2013-03-08,4.16887,SSO,tiingo
2013-03-11,4.19802,SSO,tiingo
2013-03-12,4.17893,SSO,tiingo
2013-03-13,4.18812,SSO,tiingo
2013-03-14,4.233,SSO,tiingo
2013-03-15,4.22192,SSO,tiingo
2013-03-18,4.17762,SSO,tiingo
2013-03-19,4.15676,SSO,tiingo
2013-03-20,4.21039,SSO,tiingo
2013-03-21,4.14275,SSO,tiingo
2013-03-22,4.20515,SSO,tiingo
2013-03-25,4.17658,SSO,tiingo
2013-03-26,4.24013,SSO,tiingo
2013-03-27,4.23606,SSO,tiingo
2013-03-28,4.25588,SSO,tiingo
2013-04-01,4.23138,SSO,tiingo
2013-04-02,4.27279,SSO,tiingo
2013-04-03,4.18532,SSO,tiingo
2013-04-04,4.21972,SSO,tiingo
2013-04-05,4.18147,SSO,tiingo
2013-04-08,4.23897,SSO,tiingo
2013-04-09,4.2658,SSO,tiingo
2013-04-10,4.37368,SSO,tiingo
2013-04-11,4.40109,SSO,tiingo
2013-04-12,4.37835,SSO,tiingo
2013-04-15,4.17715,SSO,tiingo
2013-04-16,4.29612,SSO,tiingo
2013-04-17,4.17016,SSO,tiingo
2013-04-18,4.11709,SSO,tiingo
2013-04-19,4.18473,SSO,tiingo
2013-04-22,4.22964,SSO,tiingo
2013-04-23,4.31594,SSO,tiingo
2013-04-24,4.32702,SSO,tiingo
2013-04-25,4.3591,SSO,tiingo
2013-04-26,4.34108,SSO,tiingo
2013-04-29,4.39584,SSO,tiingo
2013-04-30,4.42034,SSO,tiingo
2013-05-01,4.34044,SSO,tiingo
2013-05-02,4.41858,SSO,tiingo
2013-05-03,4.50489,SSO,tiingo
2013-05-06,4.53579,SSO,tiingo
2013-05-07,4.57953,SSO,tiingo
2013-05-08,4.62128,SSO,tiingo
2013-05-09,4.59878,SSO,tiingo
2013-05-10,4.62759,SSO,tiingo
2013-05-13,4.63318,SSO,tiingo
2013-05-14,4.73058,SSO,tiingo
2013-05-15,4.78014,SSO,tiingo
2013-05-16,4.73524,SSO,tiingo
2013-05-17,4.82796,SSO,tiingo
2013-05-20,4.82504,SSO,tiingo
2013-05-21,4.84196,SSO,tiingo
2013-05-22,4.75915,SSO,tiingo
2013-05-23,4.74223,SSO,tiingo
2013-05-24,4.72941,SSO,tiingo
2013-05-28,4.78189,SSO,tiingo
2013-05-29,4.72591,SSO,tiingo
2013-05-30,4.75856,SSO,tiingo
2013-05-31,4.62152,SSO,tiingo
2013-06-03,4.67051,SSO,tiingo
2013-06-04,4.63028,SSO,tiingo
2013-06-05,4.49673,SSO,tiingo
2013-06-06,4.57604,SSO,tiingo
2013-06-07,4.68976,SSO,tiingo
2013-06-10,4.68976,SSO,tiingo
2013-06-11,4.59755,SSO,tiingo
2013-06-12,4.52355,SSO,tiingo
2013-06-13,4.65768,SSO,tiingo
2013-06-14,4.59878,SSO,tiingo
2013-06-17,4.66934,SSO,tiingo
2013-06-18,4.73932,SSO,tiingo
2013-06-19,4.61231,SSO,tiingo
2013-06-20,4.38418,SSO,tiingo
2013-06-21,4.40808,SSO,tiingo
2013-06-24,4.29904,SSO,tiingo
2013-06-25,4.38184,SSO,tiingo
2013-06-26,4.4649,SSO,tiingo
2013-06-27,4.51678,SSO,tiingo
2013-06-28,4.47768,SSO,tiingo
2013-07-01,4.52787,SSO,tiingo
2013-07-02,4.51678,SSO,tiingo
2013-07-03,4.52729,SSO,tiingo
2013-07-05,4.62648,SSO,tiingo
2013-07-08,4.67726,SSO,tiingo
2013-07-09,4.74612,SSO,tiingo
2013-07-10,4.74845,SSO,tiingo
2013-07-11,4.87859,SSO,tiingo
2013-07-12,4.87742,SSO,tiingo
2013-07-15,4.92352,SSO,tiingo
2013-07-16,4.88209,SSO,tiingo
2013-07-17,4.90835,SSO,tiingo
2013-07-18,4.96098,SSO,tiingo
2013-07-19,4.98188,SSO,tiingo
2013-07-22,4.99939,SSO,tiingo
2013-07-23,4.97838,SSO,tiingo
2013-07-24,4.94103,SSO,tiingo
2013-07-25,4.96028,SSO,tiingo
2013-07-26,4.97079,SSO,tiingo
2013-07-29,4.94219,SSO,tiingo
2013-07-30,4.94336,SSO,tiingo
2013-07-31,4.94366,SSO,tiingo
2013-08-01,5.06293,SSO,tiingo
2013-08-02,5.08109,SSO,tiingo
2013-08-05,5.06707,SSO,tiingo
2013-08-06,5.0128,SSO,tiingo
2013-08-07,4.97838,SSO,tiingo
2013-08-08,5.00581,SSO,tiingo
2013-08-09,4.97955,SSO,tiingo
2013-08-12,4.96904,SSO,tiingo
2013-08-13,5.00056,SSO,tiingo
2013-08-14,4.95153,SSO,tiingo
2013-08-15,4.80447,SSO,tiingo
2013-08-16,4.7788,SSO,tiingo
2013-08-19,4.71694,SSO,tiingo
2013-08-20,4.76013,SSO,tiingo
2013-08-21,4.70177,SSO,tiingo
2013-08-22,4.78581,SSO,tiingo
2013-08-23,4.81731,SSO,tiingo
2013-08-26,4.78464,SSO,tiingo
2013-08-27,4.62766,SSO,tiingo
2013-08-28,4.65917,SSO,tiingo
2013-08-29,4.67493,SSO,tiingo
2013-08-30,4.64341,SSO,tiingo
2013-09-03,4.68484,SSO,tiingo
2013-09-04,4.76479,SSO,tiingo
2013-09-05,4.77063,SSO,tiingo
2013-09-06,4.77763,SSO,tiingo
2013-09-09,4.8745,SSO,tiingo
2013-09-10,4.94454,SSO,tiingo
2013-09-11,4.97371,SSO,tiingo
2013-09-12,4.9527,SSO,tiingo
2013-09-13,4.96904,SSO,tiingo
2013-09-16,5.03032,SSO,tiingo
2013-09-17,5.07408,SSO,tiingo
2013-09-18,5.1908,SSO,tiingo
2013-09-19,5.17503,SSO,tiingo
2013-09-20,5.09684,SSO,tiingo
2013-09-23,5.05599,SSO,tiingo
2013-09-24,5.02915,SSO,tiingo
2013-09-25,5.00499,SSO,tiingo
2013-09-26,5.03652,SSO,tiingo
2013-09-27,4.99447,SSO,tiingo
2013-09-30,4.94423,SSO,tiingo
2013-10-01,5.01772,SSO,tiingo
2013-10-02,5.00147,SSO,tiingo
2013-10-03,4.91853,SSO,tiingo
2013-10-04,4.98628,SSO,tiingo
2013-10-07,4.90393,SSO,tiingo
2013-10-08,4.78943,SSO,tiingo
2013-10-09,4.79002,SSO,tiingo
2013-10-10,4.9968,SSO,tiingo
2013-10-11,5.06398,SSO,tiingo
2013-10-14,5.10663,SSO,tiingo
2013-10-15,5.03302,SSO,tiingo
2013-10-16,5.17088,SSO,tiingo
2013-10-17,5.24039,SSO,tiingo
2013-10-18,5.30991,SSO,tiingo
2013-10-21,5.31049,SSO,tiingo
2013-10-22,5.37008,SSO,tiingo
2013-10-23,5.32276,SSO,tiingo
2013-10-24,5.36014,SSO,tiingo
2013-10-25,5.40219,SSO,tiingo
2013-10-28,5.42323,SSO,tiingo
2013-10-29,5.48223,SSO,tiingo
2013-10-30,5.42557,SSO,tiingo
2013-10-31,5.39285,SSO,tiingo
2013-11-01,5.41388,SSO,tiingo
2013-11-04,5.45594,SSO,tiingo
2013-11-05,5.42498,SSO,tiingo
2013-11-06,5.47639,SSO,tiingo
2013-11-07,5.33677,SSO,tiingo
2013-11-08,5.47872,SSO,tiingo
2013-11-11,5.48223,SSO,tiingo
2013-11-12,5.45945,SSO,tiingo
2013-11-13,5.54824,SSO,tiingo
2013-11-14,5.60607,SSO,tiingo
2013-11-15,5.6528,SSO,tiingo
2013-11-18,5.61483,SSO,tiingo
2013-11-19,5.58679,SSO,tiingo
2013-11-20,5.55584,SSO,tiingo
2013-11-21,5.64346,SSO,tiingo
2013-11-22,5.69545,SSO,tiingo
2013-11-25,5.69369,SSO,tiingo
2013-11-26,5.69019,SSO,tiingo
2013-11-27,5.71296,SSO,tiingo
2013-11-29,5.70421,SSO,tiingo
2013-12-02,5.68259,SSO,tiingo
2013-12-03,5.63703,SSO,tiingo
2013-12-04,5.62534,SSO,tiingo
2013-12-05,5.57921,SSO,tiingo
2013-12-06,5.7048,SSO,tiingo
2013-12-09,5.72932,SSO,tiingo
2013-12-10,5.68843,SSO,tiingo
2013-12-11,5.56051,SSO,tiingo
2013-12-12,5.52721,SSO,tiingo
2013-12-13,5.52254,SSO,tiingo
2013-12-16,5.59204,SSO,tiingo
2013-12-17,5.54999,SSO,tiingo
2013-12-18,5.73808,SSO,tiingo
2013-12-19,5.73634,SSO,tiingo
2013-12-20,5.79417,SSO,tiingo
2013-12-23,5.859,SSO,tiingo
2013-12-24,5.88609,SSO,tiingo
2013-12-26,5.94572,SSO,tiingo
2013-12-27,5.94514,SSO,tiingo
2013-12-30,5.9393,SSO,tiingo
2013-12-31,5.9966,SSO,tiingo
2014-01-02,5.88141,SSO,tiingo
2014-01-03,5.8738,SSO,tiingo
2014-01-06,5.84692,SSO,tiingo
2014-01-07,5.91415,SSO,tiingo
2014-01-08,5.91649,SSO,tiingo
2014-01-09,5.92585,SSO,tiingo
2014-01-10,5.95163,SSO,tiingo
2014-01-13,5.79838,SSO,tiingo
2014-01-14,5.92117,SSO,tiingo
2014-01-15,5.98958,SSO,tiingo
2014-01-16,5.9697,SSO,tiingo
2014-01-17,5.91942,SSO,tiingo
2014-01-21,5.95216,SSO,tiingo
2014-01-22,5.96385,SSO,tiingo
2014-01-23,5.86738,SSO,tiingo
2014-01-24,5.61479,SSO,tiingo
2014-01-27,5.55515,SSO,tiingo
2014-01-28,5.62239,SSO,tiingo
2014-01-29,5.5148,SSO,tiingo
2014-01-30,5.63292,SSO,tiingo
2014-01-31,5.56275,SSO,tiingo
2014-02-03,5.30783,SSO,tiingo
2014-02-04,5.3856,SSO,tiingo
2014-02-05,5.37331,SSO,tiingo
2014-02-06,5.51013,SSO,tiingo
2014-02-07,5.65279,SSO,tiingo
2014-02-10,5.66975,SSO,tiingo
2014-02-11,5.7943,SSO,tiingo
2014-02-12,5.80306,SSO,tiingo
2014-02-13,5.86094,SSO,tiingo
2014-02-14,5.92468,SSO,tiingo
2014-02-18,5.94163,SSO,tiingo
2014-02-19,5.86329,SSO,tiingo
2014-02-20,5.92526,SSO,tiingo
2014-02-21,5.91532,SSO,tiingo
2014-02-24,5.97438,SSO,tiingo
2014-02-25,5.97554,SSO,tiingo
2014-02-26,5.9738,SSO,tiingo
2014-02-27,6.0387,SSO,tiingo
2014-02-28,6.06675,SSO,tiingo
2014-03-03,5.98315,SSO,tiingo
2014-03-04,6.15681,SSO,tiingo
2014-03-05,6.15563,SSO,tiingo
2014-03-06,6.1913,SSO,tiingo
2014-03-07,6.19306,SSO,tiingo
2014-03-10,6.19189,SSO,tiingo
2014-03-11,6.12815,SSO,tiingo
2014-03-12,6.13108,SSO,tiingo
2014-03-13,5.99309,SSO,tiingo
2014-03-14,5.95801,SSO,tiingo
2014-03-17,6.06208,SSO,tiingo
2014-03-18,6.15154,SSO,tiingo
2014-03-19,6.0919,SSO,tiingo
2014-03-20,6.15328,SSO,tiingo
2014-03-21,6.10768,SSO,tiingo
2014-03-24,6.05857,SSO,tiingo
2014-03-25,6.11646,SSO,tiingo
2014-03-26,6.02583,SSO,tiingo
2014-03-27,6.00594,SSO,tiingo
2014-03-28,6.05624,SSO,tiingo
2014-03-31,6.15918,SSO,tiingo
2014-04-01,6.23814,SSO,tiingo
2014-04-02,6.28083,SSO,tiingo
2014-04-03,6.26679,SSO,tiingo
2014-04-04,6.11882,SSO,tiingo
2014-04-07,5.98255,SSO,tiingo
2014-04-08,6.02875,SSO,tiingo
2014-04-09,6.15976,SSO,tiingo
2014-04-10,5.89833,SSO,tiingo
2014-04-11,5.79364,SSO,tiingo
2014-04-14,5.88371,SSO,tiingo
2014-04-15,5.96794,SSO,tiingo
2014-04-16,6.08549,SSO,tiingo
2014-04-17,6.10362,SSO,tiingo
2014-04-21,6.15041,SSO,tiingo
2014-04-22,6.20071,SSO,tiingo
2014-04-23,6.17847,SSO,tiingo
2014-04-24,6.19836,SSO,tiingo
2014-04-25,6.10011,SSO,tiingo
2014-04-28,6.13696,SSO,tiingo
2014-04-29,6.19017,SSO,tiingo
2014-04-30,6.23521,SSO,tiingo
2014-05-01,6.22877,SSO,tiingo
2014-05-02,6.21241,SSO,tiingo
2014-05-05,6.23696,SSO,tiingo
2014-05-06,6.12993,SSO,tiingo
2014-05-07,6.19865,SSO,tiingo
2014-05-08,6.18432,SSO,tiingo
2014-05-09,6.20656,SSO,tiingo
2014-05-12,6.32411,SSO,tiingo
2014-05-13,6.33347,SSO,tiingo
2014-05-14,6.27615,SSO,tiingo
2014-05-15,6.16445,SSO,tiingo
2014-05-16,6.21006,SSO,tiingo
2014-05-19,6.25394,SSO,tiingo
2014-05-20,6.16737,SSO,tiingo
2014-05-21,6.27381,SSO,tiingo
2014-05-22,6.30656,SSO,tiingo
2014-05-23,6.35803,SSO,tiingo
2014-05-27,6.43641,SSO,tiingo
2014-05-28,6.42471,SSO,tiingo
2014-05-29,6.49256,SSO,tiingo
2014-05-30,6.5101,SSO,tiingo
2014-06-02,6.52589,SSO,tiingo
2014-06-03,6.52121,SSO,tiingo
2014-06-04,6.54811,SSO,tiingo
2014-06-05,6.62999,SSO,tiingo
2014-06-06,6.69433,SSO,tiingo
2014-06-09,6.70895,SSO,tiingo
2014-06-10,6.71128,SSO,tiingo
2014-06-11,6.6645,SSO,tiingo
2014-06-12,6.56975,SSO,tiingo
2014-06-13,6.60835,SSO,tiingo
2014-06-16,6.61713,SSO,tiingo
2014-06-17,6.65222,SSO,tiingo
2014-06-18,6.75047,SSO,tiingo
2014-06-19,6.76919,SSO,tiingo
2014-06-20,6.79375,SSO,tiingo
2014-06-23,6.792,SSO,tiingo
2014-06-24,6.70193,SSO,tiingo
2014-06-25,6.76633,SSO,tiingo
2014-06-26,6.7558,SSO,tiingo
2014-06-27,6.78271,SSO,tiingo
2014-06-30,6.77685,SSO,tiingo
2014-07-01,6.86641,SSO,tiingo
2014-07-02,6.87929,SSO,tiingo
2014-07-03,6.95246,SSO,tiingo
2014-07-07,6.90036,SSO,tiingo
2014-07-08,6.80905,SSO,tiingo
2014-07-09,6.87168,SSO,tiingo
2014-07-10,6.81725,SSO,tiingo
2014-07-11,6.83421,SSO,tiingo
2014-07-14,6.90329,SSO,tiingo
2014-07-15,6.87929,SSO,tiingo
2014-07-16,6.93021,SSO,tiingo
2014-07-17,6.77101,SSO,tiingo
2014-07-18,6.90797,SSO,tiingo
2014-07-21,6.87929,SSO,tiingo
2014-07-22,6.93958,SSO,tiingo
2014-07-23,6.97235,SSO,tiingo
2014-07-24,6.9706,SSO,tiingo
2014-07-25,6.90621,SSO,tiingo
2014-07-28,6.90973,SSO,tiingo
2014-07-29,6.85061,SSO,tiingo
2014-07-30,6.85529,SSO,tiingo
2014-07-31,6.58195,SSO,tiingo
2014-08-01,6.54273,SSO,tiingo
2014-08-04,6.63404,SSO,tiingo
2014-08-05,6.50527,SSO,tiingo
2014-08-06,6.50703,SSO,tiingo
2014-08-07,6.4362,SSO,tiingo
2014-08-08,6.58604,SSO,tiingo
2014-08-11,6.62234,SSO,tiingo
2014-08-12,6.60477,SSO,tiingo
2014-08-13,6.69784,SSO,tiingo
2014-08-14,6.75813,SSO,tiingo
2014-08-15,6.75637,SSO,tiingo
2014-08-18,6.86875,SSO,tiingo
2014-08-19,6.93841,SSO,tiingo
2014-08-20,6.97704,SSO,tiingo
2014-08-21,7.01509,SSO,tiingo
2014-08-22,6.99343,SSO,tiingo
2014-08-25,7.06601,SSO,tiingo
2014-08-26,7.07713,SSO,tiingo
2014-08-27,7.07127,SSO,tiingo
2014-08-28,7.06016,SSO,tiingo
2014-08-29,7.09996,SSO,tiingo
2014-09-02,7.09234,SSO,tiingo
2014-09-03,7.08766,SSO,tiingo
2014-09-04,7.06249,SSO,tiingo
2014-09-05,7.12864,SSO,tiingo
2014-09-08,7.09118,SSO,tiingo
2014-09-09,7.00338,SSO,tiingo
2014-09-10,7.05431,SSO,tiingo
2014-09-11,7.06601,SSO,tiingo
2014-09-12,6.98582,SSO,tiingo
2014-09-15,6.97294,SSO,tiingo
2014-09-16,7.08064,SSO,tiingo
2014-09-17,7.09645,SSO,tiingo
2014-09-18,7.17196,SSO,tiingo
2014-09-19,7.15849,SSO,tiingo
2014-09-22,7.05021,SSO,tiingo
2014-09-23,6.9706,SSO,tiingo
2014-09-24,7.07961,SSO,tiingo
2014-09-25,6.84596,SSO,tiingo
2014-09-26,6.95899,SSO,tiingo
2014-09-29,6.93145,SSO,tiingo
2014-09-30,6.89164,SSO,tiingo
2014-10-01,6.71011,SSO,tiingo
2014-10-02,6.70952,SSO,tiingo
2014-10-03,6.85651,SSO,tiingo
2014-10-06,6.83894,SSO,tiingo
2014-10-07,6.63164,SSO,tiingo
2014-10-08,6.86001,SSO,tiingo
2014-10-09,6.58538,SSO,tiingo
2014-10-10,6.4384,SSO,tiingo
2014-10-13,6.22408,SSO,tiingo
2014-10-14,6.2516,SSO,tiingo
2014-10-15,6.15381,SSO,tiingo
2014-10-16,6.14385,SSO,tiingo
2014-10-17,6.29377,SSO,tiingo
2014-10-20,6.41615,SSO,tiingo
2014-10-21,6.66971,SSO,tiingo
2014-10-22,6.57718,SSO,tiingo
2014-10-23,6.72593,SSO,tiingo
2014-10-24,6.82371,SSO,tiingo
2014-10-27,6.76339,SSO,tiingo
2014-10-28,6.96426,SSO,tiingo
2014-10-29,6.94727,SSO,tiingo
2014-10-30,7.03569,SSO,tiingo
2014-10-31,7.1932,SSO,tiingo
2014-11-03,7.20082,SSO,tiingo
2014-11-04,7.15456,SSO,tiingo
2014-11-05,7.24474,SSO,tiingo
2014-11-06,7.3033,SSO,tiingo
2014-11-07,7.31443,SSO,tiingo
2014-11-10,7.35835,SSO,tiingo
2014-11-11,7.37239,SSO,tiingo
2014-11-12,7.35951,SSO,tiingo
2014-11-13,7.37064,SSO,tiingo
2014-11-14,7.37708,SSO,tiingo
2014-11-17,7.38645,SSO,tiingo
2014-11-18,7.47078,SSO,tiingo
2014-11-19,7.44442,SSO,tiingo
2014-11-20,7.47311,SSO,tiingo
2014-11-21,7.54806,SSO,tiingo
2014-11-24,7.59667,SSO,tiingo
2014-11-25,7.58905,SSO,tiingo
2014-11-26,7.62302,SSO,tiingo
2014-11-28,7.5914,SSO,tiingo
2014-12-01,7.48482,SSO,tiingo
2014-12-02,7.57559,SSO,tiingo
2014-12-03,7.63825,SSO,tiingo
2014-12-04,7.61716,SSO,tiingo
2014-12-05,7.64703,SSO,tiingo
2014-12-08,7.54338,SSO,tiingo
2014-12-09,7.52991,SSO,tiingo
2014-12-10,7.291,SSO,tiingo
2014-12-11,7.35717,SSO,tiingo
2014-12-12,7.12587,SSO,tiingo
2014-12-15,7.01988,SSO,tiingo
2014-12-16,6.9092,SSO,tiingo
2014-12-17,7.18852,SSO,tiingo
2014-12-18,7.54163,SSO,tiingo
2014-12-19,7.60312,SSO,tiingo
2014-12-22,7.67007,SSO,tiingo
2014-12-23,7.6953,SSO,tiingo
2014-12-24,7.69472,SSO,tiingo
2014-12-26,7.74694,SSO,tiingo
2014-12-29,7.76102,SSO,tiingo
2014-12-30,7.68181,SSO,tiingo
2014-12-31,7.52752,SSO,tiingo
2015-01-02,7.51755,SSO,tiingo
2015-01-05,7.24358,SSO,tiingo
2015-01-06,7.11334,SSO,tiingo
2015-01-07,7.29051,SSO,tiingo
2015-01-08,7.54688,SSO,tiingo
2015-01-09,7.41664,SSO,tiingo
2015-01-12,7.30224,SSO,tiingo
2015-01-13,7.26469,SSO,tiingo
2015-01-14,7.17434,SSO,tiingo
2015-01-15,7.0441,SSO,tiingo
2015-01-16,7.22421,SSO,tiingo
2015-01-20,7.25766,SSO,tiingo
2015-01-21,7.32924,SSO,tiingo
2015-01-22,7.54747,SSO,tiingo
2015-01-23,7.4624,SSO,tiingo
2015-01-26,7.49877,SSO,tiingo
2015-01-27,7.30165,SSO,tiingo
2015-01-28,7.11158,SSO,tiingo
2015-01-29,7.24768,SSO,tiingo
2015-01-30,7.06465,SSO,tiingo
2015-02-02,7.23243,SSO,tiingo
2015-02-03,7.44304,SSO,tiingo
2015-02-04,7.38672,SSO,tiingo
2015-02-05,7.54278,SSO,tiingo
2015-02-06,7.49526,SSO,tiingo
2015-02-09,7.4272,SSO,tiingo
2015-02-10,7.58208,SSO,tiingo
2015-02-11,7.5944,SSO,tiingo
2015-02-12,7.73872,SSO,tiingo
2015-02-13,7.80207,SSO,tiingo
2015-02-17,7.832,SSO,tiingo
2015-02-18,7.83025,SSO,tiingo
2015-02-19,7.82145,SSO,tiingo
2015-02-20,7.9112,SSO,tiingo
2015-02-23,7.90885,SSO,tiingo
2015-02-24,7.9552,SSO,tiingo
2015-02-25,7.93643,SSO,tiingo
2015-02-26,7.91942,SSO,tiingo
2015-02-27,7.87014,SSO,tiingo
2015-03-02,7.96517,SSO,tiingo
2015-03-03,7.89771,SSO,tiingo
2015-03-04,7.83435,SSO,tiingo
2015-03-05,7.84843,SSO,tiingo
2015-03-06,7.62902,SSO,tiingo
2015-03-09,7.69179,SSO,tiingo
2015-03-10,7.44011,SSO,tiingo
2015-03-11,7.40784,SSO,tiingo
2015-03-12,7.59323,SSO,tiingo
2015-03-13,7.50405,SSO,tiingo
2015-03-16,7.70235,SSO,tiingo
2015-03-17,7.65248,SSO,tiingo
2015-03-18,7.83494,SSO,tiingo
2015-03-19,7.76219,SSO,tiingo
2015-03-20,7.89947,SSO,tiingo
2015-03-23,7.87424,SSO,tiingo
2015-03-24,7.77861,SSO,tiingo
2015-03-25,7.55664,SSO,tiingo
2015-03-26,7.52197,SSO,tiingo
2015-03-27,7.55194,SSO,tiingo
2015-03-30,7.73768,SSO,tiingo
2015-03-31,7.60014,SSO,tiingo
2015-04-01,7.55018,SSO,tiingo
2015-04-02,7.59485,SSO,tiingo
2015-04-06,7.70065,SSO,tiingo
2015-04-07,7.66421,SSO,tiingo
2015-04-08,7.71065,SSO,tiingo
2015-04-09,7.7806,SSO,tiingo
2015-04-10,7.86112,SSO,tiingo
2015-04-13,7.79353,SSO,tiingo
2015-04-14,7.82115,SSO,tiingo
2015-04-15,7.89052,SSO,tiingo
2015-04-16,7.88522,SSO,tiingo
2015-04-17,7.70419,SSO,tiingo
2015-04-20,7.84525,SSO,tiingo
2015-04-21,7.82585,SSO,tiingo
2015-04-22,7.90168,SSO,tiingo
2015-04-23,7.94106,SSO,tiingo
2015-04-24,7.97692,SSO,tiingo
2015-04-27,7.9099,SSO,tiingo
2015-04-28,7.96105,SSO,tiingo
2015-04-29,7.89345,SSO,tiingo
2015-04-30,7.74004,SSO,tiingo
2015-05-01,7.90285,SSO,tiingo
2015-05-04,7.95341,SSO,tiingo
2015-05-05,7.76825,SSO,tiingo
2015-05-06,7.70183,SSO,tiingo
2015-05-07,7.76237,SSO,tiingo
2015-05-08,7.96926,SSO,tiingo
2015-05-11,7.88934,SSO,tiingo
2015-05-12,7.84232,SSO,tiingo
2015-05-13,7.84702,SSO,tiingo
2015-05-14,8.00866,SSO,tiingo
2015-05-15,8.02629,SSO,tiingo
2015-05-18,8.07391,SSO,tiingo
2015-05-19,8.06744,SSO,tiingo
2015-05-20,8.05627,SSO,tiingo
2015-05-21,8.10565,SSO,tiingo
2015-05-22,8.06803,SSO,tiingo
2015-05-26,7.8964,SSO,tiingo
2015-05-27,8.03628,SSO,tiingo
2015-05-28,8.02217,SSO,tiingo
2015-05-29,7.91872,SSO,tiingo
2015-06-01,7.95164,SSO,tiingo
2015-06-02,7.93988,SSO,tiingo
2015-06-03,7.98456,SSO,tiingo
2015-06-04,7.85642,SSO,tiingo
2015-06-05,7.82115,SSO,tiingo
2015-06-08,7.72005,SSO,tiingo
2015-06-09,7.72005,SSO,tiingo
2015-06-10,7.89991,SSO,tiingo
2015-06-11,7.94929,SSO,tiingo
2015-06-12,7.83408,SSO,tiingo
2015-06-15,7.76002,SSO,tiingo
2015-06-16,7.84584,SSO,tiingo
2015-06-17,7.87171,SSO,tiingo
2015-06-18,8.02923,SSO,tiingo
2015-06-19,7.93754,SSO,tiingo
2015-06-22,8.04922,SSO,tiingo
2015-06-23,8.05627,SSO,tiingo
2015-06-24,7.9385,SSO,tiingo
2015-06-25,7.88789,SSO,tiingo
2015-06-26,7.88906,SSO,tiingo
2015-06-29,7.56776,SSO,tiingo
2015-06-30,7.59482,SSO,tiingo
2015-07-01,7.70781,SSO,tiingo
2015-07-02,7.69604,SSO,tiingo
2015-07-06,7.65014,SSO,tiingo
2015-07-07,7.73841,SSO,tiingo
2015-07-08,7.48655,SSO,tiingo
2015-07-09,7.5089,SSO,tiingo
2015-07-10,7.70074,SSO,tiingo
2015-07-13,7.87023,SSO,tiingo
2015-07-14,7.94203,SSO,tiingo
2015-07-15,7.93496,SSO,tiingo
2015-07-16,8.05501,SSO,tiingo
2015-07-17,8.07148,SSO,tiingo
2015-07-20,8.0809,SSO,tiingo
2015-07-21,8.01382,SSO,tiingo
2015-07-22,7.97968,SSO,tiingo
2015-07-23,7.89847,SSO,tiingo
2015-07-24,7.73017,SSO,tiingo
2015-07-27,7.64072,SSO,tiingo
2015-07-28,7.82433,SSO,tiingo
2015-07-29,7.93378,SSO,tiingo
2015-07-30,7.9385,SSO,tiingo
2015-07-31,7.91495,SSO,tiingo
2015-08-03,7.85846,SSO,tiingo
2015-08-04,7.8255,SSO,tiingo
2015-08-05,7.88553,SSO,tiingo
2015-08-06,7.76431,SSO,tiingo
2015-08-07,7.72547,SSO,tiingo
2015-08-10,7.91613,SSO,tiingo
2015-08-11,7.76901,SSO,tiingo
2015-08-12,7.78666,SSO,tiingo
2015-08-13,7.77137,SSO,tiingo
2015-08-14,7.8255,SSO,tiingo
2015-08-17,7.91495,SSO,tiingo
2015-08-18,7.86671,SSO,tiingo
2015-08-19,7.74194,SSO,tiingo
2015-08-20,7.42064,SSO,tiingo
2015-08-21,6.9581,SSO,tiingo
2015-08-24,6.38257,SSO,tiingo
2015-08-25,6.22957,SSO,tiingo
2015-08-26,6.71211,SSO,tiingo
2015-08-27,7.03813,SSO,tiingo
2015-08-28,7.03695,SSO,tiingo
2015-08-31,6.9275,SSO,tiingo
2015-09-01,6.50733,SSO,tiingo
2015-09-02,6.75919,SSO,tiingo
2015-09-03,6.76978,SSO,tiingo
2015-09-04,6.565,SSO,tiingo
2015-09-08,6.90042,SSO,tiingo
2015-09-09,6.70858,SSO,tiingo
2015-09-10,6.78038,SSO,tiingo
2015-09-11,6.8404,SSO,tiingo
2015-09-14,6.79098,SSO,tiingo
2015-09-15,6.96044,SSO,tiingo
2015-09-16,7.08521,SSO,tiingo
2015-09-17,7.0499,SSO,tiingo
2015-09-18,6.82158,SSO,tiingo
2015-09-21,6.88631,SSO,tiingo
2015-09-22,6.7133,SSO,tiingo
2015-09-23,6.68387,SSO,tiingo
2015-09-24,6.64621,SSO,tiingo
2015-09-25,6.6368,SSO,tiingo
2015-09-28,6.30136,SSO,tiingo
2015-09-29,6.3096,SSO,tiingo
2015-09-30,6.54969,SSO,tiingo
2015-10-01,6.58148,SSO,tiingo
2015-10-02,6.77684,SSO,tiingo
2015-10-05,7.01576,SSO,tiingo
2015-10-06,6.96751,SSO,tiingo
2015-10-07,7.08167,SSO,tiingo
2015-10-08,7.20997,SSO,tiingo
2015-10-09,7.21702,SSO,tiingo
2015-10-12,7.22997,SSO,tiingo
2015-10-13,7.14171,SSO,tiingo
2015-10-14,7.06638,SSO,tiingo
2015-10-15,7.28765,SSO,tiingo
2015-10-16,7.34649,SSO,tiingo
2015-10-19,7.35473,SSO,tiingo
2015-10-20,7.33825,SSO,tiingo
2015-10-21,7.25351,SSO,tiingo
2015-10-22,7.4889,SSO,tiingo
2015-10-23,7.66191,SSO,tiingo
2015-10-26,7.62424,SSO,tiingo
2015-10-27,7.59012,SSO,tiingo
2015-10-28,7.76313,SSO,tiingo
2015-10-29,7.75724,SSO,tiingo
2015-10-30,7.68545,SSO,tiingo
2015-11-02,7.86434,SSO,tiingo
2015-11-03,7.91142,SSO,tiingo
2015-11-04,7.86671,SSO,tiingo
2015-11-05,7.84904,SSO,tiingo
2015-11-06,7.84315,SSO,tiingo
2015-11-09,7.69722,SSO,tiingo
2015-11-10,7.72312,SSO,tiingo
2015-11-11,7.66898,SSO,tiingo
2015-11-12,7.45595,SSO,tiingo
2015-11-13,7.28647,SSO,tiingo
2015-11-16,7.50656,SSO,tiingo
2015-11-17,7.49008,SSO,tiingo
2015-11-18,7.73489,SSO,tiingo
2015-11-19,7.72075,SSO,tiingo
2015-11-20,7.77725,SSO,tiingo
2015-11-23,7.76077,SSO,tiingo
2015-11-24,7.77842,SSO,tiingo
2015-11-25,7.7796,SSO,tiingo
2015-11-27,7.79255,SSO,tiingo
2015-11-30,7.73134,SSO,tiingo
2015-12-01,7.8773,SSO,tiingo
2015-12-02,7.71488,SSO,tiingo
2015-12-03,7.49479,SSO,tiingo
2015-12-04,7.78784,SSO,tiingo
2015-12-07,7.69251,SSO,tiingo
2015-12-08,7.5913,SSO,tiingo
2015-12-09,7.47125,SSO,tiingo
2015-12-10,7.51008,SSO,tiingo
2015-12-11,7.21114,SSO,tiingo
2015-12-14,7.29235,SSO,tiingo
2015-12-15,7.44771,SSO,tiingo
2015-12-16,7.65956,SSO,tiingo
2015-12-17,7.43594,SSO,tiingo
2015-12-18,7.15465,SSO,tiingo
2015-12-21,7.27587,SSO,tiingo
2015-12-22,7.40811,SSO,tiingo
2015-12-23,7.58873,SSO,tiingo
2015-12-24,7.55805,SSO,tiingo
2015-12-28,7.53443,SSO,tiingo
2015-12-29,7.69026,SSO,tiingo
2015-12-30,7.58756,SSO,tiingo
2015-12-31,7.43762,SSO,tiingo
2016-01-04,7.22393,SSO,tiingo
2016-01-05,7.25582,SSO,tiingo
2016-01-06,7.06101,SSO,tiingo
2016-01-07,6.72444,SSO,tiingo
2016-01-08,6.58053,SSO,tiingo
2016-01-11,6.58406,SSO,tiingo
2016-01-12,6.68677,SSO,tiingo
2016-01-13,6.35858,SSO,tiingo
2016-01-14,6.56636,SSO,tiingo
2016-01-15,6.28184,SSO,tiingo
2016-01-19,6.29718,SSO,tiingo
2016-01-20,6.14843,SSO,tiingo
2016-01-21,6.21219,SSO,tiingo
2016-01-22,6.46365,SSO,tiingo
2016-01-25,6.27358,SSO,tiingo
2016-01-26,6.43532,SSO,tiingo
2016-01-27,6.29955,SSO,tiingo
2016-01-28,6.36684,SSO,tiingo
2016-01-29,6.66671,SSO,tiingo
2016-02-01,6.67262,SSO,tiingo
2016-02-02,6.42232,SSO,tiingo
2016-02-03,6.50261,SSO,tiingo
2016-02-04,6.5215,SSO,tiingo
2016-02-05,6.27947,SSO,tiingo
2016-02-08,6.10476,SSO,tiingo
2016-02-09,6.09885,SSO,tiingo
2016-02-10,6.09177,SSO,tiingo
2016-02-11,5.94302,SSO,tiingo
2016-02-12,6.17925,SSO,tiingo
2016-02-16,6.38328,SSO,tiingo
2016-02-17,6.59469,SSO,tiingo
2016-02-18,6.54156,SSO,tiingo
2016-02-19,6.53449,SSO,tiingo
2016-02-22,6.72219,SSO,tiingo
2016-02-23,6.56282,SSO,tiingo
2016-02-24,6.61831,SSO,tiingo
2016-02-25,6.77651,SSO,tiingo
2016-02-26,6.74462,SSO,tiingo
2016-02-29,6.62538,SSO,tiingo
2016-03-01,6.95241,SSO,tiingo
2016-03-02,7.01498,SSO,tiingo
2016-03-03,7.06338,SSO,tiingo
2016-03-04,7.10589,SSO,tiingo
2016-03-07,7.12712,SSO,tiingo
2016-03-08,6.96422,SSO,tiingo
2016-03-09,7.03505,SSO,tiingo
2016-03-10,7.04213,SSO,tiingo
2016-03-11,7.27588,SSO,tiingo
2016-03-14,7.2511,SSO,tiingo
2016-03-15,7.23574,SSO,tiingo
2016-03-16,7.31838,SSO,tiingo
2016-03-17,7.40693,SSO,tiingo
2016-03-18,7.46713,SSO,tiingo
2016-03-21,7.48603,SSO,tiingo
2016-03-22,7.47659,SSO,tiingo
2016-03-23,7.38367,SSO,tiingo
2016-03-24,7.37421,SSO,tiingo
2016-03-28,7.38012,SSO,tiingo
2016-03-29,7.52567,SSO,tiingo
2016-03-30,7.58602,SSO,tiingo
2016-03-31,7.5517,SSO,tiingo
2016-04-01,7.64873,SSO,tiingo
2016-04-04,7.60021,SSO,tiingo
2016-04-05,7.44993,SSO,tiingo
2016-04-06,7.60613,SSO,tiingo
2016-04-07,7.42391,SSO,tiingo
2016-04-08,7.47005,SSO,tiingo
2016-04-11,7.42982,SSO,tiingo
2016-04-12,7.573,SSO,tiingo
2016-04-13,7.71972,SSO,tiingo
2016-04-14,7.7209,SSO,tiingo
2016-04-15,7.69962,SSO,tiingo
2016-04-18,7.80965,SSO,tiingo
2016-04-19,7.8558,SSO,tiingo
2016-04-20,7.87354,SSO,tiingo
2016-04-21,7.78717,SSO,tiingo
2016-04-22,7.79427,SSO,tiingo
2016-04-25,7.75877,SSO,tiingo
2016-04-26,7.78717,SSO,tiingo
2016-04-27,7.82,SSO,tiingo
2016-04-28,7.68185,SSO,tiingo
2016-04-29,7.59666,SSO,tiingo
2016-05-02,7.71026,SSO,tiingo
2016-05-03,7.57655,SSO,tiingo
2016-05-04,7.4878,SSO,tiingo
2016-05-05,7.49371,SSO,tiingo
2016-05-06,7.54224,SSO,tiingo
2016-05-09,7.55998,SSO,tiingo
2016-05-10,7.73984,SSO,tiingo
2016-05-11,7.59902,SSO,tiingo
2016-05-12,7.60377,SSO,tiingo
2016-05-13,7.47005,SSO,tiingo
2016-05-16,7.61441,SSO,tiingo
2016-05-17,7.47834,SSO,tiingo
2016-05-18,7.4807,SSO,tiingo
2016-05-19,7.42864,SSO,tiingo
2016-05-20,7.51383,SSO,tiingo
2016-05-23,7.4949,SSO,tiingo
2016-05-24,7.68777,SSO,tiingo
2016-05-25,7.78835,SSO,tiingo
2016-05-26,7.79664,SSO,tiingo
2016-05-27,7.86054,SSO,tiingo
2016-05-31,7.83804,SSO,tiingo
2016-06-01,7.87,SSO,tiingo
2016-06-02,7.91614,SSO,tiingo
2016-06-03,7.86646,SSO,tiingo
2016-06-06,7.95047,SSO,tiingo
2016-06-07,7.97057,SSO,tiingo
2016-06-08,8.02146,SSO,tiingo
2016-06-09,8.00015,SSO,tiingo
2016-06-10,7.85225,SSO,tiingo
2016-06-13,7.7292,SSO,tiingo
2016-06-14,7.69962,SSO,tiingo
2016-06-15,7.67477,SSO,tiingo
2016-06-16,7.72328,SSO,tiingo
2016-06-17,7.66174,SSO,tiingo
2016-06-20,7.75877,SSO,tiingo
2016-06-21,7.80373,SSO,tiingo
2016-06-22,7.77734,SSO,tiingo
2016-06-23,7.9764,SSO,tiingo
2016-06-24,7.41242,SSO,tiingo
2016-06-27,7.13635,SSO,tiingo
2016-06-28,7.39227,SSO,tiingo
2016-06-29,7.65057,SSO,tiingo
2016-06-30,7.85081,SSO,tiingo
2016-07-01,7.88754,SSO,tiingo
2016-07-05,7.77617,SSO,tiingo
2016-07-06,7.86858,SSO,tiingo
2016-07-07,7.85554,SSO,tiingo
2016-07-08,8.09133,SSO,tiingo
2016-07-11,8.15177,SSO,tiingo
2016-07-12,8.26788,SSO,tiingo
2016-07-13,8.26314,SSO,tiingo
2016-07-14,8.35437,SSO,tiingo
2016-07-15,8.3366,SSO,tiingo
2016-07-18,8.38043,SSO,tiingo
2016-07-19,8.36029,SSO,tiingo
2016-07-20,8.43257,SSO,tiingo
2016-07-21,8.36385,SSO,tiingo
2016-07-22,8.44561,SSO,tiingo
2016-07-25,8.40057,SSO,tiingo
2016-07-26,8.40176,SSO,tiingo
2016-07-27,8.38399,SSO,tiingo
2016-07-28,8.40176,SSO,tiingo
2016-07-29,8.43138,SSO,tiingo
2016-08-01,8.4148,SSO,tiingo
2016-08-02,8.31053,SSO,tiingo
2016-08-03,8.36029,SSO,tiingo
2016-08-04,8.37095,SSO,tiingo
2016-08-05,8.50485,SSO,tiingo
2016-08-08,8.50129,SSO,tiingo
2016-08-09,8.50603,SSO,tiingo
2016-08-10,8.4693,SSO,tiingo
2016-08-11,8.54275,SSO,tiingo
2016-08-12,8.52854,SSO,tiingo
2016-08-15,8.57713,SSO,tiingo
2016-08-16,8.49182,SSO,tiingo
2016-08-17,8.51787,SSO,tiingo
2016-08-18,8.55816,SSO,tiingo
2016-08-19,8.53566,SSO,tiingo
2016-08-22,8.5321,SSO,tiingo
2016-08-23,8.56053,SSO,tiingo
2016-08-24,8.48232,SSO,tiingo
2016-08-25,8.46693,SSO,tiingo
2016-08-26,8.43257,SSO,tiingo
2016-08-29,8.51313,SSO,tiingo
2016-08-30,8.48351,SSO,tiingo
2016-08-31,8.43968,SSO,tiingo
2016-09-01,8.43731,SSO,tiingo
2016-09-02,8.51195,SSO,tiingo
2016-09-06,8.56528,SSO,tiingo
2016-09-07,8.56646,SSO,tiingo
2016-09-08,8.52617,SSO,tiingo
2016-09-09,8.11148,SSO,tiingo
2016-09-12,8.34726,SSO,tiingo
2016-09-13,8.10673,SSO,tiingo
2016-09-14,8.09371,SSO,tiingo
2016-09-15,8.26314,SSO,tiingo
2016-09-16,8.1956,SSO,tiingo
2016-09-19,8.19796,SSO,tiingo
2016-09-20,8.20034,SSO,tiingo
2016-09-21,8.37694,SSO,tiingo
2016-09-22,8.48723,SSO,tiingo
2016-09-23,8.39236,SSO,tiingo
2016-09-26,8.25837,SSO,tiingo
2016-09-27,8.35916,SSO,tiingo
2016-09-28,8.44216,SSO,tiingo
2016-09-29,8.29156,SSO,tiingo
2016-09-30,8.41608,SSO,tiingo
2016-10-03,8.36746,SSO,tiingo
2016-10-04,8.29394,SSO,tiingo
2016-10-05,8.36034,SSO,tiingo
2016-10-06,8.37457,SSO,tiingo
2016-10-07,8.31291,SSO,tiingo
2016-10-10,8.39592,SSO,tiingo
2016-10-11,8.19196,SSO,tiingo
2016-10-12,8.20974,SSO,tiingo
2016-10-13,8.15282,SSO,tiingo
2016-10-14,8.16112,SSO,tiingo
2016-10-17,8.10775,SSO,tiingo
2016-10-18,8.19907,SSO,tiingo
2016-10-19,8.23938,SSO,tiingo
2016-10-20,8.21567,SSO,tiingo
2016-10-21,8.21804,SSO,tiingo
2016-10-24,8.28563,SSO,tiingo
2016-10-25,8.23583,SSO,tiingo
2016-10-26,8.20026,SSO,tiingo
2016-10-27,8.15993,SSO,tiingo
2016-10-28,8.10894,SSO,tiingo
2016-10-31,8.10656,SSO,tiingo
2016-11-01,7.99509,SSO,tiingo
2016-11-02,7.8943,SSO,tiingo
2016-11-03,7.82197,SSO,tiingo
2016-11-04,7.80062,SSO,tiingo
2016-11-07,8.13978,SSO,tiingo
2016-11-08,8.21329,SSO,tiingo
2016-11-09,8.39711,SSO,tiingo
2016-11-10,8.43387,SSO,tiingo
2016-11-11,8.39592,SSO,tiingo
2016-11-14,8.41016,SSO,tiingo
2016-11-15,8.53822,SSO,tiingo
2016-11-16,8.50858,SSO,tiingo
2016-11-17,8.59633,SSO,tiingo
2016-11-18,8.55838,SSO,tiingo
2016-11-21,8.67934,SSO,tiingo
2016-11-22,8.71729,SSO,tiingo
2016-11-23,8.72677,SSO,tiingo
2016-11-25,8.79082,SSO,tiingo
2016-11-28,8.71492,SSO,tiingo
2016-11-29,8.74338,SSO,tiingo
2016-11-30,8.69238,SSO,tiingo
2016-12-01,8.62716,SSO,tiingo
2016-12-02,8.6414,SSO,tiingo
2016-12-05,8.74338,SSO,tiingo
2016-12-06,8.8003,SSO,tiingo
2016-12-07,9.02444,SSO,tiingo
2016-12-08,9.07661,SSO,tiingo
2016-12-09,9.17978,SSO,tiingo
2016-12-12,9.15962,SSO,tiingo
2016-12-13,9.28295,SSO,tiingo
2016-12-14,9.13234,SSO,tiingo
2016-12-15,9.19874,SSO,tiingo
2016-12-16,9.17148,SSO,tiingo
2016-12-19,9.20112,SSO,tiingo
2016-12-20,9.27109,SSO,tiingo
2016-12-21,9.23007,SSO,tiingo
2016-12-22,9.19683,SSO,tiingo
2016-12-23,9.21938,SSO,tiingo
2016-12-27,9.26331,SSO,tiingo
2016-12-28,9.11608,SSO,tiingo
2016-12-29,9.10659,SSO,tiingo
2016-12-30,9.0401,SSO,tiingo
2017-01-03,9.17308,SSO,tiingo
2017-01-04,9.28113,SSO,tiingo
2017-01-05,9.26449,SSO,tiingo
2017-01-06,9.33218,SSO,tiingo
2017-01-09,9.27043,SSO,tiingo
2017-01-10,9.26925,SSO,tiingo
2017-01-11,9.3203,SSO,tiingo
2017-01-12,9.27756,SSO,tiingo
2017-01-13,9.31674,SSO,tiingo
2017-01-17,9.25025,SSO,tiingo
2017-01-18,9.28943,SSO,tiingo
2017-01-19,9.22532,SSO,tiingo
2017-01-20,9.27993,SSO,tiingo
2017-01-23,9.23957,SSO,tiingo
2017-01-24,9.3488,SSO,tiingo
2017-01-25,9.5079,SSO,tiingo
2017-01-26,9.4972,SSO,tiingo
2017-01-27,9.47228,SSO,tiingo
2017-01-30,9.3583,SSO,tiingo
2017-01-31,9.35356,SSO,tiingo
2017-02-01,9.35592,SSO,tiingo
2017-02-02,9.36067,SSO,tiingo
2017-02-03,9.49246,SSO,tiingo
2017-02-06,9.45922,SSO,tiingo
2017-02-07,9.46278,SSO,tiingo
2017-02-08,9.48771,SSO,tiingo
2017-02-09,9.58863,SSO,tiingo
2017-02-10,9.66344,SSO,tiingo
2017-02-13,9.77148,SSO,tiingo
2017-02-14,9.85459,SSO,tiingo
2017-02-15,9.95195,SSO,tiingo
2017-02-16,9.94007,SSO,tiingo
2017-02-17,9.96026,SSO,tiingo
2017-02-21,10.0801,SSO,tiingo
2017-02-22,10.0671,SSO,tiingo
2017-02-23,10.0849,SSO,tiingo
2017-02-24,10.1028,SSO,tiingo
2017-02-27,10.1395,SSO,tiingo
2017-02-28,10.0861,SSO,tiingo
2017-03-01,10.3533,SSO,tiingo
2017-03-02,10.2381,SSO,tiingo
2017-03-03,10.244,SSO,tiingo
2017-03-06,10.181,SSO,tiingo
2017-03-07,10.1252,SSO,tiingo
2017-03-08,10.0801,SSO,tiingo
2017-03-09,10.1063,SSO,tiingo
2017-03-10,10.1693,SSO,tiingo
2017-03-13,10.1846,SSO,tiingo
2017-03-14,10.1111,SSO,tiingo
2017-03-15,10.2772,SSO,tiingo
2017-03-16,10.2428,SSO,tiingo
2017-03-17,10.2037,SSO,tiingo
2017-03-20,10.1772,SSO,tiingo
2017-03-21,9.91752,SSO,tiingo
2017-03-22,9.96487,SSO,tiingo
2017-03-23,9.94111,SSO,tiingo
2017-03-24,9.92922,SSO,tiingo
2017-03-27,9.90306,SSO,tiingo
2017-03-28,10.0445,SSO,tiingo
2017-03-29,10.0695,SSO,tiingo
2017-03-30,10.1241,SSO,tiingo
2017-03-31,10.0837,SSO,tiingo
2017-04-03,10.0469,SSO,tiingo
2017-04-04,10.0635,SSO,tiingo
2017-04-05,9.99935,SSO,tiingo
2017-04-06,10.0457,SSO,tiingo
2017-04-07,10.0278,SSO,tiingo
2017-04-10,10.0398,SSO,tiingo
2017-04-11,10.0172,SSO,tiingo
2017-04-12,9.93397,SSO,tiingo
2017-04-13,9.8068,SSO,tiingo
2017-04-17,9.97325,SSO,tiingo
2017-04-18,9.90783,SSO,tiingo
2017-04-19,9.87454,SSO,tiingo
2017-04-20,10.0278,SSO,tiingo
2017-04-21,9.97205,SSO,tiingo
2017-04-24,10.1835,SSO,tiingo
2017-04-25,10.3001,SSO,tiingo
2017-04-26,10.2941,SSO,tiingo
2017-04-27,10.3072,SSO,tiingo
2017-04-28,10.2704,SSO,tiingo
2017-05-01,10.3131,SSO,tiingo
2017-05-02,10.3203,SSO,tiingo
2017-05-03,10.2953,SSO,tiingo
2017-05-04,10.3155,SSO,tiingo
2017-05-05,10.4047,SSO,tiingo
2017-05-08,10.3975,SSO,tiingo
2017-05-09,10.3761,SSO,tiingo
2017-05-10,10.4083,SSO,tiingo
2017-05-11,10.369,SSO,tiingo
2017-05-12,10.3405,SSO,tiingo
2017-05-15,10.4379,SSO,tiingo
2017-05-16,10.426,SSO,tiingo
2017-05-17,10.06,SSO,tiingo
2017-05-18,10.1312,SSO,tiingo
2017-05-19,10.2656,SSO,tiingo
2017-05-22,10.3666,SSO,tiingo
2017-05-23,10.4118,SSO,tiingo
2017-05-24,10.4582,SSO,tiingo
2017-05-25,10.552,SSO,tiingo
2017-05-26,10.5568,SSO,tiingo
2017-05-30,10.5366,SSO,tiingo
2017-05-31,10.5318,SSO,tiingo
2017-06-01,10.6899,SSO,tiingo
2017-06-02,10.76,SSO,tiingo
2017-06-05,10.7517,SSO,tiingo
2017-06-06,10.6887,SSO,tiingo
2017-06-07,10.7184,SSO,tiingo
2017-06-08,10.7315,SSO,tiingo
2017-06-09,10.697,SSO,tiingo
2017-06-12,10.6899,SSO,tiingo
2017-06-13,10.7909,SSO,tiingo
2017-06-14,10.772,SSO,tiingo
2017-06-15,10.7256,SSO,tiingo
2017-06-16,10.7267,SSO,tiingo
2017-06-19,10.9002,SSO,tiingo
2017-06-20,10.76,SSO,tiingo
2017-06-21,10.7495,SSO,tiingo
2017-06-22,10.7388,SSO,tiingo
2017-06-23,10.7686,SSO,tiingo
2017-06-26,10.7734,SSO,tiingo
2017-06-27,10.608,SSO,tiingo
2017-06-28,10.7852,SSO,tiingo
2017-06-29,10.608,SSO,tiingo
2017-06-30,10.6413,SSO,tiingo
2017-07-03,10.6794,SSO,tiingo
2017-07-05,10.7186,SSO,tiingo
2017-07-06,10.5306,SSO,tiingo
2017-07-07,10.6627,SSO,tiingo
2017-07-10,10.6853,SSO,tiingo
2017-07-11,10.6627,SSO,tiingo
2017-07-12,10.8258,SSO,tiingo
2017-07-13,10.8578,SSO,tiingo
2017-07-14,10.9554,SSO,tiingo
2017-07-17,10.9589,SSO,tiingo
2017-07-18,10.9708,SSO,tiingo
2017-07-19,11.085,SSO,tiingo
2017-07-20,11.0909,SSO,tiingo
2017-07-21,11.0779,SSO,tiingo
2017-07-24,11.0672,SSO,tiingo
2017-07-25,11.1148,SSO,tiingo
2017-07-26,11.1255,SSO,tiingo
2017-07-27,11.1028,SSO,tiingo
2017-07-28,11.072,SSO,tiingo
2017-07-31,11.0613,SSO,tiingo
2017-08-01,11.1028,SSO,tiingo
2017-08-02,11.1136,SSO,tiingo
2017-08-03,11.0791,SSO,tiingo
2017-08-04,11.1136,SSO,tiingo
2017-08-07,11.1504,SSO,tiingo
2017-08-08,11.1028,SSO,tiingo
2017-08-09,11.0897,SSO,tiingo
2017-08-10,10.7863,SSO,tiingo
2017-08-11,10.8078,SSO,tiingo
2017-08-14,11.0255,SSO,tiingo
2017-08-15,11.0231,SSO,tiingo
2017-08-16,11.0577,SSO,tiingo
2017-08-17,10.7151,SSO,tiingo
2017-08-18,10.6782,SSO,tiingo
2017-08-21,10.696,SSO,tiingo
2017-08-22,10.9089,SSO,tiingo
2017-08-23,10.8387,SSO,tiingo
2017-08-24,10.7899,SSO,tiingo
2017-08-25,10.8364,SSO,tiingo
2017-08-28,10.8411,SSO,tiingo
2017-08-29,10.8566,SSO,tiingo
2017-08-30,10.9613,SSO,tiingo
2017-08-31,11.0957,SSO,tiingo
2017-09-01,11.1303,SSO,tiingo
2017-09-05,10.966,SSO,tiingo
2017-09-06,11.0374,SSO,tiingo
2017-09-07,11.0351,SSO,tiingo
2017-09-08,11.0041,SSO,tiingo
2017-09-11,11.2314,SSO,tiingo
2017-09-12,11.3123,SSO,tiingo
2017-09-13,11.3253,SSO,tiingo
2017-09-14,11.317,SSO,tiingo
2017-09-15,11.3503,SSO,tiingo
2017-09-18,11.3943,SSO,tiingo
2017-09-19,11.411,SSO,tiingo
2017-09-20,11.4205,SSO,tiingo
2017-09-21,11.3575,SSO,tiingo
2017-09-22,11.3622,SSO,tiingo
2017-09-25,11.3147,SSO,tiingo
2017-09-26,11.3265,SSO,tiingo
2017-09-27,11.4146,SSO,tiingo
2017-09-28,11.4408,SSO,tiingo
2017-09-29,11.5193,SSO,tiingo
2017-10-02,11.6123,SSO,tiingo
2017-10-03,11.6682,SSO,tiingo
2017-10-04,11.6967,SSO,tiingo
2017-10-05,11.8278,SSO,tiingo
2017-10-06,11.8051,SSO,tiingo
2017-10-09,11.7658,SSO,tiingo
2017-10-10,11.8242,SSO,tiingo
2017-10-11,11.8575,SSO,tiingo
2017-10-12,11.8194,SSO,tiingo
2017-10-13,11.8504,SSO,tiingo
2017-10-16,11.8837,SSO,tiingo
2017-10-17,11.9004,SSO,tiingo
2017-10-18,11.9158,SSO,tiingo
2017-10-19,11.9218,SSO,tiingo
2017-10-20,12.0457,SSO,tiingo
2017-10-23,11.9528,SSO,tiingo
2017-10-24,11.9897,SSO,tiingo
2017-10-25,11.873,SSO,tiingo
2017-10-26,11.9004,SSO,tiingo
2017-10-27,12.091,SSO,tiingo
2017-10-30,12.0051,SSO,tiingo
2017-10-31,12.0409,SSO,tiingo
2017-11-01,12.0731,SSO,tiingo
2017-11-02,12.0802,SSO,tiingo
2017-11-03,12.1563,SSO,tiingo
2017-11-06,12.1886,SSO,tiingo
2017-11-07,12.185,SSO,tiingo
2017-11-08,12.2242,SSO,tiingo
2017-11-09,12.1314,SSO,tiingo
2017-11-10,12.1207,SSO,tiingo
2017-11-13,12.141,SSO,tiingo
2017-11-14,12.085,SSO,tiingo
2017-11-15,11.9623,SSO,tiingo
2017-11-16,12.1575,SSO,tiingo
2017-11-17,12.091,SSO,tiingo
2017-11-20,12.1266,SSO,tiingo
2017-11-21,12.2838,SSO,tiingo
2017-11-22,12.266,SSO,tiingo
2017-11-24,12.3195,SSO,tiingo
2017-11-27,12.31,SSO,tiingo
2017-11-28,12.5494,SSO,tiingo
2017-11-29,12.541,SSO,tiingo
2017-11-30,12.7483,SSO,tiingo
2017-12-01,12.6982,SSO,tiingo
2017-12-04,12.6672,SSO,tiingo
2017-12-05,12.5803,SSO,tiingo
2017-12-06,12.5815,SSO,tiingo
2017-12-07,12.6589,SSO,tiingo
2017-12-08,12.7935,SSO,tiingo
2017-12-11,12.8744,SSO,tiingo
2017-12-12,12.9209,SSO,tiingo
2017-12-13,12.9114,SSO,tiingo
2017-12-14,12.8066,SSO,tiingo
2017-12-15,13.0197,SSO,tiingo
2017-12-18,13.178,SSO,tiingo
2017-12-19,13.0876,SSO,tiingo
2017-12-20,13.0673,SSO,tiingo
2017-12-21,13.1126,SSO,tiingo
2017-12-22,13.1066,SSO,tiingo
2017-12-26,13.0734,SSO,tiingo
2017-12-27,13.0889,SSO,tiingo
2017-12-28,13.1378,SSO,tiingo
2017-12-29,13.0495,SSO,tiingo
2018-01-02,13.226,SSO,tiingo
2018-01-03,13.3846,SSO,tiingo
2018-01-04,13.5039,SSO,tiingo
2018-01-05,13.6733,SSO,tiingo
2018-01-08,13.7245,SSO,tiingo
2018-01-09,13.7865,SSO,tiingo
2018-01-10,13.7424,SSO,tiingo
2018-01-11,13.9344,SSO,tiingo
2018-01-12,14.1193,SSO,tiingo
2018-01-16,14.0215,SSO,tiingo
2018-01-17,14.2921,SSO,tiingo
2018-01-18,14.242,SSO,tiingo
2018-01-19,14.366,SSO,tiingo
2018-01-22,14.5962,SSO,tiingo
2018-01-23,14.6583,SSO,tiingo
2018-01-24,14.6499,SSO,tiingo
2018-01-25,14.6559,SSO,tiingo
2018-01-26,14.991,SSO,tiingo
2018-01-29,14.7906,SSO,tiingo
2018-01-30,14.4783,SSO,tiingo
2018-01-31,14.5068,SSO,tiingo
2018-02-01,14.4687,SSO,tiingo
2018-02-02,13.8401,SSO,tiingo
2018-02-05,12.7156,SSO,tiingo
2018-02-06,13.1759,SSO,tiingo
2018-02-07,13.0233,SSO,tiingo
2018-02-08,12.0609,SSO,tiingo
2018-02-09,12.4271,SSO,tiingo
2018-02-12,12.7645,SSO,tiingo
2018-02-13,12.8373,SSO,tiingo
2018-02-14,13.1855,SSO,tiingo
2018-02-15,13.5123,SSO,tiingo
2018-02-16,13.5207,SSO,tiingo
2018-02-20,13.3584,SSO,tiingo
2018-02-21,13.2106,SSO,tiingo
2018-02-22,13.2403,SSO,tiingo
2018-02-23,13.6673,SSO,tiingo
2018-02-26,13.9868,SSO,tiingo
2018-02-27,13.6339,SSO,tiingo
2018-02-28,13.3358,SSO,tiingo
2018-03-01,12.9744,SSO,tiingo
2018-03-02,13.1068,SSO,tiingo
2018-03-05,13.405,SSO,tiingo
2018-03-06,13.4717,SSO,tiingo
2018-03-07,13.4563,SSO,tiingo
2018-03-08,13.5826,SSO,tiingo
2018-03-09,14.0489,SSO,tiingo
2018-03-12,14.0227,SSO,tiingo
2018-03-13,13.8437,SSO,tiingo
2018-03-14,13.6971,SSO,tiingo
2018-03-15,13.6685,SSO,tiingo
2018-03-16,13.6935,SSO,tiingo
2018-03-19,13.3262,SSO,tiingo
2018-03-20,13.368,SSO,tiingo
2018-03-21,13.3083,SSO,tiingo
2018-03-22,12.6479,SSO,tiingo
2018-03-23,12.1033,SSO,tiingo
2018-03-26,12.7721,SSO,tiingo
2018-03-27,12.3195,SSO,tiingo
2018-03-28,12.2574,SSO,tiingo
2018-03-29,12.5966,SSO,tiingo
2018-04-02,12.0282,SSO,tiingo
2018-04-03,12.3267,SSO,tiingo
2018-04-04,12.6038,SSO,tiingo
2018-04-05,12.7853,SSO,tiingo
2018-04-06,12.2203,SSO,tiingo
2018-04-09,12.3207,SSO,tiingo
2018-04-10,12.7183,SSO,tiingo
2018-04-11,12.5918,SSO,tiingo
2018-04-12,12.7865,SSO,tiingo
2018-04-13,12.7183,SSO,tiingo
2018-04-16,12.9226,SSO,tiingo
2018-04-17,13.1949,SSO,tiingo
2018-04-18,13.2164,SSO,tiingo
2018-04-19,13.0623,SSO,tiingo
2018-04-20,12.8474,SSO,tiingo
2018-04-23,12.839,SSO,tiingo
2018-04-24,12.4975,SSO,tiingo
2018-04-25,12.5524,SSO,tiingo
2018-04-26,12.8008,SSO,tiingo
2018-04-27,12.8294,SSO,tiingo
2018-04-30,12.6217,SSO,tiingo
2018-05-01,12.6766,SSO,tiingo
2018-05-02,12.4999,SSO,tiingo
2018-05-03,12.4426,SSO,tiingo
2018-05-04,12.7637,SSO,tiingo
2018-05-07,12.839,SSO,tiingo
2018-05-08,12.8426,SSO,tiingo
2018-05-09,13.0958,SSO,tiingo
2018-05-10,13.3346,SSO,tiingo
2018-05-11,13.3895,SSO,tiingo
2018-05-14,13.4206,SSO,tiingo
2018-05-15,13.2366,SSO,tiingo
2018-05-16,13.3525,SSO,tiingo
2018-05-17,13.3286,SSO,tiingo
2018-05-18,13.2642,SSO,tiingo
2018-05-21,13.4541,SSO,tiingo
2018-05-22,13.3776,SSO,tiingo
2018-05-23,13.4553,SSO,tiingo
2018-05-24,13.4003,SSO,tiingo
2018-05-25,13.331,SSO,tiingo
2018-05-29,13.0349,SSO,tiingo
2018-05-30,13.3645,SSO,tiingo
2018-05-31,13.1781,SSO,tiingo
2018-06-01,13.4553,SSO,tiingo
2018-06-04,13.5853,SSO,tiingo
2018-06-05,13.6189,SSO,tiingo
2018-06-06,13.8385,SSO,tiingo
2018-06-07,13.8219,SSO,tiingo
2018-06-08,13.9054,SSO,tiingo
2018-06-11,13.9389,SSO,tiingo
2018-06-12,13.983,SSO,tiingo
2018-06-13,13.8733,SSO,tiingo
2018-06-14,13.9532,SSO,tiingo
2018-06-15,13.915,SSO,tiingo
2018-06-18,13.8565,SSO,tiingo
2018-06-19,13.749,SSO,tiingo
2018-06-20,13.7954,SSO,tiingo
2018-06-21,13.6173,SSO,tiingo
2018-06-22,13.6603,SSO,tiingo
2018-06-25,13.2894,SSO,tiingo
2018-06-26,13.3433,SSO,tiingo
2018-06-27,13.1183,SSO,tiingo
2018-06-28,13.2739,SSO,tiingo
2018-06-29,13.3122,SSO,tiingo
2018-07-02,13.3743,SSO,tiingo
2018-07-03,13.2608,SSO,tiingo
2018-07-05,13.4808,SSO,tiingo
2018-07-06,13.695,SSO,tiingo
2018-07-09,13.9485,SSO,tiingo
2018-07-10,14.0394,SSO,tiingo
2018-07-11,13.8457,SSO,tiingo
2018-07-12,14.0861,SSO,tiingo
2018-07-13,14.1077,SSO,tiingo
2018-07-16,14.0813,SSO,tiingo
2018-07-17,14.2057,SSO,tiingo
2018-07-18,14.2583,SSO,tiingo
2018-07-19,14.1519,SSO,tiingo
2018-07-20,14.1173,SSO,tiingo
2018-07-23,14.1675,SSO,tiingo
2018-07-24,14.2991,SSO,tiingo
2018-07-25,14.5598,SSO,tiingo
2018-07-26,14.4713,SSO,tiingo
2018-07-27,14.2788,SSO,tiingo
2018-07-30,14.1185,SSO,tiingo
2018-07-31,14.2559,SSO,tiingo
2018-08-01,14.2213,SSO,tiingo
2018-08-02,14.3553,SSO,tiingo
2018-08-03,14.4939,SSO,tiingo
2018-08-06,14.5981,SSO,tiingo
2018-08-07,14.683,SSO,tiingo
2018-08-08,14.6698,SSO,tiingo
2018-08-09,14.6304,SSO,tiingo
2018-08-10,14.427,SSO,tiingo
2018-08-13,14.3146,SSO,tiingo
2018-08-14,14.5024,SSO,tiingo
2018-08-15,14.2836,SSO,tiingo
2018-08-16,14.5168,SSO,tiingo
2018-08-17,14.6052,SSO,tiingo
2018-08-20,14.6758,SSO,tiingo
2018-08-21,14.7345,SSO,tiingo
2018-08-22,14.7236,SSO,tiingo
2018-08-23,14.6782,SSO,tiingo
2018-08-24,14.854,SSO,tiingo
2018-08-27,15.0825,SSO,tiingo
2018-08-28,15.1004,SSO,tiingo
2018-08-29,15.2655,SSO,tiingo
2018-08-30,15.1316,SSO,tiingo
2018-08-31,15.1328,SSO,tiingo
2018-09-04,15.0885,SSO,tiingo
2018-09-05,14.9929,SSO,tiingo
2018-09-06,14.9078,SSO,tiingo
2018-09-07,14.8421,SSO,tiingo
2018-09-10,14.8924,SSO,tiingo
2018-09-11,15,SSO,tiingo
2018-09-12,15.0048,SSO,tiingo
2018-09-13,15.1686,SSO,tiingo
2018-09-14,15.1771,SSO,tiingo
2018-09-17,15.012,SSO,tiingo
2018-09-18,15.1734,SSO,tiingo
2018-09-19,15.2045,SSO,tiingo
2018-09-20,15.4414,SSO,tiingo
2018-09-21,15.4223,SSO,tiingo
2018-09-24,15.3205,SSO,tiingo
2018-09-25,15.2835,SSO,tiingo
2018-09-26,15.1879,SSO,tiingo
2018-09-27,15.2728,SSO,tiingo
2018-09-28,15.268,SSO,tiingo
2018-10-01,15.3746,SSO,tiingo
2018-10-02,15.3578,SSO,tiingo
2018-10-03,15.3805,SSO,tiingo
2018-10-04,15.1375,SSO,tiingo
2018-10-05,14.9699,SSO,tiingo
2018-10-08,14.9495,SSO,tiingo
2018-10-09,14.9148,SSO,tiingo
2018-10-10,13.957,SSO,tiingo
2018-10-11,13.3452,SSO,tiingo
2018-10-12,13.7211,SSO,tiingo
2018-10-15,13.5703,SSO,tiingo
2018-10-16,14.1509,SSO,tiingo
2018-10-17,14.1509,SSO,tiingo
2018-10-18,13.7487,SSO,tiingo
2018-10-19,13.7223,SSO,tiingo
2018-10-22,13.599,SSO,tiingo
2018-10-23,13.4554,SSO,tiingo
2018-10-24,12.6447,SSO,tiingo
2018-10-25,13.0925,SSO,tiingo
2018-10-26,12.628,SSO,tiingo
2018-10-29,12.4879,SSO,tiingo
2018-10-30,12.8531,SSO,tiingo
2018-10-31,13.1284,SSO,tiingo
2018-11-01,13.3919,SSO,tiingo
2018-11-02,13.2458,SSO,tiingo
2018-11-05,13.3859,SSO,tiingo
2018-11-06,13.5523,SSO,tiingo
2018-11-07,14.1246,SSO,tiingo
2018-11-08,14.0731,SSO,tiingo
2018-11-09,13.8158,SSO,tiingo
2018-11-12,13.2745,SSO,tiingo
2018-11-13,13.2325,SSO,tiingo
2018-11-14,13.0399,SSO,tiingo
2018-11-15,13.3141,SSO,tiingo
2018-11-16,13.3835,SSO,tiingo
2018-11-19,12.9308,SSO,tiingo
2018-11-20,12.4532,SSO,tiingo
2018-11-21,12.531,SSO,tiingo
2018-11-23,12.3753,SSO,tiingo
2018-11-26,12.7561,SSO,tiingo
2018-11-27,12.8399,SSO,tiingo
2018-11-28,13.4182,SSO,tiingo
2018-11-29,13.3738,SSO,tiingo
2018-11-30,13.5415,SSO,tiingo
2018-12-03,13.8863,SSO,tiingo
2018-12-04,13.0039,SSO,tiingo
2018-12-06,12.9645,SSO,tiingo
2018-12-07,12.3454,SSO,tiingo
2018-12-10,12.3778,SSO,tiingo
2018-12-11,12.3886,SSO,tiingo
2018-12-12,12.5153,SSO,tiingo
2018-12-13,12.5059,SSO,tiingo
2018-12-14,12.0341,SSO,tiingo
2018-12-17,11.5492,SSO,tiingo
2018-12-18,11.5349,SSO,tiingo
2018-12-19,11.1841,SSO,tiingo
2018-12-20,10.8261,SSO,tiingo
2018-12-21,10.3675,SSO,tiingo
2018-12-24,9.79515,SSO,tiingo
2018-12-26,10.7827,SSO,tiingo
2018-12-27,10.9952,SSO,tiingo
2018-12-28,10.9412,SSO,tiingo
2018-12-31,11.1415,SSO,tiingo
2019-01-02,11.1548,SSO,tiingo
2019-01-03,10.6038,SSO,tiingo
2019-01-04,11.3349,SSO,tiingo
2019-01-07,11.4993,SSO,tiingo
2019-01-08,11.7106,SSO,tiingo
2019-01-09,11.8186,SSO,tiingo
2019-01-10,11.9099,SSO,tiingo
2019-01-11,11.905,SSO,tiingo
2019-01-14,11.7718,SSO,tiingo
2019-01-15,12.0407,SSO,tiingo
2019-01-16,12.0876,SSO,tiingo
2019-01-17,12.2652,SSO,tiingo
2019-01-18,12.5892,SSO,tiingo
2019-01-22,12.2628,SSO,tiingo
2019-01-23,12.2952,SSO,tiingo
2019-01-24,12.3156,SSO,tiingo
2019-01-25,12.5184,SSO,tiingo
2019-01-28,12.3384,SSO,tiingo
2019-01-29,12.294,SSO,tiingo
2019-01-30,12.6817,SSO,tiingo
2019-01-31,12.8941,SSO,tiingo
2019-02-01,12.9205,SSO,tiingo
2019-02-04,13.1019,SSO,tiingo
2019-02-05,13.2075,SSO,tiingo
2019-02-06,13.1631,SSO,tiingo
2019-02-07,12.9145,SSO,tiingo
2019-02-08,12.9409,SSO,tiingo
2019-02-11,12.9554,SSO,tiingo
2019-02-12,13.2926,SSO,tiingo
2019-02-13,13.3695,SSO,tiingo
2019-02-14,13.3047,SSO,tiingo
2019-02-15,13.5951,SSO,tiingo
2019-02-19,13.6455,SSO,tiingo
2019-02-20,13.6948,SSO,tiingo
2019-02-21,13.5951,SSO,tiingo
2019-02-22,13.7608,SSO,tiingo
2019-02-25,13.8088,SSO,tiingo
2019-02-26,13.774,SSO,tiingo
2019-02-27,13.7644,SSO,tiingo
2019-02-28,13.6948,SSO,tiingo
2019-03-01,13.8892,SSO,tiingo
2019-03-04,13.7752,SSO,tiingo
2019-03-05,13.7355,SSO,tiingo
2019-03-06,13.5604,SSO,tiingo
2019-03-07,13.3371,SSO,tiingo
2019-03-08,13.2819,SSO,tiingo
2019-03-11,13.6732,SSO,tiingo
2019-03-12,13.7596,SSO,tiingo
2019-03-13,13.948,SSO,tiingo
2019-03-14,13.9289,SSO,tiingo
2019-03-15,14.0632,SSO,tiingo
2019-03-18,14.169,SSO,tiingo
2019-03-19,14.1726,SSO,tiingo
2019-03-20,14.0669,SSO,tiingo
2019-03-21,14.3892,SSO,tiingo
2019-03-22,13.8335,SSO,tiingo
2019-03-25,13.818,SSO,tiingo
2019-03-26,14.0128,SSO,tiingo
2019-03-27,13.8721,SSO,tiingo
2019-03-28,13.9851,SSO,tiingo
2019-03-29,14.1668,SSO,tiingo
2019-04-01,14.4842,SSO,tiingo
2019-04-02,14.495,SSO,tiingo
2019-04-03,14.5479,SSO,tiingo
2019-04-04,14.6153,SSO,tiingo
2019-04-05,14.7404,SSO,tiingo
2019-04-08,14.7741,SSO,tiingo
2019-04-09,14.6165,SSO,tiingo
2019-04-10,14.7115,SSO,tiingo
2019-04-11,14.7043,SSO,tiingo
2019-04-12,14.9014,SSO,tiingo
2019-04-15,14.8823,SSO,tiingo
2019-04-16,14.8967,SSO,tiingo
2019-04-17,14.8258,SSO,tiingo
2019-04-18,14.8763,SSO,tiingo
2019-04-22,14.8979,SSO,tiingo
2019-04-23,15.1697,SSO,tiingo
2019-04-24,15.1011,SSO,tiingo
2019-04-25,15.0747,SSO,tiingo
2019-04-26,15.2178,SSO,tiingo
2019-04-29,15.2562,SSO,tiingo
2019-04-30,15.2598,SSO,tiingo
2019-05-01,15.0494,SSO,tiingo
2019-05-02,14.9773,SSO,tiingo
2019-05-03,15.2586,SSO,tiingo
2019-05-06,15.1325,SSO,tiingo
2019-05-07,14.6285,SSO,tiingo
2019-05-08,14.5877,SSO,tiingo
2019-05-09,14.4914,SSO,tiingo
2019-05-10,14.6213,SSO,tiingo
2019-05-13,13.9009,SSO,tiingo
2019-05-14,14.1499,SSO,tiingo
2019-05-15,14.3038,SSO,tiingo
2019-05-16,14.5708,SSO,tiingo
2019-05-17,14.3879,SSO,tiingo
2019-05-20,14.1992,SSO,tiingo
2019-05-21,14.4433,SSO,tiingo
2019-05-22,14.3604,SSO,tiingo
2019-05-23,14.0067,SSO,tiingo
2019-05-24,14.0561,SSO,tiingo
2019-05-28,13.7951,SSO,tiingo
2019-05-29,13.6172,SSO,tiingo
2019-05-30,13.676,SSO,tiingo
2019-05-31,13.3105,SSO,tiingo
2019-06-03,13.2359,SSO,tiingo
2019-06-04,13.8084,SSO,tiingo
2019-06-05,14.0465,SSO,tiingo
2019-06-06,14.2317,SSO,tiingo
2019-06-07,14.5095,SSO,tiingo
2019-06-10,14.6514,SSO,tiingo
2019-06-11,14.6405,SSO,tiingo
2019-06-12,14.5888,SSO,tiingo
2019-06-13,14.7164,SSO,tiingo
2019-06-14,14.6646,SSO,tiingo
2019-06-17,14.6875,SSO,tiingo
2019-06-18,14.97,SSO,tiingo
2019-06-19,15.0566,SSO,tiingo
2019-06-20,15.3308,SSO,tiingo
2019-06-21,15.2924,SSO,tiingo
2019-06-24,15.2539,SSO,tiingo
2019-06-25,14.9491,SSO,tiingo
2019-06-26,14.9117,SSO,tiingo
2019-06-27,15.0262,SSO,tiingo
2019-06-28,15.1866,SSO,tiingo
2019-07-01,15.4384,SSO,tiingo
2019-07-02,15.5216,SSO,tiingo
2019-07-03,15.7614,SSO,tiingo
2019-07-05,15.7229,SSO,tiingo
2019-07-08,15.5482,SSO,tiingo
2019-07-09,15.5988,SSO,tiingo
2019-07-10,15.7313,SSO,tiingo
2019-07-11,15.8012,SSO,tiingo
2019-07-12,15.9482,SSO,tiingo
2019-07-15,15.9567,SSO,tiingo
2019-07-16,15.8483,SSO,tiingo
2019-07-17,15.63,SSO,tiingo
2019-07-18,15.7445,SSO,tiingo
2019-07-19,15.5649,SSO,tiingo
2019-07-22,15.6397,SSO,tiingo
2019-07-23,15.8601,SSO,tiingo
2019-07-24,16.0049,SSO,tiingo
2019-07-25,15.8519,SSO,tiingo
2019-07-26,16.0627,SSO,tiingo
2019-07-29,16.0096,SSO,tiingo
2019-07-30,15.9301,SSO,tiingo
2019-07-31,15.5685,SSO,tiingo
2019-08-01,15.2914,SSO,tiingo
2019-08-02,15.0938,SSO,tiingo
2019-08-05,14.1874,SSO,tiingo
2019-08-06,14.5562,SSO,tiingo
2019-08-07,14.5647,SSO,tiingo
2019-08-08,15.1215,SSO,tiingo
2019-08-09,14.9262,SSO,tiingo
2019-08-12,14.5671,SSO,tiingo
2019-08-13,15.0045,SSO,tiingo
2019-08-14,14.126,SSO,tiingo
2019-08-15,14.2019,SSO,tiingo
2019-08-16,14.6177,SSO,tiingo
2019-08-19,14.9708,SSO,tiingo
2019-08-20,14.7334,SSO,tiingo
2019-08-21,14.9659,SSO,tiingo
2019-08-22,14.9527,SSO,tiingo
2019-08-23,14.1814,SSO,tiingo
2019-08-26,14.4923,SSO,tiingo
2019-08-27,14.3779,SSO,tiingo
2019-08-28,14.5792,SSO,tiingo
2019-08-29,14.9539,SSO,tiingo
2019-08-30,14.9395,SSO,tiingo
2019-09-03,14.7647,SSO,tiingo
2019-09-04,15.0913,SSO,tiingo
2019-09-05,15.4867,SSO,tiingo
2019-09-06,15.507,SSO,tiingo
2019-09-09,15.5179,SSO,tiingo
2019-09-10,15.5203,SSO,tiingo
2019-09-11,15.7325,SSO,tiingo
2019-09-12,15.8422,SSO,tiingo
2019-09-13,15.8144,SSO,tiingo
2019-09-16,15.7156,SSO,tiingo
2019-09-17,15.7904,SSO,tiingo
2019-09-18,15.8132,SSO,tiingo
2019-09-19,15.8036,SSO,tiingo
2019-09-20,15.6409,SSO,tiingo
2019-09-23,15.6445,SSO,tiingo
2019-09-24,15.395,SSO,tiingo
2019-09-25,15.5685,SSO,tiingo
2019-09-26,15.5119,SSO,tiingo
2019-09-27,15.3408,SSO,tiingo
2019-09-30,15.4806,SSO,tiingo
2019-10-01,15.113,SSO,tiingo
2019-10-02,14.5816,SSO,tiingo
2019-10-03,14.8045,SSO,tiingo
2019-10-04,15.2033,SSO,tiingo
2019-10-07,15.0792,SSO,tiingo
2019-10-08,14.608,SSO,tiingo
2019-10-09,14.8732,SSO,tiingo
2019-10-10,15.0757,SSO,tiingo
2019-10-11,15.3938,SSO,tiingo
2019-10-14,15.3661,SSO,tiingo
2019-10-15,15.6626,SSO,tiingo
2019-10-16,15.6096,SSO,tiingo
2019-10-17,15.6903,SSO,tiingo
2019-10-18,15.5564,SSO,tiingo
2019-10-21,15.7771,SSO,tiingo
2019-10-22,15.6602,SSO,tiingo
2019-10-23,15.753,SSO,tiingo
2019-10-24,15.8071,SSO,tiingo
2019-10-25,15.9362,SSO,tiingo
2019-10-28,16.1157,SSO,tiingo
2019-10-29,16.0976,SSO,tiingo
2019-10-30,16.1989,SSO,tiingo
2019-10-31,16.1001,SSO,tiingo
2019-11-01,16.4098,SSO,tiingo
2019-11-04,16.5254,SSO,tiingo
2019-11-05,16.4906,SSO,tiingo
2019-11-06,16.5014,SSO,tiingo
2019-11-07,16.6135,SSO,tiingo
2019-11-08,16.6942,SSO,tiingo
2019-11-11,16.6292,SSO,tiingo
2019-11-12,16.6882,SSO,tiingo
2019-11-13,16.7014,SSO,tiingo
2019-11-14,16.7461,SSO,tiingo
2019-11-15,16.9906,SSO,tiingo
2019-11-18,17.0088,SSO,tiingo
2019-11-19,16.9931,SSO,tiingo
2019-11-20,16.8749,SSO,tiingo
2019-11-21,16.8196,SSO,tiingo
2019-11-22,16.8882,SSO,tiingo
2019-11-25,17.1462,SSO,tiingo
2019-11-26,17.2258,SSO,tiingo
2019-11-27,17.374,SSO,tiingo
2019-11-29,17.2377,SSO,tiingo
2019-12-02,16.9509,SSO,tiingo
2019-12-03,16.7147,SSO,tiingo
2019-12-04,16.928,SSO,tiingo
2019-12-05,16.9859,SSO,tiingo
2019-12-06,17.2883,SSO,tiingo
2019-12-09,17.1859,SSO,tiingo
2019-12-10,17.1389,SSO,tiingo
2019-12-11,17.2365,SSO,tiingo
2019-12-12,17.5294,SSO,tiingo
2019-12-13,17.5511,SSO,tiingo
2019-12-16,17.7909,SSO,tiingo
2019-12-17,17.7969,SSO,tiingo
2019-12-18,17.8006,SSO,tiingo
2019-12-19,17.9416,SSO,tiingo
2019-12-20,18.1235,SSO,tiingo
2019-12-23,18.1525,SSO,tiingo
2019-12-24,18.1547,SSO,tiingo
2019-12-26,18.3334,SSO,tiingo
2019-12-27,18.3262,SSO,tiingo
2019-12-30,18.1306,SSO,tiingo
2019-12-31,18.2115,SSO,tiingo
2020-01-02,18.5387,SSO,tiingo
2020-01-03,18.2634,SSO,tiingo
2020-01-06,18.401,SSO,tiingo
2020-01-07,18.2936,SSO,tiingo
2020-01-08,18.4796,SSO,tiingo
2020-01-09,18.733,SSO,tiingo
2020-01-10,18.6232,SSO,tiingo
2020-01-13,18.8767,SSO,tiingo
2020-01-14,18.8224,SSO,tiingo
2020-01-15,18.8996,SSO,tiingo
2020-01-16,19.2111,SSO,tiingo
2020-01-17,19.344,SSO,tiingo
2020-01-21,19.2547,SSO,tiingo
2020-01-22,19.2666,SSO,tiingo
2020-01-23,19.3005,SSO,tiingo
2020-01-24,18.9468,SSO,tiingo
2020-01-27,18.3442,SSO,tiingo
2020-01-28,18.727,SSO,tiingo
2020-01-29,18.6981,SSO,tiingo
2020-01-30,18.8042,SSO,tiingo
2020-01-31,18.1318,SSO,tiingo
2020-02-03,18.4022,SSO,tiingo
2020-02-04,18.9576,SSO,tiingo
2020-02-05,19.3934,SSO,tiingo
2020-02-06,19.525,SSO,tiingo
2020-02-07,19.3113,SSO,tiingo
2020-02-10,19.6024,SSO,tiingo
2020-02-11,19.6628,SSO,tiingo
2020-02-12,19.9138,SSO,tiingo
2020-02-13,19.8703,SSO,tiingo
2020-02-14,19.9282,SSO,tiingo
2020-02-18,19.8244,SSO,tiingo
2020-02-19,20.008,SSO,tiingo
2020-02-20,19.8475,SSO,tiingo
2020-02-21,19.4273,SSO,tiingo
2020-02-24,18.1101,SSO,tiingo
2020-02-25,17.044,SSO,tiingo
2020-02-26,16.9148,SSO,tiingo
2020-02-27,15.3899,SSO,tiingo
2020-02-28,15.3283,SSO,tiingo
2020-03-02,16.5683,SSO,tiingo
2020-03-03,15.6362,SSO,tiingo
2020-03-04,16.9316,SSO,tiingo
2020-03-05,15.8004,SSO,tiingo
2020-03-06,15.2861,SSO,tiingo
2020-03-09,12.9065,SSO,tiingo
2020-03-10,14.2297,SSO,tiingo
2020-03-11,12.817,SSO,tiingo
2020-03-12,10.3698,SSO,tiingo
2020-03-13,12.281,SSO,tiingo
2020-03-16,9.4124,SSO,tiingo
2020-03-17,10.5823,SSO,tiingo
2020-03-18,9.49691,SSO,tiingo
2020-03-19,9.49088,SSO,tiingo
2020-03-20,8.63004,SSO,tiingo
2020-03-23,8.13504,SSO,tiingo
2020-03-24,9.67197,SSO,tiingo
2020-03-25,9.94333,SSO,tiingo
2020-03-26,11.1149,SSO,tiingo
2020-03-27,10.4274,SSO,tiingo
2020-03-30,11.1064,SSO,tiingo
2020-03-31,10.7603,SSO,tiingo
2020-04-01,9.79205,SSO,tiingo
2020-04-02,10.2519,SSO,tiingo
2020-04-03,9.95906,SSO,tiingo
2020-04-06,11.3049,SSO,tiingo
2020-04-07,11.3157,SSO,tiingo
2020-04-08,12.077,SSO,tiingo
2020-04-09,12.4365,SSO,tiingo
2020-04-13,12.2065,SSO,tiingo
2020-04-14,12.9362,SSO,tiingo
2020-04-15,12.3808,SSO,tiingo
2020-04-16,12.5079,SSO,tiingo
2020-04-17,13.177,SSO,tiingo
2020-04-20,12.7111,SSO,tiingo
2020-04-21,11.9257,SSO,tiingo
2020-04-22,12.4666,SSO,tiingo
2020-04-23,12.4593,SSO,tiingo
2020-04-24,12.8164,SSO,tiingo
2020-04-27,13.1843,SSO,tiingo
2020-04-28,13.0561,SSO,tiingo
2020-04-29,13.7374,SSO,tiingo
2020-04-30,13.47,SSO,tiingo
2020-05-01,12.7571,SSO,tiingo
2020-05-04,12.8394,SSO,tiingo
2020-05-05,13.0718,SSO,tiingo
2020-05-06,12.8927,SSO,tiingo
2020-05-07,13.2013,SSO,tiingo
2020-05-08,13.6382,SSO,tiingo
2020-05-11,13.649,SSO,tiingo
2020-05-12,13.0875,SSO,tiingo
2020-05-13,12.6324,SSO,tiingo
2020-05-14,12.9386,SSO,tiingo
2020-05-15,13.0549,SSO,tiingo
2020-05-18,13.8524,SSO,tiingo
2020-05-19,13.5693,SSO,tiingo
2020-05-20,14.0243,SSO,tiingo
2020-05-21,13.8162,SSO,tiingo
2020-05-22,13.8743,SSO,tiingo
2020-05-26,14.2313,SSO,tiingo
2020-05-27,14.6402,SSO,tiingo
2020-05-28,14.5919,SSO,tiingo
2020-05-29,14.7032,SSO,tiingo
2020-06-01,14.8388,SSO,tiingo
2020-06-02,15.0844,SSO,tiingo
2020-06-03,15.4887,SSO,tiingo
2020-06-04,15.3931,SSO,tiingo
2020-06-05,16.1894,SSO,tiingo
2020-06-08,16.5936,SSO,tiingo
2020-06-09,16.3406,SSO,tiingo
2020-06-10,16.1507,SSO,tiingo
2020-06-11,14.2821,SSO,tiingo
2020-06-12,14.6355,SSO,tiingo
2020-06-15,14.8956,SSO,tiingo
2020-06-16,15.4705,SSO,tiingo
2020-06-17,15.341,SSO,tiingo
2020-06-18,15.3495,SSO,tiingo
2020-06-19,15.1692,SSO,tiingo
2020-06-22,15.3821,SSO,tiingo
2020-06-23,15.5092,SSO,tiingo
2020-06-24,14.7262,SSO,tiingo
2020-06-25,15.0263,SSO,tiingo
2020-06-26,14.3256,SSO,tiingo
2020-06-29,14.7408,SSO,tiingo
2020-06-30,15.1377,SSO,tiingo
2020-07-01,15.3301,SSO,tiingo
2020-07-02,15.4911,SSO,tiingo
2020-07-06,15.9703,SSO,tiingo
2020-07-07,15.6363,SSO,tiingo
2020-07-08,15.8783,SSO,tiingo
2020-07-09,15.6993,SSO,tiingo
2020-07-10,16.0212,SSO,tiingo
2020-07-13,15.7501,SSO,tiingo
2020-07-14,16.1459,SSO,tiingo
2020-07-15,16.4544,SSO,tiingo
2020-07-16,16.3418,SSO,tiingo
2020-07-17,16.4241,SSO,tiingo
2020-07-20,16.7013,SSO,tiingo
2020-07-21,16.7582,SSO,tiingo
2020-07-22,16.9482,SSO,tiingo
2020-07-23,16.5537,SSO,tiingo
2020-07-24,16.337,SSO,tiingo
2020-07-27,16.5671,SSO,tiingo
2020-07-28,16.3648,SSO,tiingo
2020-07-29,16.7582,SSO,tiingo
2020-07-30,16.642,SSO,tiingo
2020-07-31,16.9071,SSO,tiingo
2020-08-03,17.1406,SSO,tiingo
2020-08-04,17.2678,SSO,tiingo
2020-08-05,17.4855,SSO,tiingo
2020-08-06,17.7191,SSO,tiingo
2020-08-07,17.7397,SSO,tiingo
2020-08-10,17.8449,SSO,tiingo
2020-08-11,17.5545,SSO,tiingo
2020-08-12,18.0375,SSO,tiingo
2020-08-13,17.9782,SSO,tiingo
2020-08-14,17.9769,SSO,tiingo
2020-08-17,18.0906,SSO,tiingo
2020-08-18,18.1609,SSO,tiingo
2020-08-19,18.0229,SSO,tiingo
2020-08-20,18.1294,SSO,tiingo
2020-08-21,18.2504,SSO,tiingo
2020-08-24,18.628,SSO,tiingo
2020-08-25,18.7587,SSO,tiingo
2020-08-26,19.1315,SSO,tiingo
2020-08-27,19.2161,SSO,tiingo
2020-08-28,19.4558,SSO,tiingo
2020-08-31,19.3226,SSO,tiingo
2020-09-01,19.6809,SSO,tiingo
2020-09-02,20.2498,SSO,tiingo
2020-09-03,18.8603,SSO,tiingo
2020-09-04,18.5433,SSO,tiingo
2020-09-08,17.5316,SSO,tiingo
2020-09-09,18.2238,SSO,tiingo
2020-09-10,17.5825,SSO,tiingo
2020-09-11,17.5993,SSO,tiingo
2020-09-14,18.0568,SSO,tiingo
2020-09-15,18.2479,SSO,tiingo
2020-09-16,18.1003,SSO,tiingo
2020-09-17,17.7929,SSO,tiingo
2020-09-18,17.3742,SSO,tiingo
2020-09-21,16.987,SSO,tiingo
2020-09-22,17.3306,SSO,tiingo
2020-09-23,16.5246,SSO,tiingo
2020-09-24,16.6118,SSO,tiingo
2020-09-25,17.1467,SSO,tiingo
2020-09-28,17.7228,SSO,tiingo
2020-09-29,17.5316,SSO,tiingo
2020-09-30,17.7833,SSO,tiingo
2020-10-01,18.0205,SSO,tiingo
2020-10-02,17.6695,SSO,tiingo
2020-10-05,18.2964,SSO,tiingo
2020-10-06,17.7736,SSO,tiingo
2020-10-07,18.3933,SSO,tiingo
2020-10-08,18.7152,SSO,tiingo
2020-10-09,19.0564,SSO,tiingo
2020-10-12,19.6664,SSO,tiingo
2020-10-13,19.405,SSO,tiingo
2020-10-14,19.1726,SSO,tiingo
2020-10-15,19.1121,SSO,tiingo
2020-10-16,19.0928,SSO,tiingo
2020-10-19,18.507,SSO,tiingo
2020-10-20,18.6498,SSO,tiingo
2020-10-21,18.5821,SSO,tiingo
2020-10-22,18.7902,SSO,tiingo
2020-10-23,18.9087,SSO,tiingo
2020-10-26,18.219,SSO,tiingo
2020-10-27,18.0883,SSO,tiingo
2020-10-28,16.8587,SSO,tiingo
2020-10-29,17.1951,SSO,tiingo
2020-10-30,16.8271,SSO,tiingo
2020-11-02,17.2072,SSO,tiingo
2020-11-03,17.8099,SSO,tiingo
2020-11-04,18.6062,SSO,tiingo
2020-11-05,19.3348,SSO,tiingo
2020-11-06,19.3324,SSO,tiingo
2020-11-09,19.8164,SSO,tiingo
2020-11-10,19.7511,SSO,tiingo
2020-11-11,20.0415,SSO,tiingo
2020-11-12,19.6592,SSO,tiingo
2020-11-13,20.2014,SSO,tiingo
2020-11-16,20.6951,SSO,tiingo
2020-11-17,20.4845,SSO,tiingo
2020-11-18,19.9786,SSO,tiingo
2020-11-19,20.1408,SSO,tiingo
2020-11-20,19.8697,SSO,tiingo
2020-11-23,20.1142,SSO,tiingo
2020-11-24,20.7532,SSO,tiingo
2020-11-25,20.6926,SSO,tiingo
2020-11-27,20.8065,SSO,tiingo
2020-11-30,20.6153,SSO,tiingo
2020-12-01,21.0679,SSO,tiingo
2020-12-02,21.1526,SSO,tiingo
2020-12-03,21.1429,SSO,tiingo
2020-12-04,21.5035,SSO,tiingo
2020-12-07,21.4237,SSO,tiingo
2020-12-08,21.5374,SSO,tiingo
2020-12-09,21.155,SSO,tiingo
2020-12-10,21.1429,SSO,tiingo
2020-12-11,21.08,SSO,tiingo
2020-12-14,20.896,SSO,tiingo
2020-12-15,21.4576,SSO,tiingo
2020-12-16,21.5277,SSO,tiingo
2020-12-17,21.7746,SSO,tiingo
2020-12-18,21.6222,SSO,tiingo
2020-12-21,21.4454,SSO,tiingo
2020-12-22,21.368,SSO,tiingo
2020-12-23,21.3981,SSO,tiingo
2020-12-24,21.5628,SSO,tiingo
2020-12-28,21.9384,SSO,tiingo
2020-12-29,21.8608,SSO,tiingo
2020-12-30,21.9117,SSO,tiingo
2020-12-31,22.1322,SSO,tiingo
2021-01-04,21.5289,SSO,tiingo
2021-01-05,21.8197,SSO,tiingo
2021-01-06,22.0837,SSO,tiingo
2021-01-07,22.733,SSO,tiingo
2021-01-08,22.9996,SSO,tiingo
2021-01-11,22.6846,SSO,tiingo
2021-01-12,22.687,SSO,tiingo
2021-01-13,22.8154,SSO,tiingo
2021-01-14,22.6459,SSO,tiingo
2021-01-15,22.3163,SSO,tiingo
2021-01-19,22.67,SSO,tiingo
2021-01-20,23.2903,SSO,tiingo
2021-01-21,23.3363,SSO,tiingo
2021-01-22,23.1667,SSO,tiingo
2021-01-25,23.346,SSO,tiingo
2021-01-26,23.2757,SSO,tiingo
2021-01-27,22.1322,SSO,tiingo
2021-01-28,22.498,SSO,tiingo
2021-01-29,21.6234,SSO,tiingo
2021-02-01,22.3236,SSO,tiingo
2021-02-02,22.9584,SSO,tiingo
2021-02-03,23.002,SSO,tiingo
2021-02-04,23.5204,SSO,tiingo
2021-02-05,23.6997,SSO,tiingo
2021-02-08,24.0413,SSO,tiingo
2021-02-09,24.0026,SSO,tiingo
2021-02-10,23.9953,SSO,tiingo
2021-02-11,24.0705,SSO,tiingo
2021-02-12,24.3103,SSO,tiingo
2021-02-16,24.2667,SSO,tiingo
2021-02-17,24.2811,SSO,tiingo
2021-02-18,24.068,SSO,tiingo
2021-02-19,23.9614,SSO,tiingo
2021-02-22,23.615,SSO,tiingo
2021-02-23,23.6659,SSO,tiingo
2021-02-24,24.1818,SSO,tiingo
2021-02-25,23.0213,SSO,tiingo
2021-02-26,22.7669,SSO,tiingo
2021-03-01,23.8742,SSO,tiingo
2021-03-02,23.5035,SSO,tiingo
2021-03-03,22.8833,SSO,tiingo
2021-03-04,22.3138,SSO,tiingo
2021-03-05,23.1304,SSO,tiingo
2021-03-08,22.9026,SSO,tiingo
2021-03-09,23.5496,SSO,tiingo
2021-03-10,23.8427,SSO,tiingo
2021-03-11,24.3321,SSO,tiingo
2021-03-12,24.4023,SSO,tiingo
2021-03-15,24.6954,SSO,tiingo
2021-03-16,24.6349,SSO,tiingo
2021-03-17,24.7755,SSO,tiingo
2021-03-18,24.0559,SSO,tiingo
2021-03-19,23.9614,SSO,tiingo
2021-03-22,24.3514,SSO,tiingo
2021-03-23,23.9711,SSO,tiingo
2021-03-24,23.731,SSO,tiingo
2021-03-25,23.9879,SSO,tiingo
2021-03-26,24.7565,SSO,tiingo
2021-03-29,24.7323,SSO,tiingo
2021-03-30,24.6013,SSO,tiingo
2021-03-31,24.805,SSO,tiingo
2021-04-01,25.3239,SSO,tiingo
2021-04-05,26.0513,SSO,tiingo
2021-04-06,26.0221,SSO,tiingo
2021-04-07,26.0851,SSO,tiingo
2021-04-08,26.3276,SSO,tiingo
2021-04-09,26.7107,SSO,tiingo
2021-04-12,26.7349,SSO,tiingo
2021-04-13,26.8828,SSO,tiingo
2021-04-14,26.7132,SSO,tiingo
2021-04-15,27.2755,SSO,tiingo
2021-04-16,27.4671,SSO,tiingo
2021-04-19,27.2004,SSO,tiingo
2021-04-20,26.7931,SSO,tiingo
2021-04-21,27.2925,SSO,tiingo
2021-04-22,26.8004,SSO,tiingo
2021-04-23,27.3751,SSO,tiingo
2021-04-26,27.4914,SSO,tiingo
2021-04-27,27.4744,SSO,tiingo
2021-04-28,27.4404,SSO,tiingo
2021-04-29,27.7968,SSO,tiingo
2021-04-30,27.4356,SSO,tiingo
2021-05-03,27.5471,SSO,tiingo
2021-05-04,27.2077,SSO,tiingo
2021-05-05,27.2198,SSO,tiingo
2021-05-06,27.6635,SSO,tiingo
2021-05-07,28.0489,SSO,tiingo
2021-05-10,27.5132,SSO,tiingo
2021-05-11,27.0258,SSO,tiingo
2021-05-12,25.8669,SSO,tiingo
2021-05-13,26.4804,SSO,tiingo
2021-05-14,27.2877,SSO,tiingo
2021-05-17,27.1592,SSO,tiingo
2021-05-18,26.684,SSO,tiingo
2021-05-19,26.5506,SSO,tiingo
2021-05-20,27.1107,SSO,tiingo
2021-05-21,27.0768,SSO,tiingo
2021-05-24,27.6151,SSO,tiingo
2021-05-25,27.501,SSO,tiingo
2021-05-26,27.6029,SSO,tiingo
2021-05-27,27.6198,SSO,tiingo
2021-05-28,27.7338,SSO,tiingo
2021-06-01,27.678,SSO,tiingo
2021-06-02,27.7751,SSO,tiingo
2021-06-03,27.5665,SSO,tiingo
2021-06-04,28.0587,SSO,tiingo
2021-06-07,28.0151,SSO,tiingo
2021-06-08,28.0175,SSO,tiingo
2021-06-09,27.9253,SSO,tiingo
2021-06-10,28.1824,SSO,tiingo
2021-06-11,28.2793,SSO,tiingo
2021-06-14,28.4175,SSO,tiingo
2021-06-15,28.306,SSO,tiingo
2021-06-16,27.9835,SSO,tiingo
2021-06-17,27.9569,SSO,tiingo
2021-06-18,27.2101,SSO,tiingo
2021-06-21,27.9787,SSO,tiingo
2021-06-22,28.273,SSO,tiingo
2021-06-23,28.2075,SSO,tiingo
2021-06-24,28.5374,SSO,tiingo
2021-06-25,28.7363,SSO,tiingo
2021-06-28,28.855,SSO,tiingo
2021-06-29,28.8866,SSO,tiingo
2021-06-30,28.9448,SSO,tiingo
2021-07-01,29.2529,SSO,tiingo
2021-07-02,29.704,SSO,tiingo
2021-07-06,29.5875,SSO,tiingo
2021-07-07,29.7961,SSO,tiingo
2021-07-08,29.3134,SSO,tiingo
2021-07-09,29.9174,SSO,tiingo
2021-07-12,30.1527,SSO,tiingo
2021-07-13,29.9441,SSO,tiingo
2021-07-14,30.0192,SSO,tiingo
2021-07-15,29.8179,SSO,tiingo
2021-07-16,29.3475,SSO,tiingo
2021-07-19,28.4718,SSO,tiingo
2021-07-20,29.2916,SSO,tiingo
2021-07-21,29.7694,SSO,tiingo
2021-07-22,29.9028,SSO,tiingo
2021-07-23,30.4922,SSO,tiingo
2021-07-26,30.6475,SSO,tiingo
2021-07-27,30.3661,SSO,tiingo
2021-07-28,30.3394,SSO,tiingo
2021-07-29,30.5892,SSO,tiingo
2021-07-30,30.2958,SSO,tiingo
2021-08-02,30.1696,SSO,tiingo
2021-08-03,30.6572,SSO,tiingo
2021-08-04,30.354,SSO,tiingo
2021-08-05,30.7396,SSO,tiingo
2021-08-06,30.8366,SSO,tiingo
2021-08-09,30.7905,SSO,tiingo
2021-08-10,30.8511,SSO,tiingo
2021-08-11,31.0089,SSO,tiingo
2021-08-12,31.1834,SSO,tiingo
2021-08-13,31.3047,SSO,tiingo
2021-08-16,31.4551,SSO,tiingo
2021-08-17,31.05,SSO,tiingo
2021-08-18,30.3589,SSO,tiingo
2021-08-19,30.4339,SSO,tiingo
2021-08-20,30.9312,SSO,tiingo
2021-08-23,31.477,SSO,tiingo
2021-08-24,31.5691,SSO,tiingo
2021-08-25,31.7098,SSO,tiingo
2021-08-26,31.3339,SSO,tiingo
2021-08-27,31.8844,SSO,tiingo
2021-08-30,32.1657,SSO,tiingo
2021-08-31,32.0906,SSO,tiingo
2021-09-01,32.1075,SSO,tiingo
2021-09-02,32.2991,SSO,tiingo
2021-09-03,32.287,SSO,tiingo
2021-09-07,32.0541,SSO,tiingo
2021-09-08,31.979,SSO,tiingo
2021-09-09,31.6927,SSO,tiingo
2021-09-10,31.2052,SSO,tiingo
2021-09-13,31.3386,SSO,tiingo
2021-09-14,31.0113,SSO,tiingo
2021-09-15,31.5157,SSO,tiingo
2021-09-16,31.409,SSO,tiingo
2021-09-17,30.8124,SSO,tiingo
2021-09-20,29.7791,SSO,tiingo
2021-09-21,29.7355,SSO,tiingo
2021-09-22,30.293,SSO,tiingo
2021-09-23,31.0377,SSO,tiingo
2021-09-24,31.1373,SSO,tiingo
2021-09-27,30.965,SSO,tiingo
2021-09-28,29.7035,SSO,tiingo
2021-09-29,29.8005,SSO,tiingo
2021-09-30,29.0702,SSO,tiingo
2021-10-01,29.7569,SSO,tiingo
2021-10-04,29.0022,SSO,tiingo
2021-10-05,29.5942,SSO,tiingo
2021-10-06,29.8417,SSO,tiingo
2021-10-07,30.3512,SSO,tiingo
2021-10-08,30.2348,SSO,tiingo
2021-10-11,29.8054,SSO,tiingo
2021-10-12,29.6549,SSO,tiingo
2021-10-13,29.8635,SSO,tiingo
2021-10-14,30.8607,SSO,tiingo
2021-10-15,31.3361,SSO,tiingo
2021-10-18,31.5352,SSO,tiingo
2021-10-19,32.0034,SSO,tiingo
2021-10-20,32.2508,SSO,tiingo
2021-10-21,32.4304,SSO,tiingo
2021-10-22,32.3576,SSO,tiingo
2021-10-25,32.6876,SSO,tiingo
2021-10-26,32.7627,SSO,tiingo
2021-10-27,32.457,SSO,tiingo
2021-10-28,33.0879,SSO,tiingo
2021-10-29,33.2213,SSO,tiingo
2021-11-01,33.3403,SSO,tiingo
2021-11-02,33.6047,SSO,tiingo
2021-11-03,34.0243,SSO,tiingo
2021-11-04,34.3253,SSO,tiingo
2021-11-05,34.5654,SSO,tiingo
2021-11-08,34.631,SSO,tiingo
2021-11-09,34.4053,SSO,tiingo
2021-11-10,33.8424,SSO,tiingo
2021-11-11,33.8667,SSO,tiingo
2021-11-12,34.3713,SSO,tiingo
2021-11-15,34.381,SSO,tiingo
2021-11-16,34.6455,SSO,tiingo
2021-11-17,34.4829,SSO,tiingo
2021-11-18,34.7135,SSO,tiingo
2021-11-19,34.5897,SSO,tiingo
2021-11-22,34.3931,SSO,tiingo
2021-11-23,34.5047,SSO,tiingo
2021-11-24,34.6479,SSO,tiingo
2021-11-26,33.1486,SSO,tiingo
2021-11-29,33.9346,SSO,tiingo
2021-11-30,32.6512,SSO,tiingo
2021-12-01,31.8821,SSO,tiingo
2021-12-02,32.8331,SSO,tiingo
2021-12-03,32.2897,SSO,tiingo
2021-12-06,33.0418,SSO,tiingo
2021-12-07,34.4053,SSO,tiingo
2021-12-08,34.5824,SSO,tiingo
2021-12-09,34.1142,SSO,tiingo
2021-12-10,34.7522,SSO,tiingo
2021-12-13,34.153,SSO,tiingo
2021-12-14,33.6653,SSO,tiingo
2021-12-15,34.7231,SSO,tiingo
2021-12-16,34.1069,SSO,tiingo
2021-12-17,33.379,SSO,tiingo
2021-12-20,32.6584,SSO,tiingo
2021-12-21,33.8278,SSO,tiingo
2021-12-22,34.4974,SSO,tiingo
2021-12-23,34.9256,SSO,tiingo
2021-12-27,35.9137,SSO,tiingo
2021-12-28,35.8578,SSO,tiingo
2021-12-29,35.9453,SSO,tiingo
2021-12-30,35.7462,SSO,tiingo
2021-12-31,35.5374,SSO,tiingo
2022-01-03,35.9574,SSO,tiingo
2022-01-04,35.938,SSO,tiingo
2022-01-05,34.5711,SSO,tiingo
2022-01-06,34.4884,SSO,tiingo
2022-01-07,34.2287,SSO,tiingo
2022-01-10,34.134,SSO,tiingo
2022-01-11,34.7361,SSO,tiingo
2022-01-12,34.9353,SSO,tiingo
2022-01-13,33.9665,SSO,tiingo
2022-01-14,33.9859,SSO,tiingo
2022-01-18,32.8012,SSO,tiingo
2022-01-19,32.1018,SSO,tiingo
2022-01-20,31.3977,SSO,tiingo
2022-01-21,30.145,SSO,tiingo
2022-01-24,30.4024,SSO,tiingo
2022-01-25,29.6545,SSO,tiingo
2022-01-26,29.5331,SSO,tiingo
2022-01-27,29.2175,SSO,tiingo
2022-01-28,30.6645,SSO,tiingo
2022-01-31,31.7717,SSO,tiingo
2022-02-01,32.2087,SSO,tiingo
2022-02-02,32.8302,SSO,tiingo
2022-02-03,31.2861,SSO,tiingo
2022-02-04,31.592,SSO,tiingo
2022-02-07,31.3736,SSO,tiingo
2022-02-08,31.8834,SSO,tiingo
2022-02-09,32.7963,SSO,tiingo
2022-02-10,31.6405,SSO,tiingo
2022-02-11,30.3731,SSO,tiingo
2022-02-14,30.1886,SSO,tiingo
2022-02-15,31.1501,SSO,tiingo
2022-02-16,31.2279,SSO,tiingo
2022-02-17,29.8973,SSO,tiingo
2022-02-18,29.4943,SSO,tiingo
2022-02-22,28.8727,SSO,tiingo
2022-02-23,27.8336,SSO,tiingo
2022-02-24,28.6591,SSO,tiingo
2022-02-25,29.9265,SSO,tiingo
2022-02-28,29.7759,SSO,tiingo
2022-03-01,28.8727,SSO,tiingo
2022-03-02,29.9119,SSO,tiingo
2022-03-03,29.6303,SSO,tiingo
2022-03-04,29.1447,SSO,tiingo
2022-03-07,27.4306,SSO,tiingo
2022-03-08,27.0082,SSO,tiingo
2022-03-09,28.4454,SSO,tiingo
2022-03-10,28.1978,SSO,tiingo
2022-03-11,27.4791,SSO,tiingo
2022-03-14,27.0713,SSO,tiingo
2022-03-15,28.2463,SSO,tiingo
2022-03-16,29.5137,SSO,tiingo
2022-03-17,30.2469,SSO,tiingo
2022-03-18,30.8928,SSO,tiingo
2022-03-21,30.9073,SSO,tiingo
2022-03-22,31.6066,SSO,tiingo
2022-03-23,30.7957,SSO,tiingo
2022-03-24,31.719,SSO,tiingo
2022-03-25,32.0251,SSO,tiingo
2022-03-28,32.4721,SSO,tiingo
2022-03-29,33.303,SSO,tiingo
2022-03-30,32.8948,SSO,tiingo
2022-03-31,31.8793,SSO,tiingo
2022-04-01,32.03,SSO,tiingo
2022-04-04,32.579,SSO,tiingo
2022-04-05,31.7724,SSO,tiingo
2022-04-06,31.1214,SSO,tiingo
2022-04-07,31.4324,SSO,tiingo
2022-04-08,31.272,SSO,tiingo
2022-04-11,30.1981,SSO,tiingo
2022-04-12,29.9648,SSO,tiingo
2022-04-13,30.6598,SSO,tiingo
2022-04-14,29.9017,SSO,tiingo
2022-04-18,29.9115,SSO,tiingo
2022-04-19,30.8589,SSO,tiingo
2022-04-20,30.8152,SSO,tiingo
2022-04-21,29.8969,SSO,tiingo
2022-04-22,28.2546,SSO,tiingo
2022-04-25,28.5704,SSO,tiingo
2022-04-26,26.9232,SSO,tiingo
2022-04-27,27.0738,SSO,tiingo
2022-04-28,28.4441,SSO,tiingo
2022-04-29,26.3353,SSO,tiingo
2022-05-02,26.6512,SSO,tiingo
2022-05-03,26.9038,SSO,tiingo
2022-05-04,28.5315,SSO,tiingo
2022-05-05,26.5199,SSO,tiingo
2022-05-06,26.1846,SSO,tiingo
2022-05-09,24.518,SSO,tiingo
2022-05-10,24.6153,SSO,tiingo
2022-05-11,23.8281,SSO,tiingo
2022-05-12,23.7844,SSO,tiingo
2022-05-13,24.9116,SSO,tiingo
2022-05-16,24.727,SSO,tiingo
2022-05-17,25.7133,SSO,tiingo
2022-05-18,23.6532,SSO,tiingo
2022-05-19,23.3422,SSO,tiingo
2022-05-20,23.3617,SSO,tiingo
2022-05-23,24.246,SSO,tiingo
2022-05-24,23.8815,SSO,tiingo
2022-05-25,24.314,SSO,tiingo
2022-05-26,25.2615,SSO,tiingo
2022-05-27,26.5054,SSO,tiingo
2022-05-31,26.1993,SSO,tiingo
2022-06-01,25.7814,SSO,tiingo
2022-06-02,26.7434,SSO,tiingo
2022-06-03,25.8786,SSO,tiingo
2022-06-06,26.0243,SSO,tiingo
2022-06-07,26.515,SSO,tiingo
2022-06-08,25.9466,SSO,tiingo
2022-06-09,24.7075,SSO,tiingo
2022-06-10,23.2645,SSO,tiingo
2022-06-13,21.4909,SSO,tiingo
2022-06-14,21.3549,SSO,tiingo
2022-06-15,21.9574,SSO,tiingo
2022-06-16,20.5435,SSO,tiingo
2022-06-17,20.5774,SSO,tiingo
2022-06-21,21.6222,SSO,tiingo
2022-06-22,21.5396,SSO,tiingo
2022-06-23,21.972,SSO,tiingo
2022-06-24,23.3568,SSO,tiingo
2022-06-27,23.1916,SSO,tiingo
2022-06-28,22.2393,SSO,tiingo
2022-06-29,22.1858,SSO,tiingo
2022-06-30,21.8165,SSO,tiingo
2022-07-01,22.2732,SSO,tiingo
2022-07-05,22.3607,SSO,tiingo
2022-07-06,22.5211,SSO,tiingo
2022-07-07,23.1721,SSO,tiingo
2022-07-08,23.1381,SSO,tiingo
2022-07-11,22.6182,SSO,tiingo
2022-07-12,22.21,SSO,tiingo
2022-07-13,21.972,SSO,tiingo
2022-07-14,21.8505,SSO,tiingo
2022-07-15,22.6863,SSO,tiingo
2022-07-18,22.3121,SSO,tiingo
2022-07-19,23.5172,SSO,tiingo
2022-07-20,23.8233,SSO,tiingo
2022-07-21,24.2994,SSO,tiingo
2022-07-22,23.8524,SSO,tiingo
2022-07-25,23.8961,SSO,tiingo
2022-07-26,23.3227,SSO,tiingo
2022-07-27,24.5423,SSO,tiingo
2022-07-28,25.1497,SSO,tiingo
2022-07-29,25.8931,SSO,tiingo
2022-08-01,25.7279,SSO,tiingo
2022-08-02,25.3927,SSO,tiingo
2022-08-03,26.175,SSO,tiingo
2022-08-04,26.1361,SSO,tiingo
2022-08-05,26.0243,SSO,tiingo
2022-08-08,25.9855,SSO,tiingo
2022-08-09,25.7667,SSO,tiingo
2022-08-10,26.8454,SSO,tiingo
2022-08-11,26.8503,SSO,tiingo
2022-08-12,27.7394,SSO,tiingo
2022-08-15,27.9776,SSO,tiingo
2022-08-16,28.0797,SSO,tiingo
2022-08-17,27.686,SSO,tiingo
2022-08-18,27.827,SSO,tiingo
2022-08-19,27.0787,SSO,tiingo
2022-08-22,25.9514,SSO,tiingo
2022-08-23,25.8105,SSO,tiingo
2022-08-24,25.9757,SSO,tiingo
2022-08-25,26.7046,SSO,tiingo
2022-08-26,24.8921,SSO,tiingo
2022-08-29,24.5521,SSO,tiingo
2022-08-30,24.0079,SSO,tiingo
2022-08-31,23.6435,SSO,tiingo
2022-09-01,23.7795,SSO,tiingo
2022-09-02,23.279,SSO,tiingo
2022-09-06,23.1041,SSO,tiingo
2022-09-07,23.9349,SSO,tiingo
2022-09-08,24.2362,SSO,tiingo
2022-09-09,24.9894,SSO,tiingo
2022-09-12,25.519,SSO,tiingo
2022-09-13,23.3083,SSO,tiingo
2022-09-14,23.4637,SSO,tiingo
2022-09-15,22.9341,SSO,tiingo
2022-09-16,22.5891,SSO,tiingo
2022-09-19,22.9243,SSO,tiingo
2022-09-20,22.3996,SSO,tiingo
2022-09-21,21.6124,SSO,tiingo
2022-09-22,21.2334,SSO,tiingo
2022-09-23,20.5192,SSO,tiingo
2022-09-26,20.1256,SSO,tiingo
2022-09-27,20.009,SSO,tiingo
2022-09-28,20.7913,SSO,tiingo
2022-09-29,19.9312,SSO,tiingo
2022-09-30,19.2996,SSO,tiingo
2022-10-03,20.3248,SSO,tiingo
2022-10-04,21.5639,SSO,tiingo
2022-10-05,21.4764,SSO,tiingo
2022-10-06,21.0148,SSO,tiingo
2022-10-07,19.8438,SSO,tiingo
2022-10-10,19.5328,SSO,tiingo
2022-10-11,19.2753,SSO,tiingo
2022-10-12,19.1539,SSO,tiingo
2022-10-13,20.1596,SSO,tiingo
2022-10-14,19.2413,SSO,tiingo
2022-10-17,20.2179,SSO,tiingo
2022-10-18,20.6844,SSO,tiingo
2022-10-19,20.4074,SSO,tiingo
2022-10-20,20.0478,SSO,tiingo
2022-10-21,21.0197,SSO,tiingo
2022-10-24,21.5298,SSO,tiingo
2022-10-25,22.21,SSO,tiingo
2022-10-26,21.8797,SSO,tiingo
2022-10-27,21.6271,SSO,tiingo
2022-10-28,22.6571,SSO,tiingo
2022-10-31,22.3364,SSO,tiingo
2022-11-01,22.1323,SSO,tiingo
2022-11-02,21.0099,SSO,tiingo
2022-11-03,20.5678,SSO,tiingo
2022-11-04,21.1606,SSO,tiingo
2022-11-07,21.5687,SSO,tiingo
2022-11-08,21.797,SSO,tiingo
2022-11-09,20.8884,SSO,tiingo
2022-11-10,23.177,SSO,tiingo
2022-11-11,23.6386,SSO,tiingo
2022-11-14,23.2353,SSO,tiingo
2022-11-15,23.6337,SSO,tiingo
2022-11-16,23.2645,SSO,tiingo
2022-11-17,23.1041,SSO,tiingo
2022-11-18,23.3034,SSO,tiingo
2022-11-21,23.1187,SSO,tiingo
2022-11-22,23.7357,SSO,tiingo
2022-11-23,24.037,SSO,tiingo
2022-11-25,24.0177,SSO,tiingo
2022-11-28,23.2499,SSO,tiingo
2022-11-29,23.1721,SSO,tiingo
2022-11-30,24.5958,SSO,tiingo
2022-12-01,24.586,SSO,tiingo
2022-12-02,24.5132,SSO,tiingo
2022-12-05,23.6288,SSO,tiingo
2022-12-06,22.9487,SSO,tiingo
2022-12-07,22.8563,SSO,tiingo
2022-12-08,23.2013,SSO,tiingo
2022-12-09,22.8611,SSO,tiingo
2022-12-12,23.5074,SSO,tiingo
2022-12-13,23.8766,SSO,tiingo
2022-12-14,23.5705,SSO,tiingo
2022-12-15,22.3996,SSO,tiingo
2022-12-16,21.8651,SSO,tiingo
2022-12-19,21.4764,SSO,tiingo
2022-12-20,21.5396,SSO,tiingo
2022-12-21,22.1906,SSO,tiingo
2022-12-22,21.5451,SSO,tiingo
2022-12-23,21.7842,SSO,tiingo
2022-12-27,21.6036,SSO,tiingo
2022-12-28,21.067,SSO,tiingo
2022-12-29,21.8037,SSO,tiingo
2022-12-30,21.6867,SSO,tiingo
2023-01-03,21.4914,SSO,tiingo
2023-01-04,21.833,SSO,tiingo
2023-01-05,21.3207,SSO,tiingo
2023-01-06,22.2917,SSO,tiingo
2023-01-09,22.2721,SSO,tiingo
2023-01-10,22.5844,SSO,tiingo
2023-01-11,23.1357,SSO,tiingo
2023-01-12,23.2967,SSO,tiingo
2023-01-13,23.482,SSO,tiingo
2023-01-17,23.3893,SSO,tiingo
2023-01-18,22.6575,SSO,tiingo
2023-01-19,22.3061,SSO,tiingo
2023-01-20,23.1308,SSO,tiingo
2023-01-23,23.6675,SSO,tiingo
2023-01-24,23.6138,SSO,tiingo
2023-01-25,23.6479,SSO,tiingo
2023-01-26,24.1505,SSO,tiingo
2023-01-27,24.2578,SSO,tiingo
2023-01-30,23.643,SSO,tiingo
2023-01-31,24.3358,SSO,tiingo
2023-02-01,24.853,SSO,tiingo
2023-02-02,25.5604,SSO,tiingo
2023-02-03,25.0189,SSO,tiingo
2023-02-06,24.7017,SSO,tiingo
2023-02-07,25.3555,SSO,tiingo
2023-02-08,24.7944,SSO,tiingo
2023-02-09,24.3455,SSO,tiingo
2023-02-10,24.4481,SSO,tiingo
2023-02-13,25.0238,SSO,tiingo
2023-02-14,24.9993,SSO,tiingo
2023-02-15,25.1604,SSO,tiingo
2023-02-16,24.4481,SSO,tiingo
2023-02-17,24.3164,SSO,tiingo
2023-02-21,23.3356,SSO,tiingo
2023-02-22,23.282,SSO,tiingo
2023-02-23,23.5064,SSO,tiingo
2023-02-24,22.9893,SSO,tiingo
2023-02-27,23.1357,SSO,tiingo
2023-02-28,22.9648,SSO,tiingo
2023-03-01,22.799,SSO,tiingo
2023-03-02,23.1357,SSO,tiingo
2023-03-03,23.8724,SSO,tiingo
2023-03-06,23.8968,SSO,tiingo
2023-03-07,23.1649,SSO,tiingo
2023-03-08,23.2332,SSO,tiingo
2023-03-09,22.3647,SSO,tiingo
2023-03-10,21.7109,SSO,tiingo
2023-03-13,21.6281,SSO,tiingo
2023-03-14,22.3599,SSO,tiingo
2023-03-15,22.0867,SSO,tiingo
2023-03-16,22.8234,SSO,tiingo
2023-03-17,22.3159,SSO,tiingo
2023-03-20,22.7209,SSO,tiingo
2023-03-21,23.3163,SSO,tiingo
2023-03-22,22.5258,SSO,tiingo
2023-03-23,22.6282,SSO,tiingo
2023-03-24,22.9209,SSO,tiingo
2023-03-27,23.0137,SSO,tiingo
2023-03-28,22.9111,SSO,tiingo
2023-03-29,23.565,SSO,tiingo
2023-03-30,23.8236,SSO,tiingo
2023-03-31,24.4919,SSO,tiingo
2023-04-03,24.6725,SSO,tiingo
2023-04-04,24.409,SSO,tiingo
2023-04-05,24.2578,SSO,tiingo
2023-04-06,24.4334,SSO,tiingo
2023-04-10,24.4871,SSO,tiingo
2023-04-11,24.4968,SSO,tiingo
2023-04-12,24.3017,SSO,tiingo
2023-04-13,24.9214,SSO,tiingo
2023-04-14,24.8042,SSO,tiingo
2023-04-17,24.9799,SSO,tiingo
2023-04-18,25.0042,SSO,tiingo
2023-04-19,24.9944,SSO,tiingo
2023-04-20,24.7066,SSO,tiingo
2023-04-21,24.7262,SSO,tiingo
2023-04-24,24.7799,SSO,tiingo
2023-04-25,23.9845,SSO,tiingo
2023-04-26,23.7845,SSO,tiingo
2023-04-27,24.7164,SSO,tiingo
2023-04-28,25.1213,SSO,tiingo
2023-05-01,25.0774,SSO,tiingo
2023-05-02,24.5066,SSO,tiingo
2023-05-03,24.1651,SSO,tiingo
2023-05-04,23.8138,SSO,tiingo
2023-05-05,24.6871,SSO,tiingo
2023-05-08,24.7017,SSO,tiingo
2023-05-09,24.4871,SSO,tiingo
2023-05-10,24.7066,SSO,tiingo
2023-05-11,24.6091,SSO,tiingo
2023-05-12,24.531,SSO,tiingo
2023-05-15,24.6919,SSO,tiingo
2023-05-16,24.37,SSO,tiingo
2023-05-17,24.9505,SSO,tiingo
2023-05-18,25.4238,SSO,tiingo
2023-05-19,25.341,SSO,tiingo
2023-05-22,25.3459,SSO,tiingo
2023-05-23,24.7895,SSO,tiingo
2023-05-24,24.4139,SSO,tiingo
2023-05-25,24.8286,SSO,tiingo
2023-05-26,25.4629,SSO,tiingo
2023-05-30,25.4677,SSO,tiingo
2023-05-31,25.1945,SSO,tiingo
2023-06-01,25.6531,SSO,tiingo
2023-06-02,26.4094,SSO,tiingo
2023-06-05,26.2825,SSO,tiingo
2023-06-06,26.4045,SSO,tiingo
2023-06-07,26.224,SSO,tiingo
2023-06-08,26.5265,SSO,tiingo
2023-06-09,26.6045,SSO,tiingo
2023-06-12,27.0924,SSO,tiingo
2023-06-13,27.4339,SSO,tiingo
2023-06-14,27.5022,SSO,tiingo
2023-06-15,28.1608,SSO,tiingo
2023-06-16,27.956,SSO,tiingo
2023-06-20,27.6827,SSO,tiingo
2023-06-21,27.3755,SSO,tiingo
2023-06-22,27.5705,SSO,tiingo
2023-06-23,27.1363,SSO,tiingo
2023-06-26,26.9168,SSO,tiingo
2023-06-27,27.5071,SSO,tiingo
2023-06-28,27.5364,SSO,tiingo
2023-06-29,27.7267,SSO,tiingo
2023-06-30,28.3707,SSO,tiingo
2023-07-03,28.4438,SSO,tiingo
2023-07-05,28.3365,SSO,tiingo
2023-07-06,27.8828,SSO,tiingo
2023-07-07,27.7412,SSO,tiingo
2023-07-10,27.873,SSO,tiingo
2023-07-11,28.2292,SSO,tiingo
2023-07-12,28.6781,SSO,tiingo
2023-07-13,29.0977,SSO,tiingo
2023-07-14,29.0634,SSO,tiingo
2023-07-17,29.2586,SSO,tiingo
2023-07-18,29.6831,SSO,tiingo
2023-07-19,29.8051,SSO,tiingo
2023-07-20,29.4051,SSO,tiingo
2023-07-21,29.4098,SSO,tiingo
2023-07-24,29.6587,SSO,tiingo
2023-07-25,29.8246,SSO,tiingo
2023-07-26,29.8246,SSO,tiingo
2023-07-27,29.4147,SSO,tiingo
2023-07-28,29.9709,SSO,tiingo
2023-07-31,30.0978,SSO,tiingo
2023-08-01,29.9026,SSO,tiingo
2023-08-02,29.0879,SSO,tiingo
2023-08-03,28.8878,SSO,tiingo
2023-08-04,28.6341,SSO,tiingo
2023-08-07,29.1171,SSO,tiingo
2023-08-08,28.8635,SSO,tiingo
2023-08-09,28.4682,SSO,tiingo
2023-08-10,28.478,SSO,tiingo
2023-08-11,28.4342,SSO,tiingo
2023-08-14,28.7463,SSO,tiingo
2023-08-15,28.078,SSO,tiingo
2023-08-16,27.6339,SSO,tiingo
2023-08-17,27.1997,SSO,tiingo
2023-08-18,27.2193,SSO,tiingo
2023-08-21,27.5851,SSO,tiingo
2023-08-22,27.4242,SSO,tiingo
2023-08-23,28.0243,SSO,tiingo
2023-08-24,27.2486,SSO,tiingo
2023-08-25,27.6145,SSO,tiingo
2023-08-28,27.9658,SSO,tiingo
2023-08-29,28.7707,SSO,tiingo
2023-08-30,28.9952,SSO,tiingo
2023-08-31,28.8878,SSO,tiingo
2023-09-01,29,SSO,tiingo
2023-09-05,28.7415,SSO,tiingo
2023-09-06,28.3413,SSO,tiingo
2023-09-07,28.1608,SSO,tiingo
2023-09-08,28.2438,SSO,tiingo
2023-09-11,28.6048,SSO,tiingo
2023-09-12,28.2829,SSO,tiingo
2023-09-13,28.3511,SSO,tiingo
2023-09-14,28.8195,SSO,tiingo
2023-09-15,28.117,SSO,tiingo
2023-09-18,28.1511,SSO,tiingo
2023-09-19,28.0341,SSO,tiingo
2023-09-20,27.4876,SSO,tiingo
2023-09-21,26.5948,SSO,tiingo
2023-09-22,26.4533,SSO,tiingo
2023-09-25,26.6679,SSO,tiingo
2023-09-26,25.8825,SSO,tiingo
2023-09-27,25.902,SSO,tiingo
2023-09-28,26.1898,SSO,tiingo
2023-09-29,26.0435,SSO,tiingo
2023-10-02,26.0288,SSO,tiingo
2023-10-03,25.3361,SSO,tiingo
2023-10-04,25.6922,SSO,tiingo
2023-10-05,25.6531,SSO,tiingo
2023-10-06,26.2483,SSO,tiingo
2023-10-09,26.5801,SSO,tiingo
2023-10-10,26.8435,SSO,tiingo
2023-10-11,27.0729,SSO,tiingo
2023-10-12,26.7411,SSO,tiingo
2023-10-13,26.4679,SSO,tiingo
2023-10-16,27.0144,SSO,tiingo
2023-10-17,27.0046,SSO,tiingo
2023-10-18,26.2874,SSO,tiingo
2023-10-19,25.7898,SSO,tiingo
2023-10-20,25.1604,SSO,tiingo
2023-10-23,25.0677,SSO,tiingo
2023-10-24,25.4385,SSO,tiingo
2023-10-25,24.7115,SSO,tiingo
2023-10-26,24.1065,SSO,tiingo
2023-10-27,23.8724,SSO,tiingo
2023-10-30,24.4481,SSO,tiingo
2023-10-31,24.7408,SSO,tiingo
2023-11-01,25.2579,SSO,tiingo
2023-11-02,26.2289,SSO,tiingo
2023-11-03,26.6923,SSO,tiingo
2023-11-06,26.8095,SSO,tiingo
2023-11-07,26.951,SSO,tiingo
2023-11-08,26.9899,SSO,tiingo
2023-11-09,26.5557,SSO,tiingo
2023-11-10,27.39,SSO,tiingo
2023-11-13,27.3314,SSO,tiingo
2023-11-14,28.3756,SSO,tiingo
2023-11-15,28.5024,SSO,tiingo
2023-11-16,28.5512,SSO,tiingo
2023-11-17,28.6195,SSO,tiingo
2023-11-20,29.0536,SSO,tiingo
2023-11-21,28.9122,SSO,tiingo
2023-11-22,29.122,SSO,tiingo
2023-11-24,29.1465,SSO,tiingo
2023-11-27,29.044,SSO,tiingo
2023-11-28,29.0879,SSO,tiingo
2023-11-29,29.0585,SSO,tiingo
2023-11-30,29.2586,SSO,tiingo
2023-12-01,29.5953,SSO,tiingo
2023-12-04,29.2782,SSO,tiingo
2023-12-05,29.2684,SSO,tiingo
2023-12-06,29.0244,SSO,tiingo
2023-12-07,29.449,SSO,tiingo
2023-12-08,29.6929,SSO,tiingo
2023-12-11,29.927,SSO,tiingo
2023-12-12,30.2002,SSO,tiingo
2023-12-13,31.0102,SSO,tiingo
2023-12-14,31.215,SSO,tiingo
2023-12-15,31.093,SSO,tiingo
2023-12-18,31.4492,SSO,tiingo
2023-12-19,31.82,SSO,tiingo
2023-12-20,30.8775,SSO,tiingo
2023-12-21,31.4837,SSO,tiingo
2023-12-22,31.6107,SSO,tiingo
2023-12-26,31.8551,SSO,tiingo
2023-12-27,31.9725,SSO,tiingo
2023-12-28,31.9773,SSO,tiingo
2023-12-29,31.8062,SSO,tiingo
2024-01-02,31.4299,SSO,tiingo
2024-01-03,30.9068,SSO,tiingo
2024-01-04,30.6917,SSO,tiingo
2024-01-05,30.77,SSO,tiingo
2024-01-08,31.6449,SSO,tiingo
2024-01-09,31.5325,SSO,tiingo
2024-01-10,31.8894,SSO,tiingo
2024-01-11,31.8453,SSO,tiingo
2024-01-12,31.8698,SSO,tiingo
2024-01-16,31.6303,SSO,tiingo
2024-01-17,31.2783,SSO,tiingo
2024-01-18,31.816,SSO,tiingo
2024-01-19,32.5981,SSO,tiingo
2024-01-22,32.735,SSO,tiingo
2024-01-23,32.9353,SSO,tiingo
2024-01-24,32.9794,SSO,tiingo
2024-01-25,33.3362,SSO,tiingo
2024-01-26,33.2482,SSO,tiingo
2024-01-29,33.7566,SSO,tiingo
2024-01-30,33.6881,SSO,tiingo
2024-01-31,32.5981,SSO,tiingo
2024-02-01,33.429,SSO,tiingo
2024-02-02,34.1183,SSO,tiingo
2024-02-05,33.869,SSO,tiingo
2024-02-06,34.0498,SSO,tiingo
2024-02-07,34.607,SSO,tiingo
2024-02-08,34.6363,SSO,tiingo
2024-02-09,35.0323,SSO,tiingo
2024-02-12,34.9786,SSO,tiingo
2024-02-13,34.0205,SSO,tiingo
2024-02-14,34.6266,SSO,tiingo
2024-02-15,35.0812,SSO,tiingo
2024-02-16,34.7243,SSO,tiingo
2024-02-20,34.3431,SSO,tiingo
2024-02-21,34.387,SSO,tiingo
2024-02-22,35.7996,SSO,tiingo
2024-02-23,35.8438,SSO,tiingo
2024-02-26,35.5749,SSO,tiingo
2024-02-27,35.6873,SSO,tiingo
2024-02-28,35.5798,SSO,tiingo
2024-02-29,35.8242,SSO,tiingo
2024-03-01,36.4939,SSO,tiingo
2024-03-04,36.396,SSO,tiingo
2024-03-05,35.6727,SSO,tiingo
2024-03-06,36.0295,SSO,tiingo
2024-03-07,36.7382,SSO,tiingo
2024-03-08,36.2934,SSO,tiingo
2024-03-11,36.2103,SSO,tiingo
2024-03-12,36.9826,SSO,tiingo
2024-03-13,36.8702,SSO,tiingo
2024-03-14,36.6845,SSO,tiingo
2024-03-15,36.1761,SSO,tiingo
2024-03-18,36.616,SSO,tiingo
2024-03-19,37.0217,SSO,tiingo
2024-03-20,37.6707,SSO,tiingo
2024-03-21,37.8911,SSO,tiingo
2024-03-22,37.7784,SSO,tiingo
2024-03-25,37.5531,SSO,tiingo
2024-03-26,37.3816,SSO,tiingo
2024-03-27,38.0087,SSO,tiingo
2024-03-28,37.9794,SSO,tiingo
2024-04-01,37.8471,SSO,tiingo
2024-04-02,37.3425,SSO,tiingo
2024-04-03,37.4257,SSO,tiingo
2024-04-04,36.4753,SSO,tiingo
2024-04-05,37.2445,SSO,tiingo
2024-04-08,37.269,SSO,tiingo
2024-04-09,37.3474,SSO,tiingo
2024-04-10,36.6027,SSO,tiingo
2024-04-11,37.1367,SSO,tiingo
2024-04-12,36.0883,SSO,tiingo
2024-04-15,35.1819,SSO,tiingo
2024-04-16,35.0545,SSO,tiingo
2024-04-17,34.6185,SSO,tiingo
2024-04-18,34.4568,SSO,tiingo
2024-04-19,33.8591,SSO,tiingo
2024-04-22,34.4568,SSO,tiingo
2024-04-23,35.2945,SSO,tiingo
2024-04-24,35.2505,SSO,tiingo
2024-04-25,34.9418,SSO,tiingo
2024-04-26,35.6228,SSO,tiingo
2024-04-29,35.8579,SSO,tiingo
2024-04-30,34.7214,SSO,tiingo
2024-05-01,34.4861,SSO,tiingo
2024-05-02,35.1084,SSO,tiingo
2024-05-03,35.9903,SSO,tiingo
2024-05-06,36.7202,SSO,tiingo
2024-05-07,36.7938,SSO,tiingo
2024-05-08,36.7987,SSO,tiingo
2024-05-09,37.1906,SSO,tiingo
2024-05-10,37.2983,SSO,tiingo
2024-05-13,37.2983,SSO,tiingo
2024-05-14,37.6169,SSO,tiingo
2024-05-15,38.5428,SSO,tiingo
2024-05-16,38.3616,SSO,tiingo
2024-05-17,38.484,SSO,tiingo
2024-05-20,38.5575,SSO,tiingo
2024-05-21,38.7339,SSO,tiingo
2024-05-22,38.4937,SSO,tiingo
2024-05-23,37.9206,SSO,tiingo
2024-05-24,38.4252,SSO,tiingo
2024-05-28,38.4595,SSO,tiingo
2024-05-29,37.9108,SSO,tiingo
2024-05-30,37.3964,SSO,tiingo
2024-05-31,38.0529,SSO,tiingo
2024-06-03,38.1117,SSO,tiingo
2024-06-04,38.1851,SSO,tiingo
2024-06-05,39.1062,SSO,tiingo
2024-06-06,39.0866,SSO,tiingo
2024-06-07,38.9641,SSO,tiingo
2024-06-10,39.1993,SSO,tiingo
2024-06-11,39.3757,SSO,tiingo
2024-06-12,40.0322,SSO,tiingo
2024-06-13,40.1693,SSO,tiingo
2024-06-14,40.1988,SSO,tiingo
2024-06-17,40.8307,SSO,tiingo
2024-06-18,41.0316,SSO,tiingo
2024-06-20,40.7916,SSO,tiingo
2024-06-21,40.6153,SSO,tiingo
2024-06-24,40.38,SSO,tiingo
2024-06-25,40.7132,SSO,tiingo
2024-06-26,40.8069,SSO,tiingo
2024-06-27,40.9149,SSO,tiingo
2024-06-28,40.5614,SSO,tiingo
2024-07-01,40.7381,SSO,tiingo
2024-07-02,41.2685,SSO,tiingo
2024-07-03,41.6171,SSO,tiingo
2024-07-05,42.1032,SSO,tiingo
2024-07-08,42.1769,SSO,tiingo
2024-07-09,42.2505,SSO,tiingo
2024-07-10,43.0805,SSO,tiingo
2024-07-11,42.3143,SSO,tiingo
2024-07-12,42.83,SSO,tiingo
2024-07-15,43.0608,SSO,tiingo
2024-07-16,43.5764,SSO,tiingo
2024-07-17,42.3341,SSO,tiingo
2024-07-18,41.676,SSO,tiingo
2024-07-19,41.1064,SSO,tiingo
2024-07-22,41.9509,SSO,tiingo
2024-07-23,41.8037,SSO,tiingo
2024-07-24,39.8886,SSO,tiingo
2024-07-25,39.4613,SSO,tiingo
2024-07-26,40.3158,SSO,tiingo
2024-07-29,40.3895,SSO,tiingo
2024-07-30,39.9574,SSO,tiingo
2024-07-31,41.1898,SSO,tiingo
2024-08-01,40.0752,SSO,tiingo
2024-08-02,38.5676,SSO,tiingo
2024-08-05,36.299,SSO,tiingo
2024-08-06,36.9766,SSO,tiingo
2024-08-07,36.4561,SSO,tiingo
2024-08-08,38.1354,SSO,tiingo
2024-08-09,38.4596,SSO,tiingo
2024-08-12,38.4841,SSO,tiingo
2024-08-13,39.7608,SSO,tiingo
2024-08-14,40.0065,SSO,tiingo
2024-08-15,41.3716,SSO,tiingo
2024-08-16,41.514,SSO,tiingo
2024-08-19,42.3046,SSO,tiingo
2024-08-20,42.1622,SSO,tiingo
2024-08-21,42.4617,SSO,tiingo
2024-08-22,41.7742,SSO,tiingo
2024-08-23,42.6287,SSO,tiingo
2024-08-26,42.4175,SSO,tiingo
2024-08-27,42.5354,SSO,tiingo
2024-08-28,42.0395,SSO,tiingo
2024-08-29,42.0197,SSO,tiingo
2024-08-30,42.7956,SSO,tiingo
2024-09-03,41.0376,SSO,tiingo
2024-09-04,40.8412,SSO,tiingo
2024-09-05,40.6448,SSO,tiingo
2024-09-06,39.2747,SSO,tiingo
2024-09-09,40.1242,SSO,tiingo
2024-09-10,40.4729,SSO,tiingo
2024-09-11,41.2783,SSO,tiingo
2024-09-12,41.9854,SSO,tiingo
2024-09-13,42.393,SSO,tiingo
2024-09-16,42.5256,SSO,tiingo
2024-09-17,42.5549,SSO,tiingo
2024-09-18,42.2751,SSO,tiingo
2024-09-19,43.7188,SSO,tiingo
2024-09-20,43.5224,SSO,tiingo
2024-09-23,43.7483,SSO,tiingo
2024-09-24,43.9987,SSO,tiingo
2024-09-25,43.7996,SSO,tiingo
2024-09-26,44.1391,SSO,tiingo
2024-09-27,43.9865,SSO,tiingo
2024-09-30,44.3655,SSO,tiingo
2024-10-01,43.5389,SSO,tiingo
2024-10-02,43.5586,SSO,tiingo
2024-10-03,43.3961,SSO,tiingo
2024-10-04,44.1539,SSO,tiingo
2024-10-07,43.3716,SSO,tiingo
2024-10-08,44.1686,SSO,tiingo
2024-10-09,44.7639,SSO,tiingo
2024-10-10,44.6164,SSO,tiingo
2024-10-11,45.1035,SSO,tiingo
2024-10-14,45.8464,SSO,tiingo
2024-10-15,45.1281,SSO,tiingo
2024-10-16,45.5069,SSO,tiingo
2024-10-17,45.502,SSO,tiingo
2024-10-18,45.8366,SSO,tiingo
2024-10-21,45.694,SSO,tiingo
2024-10-22,45.625,SSO,tiingo
2024-10-23,44.7738,SSO,tiingo
2024-10-24,44.9608,SSO,tiingo
2024-10-25,44.9264,SSO,tiingo
2024-10-28,45.1822,SSO,tiingo
2024-10-29,45.32,SSO,tiingo
2024-10-30,45.0346,SSO,tiingo
2024-10-31,43.2585,SSO,tiingo
2024-11-01,43.6078,SSO,tiingo
2024-11-04,43.4207,SSO,tiingo
2024-11-05,44.4589,SSO,tiingo
2024-11-06,46.6632,SSO,tiingo
2024-11-07,47.3766,SSO,tiingo
2024-11-08,47.7702,SSO,tiingo
2024-11-11,47.8391,SSO,tiingo
2024-11-12,47.534,SSO,tiingo
2024-11-13,47.5832,SSO,tiingo
2024-11-14,46.9535,SSO,tiingo
2024-11-15,45.7234,SSO,tiingo
2024-11-18,46.1072,SSO,tiingo
2024-11-19,46.4172,SSO,tiingo
2024-11-20,46.4516,SSO,tiingo
2024-11-21,46.9288,SSO,tiingo
2024-11-22,47.1946,SSO,tiingo
2024-11-25,47.5045,SSO,tiingo
2024-11-26,48.0212,SSO,tiingo
2024-11-27,47.6914,SSO,tiingo
2024-11-29,48.2524,SSO,tiingo
2024-12-02,48.4344,SSO,tiingo
2024-12-03,48.459,SSO,tiingo
2024-12-04,49.0543,SSO,tiingo
2024-12-05,48.8919,SSO,tiingo
2024-12-06,49.0691,SSO,tiingo
2024-12-09,48.5426,SSO,tiingo
2024-12-10,48.2524,SSO,tiingo
2024-12-11,48.9757,SSO,tiingo
2024-12-12,48.459,SSO,tiingo
2024-12-13,48.4246,SSO,tiingo
2024-12-16,48.8182,SSO,tiingo
2024-12-17,48.3951,SSO,tiingo
2024-12-18,45.6053,SSO,tiingo
2024-12-19,45.4774,SSO,tiingo
2024-12-20,46.5106,SSO,tiingo
2024-12-23,47.0984,SSO,tiingo
2024-12-24,48.0949,SSO,tiingo
2024-12-26,48.1047,SSO,tiingo
2024-12-27,47.0787,SSO,tiingo
2024-12-30,45.9935,SSO,tiingo
2024-12-31,45.6334,SSO,tiingo
2025-01-02,45.3916,SSO,tiingo
2025-01-03,46.5064,SSO,tiingo
2025-01-06,47.059,SSO,tiingo
2025-01-07,45.9985,SSO,tiingo
2025-01-08,46.0823,SSO,tiingo
2025-01-10,44.6715,SSO,tiingo
2025-01-13,44.8096,SSO,tiingo
2025-01-14,44.9182,SSO,tiingo
2025-01-15,46.5411,SSO,tiingo
2025-01-16,46.3634,SSO,tiingo
2025-01-17,47.2464,SSO,tiingo
2025-01-21,48.1047,SSO,tiingo
2025-01-22,48.6277,SSO,tiingo
2025-01-23,49.1653,SSO,tiingo
2025-01-24,48.8594,SSO,tiingo
2025-01-27,47.4733,SSO,tiingo
2025-01-28,48.2725,SSO,tiingo
2025-01-29,47.8383,SSO,tiingo
2025-01-30,48.3317,SSO,tiingo
2025-01-31,47.794,SSO,tiingo
2025-02-03,47.1428,SSO,tiingo
2025-02-04,47.7743,SSO,tiingo
2025-02-05,48.1491,SSO,tiingo
2025-02-06,48.4796,SSO,tiingo
2025-02-07,47.5719,SSO,tiingo
2025-02-10,48.2034,SSO,tiingo
2025-02-11,48.2577,SSO,tiingo
2025-02-12,47.9617,SSO,tiingo
2025-02-13,48.963,SSO,tiingo
2025-02-14,48.9334,SSO,tiingo
2025-02-18,49.1899,SSO,tiingo
2025-02-19,49.4316,SSO,tiingo
2025-02-20,49.0123,SSO,tiingo
2025-02-21,47.3155,SSO,tiingo
2025-02-24,46.8665,SSO,tiingo
2025-02-25,46.3931,SSO,tiingo
2025-02-26,46.4128,SSO,tiingo
2025-02-27,44.9427,SSO,tiingo
2025-02-28,46.3042,SSO,tiingo
2025-03-03,44.7159,SSO,tiingo
2025-03-04,43.6207,SSO,tiingo
2025-03-05,44.5581,SSO,tiingo
2025-03-06,42.9845,SSO,tiingo
2025-03-07,43.4038,SSO,tiingo
2025-03-10,41.1101,SSO,tiingo
2025-03-11,40.4293,SSO,tiingo
2025-03-12,40.8337,SSO,tiingo
2025-03-13,39.7436,SSO,tiingo
2025-03-14,41.3468,SSO,tiingo
2025-03-17,41.9683,SSO,tiingo
2025-03-18,41.0804,SSO,tiingo
2025-03-19,41.9436,SSO,tiingo
2025-03-20,41.7364,SSO,tiingo
2025-03-21,41.7266,SSO,tiingo
2025-03-24,43.1966,SSO,tiingo
2025-03-25,43.384,SSO,tiingo
2025-03-26,42.3805,SSO,tiingo
2025-03-27,42.1186,SSO,tiingo
2025-03-28,40.4283,SSO,tiingo
2025-03-31,40.9127,SSO,tiingo
2025-04-01,41.1746,SSO,tiingo
2025-04-02,41.6837,SSO,tiingo
2025-04-03,37.71,SSO,tiingo
2025-04-04,33.1977,SSO,tiingo
2025-04-07,33.0641,SSO,tiingo
2025-04-08,32.0264,SSO,tiingo
2025-04-09,38.0313,SSO,tiingo
2025-04-10,35.3674,SSO,tiingo
2025-04-11,36.5781,SSO,tiingo
2025-04-14,37.2898,SSO,tiingo
2025-04-15,37.1021,SSO,tiingo
2025-04-16,35.4415,SSO,tiingo
2025-04-17,35.5106,SSO,tiingo
2025-04-21,33.8253,SSO,tiingo
2025-04-22,35.5354,SSO,tiingo
2025-04-23,36.6573,SSO,tiingo
2025-04-24,38.1796,SSO,tiingo
2025-04-25,38.7133,SSO,tiingo
2025-04-28,38.7627,SSO,tiingo
2025-04-29,39.2174,SSO,tiingo
2025-04-30,39.2273,SSO,tiingo
2025-05-01,39.8055,SSO,tiingo
2025-05-02,40.9472,SSO,tiingo
2025-05-05,40.5025,SSO,tiingo
2025-05-06,39.8203,SSO,tiingo
2025-05-07,40.1614,SSO,tiingo
2025-05-08,40.6853,SSO,tiingo
2025-05-09,40.5716,SSO,tiingo
2025-05-12,43.2306,SSO,tiingo
2025-05-13,43.8187,SSO,tiingo
2025-05-14,43.9077,SSO,tiingo
2025-05-15,44.3327,SSO,tiingo
2025-05-16,44.8813,SSO,tiingo
2025-05-19,44.9901,SSO,tiingo
2025-05-20,44.654,SSO,tiingo
2025-05-21,43.1613,SSO,tiingo
2025-05-22,43.1663,SSO,tiingo
2025-05-23,42.5683,SSO,tiingo
2025-05-27,44.3179,SSO,tiingo
2025-05-28,43.8039,SSO,tiingo
2025-05-29,44.1301,SSO,tiingo
2025-05-30,44.0213,SSO,tiingo
2025-06-02,44.5008,SSO,tiingo
2025-06-03,45.0197,SSO,tiingo
2025-06-04,44.9753,SSO,tiingo
2025-06-05,44.5107,SSO,tiingo
2025-06-06,45.42,SSO,tiingo
2025-06-09,45.4893,SSO,tiingo
2025-06-10,46.013,SSO,tiingo
2025-06-11,45.7511,SSO,tiingo
2025-06-12,46.0873,SSO,tiingo
2025-06-13,45.0444,SSO,tiingo
2025-06-16,45.9043,SSO,tiingo
2025-06-17,45.1136,SSO,tiingo
2025-06-18,45.084,SSO,tiingo
2025-06-20,44.8368,SSO,tiingo
2025-06-23,45.7165,SSO,tiingo
2025-06-24,46.7247,SSO,tiingo
2025-06-25,46.7768,SSO,tiingo
2025-06-26,47.5099,SSO,tiingo
2025-06-27,47.9161,SSO,tiingo
2025-06-30,48.4014,SSO,tiingo
2025-07-01,48.3369,SSO,tiingo
2025-07-02,48.7729,SSO,tiingo
2025-07-03,49.501,SSO,tiingo
2025-07-07,48.7927,SSO,tiingo
2025-07-08,48.7085,SSO,tiingo
2025-07-09,49.2831,SSO,tiingo
2025-07-10,49.5654,SSO,tiingo
2025-07-11,49.179,SSO,tiingo
2025-07-14,49.3523,SSO,tiingo
2025-07-15,48.9166,SSO,tiingo
2025-07-16,49.2483,SSO,tiingo
2025-07-17,49.8576,SSO,tiingo
2025-07-18,49.7586,SSO,tiingo
2025-07-21,49.9369,SSO,tiingo
2025-07-22,49.9469,SSO,tiingo
2025-07-23,50.7839,SSO,tiingo
2025-07-24,50.8284,SSO,tiingo
2025-07-25,51.2098,SSO,tiingo
2025-07-28,51.1801,SSO,tiingo
2025-07-29,50.8978,SSO,tiingo
2025-07-30,50.7839,SSO,tiingo
2025-07-31,50.3628,SSO,tiingo
2025-08-01,48.6937,SSO,tiingo
2025-08-04,50.1597,SSO,tiingo
2025-08-05,49.6694,SSO,tiingo
2025-08-06,50.3975,SSO,tiingo
2025-08-07,50.3281,SSO,tiingo
2025-08-08,51.0662,SSO,tiingo
2025-08-11,50.8581,SSO,tiingo
2025-08-12,51.9378,SSO,tiingo
2025-08-13,52.2945,SSO,tiingo
2025-08-14,52.2945,SSO,tiingo
2025-08-15,52.0371,SSO,tiingo
2025-08-18,51.9923,SSO,tiingo
2025-08-19,51.4079,SSO,tiingo
2025-08-20,51.1306,SSO,tiingo
2025-08-21,50.7195,SSO,tiingo
2025-08-22,52.2401,SSO,tiingo
2025-08-25,51.7843,SSO,tiingo
2025-08-26,52.2004,SSO,tiingo
2025-08-27,52.4382,SSO,tiingo
2025-08-28,52.7899,SSO,tiingo
2025-08-29,52.1459,SSO,tiingo
2025-09-02,51.3584,SSO,tiingo
2025-09-03,51.8835,SSO,tiingo
2025-09-04,52.7404,SSO,tiingo
2025-09-05,52.4333,SSO,tiingo
2025-09-08,52.6809,SSO,tiingo
2025-09-09,52.9236,SSO,tiingo
2025-09-10,53.2257,SSO,tiingo
2025-09-11,54.0875,SSO,tiingo
2025-09-12,54.0231,SSO,tiingo
2025-09-15,54.5977,SSO,tiingo
2025-09-16,54.4342,SSO,tiingo
2025-09-17,54.2956,SSO,tiingo
2025-09-18,54.8107,SSO,tiingo
2025-09-19,55.301,SSO,tiingo
2025-09-22,55.8261,SSO,tiingo
2025-09-23,55.2366,SSO,tiingo
2025-09-24,54.8442,SSO,tiingo
2025-09-25,54.3331,SSO,tiingo
2025-09-26,54.9285,SSO,tiingo
2025-09-29,55.2312,SSO,tiingo
2025-09-30,55.633,SSO,tiingo
2025-10-01,56.025,SSO,tiingo
2025-10-02,56.1242,SSO,tiingo
2025-10-03,56.1093,SSO,tiingo
2025-10-06,56.4964,SSO,tiingo
2025-10-07,56.0796,SSO,tiingo
2025-10-08,56.7295,SSO,tiingo
2025-10-09,56.3971,SSO,tiingo
2025-10-10,53.3309,SSO,tiingo
2025-10-13,54.9484,SSO,tiingo
2025-10-14,54.8094,SSO,tiingo
2025-10-15,55.2708,SSO,tiingo
2025-10-16,54.5316,SSO,tiingo
2025-10-17,55.1071,SSO,tiingo
2025-10-20,56.2582,SSO,tiingo
2025-10-21,56.2334,SSO,tiingo
2025-10-22,55.6628,SSO,tiingo
2025-10-23,56.2731,SSO,tiingo
2025-10-24,57.176,SSO,tiingo
2025-10-27,58.5306,SSO,tiingo
2025-10-28,58.8333,SSO,tiingo
2025-10-29,58.8679,SSO,tiingo
2025-10-30,57.6027,SSO,tiingo
2025-10-31,57.9302,SSO,tiingo
2025-11-03,58.1634,SSO,tiingo
2025-11-04,56.7891,SSO,tiingo
2025-11-05,57.1214,SSO,tiingo
2025-11-06,55.8861,SSO,tiingo
2025-11-07,55.9803,SSO,tiingo
2025-11-10,57.7119,SSO,tiingo
2025-11-11,57.9748,SSO,tiingo
2025-11-12,58.0343,SSO,tiingo
2025-11-13,56.1093,SSO,tiingo
2025-11-14,56.0597,SSO,tiingo
2025-11-17,55.0079,SSO,tiingo
2025-11-18,54.085,SSO,tiingo
2025-11-19,54.4721,SSO,tiingo
2025-11-20,52.8,SSO,tiingo
2025-11-21,53.8419,SSO,tiingo
2025-11-24,55.4297,SSO,tiingo
2025-11-25,56.4615,SSO,tiingo
2025-11-26,57.2059,SSO,tiingo
2025-11-28,57.8112,SSO,tiingo
2025-12-01,57.2852,SSO,tiingo
2025-12-02,57.4836,SSO,tiingo
2025-12-03,57.8608,SSO,tiingo
2025-12-04,57.9599,SSO,tiingo
2025-12-05,58.1286,SSO,tiingo
2025-12-08,57.7813,SSO,tiingo
2025-12-09,57.6921,SSO,tiingo
2025-12-10,58.4165,SSO,tiingo
2025-12-11,58.6942,SSO,tiingo
2025-12-12,57.3944,SSO,tiingo
2025-12-15,57.2257,SSO,tiingo
2025-12-16,56.8982,SSO,tiingo
2025-12-17,55.6281,SSO,tiingo
2025-12-18,56.4615,SSO,tiingo
2025-12-19,57.4639,SSO,tiingo
2025-12-22,58.1782,SSO,tiingo
2025-12-23,58.6744,SSO,tiingo
2025-12-24,59.0775,SSO,tiingo
2025-12-26,59.0377,SSO,tiingo
2025-12-29,58.6201,SSO,tiingo
2025-12-30,58.461,SSO,tiingo
2025-12-31,57.5861,SSO,tiingo
2026-01-02,57.7651,SSO,tiingo
2026-01-05,58.5405,SSO,tiingo
2026-01-06,59.2266,SSO,tiingo
2026-01-07,58.8388,SSO,tiingo
2026-01-08,58.789,SSO,tiingo
2026-01-09,59.5546,SSO,tiingo
2026-01-12,59.7337,SSO,tiingo
2026-01-13,59.4751,SSO,tiingo
2026-01-14,58.9183,SSO,tiingo
2026-01-15,59.1967,SSO,tiingo
2026-01-16,59.0775,SSO,tiingo
2026-01-20,56.6614,SSO,tiingo
2026-01-21,57.944,SSO,tiingo
2026-01-22,58.5405,SSO,tiingo
2026-01-23,58.5604,SSO,tiingo
2026-01-26,59.1669,SSO,tiingo
2026-01-27,59.6442,SSO,tiingo
2026-01-28,59.6043,SSO,tiingo
2026-01-29,59.3359,SSO,tiingo
2026-01-30,58.9482,SSO,tiingo
2026-02-02,59.5645,SSO,tiingo
2026-02-03,58.5307,SSO,tiingo
2026-02-04,57.944,SSO,tiingo
2026-02-05,56.4825,SSO,tiingo
2026-02-06,58.6698,SSO,tiingo
2026-02-09,59.1868,SSO,tiingo
2026-02-10,58.8786,SSO,tiingo
2026-02-11,58.8487,SSO,tiingo
2026-02-12,57.0293,SSO,tiingo
2026-02-13,57.0393,SSO,tiingo
2026-02-17,57.2182,SSO,tiingo
2026-02-18,57.7948,SSO,tiingo
2026-02-19,57.4866,SSO,tiingo
2026-02-20,58.3019,SSO,tiingo
2026-02-23,57.0989,SSO,tiingo
2026-02-24,57.934,SSO,tiingo
2026-02-25,58.8786,SSO,tiingo
2026-02-26,58.2224,SSO,tiingo
2026-02-27,57.6755,SSO,tiingo
2026-03-02,57.6955,SSO,tiingo
2026-03-03,56.6714,SSO,tiingo
2026-03-04,57.4766,SSO,tiingo
2026-03-05,56.8304,SSO,tiingo
2026-03-06,55.2993,SSO,tiingo
2026-03-09,56.2737,SSO,tiingo
2026-03-10,56.045,SSO,tiingo
2026-03-11,55.9257,SSO,tiingo
2026-03-12,54.1957,SSO,tiingo
2026-03-13,53.5693,SSO,tiingo
2026-03-16,54.6331,SSO,tiingo
2026-03-17,54.9314,SSO,tiingo
2026-03-18,53.4202,SSO,tiingo
2026-03-19,53.112,SSO,tiingo
2026-03-20,51.561,SSO,tiingo
2026-03-23,52.6546,SSO,tiingo
2026-03-24,52.2868,SSO,tiingo
2026-03-25,52.8474,SSO,tiingo
2026-03-26,50.9741,SSO,tiingo
2026-03-27,49.2006,SSO,tiingo
2026-03-30,48.8818,SSO,tiingo
2026-03-31,51.6915,SSO,tiingo
2026-04-01,52.4587,SSO,tiingo
2026-04-02,52.5484,SSO,tiingo
2026-04-06,53.0267,SSO,tiingo
2026-04-07,53.0565,SSO,tiingo
2026-04-08,55.7369,SSO,tiingo
2026-04-09,56.3845,SSO,tiingo
2026-04-10,56.2749,SSO,tiingo
2026-04-13,57.3708,SSO,tiingo
2026-04-14,58.7758,SSO,tiingo
2026-04-15,59.6824,SSO,tiingo
2026-04-16,59.9614,SSO,tiingo
2026-04-17,61.3962,SSO,tiingo
2026-04-20,61.1471,SSO,tiingo
2026-04-21,60.3599,SSO,tiingo
2026-04-22,61.5556,SSO,tiingo
2026-04-23,61.0873,SSO,tiingo
2026-04-24,61.984,SSO,tiingo
2026-04-27,62.1932,SSO,tiingo
2026-04-28,61.5756,SSO,tiingo
2026-04-29,61.5656,SSO,tiingo
2026-04-30,62.7313,SSO,tiingo
2026-05-01,63.0801,SSO,tiingo
2026-05-04,62.6317,SSO,tiingo
2026-05-05,63.5982,SSO,tiingo
2026-05-06,65.3717,SSO,tiingo
2026-05-07,64.9432,SSO,tiingo
2026-05-08,65.9795,SSO,tiingo
2026-05-11,66.2684,SSO,tiingo
2026-05-12,66.0891,SSO,tiingo
2026-05-13,66.8164,SSO,tiingo
2026-05-14,67.8527,SSO,tiingo
2026-05-15,66.1888,SSO,tiingo
2026-05-18,66.0692,SSO,tiingo
2026-05-19,65.2123,SSO,tiingo
2026-05-20,66.5475,SSO,tiingo
2026-05-21,66.7866,SSO,tiingo
2026-05-22,67.2647,SSO,tiingo
2026-05-26,68.1416,SSO,tiingo
2026-05-27,68.1316,SSO,tiingo
2026-05-28,68.869,SSO,tiingo
2026-05-29,69.1878,SSO,tiingo
2026-06-01,69.5266,SSO,tiingo
2026-06-02,69.7158,SSO,tiingo
2026-06-03,68.7394,SSO,tiingo
2026-06-04,69.2177,SSO,tiingo
2026-06-05,65.6208,SSO,tiingo
2026-06-08,65.9297,SSO,tiingo
2026-06-09,65.551,SSO,tiingo
2026-06-10,63.4388,SSO,tiingo
2026-06-11,65.5909,SSO,tiingo
2026-06-12,66.2684,SSO,tiingo
2026-06-15,68.5701,SSO,tiingo
2026-06-16,67.7929,SSO,tiingo
2026-06-17,66.109,SSO,tiingo
2026-06-18,67.3644,SSO,tiingo
2026-06-22,66.9559,SSO,tiingo
2026-06-23,65.0429,SSO,tiingo
2026-06-24,64.9512,SSO,tiingo
2026-06-25,64.9412,SSO,tiingo
2026-06-26,64.3123,SSO,tiingo
2026-06-29,66.2391,SSO,tiingo
2026-06-30,67.2673,SSO,tiingo
2026-07-01,67.0976,SSO,tiingo
2026-07-02,66.888,SSO,tiingo
2026-07-06,68.046,SSO,tiingo
2026-07-07,67.3772,SSO,tiingo
2026-07-08,66.9179,SSO,tiingo
2026-07-09,68.056,SSO,tiingo
2026-07-10,68.6051,SSO,tiingo
2026-07-13,67.5569,SSO,tiingo
2026-07-14,68.0361,SSO,tiingo
2026-07-15,68.5452,SSO,tiingo
2026-07-16,67.8364,SSO,tiingo
2026-07-17,66.4088,SSO,tiingo
2026-07-20,66.2191,SSO,tiingo
2026-07-21,67.3272,SSO,tiingo
2026-07-22,67.1575,SSO,tiingo
2026-07-23,65.5003,SSO,tiingo
2026-07-24,65.5602,SSO,tiingo
2026-07-27,65.5902,SSO,tiingo
2026-07-28,65.8697,SSO,tiingo
2026-07-29,63.903,SSO,tiingo
2026-07-30,65.9895,SSO,tiingo
2026-07-31,66.878,SSO,tiingo
2026-08-03,68.8247,SSO,tiingo
2026-08-04,71.2706,SSO,tiingo
2026-08-05,71.0011,SSO,tiingo
2026-08-06,70.7615,SSO,tiingo
2026-08-07,71.5602,SSO,tiingo
2026-08-10,71.5402,SSO,tiingo
2026-08-11,71.041,SSO,tiingo
2026-08-12,71.4204,SSO,tiingo
2026-08-13,72.3988,SSO,tiingo
2026-08-14,72.0793,SSO,tiingo
2026-08-17,71.3805,SSO,tiingo
2026-08-18,70.4121,SSO,tiingo
2026-08-19,70.6916,SSO,tiingo
2026-08-20,69.4936,SSO,tiingo
2026-08-21,70.0327,SSO,tiingo
2026-08-24,69.6134,SSO,tiingo
2026-08-25,70.0327,SSO,tiingo
2026-08-26,70.0427,SSO,tiingo
2026-08-27,70.9512,SSO,tiingo
2026-08-28,70.6217,SSO,tiingo
2026-08-31,70.1725,SSO,tiingo
2026-09-01,69.1941,SSO,tiingo
2026-09-02,69.8131,SSO,tiingo
2026-09-03,71.2507,SSO,tiingo
2026-09-04,70.6816,SSO,tiingo
2026-09-08,69.8929,SSO,tiingo
2026-09-09,69.2341,SSO,tiingo
2026-09-10,68.3855,SSO,tiingo
2026-09-11,69.5136,SSO,tiingo
2026-09-14,68.8747,SSO,tiingo
2026-09-15,68.2657,SSO,tiingo
2026-09-16,67.6567,SSO,tiingo
2026-09-17,69.1742,SSO,tiingo
2026-09-18,69.274,SSO,tiingo
2026-09-21,71.4304,SSO,tiingo
2026-09-22,71.4204,SSO,tiingo
2026-09-23,70.38,SSO,tiingo
2026-09-24,70.26,SSO,tiingo
2026-09-25,70.98,SSO,tiingo