date,adj_close,name,source
2006-06-21,0.982653,QLD,tiingo
2006-06-22,0.959521,QLD,tiingo
2006-06-23,0.956675,QLD,tiingo
2006-06-26,0.960211,QLD,tiingo
2006-06-27,0.924306,QLD,tiingo
2006-06-28,0.935593,QLD,tiingo
2006-06-29,0.992173,QLD,tiingo
2006-06-30,0.982653,QLD,tiingo
2006-07-03,0.994078,QLD,tiingo
2006-07-05,0.954907,QLD,tiingo
2006-07-06,0.949331,QLD,tiingo
2006-07-07,0.928521,QLD,tiingo
2006-07-10,0.913153,QLD,tiingo
2006-07-11,0.928114,QLD,tiingo
2006-07-12,0.891392,QLD,tiingo
2006-07-13,0.862966,QLD,tiingo
2006-07-14,0.845285,QLD,tiingo
2006-07-17,0.849366,QLD,tiingo
2006-07-18,0.854125,QLD,tiingo
2006-07-19,0.872623,QLD,tiingo
2006-07-20,0.848822,QLD,tiingo
2006-07-21,0.829644,QLD,tiingo
2006-07-24,0.860246,QLD,tiingo
2006-07-25,0.868679,QLD,tiingo
2006-07-26,0.870447,QLD,tiingo
2006-07-27,0.861606,QLD,tiingo
2006-07-28,0.896016,QLD,tiingo
2006-07-31,0.894248,QLD,tiingo
2006-08-01,0.863647,QLD,tiingo
2006-08-02,0.879559,QLD,tiingo
2006-08-03,0.894248,QLD,tiingo
2006-08-04,0.886087,QLD,tiingo
2006-08-07,0.875343,QLD,tiingo
2006-08-08,0.864325,QLD,tiingo
2006-08-09,0.863919,QLD,tiingo
2006-08-10,0.874935,QLD,tiingo
2006-08-11,0.866367,QLD,tiingo
2006-08-14,0.874255,QLD,tiingo
2006-08-15,0.919818,QLD,tiingo
2006-08-16,0.963612,QLD,tiingo
2006-08-17,0.969732,QLD,tiingo
2006-08-18,0.968372,QLD,tiingo
2006-08-21,0.950691,QLD,tiingo
2006-08-22,0.95341,QLD,tiingo
2006-08-23,0.93709,QLD,tiingo
2006-08-24,0.944298,QLD,tiingo
2006-08-25,0.947971,QLD,tiingo
2006-08-28,0.961572,QLD,tiingo
2006-08-29,0.967692,QLD,tiingo
2006-08-30,0.976259,QLD,tiingo
2006-08-31,0.975172,QLD,tiingo
2006-09-01,0.984013,QLD,tiingo
2006-09-05,1.00169,QLD,tiingo
2006-09-06,0.96266,QLD,tiingo
2006-09-07,0.954091,QLD,tiingo
2006-09-08,0.963612,QLD,tiingo
2006-09-11,0.976533,QLD,tiingo
2006-09-12,1.01448,QLD,tiingo
2006-09-13,1.02618,QLD,tiingo
2006-09-14,1.02509,QLD,tiingo
2006-09-15,1.03502,QLD,tiingo
2006-09-18,1.0342,QLD,tiingo
2006-09-19,1.02168,QLD,tiingo
2006-09-20,1.05201,QLD,tiingo
2006-09-21,1.03842,QLD,tiingo
2006-09-22,1.02046,QLD,tiingo
2006-09-25,1.05814,QLD,tiingo
2006-09-26,1.06684,QLD,tiingo
2006-09-27,1.0614,QLD,tiingo
2006-09-28,1.06766,QLD,tiingo
2006-09-29,1.05949,QLD,tiingo
2006-10-02,1.03365,QLD,tiingo
2006-10-03,1.04101,QLD,tiingo
2006-10-04,1.08873,QLD,tiingo
2006-10-05,1.10302,QLD,tiingo
2006-10-06,1.0969,QLD,tiingo
2006-10-09,1.10234,QLD,tiingo
2006-10-10,1.10846,QLD,tiingo
2006-10-11,1.10438,QLD,tiingo
2006-10-12,1.1411,QLD,tiingo
2006-10-13,1.14981,QLD,tiingo
2006-10-16,1.15198,QLD,tiingo
2006-10-17,1.12954,QLD,tiingo
2006-10-18,1.11391,QLD,tiingo
2006-10-19,1.12342,QLD,tiingo
2006-10-20,1.12614,QLD,tiingo
2006-10-23,1.14628,QLD,tiingo
2006-10-24,1.13539,QLD,tiingo
2006-10-25,1.14926,QLD,tiingo
2006-10-26,1.16762,QLD,tiingo
2006-10-27,1.13457,QLD,tiingo
2006-10-30,1.1479,QLD,tiingo
2006-10-31,1.1547,QLD,tiingo
2006-11-01,1.12342,QLD,tiingo
2006-11-02,1.1245,QLD,tiingo
2006-11-03,1.11799,QLD,tiingo
2006-11-06,1.14315,QLD,tiingo
2006-11-07,1.16626,QLD,tiingo
2006-11-08,1.18204,QLD,tiingo
2006-11-09,1.16558,QLD,tiingo
2006-11-10,1.1785,QLD,tiingo
2006-11-13,1.19754,QLD,tiingo
2006-11-14,1.22814,QLD,tiingo
2006-11-15,1.2359,QLD,tiingo
2006-11-16,1.24855,QLD,tiingo
2006-11-17,1.24583,QLD,tiingo
2006-11-20,1.25059,QLD,tiingo
2006-11-21,1.25399,QLD,tiingo
2006-11-22,1.26976,QLD,tiingo
2006-11-24,1.26174,QLD,tiingo
2006-11-27,1.20489,QLD,tiingo
2006-11-28,1.20842,QLD,tiingo
2006-11-29,1.22814,QLD,tiingo
2006-11-30,1.22434,QLD,tiingo
2006-12-01,1.20801,QLD,tiingo
2006-12-04,1.23834,QLD,tiingo
2006-12-05,1.24433,QLD,tiingo
2006-12-06,1.23522,QLD,tiingo
2006-12-07,1.20503,QLD,tiingo
2006-12-08,1.21727,QLD,tiingo
2006-12-11,1.22678,QLD,tiingo
2006-12-12,1.21074,QLD,tiingo
2006-12-13,1.21387,QLD,tiingo
2006-12-14,1.2397,QLD,tiingo
2006-12-15,1.24787,QLD,tiingo
2006-12-18,1.21931,QLD,tiingo
2006-12-19,1.21455,QLD,tiingo
2006-12-20,1.20668,QLD,tiingo
2006-12-21,1.19002,QLD,tiingo
2006-12-22,1.16756,QLD,tiingo
2006-12-26,1.17336,QLD,tiingo
2006-12-27,1.18481,QLD,tiingo
2006-12-28,1.17481,QLD,tiingo
2006-12-29,1.17394,QLD,tiingo
2007-01-03,1.1777,QLD,tiingo
2007-01-04,1.22001,QLD,tiingo
2007-01-05,1.20233,QLD,tiingo
2007-01-08,1.20986,QLD,tiingo
2007-01-09,1.22463,QLD,tiingo
2007-01-10,1.25665,QLD,tiingo
2007-01-11,1.27766,QLD,tiingo
2007-01-12,1.2907,QLD,tiingo
2007-01-16,1.2907,QLD,tiingo
2007-01-17,1.26722,QLD,tiingo
2007-01-18,1.21537,QLD,tiingo
2007-01-19,1.21899,QLD,tiingo
2007-01-22,1.19508,QLD,tiingo
2007-01-23,1.18944,QLD,tiingo
2007-01-24,1.2255,QLD,tiingo
2007-01-25,1.19219,QLD,tiingo
2007-01-26,1.18394,QLD,tiingo
2007-01-29,1.19089,QLD,tiingo
2007-01-30,1.19407,QLD,tiingo
2007-01-31,1.20884,QLD,tiingo
2007-02-01,1.21029,QLD,tiingo
2007-02-02,1.22073,QLD,tiingo
2007-02-05,1.21653,QLD,tiingo
2007-02-06,1.21102,QLD,tiingo
2007-02-07,1.23984,QLD,tiingo
2007-02-08,1.24028,QLD,tiingo
2007-02-09,1.20161,QLD,tiingo
2007-02-12,1.19205,QLD,tiingo
2007-02-13,1.20508,QLD,tiingo
2007-02-14,1.24115,QLD,tiingo
2007-02-15,1.25433,QLD,tiingo
2007-02-16,1.25014,QLD,tiingo
2007-02-20,1.26462,QLD,tiingo
2007-02-21,1.27287,QLD,tiingo
2007-02-22,1.28635,QLD,tiingo
2007-02-23,1.27476,QLD,tiingo
2007-02-26,1.26317,QLD,tiingo
2007-02-27,1.14149,QLD,tiingo
2007-02-28,1.16597,QLD,tiingo
2007-03-01,1.1538,QLD,tiingo
2007-03-02,1.11339,QLD,tiingo
2007-03-05,1.09803,QLD,tiingo
2007-03-06,1.13816,QLD,tiingo
2007-03-07,1.12773,QLD,tiingo
2007-03-08,1.14873,QLD,tiingo
2007-03-09,1.14468,QLD,tiingo
2007-03-12,1.15525,QLD,tiingo
2007-03-13,1.11151,QLD,tiingo
2007-03-14,1.14236,QLD,tiingo
2007-03-15,1.13917,QLD,tiingo
2007-03-16,1.13497,QLD,tiingo
2007-03-19,1.15786,QLD,tiingo
2007-03-20,1.17336,QLD,tiingo
2007-03-21,1.21682,QLD,tiingo
2007-03-22,1.20957,QLD,tiingo
2007-03-23,1.199,QLD,tiingo
2007-03-26,1.20797,QLD,tiingo
2007-03-27,1.1954,QLD,tiingo
2007-03-28,1.17063,QLD,tiingo
2007-03-29,1.16918,QLD,tiingo
2007-03-30,1.17324,QLD,tiingo
2007-04-02,1.16889,QLD,tiingo
2007-04-03,1.20265,QLD,tiingo
2007-04-04,1.20975,QLD,tiingo
2007-04-05,1.22279,QLD,tiingo
2007-04-09,1.21686,QLD,tiingo
2007-04-10,1.22626,QLD,tiingo
2007-04-11,1.2012,QLD,tiingo
2007-04-12,1.22207,QLD,tiingo
2007-04-13,1.22641,QLD,tiingo
2007-04-16,1.24786,QLD,tiingo
2007-04-17,1.25292,QLD,tiingo
2007-04-18,1.24815,QLD,tiingo
2007-04-19,1.24916,QLD,tiingo
2007-04-20,1.26799,QLD,tiingo
2007-04-23,1.26857,QLD,tiingo
2007-04-24,1.27872,QLD,tiingo
2007-04-25,1.31551,QLD,tiingo
2007-04-26,1.32928,QLD,tiingo
2007-04-27,1.33073,QLD,tiingo
2007-04-30,1.29595,QLD,tiingo
2007-05-01,1.30392,QLD,tiingo
2007-05-02,1.32059,QLD,tiingo
2007-05-03,1.33073,QLD,tiingo
2007-05-04,1.33391,QLD,tiingo
2007-05-07,1.33088,QLD,tiingo
2007-05-08,1.33015,QLD,tiingo
2007-05-09,1.34,QLD,tiingo
2007-05-10,1.30639,QLD,tiingo
2007-05-11,1.3371,QLD,tiingo
2007-05-14,1.31783,QLD,tiingo
2007-05-15,1.29885,QLD,tiingo
2007-05-16,1.32305,QLD,tiingo
2007-05-17,1.30885,QLD,tiingo
2007-05-18,1.3303,QLD,tiingo
2007-05-21,1.34884,QLD,tiingo
2007-05-22,1.35043,QLD,tiingo
2007-05-23,1.33855,QLD,tiingo
2007-05-24,1.30073,QLD,tiingo
2007-05-25,1.31464,QLD,tiingo
2007-05-29,1.33145,QLD,tiingo
2007-05-30,1.35507,QLD,tiingo
2007-05-31,1.37216,QLD,tiingo
2007-06-01,1.371,QLD,tiingo
2007-06-04,1.37491,QLD,tiingo
2007-06-05,1.3768,QLD,tiingo
2007-06-06,1.34536,QLD,tiingo
2007-06-07,1.30044,QLD,tiingo
2007-06-08,1.33536,QLD,tiingo
2007-06-11,1.33001,QLD,tiingo
2007-06-12,1.31203,QLD,tiingo
2007-06-13,1.33797,QLD,tiingo
2007-06-14,1.36159,QLD,tiingo
2007-06-15,1.38723,QLD,tiingo
2007-06-18,1.38578,QLD,tiingo
2007-06-19,1.38405,QLD,tiingo
2007-06-20,1.3752,QLD,tiingo
2007-06-21,1.38477,QLD,tiingo
2007-06-22,1.35767,QLD,tiingo
2007-06-25,1.35101,QLD,tiingo
2007-06-26,1.3358,QLD,tiingo
2007-06-27,1.36623,QLD,tiingo
2007-06-28,1.3697,QLD,tiingo
2007-06-29,1.37825,QLD,tiingo
2007-07-02,1.39578,QLD,tiingo
2007-07-03,1.41186,QLD,tiingo
2007-07-05,1.42795,QLD,tiingo
2007-07-06,1.44518,QLD,tiingo
2007-07-09,1.44648,QLD,tiingo
2007-07-10,1.42287,QLD,tiingo
2007-07-11,1.44692,QLD,tiingo
2007-07-12,1.4843,QLD,tiingo
2007-07-13,1.50618,QLD,tiingo
2007-07-16,1.50458,QLD,tiingo
2007-07-17,1.51964,QLD,tiingo
2007-07-18,1.52124,QLD,tiingo
2007-07-19,1.52791,QLD,tiingo
2007-07-20,1.51501,QLD,tiingo
2007-07-23,1.51255,QLD,tiingo
2007-07-24,1.47141,QLD,tiingo
2007-07-25,1.47343,QLD,tiingo
2007-07-26,1.44083,QLD,tiingo
2007-07-27,1.38347,QLD,tiingo
2007-07-30,1.42244,QLD,tiingo
2007-07-31,1.36188,QLD,tiingo
2007-08-01,1.37839,QLD,tiingo
2007-08-02,1.40562,QLD,tiingo
2007-08-03,1.34985,QLD,tiingo
2007-08-06,1.37636,QLD,tiingo
2007-08-07,1.39332,QLD,tiingo
2007-08-08,1.43417,QLD,tiingo
2007-08-09,1.3626,QLD,tiingo
2007-08-10,1.33696,QLD,tiingo
2007-08-13,1.35435,QLD,tiingo
2007-08-14,1.31116,QLD,tiingo
2007-08-15,1.26263,QLD,tiingo
2007-08-16,1.23366,QLD,tiingo
2007-08-17,1.27756,QLD,tiingo
2007-08-20,1.28581,QLD,tiingo
2007-08-21,1.32204,QLD,tiingo
2007-08-22,1.3529,QLD,tiingo
2007-08-23,1.34739,QLD,tiingo
2007-08-24,1.38723,QLD,tiingo
2007-08-27,1.35999,QLD,tiingo
2007-08-28,1.30175,QLD,tiingo
2007-08-29,1.37332,QLD,tiingo
2007-08-30,1.39448,QLD,tiingo
2007-08-31,1.41881,QLD,tiingo
2007-09-04,1.46837,QLD,tiingo
2007-09-05,1.43808,QLD,tiingo
2007-09-06,1.43432,QLD,tiingo
2007-09-07,1.38694,QLD,tiingo
2007-09-10,1.38477,QLD,tiingo
2007-09-11,1.41983,QLD,tiingo
2007-09-12,1.42606,QLD,tiingo
2007-09-13,1.43229,QLD,tiingo
2007-09-14,1.43214,QLD,tiingo
2007-09-17,1.40809,QLD,tiingo
2007-09-18,1.48154,QLD,tiingo
2007-09-19,1.49038,QLD,tiingo
2007-09-20,1.48082,QLD,tiingo
2007-09-21,1.49879,QLD,tiingo
2007-09-24,1.51501,QLD,tiingo
2007-09-25,1.54139,QLD,tiingo
2007-09-26,1.55514,QLD,tiingo
2007-09-27,1.57558,QLD,tiingo
2007-09-28,1.56616,QLD,tiingo
2007-10-01,1.59295,QLD,tiingo
2007-10-02,1.59658,QLD,tiingo
2007-10-03,1.57196,QLD,tiingo
2007-10-04,1.5792,QLD,tiingo
2007-10-05,1.65221,QLD,tiingo
2007-10-08,1.66468,QLD,tiingo
2007-10-09,1.68351,QLD,tiingo
2007-10-10,1.69293,QLD,tiingo
2007-10-11,1.64367,QLD,tiingo
2007-10-12,1.69119,QLD,tiingo
2007-10-15,1.66294,QLD,tiingo
2007-10-16,1.65525,QLD,tiingo
2007-10-17,1.69061,QLD,tiingo
2007-10-18,1.70205,QLD,tiingo
2007-10-19,1.62063,QLD,tiingo
2007-10-22,1.65482,QLD,tiingo
2007-10-23,1.7122,QLD,tiingo
2007-10-24,1.70162,QLD,tiingo
2007-10-25,1.68235,QLD,tiingo
2007-10-26,1.7035,QLD,tiingo
2007-10-29,1.72017,QLD,tiingo
2007-10-30,1.72046,QLD,tiingo
2007-10-31,1.77435,QLD,tiingo
2007-11-01,1.72119,QLD,tiingo
2007-11-02,1.73944,QLD,tiingo
2007-11-05,1.71829,QLD,tiingo
2007-11-06,1.74653,QLD,tiingo
2007-11-07,1.66482,QLD,tiingo
2007-11-08,1.54587,QLD,tiingo
2007-11-09,1.45794,QLD,tiingo
2007-11-12,1.38144,QLD,tiingo
2007-11-13,1.49328,QLD,tiingo
2007-11-14,1.47301,QLD,tiingo
2007-11-15,1.44518,QLD,tiingo
2007-11-16,1.47358,QLD,tiingo
2007-11-19,1.43606,QLD,tiingo
2007-11-20,1.44677,QLD,tiingo
2007-11-21,1.40243,QLD,tiingo
2007-11-23,1.43664,QLD,tiingo
2007-11-26,1.3981,QLD,tiingo
2007-11-27,1.44127,QLD,tiingo
2007-11-28,1.52777,QLD,tiingo
2007-11-29,1.53936,QLD,tiingo
2007-11-30,1.52791,QLD,tiingo
2007-12-03,1.49995,QLD,tiingo
2007-12-04,1.48561,QLD,tiingo
2007-12-05,1.5382,QLD,tiingo
2007-12-06,1.57254,QLD,tiingo
2007-12-07,1.5831,QLD,tiingo
2007-12-10,1.59237,QLD,tiingo
2007-12-11,1.52371,QLD,tiingo
2007-12-12,1.54413,QLD,tiingo
2007-12-13,1.52139,QLD,tiingo
2007-12-14,1.49807,QLD,tiingo
2007-12-17,1.42939,QLD,tiingo
2007-12-18,1.432,QLD,tiingo
2007-12-19,1.44518,QLD,tiingo
2007-12-20,1.50195,QLD,tiingo
2007-12-21,1.55404,QLD,tiingo
2007-12-24,1.57234,QLD,tiingo
2007-12-26,1.58833,QLD,tiingo
2007-12-27,1.54414,QLD,tiingo
2007-12-28,1.53988,QLD,tiingo
2007-12-31,1.51169,QLD,tiingo
2008-01-02,1.4634,QLD,tiingo
2008-01-03,1.47178,QLD,tiingo
2008-01-04,1.3444,QLD,tiingo
2008-01-07,1.32703,QLD,tiingo
2008-01-08,1.26594,QLD,tiingo
2008-01-09,1.30647,QLD,tiingo
2008-01-10,1.30723,QLD,tiingo
2008-01-11,1.27112,QLD,tiingo
2008-01-14,1.30433,QLD,tiingo
2008-01-15,1.24476,QLD,tiingo
2008-01-16,1.20819,QLD,tiingo
2008-01-17,1.17499,QLD,tiingo
2008-01-18,1.16858,QLD,tiingo
2008-01-22,1.10505,QLD,tiingo
2008-01-23,1.11481,QLD,tiingo
2008-01-24,1.14726,QLD,tiingo
2008-01-25,1.09697,QLD,tiingo
2008-01-28,1.11374,QLD,tiingo
2008-01-29,1.11891,QLD,tiingo
2008-01-30,1.11755,QLD,tiingo
2008-01-31,1.14345,QLD,tiingo
2008-02-01,1.18077,QLD,tiingo
2008-02-04,1.13948,QLD,tiingo
2008-02-05,1.08524,QLD,tiingo
2008-02-06,1.03908,QLD,tiingo
2008-02-07,1.0604,QLD,tiingo
2008-02-08,1.07412,QLD,tiingo
2008-02-11,1.09819,QLD,tiingo
2008-02-12,1.09011,QLD,tiingo
2008-02-13,1.12897,QLD,tiingo
2008-02-14,1.09331,QLD,tiingo
2008-02-15,1.08935,QLD,tiingo
2008-02-19,1.079,QLD,tiingo
2008-02-20,1.08889,QLD,tiingo
2008-02-21,1.0723,QLD,tiingo
2008-02-22,1.08174,QLD,tiingo
2008-02-25,1.08616,QLD,tiingo
2008-02-26,1.09621,QLD,tiingo
2008-02-27,1.10323,QLD,tiingo
2008-02-28,1.07946,QLD,tiingo
2008-02-29,1.0473,QLD,tiingo
2008-03-03,1.02461,QLD,tiingo
2008-03-04,1.03298,QLD,tiingo
2008-03-05,1.05279,QLD,tiingo
2008-03-06,0.999164,QLD,tiingo
2008-03-07,0.993829,QLD,tiingo
2008-03-10,0.954216,QLD,tiingo
2008-03-11,1.04076,QLD,tiingo
2008-03-12,1.02049,QLD,tiingo
2008-03-13,1.03695,QLD,tiingo
2008-03-14,0.9952,QLD,tiingo
2008-03-17,0.969604,QLD,tiingo
2008-03-18,1.05355,QLD,tiingo
2008-03-19,1.00099,QLD,tiingo
2008-03-20,1.02933,QLD,tiingo
2008-03-24,1.11374,QLD,tiingo
2008-03-25,1.12211,QLD,tiingo
2008-03-26,1.10002,QLD,tiingo
2008-03-27,1.07747,QLD,tiingo
2008-03-28,1.06117,QLD,tiingo
2008-03-31,1.06574,QLD,tiingo
2008-04-01,1.15532,QLD,tiingo
2008-04-02,1.16324,QLD,tiingo
2008-04-03,1.16523,QLD,tiingo
2008-04-04,1.17102,QLD,tiingo
2008-04-07,1.16446,QLD,tiingo
2008-04-08,1.1541,QLD,tiingo
2008-04-09,1.12897,QLD,tiingo
2008-04-10,1.15578,QLD,tiingo
2008-04-11,1.09377,QLD,tiingo
2008-04-14,1.07793,QLD,tiingo
2008-04-15,1.07946,QLD,tiingo
2008-04-16,1.15929,QLD,tiingo
2008-04-17,1.16173,QLD,tiingo
2008-04-18,1.20804,QLD,tiingo
2008-04-21,1.22419,QLD,tiingo
2008-04-22,1.20058,QLD,tiingo
2008-04-23,1.21338,QLD,tiingo
2008-04-24,1.22983,QLD,tiingo
2008-04-25,1.23105,QLD,tiingo
2008-04-28,1.23532,QLD,tiingo
2008-04-29,1.25056,QLD,tiingo
2008-04-30,1.23181,QLD,tiingo
2008-05-01,1.30891,QLD,tiingo
2008-05-02,1.32323,QLD,tiingo
2008-05-05,1.30616,QLD,tiingo
2008-05-06,1.3348,QLD,tiingo
2008-05-07,1.28285,QLD,tiingo
2008-05-08,1.28636,QLD,tiingo
2008-05-09,1.28376,QLD,tiingo
2008-05-12,1.33175,QLD,tiingo
2008-05-13,1.33953,QLD,tiingo
2008-05-14,1.32841,QLD,tiingo
2008-05-15,1.38036,QLD,tiingo
2008-05-16,1.38036,QLD,tiingo
2008-05-19,1.36695,QLD,tiingo
2008-05-20,1.34211,QLD,tiingo
2008-05-21,1.28697,QLD,tiingo
2008-05-22,1.28437,QLD,tiingo
2008-05-23,1.28011,QLD,tiingo
2008-05-27,1.32338,QLD,tiingo
2008-05-28,1.33877,QLD,tiingo
2008-05-29,1.36315,QLD,tiingo
2008-05-30,1.37884,QLD,tiingo
2008-06-02,1.34791,QLD,tiingo
2008-06-03,1.33145,QLD,tiingo
2008-06-04,1.35416,QLD,tiingo
2008-06-05,1.40534,QLD,tiingo
2008-06-06,1.31225,QLD,tiingo
2008-06-09,1.30967,QLD,tiingo
2008-06-10,1.29261,QLD,tiingo
2008-06-11,1.23334,QLD,tiingo
2008-06-12,1.23562,QLD,tiingo
2008-06-13,1.28193,QLD,tiingo
2008-06-16,1.30037,QLD,tiingo
2008-06-17,1.29398,QLD,tiingo
2008-06-18,1.26533,QLD,tiingo
2008-06-19,1.30113,QLD,tiingo
2008-06-20,1.23714,QLD,tiingo
2008-06-23,1.20956,QLD,tiingo
2008-06-24,1.202,QLD,tiingo
2008-06-25,1.2279,QLD,tiingo
2008-06-26,1.14103,QLD,tiingo
2008-06-27,1.14423,QLD,tiingo
2008-06-30,1.11802,QLD,tiingo
2008-07-01,1.14728,QLD,tiingo
2008-07-02,1.09103,QLD,tiingo
2008-07-03,1.08524,QLD,tiingo
2008-07-07,1.10171,QLD,tiingo
2008-07-08,1.14072,QLD,tiingo
2008-07-09,1.09728,QLD,tiingo
2008-07-10,1.11619,QLD,tiingo
2008-07-11,1.08174,QLD,tiingo
2008-07-14,1.06604,QLD,tiingo
2008-07-15,1.06146,QLD,tiingo
2008-07-16,1.11222,QLD,tiingo
2008-07-17,1.10749,QLD,tiingo
2008-07-18,1.09347,QLD,tiingo
2008-07-21,1.09438,QLD,tiingo
2008-07-22,1.09347,QLD,tiingo
2008-07-23,1.11846,QLD,tiingo
2008-07-24,1.08021,QLD,tiingo
2008-07-25,1.10917,QLD,tiingo
2008-07-28,1.07549,QLD,tiingo
2008-07-29,1.10765,QLD,tiingo
2008-07-30,1.1267,QLD,tiingo
2008-07-31,1.12288,QLD,tiingo
2008-08-01,1.09576,QLD,tiingo
2008-08-04,1.07381,QLD,tiingo
2008-08-05,1.13981,QLD,tiingo
2008-08-06,1.17395,QLD,tiingo
2008-08-07,1.16176,QLD,tiingo
2008-08-08,1.20474,QLD,tiingo
2008-08-11,1.22989,QLD,tiingo
2008-08-12,1.23339,QLD,tiingo
2008-08-13,1.22897,QLD,tiingo
2008-08-14,1.25824,QLD,tiingo
2008-08-15,1.25718,QLD,tiingo
2008-08-18,1.23111,QLD,tiingo
2008-08-19,1.20032,QLD,tiingo
2008-08-20,1.19452,QLD,tiingo
2008-08-21,1.18325,QLD,tiingo
2008-08-22,1.21373,QLD,tiingo
2008-08-25,1.16953,QLD,tiingo
2008-08-26,1.1648,QLD,tiingo
2008-08-27,1.17745,QLD,tiingo
2008-08-28,1.18401,QLD,tiingo
2008-08-29,1.14484,QLD,tiingo
2008-09-02,1.11558,QLD,tiingo
2008-09-03,1.09515,QLD,tiingo
2008-09-04,1.02534,QLD,tiingo
2008-09-05,1.0168,QLD,tiingo
2008-09-08,1.0069,QLD,tiingo
2008-09-09,0.971229,QLD,tiingo
2008-09-10,0.978088,QLD,tiingo
2008-09-11,1.02305,QLD,tiingo
2008-09-12,1.02122,QLD,tiingo
2008-09-15,0.955683,QLD,tiingo
2008-09-16,0.964523,QLD,tiingo
2008-09-17,0.867278,QLD,tiingo
2008-09-18,0.934191,QLD,tiingo
2008-09-19,0.970924,QLD,tiingo
2008-09-22,0.895019,QLD,tiingo
2008-09-23,0.874899,QLD,tiingo
2008-09-24,0.895629,QLD,tiingo
2008-09-25,0.901573,QLD,tiingo
2008-09-26,0.896239,QLD,tiingo
2008-09-29,0.72705,QLD,tiingo
2008-09-30,0.792592,QLD,tiingo
2008-10-01,0.780398,QLD,tiingo
2008-10-02,0.714857,QLD,tiingo
2008-10-03,0.682086,QLD,tiingo
2008-10-06,0.616545,QLD,tiingo
2008-10-07,0.556338,QLD,tiingo
2008-10-08,0.542163,QLD,tiingo
2008-10-09,0.500247,QLD,tiingo
2008-10-10,0.507716,QLD,tiingo
2008-10-13,0.632549,QLD,tiingo
2008-10-14,0.573867,QLD,tiingo
2008-10-15,0.469001,QLD,tiingo
2008-10-16,0.522348,QLD,tiingo
2008-10-17,0.521281,QLD,tiingo
2008-10-20,0.556338,QLD,tiingo
2008-10-21,0.5004,QLD,tiingo
2008-10-22,0.466563,QLD,tiingo
2008-10-23,0.462295,QLD,tiingo
2008-10-24,0.43562,QLD,tiingo
2008-10-27,0.410166,QLD,tiingo
2008-10-28,0.495979,QLD,tiingo
2008-10-29,0.501315,QLD,tiingo
2008-10-30,0.527378,QLD,tiingo
2008-10-31,0.530122,QLD,tiingo
2008-11-03,0.53256,QLD,tiingo
2008-11-04,0.562892,QLD,tiingo
2008-11-05,0.501466,QLD,tiingo
2008-11-06,0.454063,QLD,tiingo
2008-11-07,0.473878,QLD,tiingo
2008-11-10,0.465952,QLD,tiingo
2008-11-11,0.44751,QLD,tiingo
2008-11-12,0.40224,QLD,tiingo
2008-11-13,0.449338,QLD,tiingo
2008-11-14,0.405136,QLD,tiingo
2008-11-17,0.389437,QLD,tiingo
2008-11-18,0.38593,QLD,tiingo
2008-11-19,0.345997,QLD,tiingo
2008-11-20,0.314445,QLD,tiingo
2008-11-21,0.339137,QLD,tiingo
2008-11-24,0.37953,QLD,tiingo
2008-11-25,0.376938,QLD,tiingo
2008-11-26,0.408032,QLD,tiingo
2008-11-28,0.403002,QLD,tiingo
2008-12-01,0.3431,QLD,tiingo
2008-12-02,0.36505,QLD,tiingo
2008-12-03,0.38334,QLD,tiingo
2008-12-04,0.362763,QLD,tiingo
2008-12-05,0.391876,QLD,tiingo
2008-12-08,0.422969,QLD,tiingo
2008-12-09,0.419617,QLD,tiingo
2008-12-10,0.419159,QLD,tiingo
2008-12-11,0.395991,QLD,tiingo
2008-12-12,0.411385,QLD,tiingo
2008-12-15,0.397058,QLD,tiingo
2008-12-16,0.434402,QLD,tiingo
2008-12-17,0.424189,QLD,tiingo
2008-12-18,0.410471,QLD,tiingo
2008-12-19,0.415059,QLD,tiingo
2008-12-22,0.398888,QLD,tiingo
2008-12-23,0.393857,QLD,tiingo
2008-12-24,0.394924,QLD,tiingo
2008-12-26,0.395229,QLD,tiingo
2008-12-29,0.385169,QLD,tiingo
2008-12-30,0.402698,QLD,tiingo
2008-12-31,0.409862,QLD,tiingo
2009-01-02,0.445985,QLD,tiingo
2009-01-05,0.446031,QLD,tiingo
2009-01-06,0.455131,QLD,tiingo
2009-01-07,0.429676,QLD,tiingo
2009-01-08,0.438974,QLD,tiingo
2009-01-09,0.419464,QLD,tiingo
2009-01-12,0.403916,QLD,tiingo
2009-01-13,0.40346,QLD,tiingo
2009-01-14,0.379224,QLD,tiingo
2009-01-15,0.390351,QLD,tiingo
2009-01-16,0.400106,QLD,tiingo
2009-01-20,0.361986,QLD,tiingo
2009-01-21,0.389742,QLD,tiingo
2009-01-22,0.381511,QLD,tiingo
2009-01-23,0.383035,QLD,tiingo
2009-01-26,0.388826,QLD,tiingo
2009-01-27,0.395229,QLD,tiingo
2009-01-28,0.421597,QLD,tiingo
2009-01-29,0.401326,QLD,tiingo
2009-01-30,0.386083,QLD,tiingo
2009-02-02,0.396143,QLD,tiingo
2009-02-03,0.408795,QLD,tiingo
2009-02-04,0.4091,QLD,tiingo
2009-02-05,0.427695,QLD,tiingo
2009-02-06,0.449491,QLD,tiingo
2009-02-09,0.454521,QLD,tiingo
2009-02-10,0.420379,QLD,tiingo
2009-02-11,0.417329,QLD,tiingo
2009-02-12,0.42678,QLD,tiingo
2009-02-13,0.422207,QLD,tiingo
2009-02-17,0.390199,QLD,tiingo
2009-02-18,0.389131,QLD,tiingo
2009-02-19,0.378006,QLD,tiingo
2009-02-20,0.379072,QLD,tiingo
2009-02-23,0.353009,QLD,tiingo
2009-02-24,0.374957,QLD,tiingo
2009-02-25,0.37069,QLD,tiingo
2009-02-26,0.350569,QLD,tiingo
2009-02-27,0.343253,QLD,tiingo
2009-03-02,0.321609,QLD,tiingo
2009-03-03,0.321,QLD,tiingo
2009-03-04,0.337308,QLD,tiingo
2009-03-05,0.317798,QLD,tiingo
2009-03-06,0.312922,QLD,tiingo
2009-03-09,0.298792,QLD,tiingo
2009-03-10,0.335176,QLD,tiingo
2009-03-11,0.345235,QLD,tiingo
2009-03-12,0.368555,QLD,tiingo
2009-03-13,0.371298,QLD,tiingo
2009-03-16,0.357732,QLD,tiingo
2009-03-17,0.384712,QLD,tiingo
2009-03-18,0.394467,QLD,tiingo
2009-03-19,0.39436,QLD,tiingo
2009-03-20,0.382853,QLD,tiingo
2009-03-23,0.427999,QLD,tiingo
2009-03-24,0.414128,QLD,tiingo
2009-03-25,0.415653,QLD,tiingo
2009-03-26,0.441756,QLD,tiingo
2009-03-27,0.424037,QLD,tiingo
2009-03-30,0.402545,QLD,tiingo
2009-03-31,0.41169,QLD,tiingo
2009-04-01,0.423122,QLD,tiingo
2009-04-02,0.450253,QLD,tiingo
2009-04-03,0.466715,QLD,tiingo
2009-04-06,0.463986,QLD,tiingo
2009-04-07,0.438516,QLD,tiingo
2009-04-08,0.455131,QLD,tiingo
2009-04-09,0.482414,QLD,tiingo
2009-04-13,0.481194,QLD,tiingo
2009-04-14,0.468848,QLD,tiingo
2009-04-15,0.468239,QLD,tiingo
2009-04-16,0.491407,QLD,tiingo
2009-04-17,0.491711,QLD,tiingo
2009-04-20,0.460007,QLD,tiingo
2009-04-21,0.473269,QLD,tiingo
2009-04-22,0.477536,QLD,tiingo
2009-04-23,0.487444,QLD,tiingo
2009-04-24,0.5036,QLD,tiingo
2009-04-27,0.504058,QLD,tiingo
2009-04-28,0.497046,QLD,tiingo
2009-04-29,0.510306,QLD,tiingo
2009-04-30,0.520062,QLD,tiingo
2009-05-01,0.522806,QLD,tiingo
2009-05-04,0.544906,QLD,tiingo
2009-05-05,0.54323,QLD,tiingo
2009-05-06,0.543077,QLD,tiingo
2009-05-07,0.51712,QLD,tiingo
2009-05-08,0.518996,QLD,tiingo
2009-05-11,0.522196,QLD,tiingo
2009-05-12,0.50924,QLD,tiingo
2009-05-13,0.481041,QLD,tiingo
2009-05-14,0.491407,QLD,tiingo
2009-05-15,0.49034,QLD,tiingo
2009-05-18,0.516404,QLD,tiingo
2009-05-19,0.522348,QLD,tiingo
2009-05-20,0.51808,QLD,tiingo
2009-05-21,0.49918,QLD,tiingo
2009-05-22,0.49537,QLD,tiingo
2009-05-26,0.53317,QLD,tiingo
2009-05-27,0.52433,QLD,tiingo
2009-05-28,0.538504,QLD,tiingo
2009-05-29,0.550241,QLD,tiingo
2009-06-01,0.58347,QLD,tiingo
2009-06-02,0.58347,QLD,tiingo
2009-06-03,0.581945,QLD,tiingo
2009-06-04,0.593682,QLD,tiingo
2009-06-05,0.595205,QLD,tiingo
2009-06-08,0.590633,QLD,tiingo
2009-06-09,0.600541,QLD,tiingo
2009-06-10,0.595816,QLD,tiingo
2009-06-11,0.595205,QLD,tiingo
2009-06-12,0.590938,QLD,tiingo
2009-06-15,0.565484,QLD,tiingo
2009-06-16,0.555576,QLD,tiingo
2009-06-17,0.564874,QLD,tiingo
2009-06-18,0.561979,QLD,tiingo
2009-06-19,0.574629,QLD,tiingo
2009-06-22,0.542163,QLD,tiingo
2009-06-23,0.539115,QLD,tiingo
2009-06-24,0.556643,QLD,tiingo
2009-06-25,0.579354,QLD,tiingo
2009-06-26,0.581487,QLD,tiingo
2009-06-29,0.583165,QLD,tiingo
2009-06-30,0.580725,QLD,tiingo
2009-07-01,0.58164,QLD,tiingo
2009-07-02,0.556643,QLD,tiingo
2009-07-06,0.551462,QLD,tiingo
2009-07-07,0.523931,QLD,tiingo
2009-07-08,0.528597,QLD,tiingo
2009-07-09,0.529664,QLD,tiingo
2009-07-10,0.534999,QLD,tiingo
2009-07-13,0.554814,QLD,tiingo
2009-07-14,0.558778,QLD,tiingo
2009-07-15,0.595968,QLD,tiingo
2009-07-16,0.610296,QLD,tiingo
2009-07-17,0.616879,QLD,tiingo
2009-07-20,0.628891,QLD,tiingo
2009-07-21,0.638646,QLD,tiingo
2009-07-22,0.647791,QLD,tiingo
2009-07-23,0.677056,QLD,tiingo
2009-07-24,0.676446,QLD,tiingo
2009-07-27,0.677514,QLD,tiingo
2009-07-28,0.681934,QLD,tiingo
2009-07-29,0.676446,QLD,tiingo
2009-07-30,0.68422,QLD,tiingo
2009-07-31,0.679495,QLD,tiingo
2009-08-03,0.700072,QLD,tiingo
2009-08-04,0.699615,QLD,tiingo
2009-08-05,0.689982,QLD,tiingo
2009-08-06,0.67797,QLD,tiingo
2009-08-07,0.693518,QLD,tiingo
2009-08-10,0.68605,QLD,tiingo
2009-08-11,0.673703,QLD,tiingo
2009-08-12,0.694432,QLD,tiingo
2009-08-13,0.701443,QLD,tiingo
2009-08-14,0.685439,QLD,tiingo
2009-08-17,0.645505,QLD,tiingo
2009-08-18,0.663643,QLD,tiingo
2009-08-19,0.672941,QLD,tiingo
2009-08-20,0.68925,QLD,tiingo
2009-08-21,0.706321,QLD,tiingo
2009-08-24,0.705254,QLD,tiingo
2009-08-25,0.70998,QLD,tiingo
2009-08-26,0.70815,QLD,tiingo
2009-08-27,0.711047,QLD,tiingo
2009-08-28,0.712723,QLD,tiingo
2009-08-31,0.697633,QLD,tiingo
2009-09-01,0.671721,QLD,tiingo
2009-09-02,0.670349,QLD,tiingo
2009-09-03,0.679495,QLD,tiingo
2009-09-04,0.70815,QLD,tiingo
2009-09-08,0.722326,QLD,tiingo
2009-09-09,0.734366,QLD,tiingo
2009-09-10,0.748084,QLD,tiingo
2009-09-11,0.749304,QLD,tiingo
2009-09-14,0.755248,QLD,tiingo
2009-09-15,0.760279,QLD,tiingo
2009-09-16,0.782533,QLD,tiingo
2009-09-17,0.781922,QLD,tiingo
2009-09-18,0.785733,QLD,tiingo
2009-09-21,0.789086,QLD,tiingo
2009-09-22,0.792439,QLD,tiingo
2009-09-23,0.784209,QLD,tiingo
2009-09-24,0.770796,QLD,tiingo
2009-09-25,0.757383,QLD,tiingo
2009-09-28,0.782988,QLD,tiingo
2009-09-29,0.776435,QLD,tiingo
2009-09-30,0.776892,QLD,tiingo
2009-10-01,0.731654,QLD,tiingo
2009-10-02,0.726592,QLD,tiingo
2009-10-05,0.738634,QLD,tiingo
2009-10-06,0.764242,QLD,tiingo
2009-10-07,0.768661,QLD,tiingo
2009-10-08,0.775672,QLD,tiingo
2009-10-09,0.783599,QLD,tiingo
2009-10-12,0.787409,QLD,tiingo
2009-10-13,0.787256,QLD,tiingo
2009-10-14,0.808901,QLD,tiingo
2009-10-15,0.806005,QLD,tiingo
2009-10-16,0.79564,QLD,tiingo
2009-10-19,0.810273,QLD,tiingo
2009-10-20,0.811186,QLD,tiingo
2009-10-21,0.807985,QLD,tiingo
2009-10-22,0.81515,QLD,tiingo
2009-10-23,0.808596,QLD,tiingo
2009-10-26,0.802804,QLD,tiingo
2009-10-27,0.779027,QLD,tiingo
2009-10-28,0.743512,QLD,tiingo
2009-10-29,0.768052,QLD,tiingo
2009-10-30,0.72705,QLD,tiingo
2009-11-02,0.732843,QLD,tiingo
2009-11-03,0.737872,QLD,tiingo
2009-11-04,0.74031,QLD,tiingo
2009-11-05,0.77613,QLD,tiingo
2009-11-06,0.785733,QLD,tiingo
2009-11-09,0.819418,QLD,tiingo
2009-11-10,0.822009,QLD,tiingo
2009-11-11,0.833288,QLD,tiingo
2009-11-12,0.8246,QLD,tiingo
2009-11-13,0.838471,QLD,tiingo
2009-11-16,0.855541,QLD,tiingo
2009-11-17,0.860145,QLD,tiingo
2009-11-18,0.851273,QLD,tiingo
2009-11-19,0.823838,QLD,tiingo
2009-11-20,0.816675,QLD,tiingo
2009-11-23,0.841367,QLD,tiingo
2009-11-24,0.836032,QLD,tiingo
2009-11-25,0.843043,QLD,tiingo
2009-11-27,0.817894,QLD,tiingo
2009-11-30,0.818808,QLD,tiingo
2009-12-01,0.836183,QLD,tiingo
2009-12-02,0.83908,QLD,tiingo
2009-12-03,0.832222,QLD,tiingo
2009-12-04,0.840452,QLD,tiingo
2009-12-07,0.832222,QLD,tiingo
2009-12-08,0.822009,QLD,tiingo
2009-12-09,0.838471,QLD,tiingo
2009-12-10,0.847006,QLD,tiingo
2009-12-11,0.840909,QLD,tiingo
2009-12-14,0.856304,QLD,tiingo
2009-12-15,0.847311,QLD,tiingo
2009-12-16,0.849597,QLD,tiingo
2009-12-17,0.829172,QLD,tiingo
2009-12-18,0.855085,QLD,tiingo
2009-12-21,0.874899,QLD,tiingo
2009-12-22,0.885264,QLD,tiingo
2009-12-23,0.897763,QLD,tiingo
2009-12-24,0.914224,QLD,tiingo
2009-12-28,0.92337,QLD,tiingo
2009-12-29,0.916205,QLD,tiingo
2009-12-30,0.92154,QLD,tiingo
2009-12-31,0.906603,QLD,tiingo
2010-01-04,0.930839,QLD,tiingo
2010-01-05,0.931448,QLD,tiingo
2010-01-06,0.921235,QLD,tiingo
2010-01-07,0.921387,QLD,tiingo
2010-01-08,0.936325,QLD,tiingo
2010-01-11,0.929466,QLD,tiingo
2010-01-12,0.906298,QLD,tiingo
2010-01-13,0.927942,QLD,tiingo
2010-01-14,0.929161,QLD,tiingo
2010-01-15,0.908432,QLD,tiingo
2010-01-19,0.936934,QLD,tiingo
2010-01-20,0.910718,QLD,tiingo
2010-01-21,0.892884,QLD,tiingo
2010-01-22,0.841519,QLD,tiingo
2010-01-25,0.846397,QLD,tiingo
2010-01-26,0.848225,QLD,tiingo
2010-01-27,0.860876,QLD,tiingo
2010-01-28,0.817894,QLD,tiingo
2010-01-29,0.788629,QLD,tiingo
2010-02-01,0.80509,QLD,tiingo
2010-02-02,0.819875,QLD,tiingo
2010-02-03,0.829325,QLD,tiingo
2010-02-04,0.782258,QLD,tiingo
2010-02-05,0.793353,QLD,tiingo
2010-02-08,0.783293,QLD,tiingo
2010-02-09,0.799451,QLD,tiingo
2010-02-10,0.796097,QLD,tiingo
2010-02-11,0.819418,QLD,tiingo
2010-02-12,0.823381,QLD,tiingo
2010-02-16,0.84411,QLD,tiingo
2010-02-17,0.853103,QLD,tiingo
2010-02-18,0.864078,QLD,tiingo
2010-02-19,0.86301,QLD,tiingo
2010-02-22,0.859353,QLD,tiingo
2010-02-23,0.837555,QLD,tiingo
2010-02-24,0.854032,QLD,tiingo
2010-02-25,0.855846,QLD,tiingo
2010-02-26,0.860876,QLD,tiingo
2010-03-01,0.885111,QLD,tiingo
2010-03-02,0.890446,QLD,tiingo
2010-03-03,0.89258,QLD,tiingo
2010-03-04,0.89822,QLD,tiingo
2010-03-05,0.924741,QLD,tiingo
2010-03-08,0.929009,QLD,tiingo
2010-03-09,0.94166,QLD,tiingo
2010-03-10,0.954464,QLD,tiingo
2010-03-11,0.961322,QLD,tiingo
2010-03-12,0.962694,QLD,tiingo
2010-03-15,0.958731,QLD,tiingo
2010-03-16,0.970468,QLD,tiingo
2010-03-17,0.973973,QLD,tiingo
2010-03-18,0.980833,QLD,tiingo
2010-03-19,0.969553,QLD,tiingo
2010-03-22,0.986929,QLD,tiingo
2010-03-23,1.0011,QLD,tiingo
2010-03-24,0.991502,QLD,tiingo
2010-03-25,0.987234,QLD,tiingo
2010-03-26,0.99074,QLD,tiingo
2010-03-29,0.999583,QLD,tiingo
2010-03-30,1.00598,QLD,tiingo
2010-03-31,0.997447,QLD,tiingo
2010-04-01,0.996531,QLD,tiingo
2010-04-05,1.01421,QLD,tiingo
2010-04-06,1.01985,QLD,tiingo
2010-04-07,1.01603,QLD,tiingo
2010-04-08,1.01893,QLD,tiingo
2010-04-09,1.03159,QLD,tiingo
2010-04-12,1.03311,QLD,tiingo
2010-04-13,1.04379,QLD,tiingo
2010-04-14,1.06893,QLD,tiingo
2010-04-15,1.07823,QLD,tiingo
2010-04-16,1.05277,QLD,tiingo
2010-04-19,1.05094,QLD,tiingo
2010-04-20,1.06192,QLD,tiingo
2010-04-21,1.07381,QLD,tiingo
2010-04-22,1.08509,QLD,tiingo
2010-04-23,1.09438,QLD,tiingo
2010-04-26,1.08904,QLD,tiingo
2010-04-27,1.04427,QLD,tiingo
2010-04-28,1.04515,QLD,tiingo
2010-04-29,1.08037,QLD,tiingo
2010-04-30,1.03952,QLD,tiingo
2010-05-03,1.06741,QLD,tiingo
2010-05-04,1.00293,QLD,tiingo
2010-05-05,0.993178,QLD,tiingo
2010-05-06,0.927456,QLD,tiingo
2010-05-07,0.882794,QLD,tiingo
2010-05-10,0.970924,QLD,tiingo
2010-05-11,0.969858,QLD,tiingo
2010-05-12,1.00595,QLD,tiingo
2010-05-13,0.974582,QLD,tiingo
2010-05-14,0.938002,QLD,tiingo
2010-05-17,0.943794,QLD,tiingo
2010-05-18,0.917729,QLD,tiingo
2010-05-19,0.901573,QLD,tiingo
2010-05-20,0.836488,QLD,tiingo
2010-05-21,0.853682,QLD,tiingo
2010-05-24,0.84594,QLD,tiingo
2010-05-25,0.84792,QLD,tiingo
2010-05-26,0.827343,QLD,tiingo
2010-05-27,0.892276,QLD,tiingo
2010-05-28,0.880844,QLD,tiingo
2010-06-01,0.863926,QLD,tiingo
2010-06-02,0.906298,QLD,tiingo
2010-06-03,0.922302,QLD,tiingo
2010-06-04,0.861638,QLD,tiingo
2010-06-07,0.829477,QLD,tiingo
2010-06-08,0.825971,QLD,tiingo
2010-06-09,0.811385,QLD,tiingo
2010-06-10,0.857523,QLD,tiingo
2010-06-11,0.873527,QLD,tiingo
2010-06-14,0.87368,QLD,tiingo
2010-06-15,0.920169,QLD,tiingo
2010-06-16,0.929009,QLD,tiingo
2010-06-17,0.934344,QLD,tiingo
2010-06-18,0.936995,QLD,tiingo
2010-06-21,0.92337,QLD,tiingo
2010-06-22,0.905231,QLD,tiingo
2010-06-23,0.898829,QLD,tiingo
2010-06-24,0.870784,QLD,tiingo
2010-06-25,0.867278,QLD,tiingo
2010-06-28,0.861943,QLD,tiingo
2010-06-29,0.795488,QLD,tiingo
2010-06-30,0.771253,QLD,tiingo
2010-07-01,0.76668,QLD,tiingo
2010-07-02,0.762259,QLD,tiingo
2010-07-06,0.766223,QLD,tiingo
2010-07-07,0.814845,QLD,tiingo
2010-07-08,0.823381,QLD,tiingo
2010-07-09,0.839842,QLD,tiingo
2010-07-12,0.844415,QLD,tiingo
2010-07-13,0.865144,QLD,tiingo
2010-07-14,0.875204,QLD,tiingo
2010-07-15,0.877338,QLD,tiingo
2010-07-16,0.82902,QLD,tiingo
2010-07-19,0.842434,QLD,tiingo
2010-07-20,0.861791,QLD,tiingo
2010-07-21,0.839385,QLD,tiingo
2010-07-22,0.881393,QLD,tiingo
2010-07-23,0.892732,QLD,tiingo
2010-07-26,0.906603,QLD,tiingo
2010-07-27,0.905993,QLD,tiingo
2010-07-28,0.892124,QLD,tiingo
2010-07-29,0.87871,QLD,tiingo
2010-07-30,0.88313,QLD,tiingo
2010-08-02,0.915443,QLD,tiingo
2010-08-03,0.90828,QLD,tiingo
2010-08-04,0.926722,QLD,tiingo
2010-08-05,0.922302,QLD,tiingo
2010-08-06,0.919177,QLD,tiingo
2010-08-09,0.93099,QLD,tiingo
2010-08-10,0.91651,QLD,tiingo
2010-08-11,0.865753,QLD,tiingo
2010-08-12,0.851121,QLD,tiingo
2010-08-13,0.839233,QLD,tiingo
2010-08-16,0.842434,QLD,tiingo
2010-08-17,0.863773,QLD,tiingo
2010-08-18,0.870174,QLD,tiingo
2010-08-19,0.84414,QLD,tiingo
2010-08-20,0.846245,QLD,tiingo
2010-08-23,0.82963,QLD,tiingo
2010-08-24,0.799603,QLD,tiingo
2010-08-25,0.813779,QLD,tiingo
2010-08-26,0.79503,QLD,tiingo
2010-08-27,0.814997,QLD,tiingo
2010-08-30,0.797317,QLD,tiingo
2010-08-31,0.792897,QLD,tiingo
2010-09-01,0.838318,QLD,tiingo
2010-09-02,0.857828,QLD,tiingo
2010-09-03,0.887093,QLD,tiingo
2010-09-07,0.873985,QLD,tiingo
2010-09-08,0.894714,QLD,tiingo
2010-09-09,0.90142,QLD,tiingo
2010-09-10,0.907975,QLD,tiingo
2010-09-13,0.934039,QLD,tiingo
2010-09-14,0.941507,QLD,tiingo
2010-09-15,0.953548,QLD,tiingo
2010-09-16,0.960864,QLD,tiingo
2010-09-17,0.967115,QLD,tiingo
2010-09-20,1.0008,QLD,tiingo
2010-09-21,0.998514,QLD,tiingo
2010-09-22,0.99516,QLD,tiingo
2010-09-23,0.994398,QLD,tiingo
2010-09-24,1.03448,QLD,tiingo
2010-09-27,1.02374,QLD,tiingo
2010-09-28,1.02534,QLD,tiingo
2010-09-29,1.01939,QLD,tiingo
2010-09-30,1.01047,QLD,tiingo
2010-10-01,1.00827,QLD,tiingo
2010-10-04,0.986167,QLD,tiingo
2010-10-05,1.03357,QLD,tiingo
2010-10-06,1.0171,QLD,tiingo
2010-10-07,1.02275,QLD,tiingo
2010-10-08,1.03525,QLD,tiingo
2010-10-11,1.0383,QLD,tiingo
2010-10-12,1.05354,QLD,tiingo
2010-10-13,1.06985,QLD,tiingo
2010-10-14,1.06573,QLD,tiingo
2010-10-15,1.1107,QLD,tiingo
2010-10-18,1.10749,QLD,tiingo
2010-10-19,1.08113,QLD,tiingo
2010-10-20,1.09698,QLD,tiingo
2010-10-21,1.1014,QLD,tiingo
2010-10-22,1.11665,QLD,tiingo
2010-10-25,1.12578,QLD,tiingo
2010-10-26,1.1325,QLD,tiingo
2010-10-27,1.14057,QLD,tiingo
2010-10-28,1.145,QLD,tiingo
2010-10-29,1.14118,QLD,tiingo
2010-11-01,1.14149,QLD,tiingo
2010-11-02,1.16541,QLD,tiingo
2010-11-03,1.17685,QLD,tiingo
2010-11-04,1.20459,QLD,tiingo
2010-11-05,1.20489,QLD,tiingo
2010-11-08,1.20794,QLD,tiingo
2010-11-09,1.19269,QLD,tiingo
2010-11-10,1.1889,QLD,tiingo
2010-11-11,1.19178,QLD,tiingo
2010-11-12,1.1517,QLD,tiingo
2010-11-15,1.14454,QLD,tiingo
2010-11-16,1.10618,QLD,tiingo
2010-11-17,1.11222,QLD,tiingo
2010-11-18,1.14788,QLD,tiingo
2010-11-19,1.14956,QLD,tiingo
2010-11-22,1.16968,QLD,tiingo
2010-11-23,1.1331,QLD,tiingo
2010-11-24,1.17776,QLD,tiingo
2010-11-26,1.16191,QLD,tiingo
2010-11-29,1.16145,QLD,tiingo
2010-11-30,1.13158,QLD,tiingo
2010-12-01,1.17959,QLD,tiingo
2010-12-02,1.20444,QLD,tiingo
2010-12-03,1.20992,QLD,tiingo
2010-12-06,1.20885,QLD,tiingo
2010-12-07,1.21129,QLD,tiingo
2010-12-08,1.22075,QLD,tiingo
2010-12-09,1.22182,QLD,tiingo
2010-12-10,1.23813,QLD,tiingo
2010-12-13,1.22989,QLD,tiingo
2010-12-14,1.23248,QLD,tiingo
2010-12-15,1.22288,QLD,tiingo
2010-12-16,1.24025,QLD,tiingo
2010-12-17,1.24406,QLD,tiingo
2010-12-20,1.24666,QLD,tiingo
2010-12-21,1.25977,QLD,tiingo
2010-12-22,1.26098,QLD,tiingo
2010-12-23,1.25428,QLD,tiingo
2010-12-27,1.25444,QLD,tiingo
2010-12-28,1.25079,QLD,tiingo
2010-12-29,1.2558,QLD,tiingo
2010-12-30,1.2494,QLD,tiingo
2010-12-31,1.24117,QLD,tiingo
2011-01-03,1.27928,QLD,tiingo
2011-01-04,1.27699,QLD,tiingo
2011-01-05,1.29923,QLD,tiingo
2011-01-06,1.30712,QLD,tiingo
2011-01-07,1.30549,QLD,tiingo
2011-01-10,1.31418,QLD,tiingo
2011-01-11,1.31768,QLD,tiingo
2011-01-12,1.33628,QLD,tiingo
2011-01-13,1.33933,QLD,tiingo
2011-01-14,1.35853,QLD,tiingo
2011-01-18,1.36586,QLD,tiingo
2011-01-19,1.33521,QLD,tiingo
2011-01-20,1.31433,QLD,tiingo
2011-01-21,1.29468,QLD,tiingo
2011-01-24,1.33109,QLD,tiingo
2011-01-25,1.33399,QLD,tiingo
2011-01-26,1.34954,QLD,tiingo
2011-01-27,1.3657,QLD,tiingo
2011-01-28,1.29634,QLD,tiingo
2011-01-31,1.3093,QLD,tiingo
2011-02-01,1.35746,QLD,tiingo
2011-02-02,1.35326,QLD,tiingo
2011-02-03,1.35716,QLD,tiingo
2011-02-04,1.37362,QLD,tiingo
2011-02-07,1.38688,QLD,tiingo
2011-02-08,1.40654,QLD,tiingo
2011-02-09,1.4003,QLD,tiingo
2011-02-10,1.40532,QLD,tiingo
2011-02-11,1.42438,QLD,tiingo
2011-02-14,1.43124,QLD,tiingo
2011-02-15,1.42774,QLD,tiingo
2011-02-16,1.44663,QLD,tiingo
2011-02-17,1.44541,QLD,tiingo
2011-02-18,1.43947,QLD,tiingo
2011-02-22,1.35427,QLD,tiingo
2011-02-23,1.33231,QLD,tiingo
2011-02-24,1.34527,QLD,tiingo
2011-02-25,1.38353,QLD,tiingo
2011-02-28,1.39054,QLD,tiingo
2011-03-01,1.34618,QLD,tiingo
2011-03-02,1.3593,QLD,tiingo
2011-03-03,1.41264,QLD,tiingo
2011-03-04,1.3971,QLD,tiingo
2011-03-07,1.36097,QLD,tiingo
2011-03-08,1.37118,QLD,tiingo
2011-03-09,1.35198,QLD,tiingo
2011-03-10,1.31112,QLD,tiingo
2011-03-11,1.32607,QLD,tiingo
2011-03-14,1.31646,QLD,tiingo
2011-03-15,1.28065,QLD,tiingo
2011-03-16,1.21892,QLD,tiingo
2011-03-17,1.2401,QLD,tiingo
2011-03-18,1.23507,QLD,tiingo
2011-03-21,1.28035,QLD,tiingo
2011-03-22,1.27882,QLD,tiingo
2011-03-23,1.29163,QLD,tiingo
2011-03-24,1.34054,QLD,tiingo
2011-03-25,1.3439,QLD,tiingo
2011-03-28,1.3279,QLD,tiingo
2011-03-29,1.35397,QLD,tiingo
2011-03-30,1.36722,QLD,tiingo
2011-03-31,1.37133,QLD,tiingo
2011-04-01,1.3724,QLD,tiingo
2011-04-04,1.36418,QLD,tiingo
2011-04-05,1.35579,QLD,tiingo
2011-04-06,1.36235,QLD,tiingo
2011-04-07,1.36174,QLD,tiingo
2011-04-08,1.34847,QLD,tiingo
2011-04-11,1.33948,QLD,tiingo
2011-04-12,1.32165,QLD,tiingo
2011-04-13,1.34344,QLD,tiingo
2011-04-14,1.33765,QLD,tiingo
2011-04-15,1.33338,QLD,tiingo
2011-04-18,1.31418,QLD,tiingo
2011-04-19,1.3308,QLD,tiingo
2011-04-20,1.39008,QLD,tiingo
2011-04-21,1.41219,QLD,tiingo
2011-04-25,1.42026,QLD,tiingo
2011-04-26,1.4352,QLD,tiingo
2011-04-27,1.45532,QLD,tiingo
2011-04-28,1.45166,QLD,tiingo
2011-04-29,1.45044,QLD,tiingo
2011-05-02,1.44419,QLD,tiingo
2011-05-03,1.42925,QLD,tiingo
2011-05-04,1.42621,QLD,tiingo
2011-05-05,1.40898,QLD,tiingo
2011-05-06,1.41996,QLD,tiingo
2011-05-09,1.43017,QLD,tiingo
2011-05-10,1.45364,QLD,tiingo
2011-05-11,1.43231,QLD,tiingo
2011-05-12,1.44846,QLD,tiingo
2011-05-13,1.41492,QLD,tiingo
2011-05-16,1.3657,QLD,tiingo
2011-05-17,1.3727,QLD,tiingo
2011-05-18,1.39695,QLD,tiingo
2011-05-19,1.40456,QLD,tiingo
2011-05-20,1.38323,QLD,tiingo
2011-05-23,1.34374,QLD,tiingo
2011-05-24,1.32652,QLD,tiingo
2011-05-25,1.33643,QLD,tiingo
2011-05-26,1.35351,QLD,tiingo
2011-05-27,1.36676,QLD,tiingo
2011-05-31,1.40913,QLD,tiingo
2011-06-01,1.34847,QLD,tiingo
2011-06-02,1.35488,QLD,tiingo
2011-06-03,1.31463,QLD,tiingo
2011-06-06,1.29178,QLD,tiingo
2011-06-07,1.28812,QLD,tiingo
2011-06-08,1.2686,QLD,tiingo
2011-06-09,1.27226,QLD,tiingo
2011-06-10,1.23477,QLD,tiingo
2011-06-13,1.23294,QLD,tiingo
2011-06-14,1.26388,QLD,tiingo
2011-06-15,1.21953,QLD,tiingo
2011-06-16,1.20916,QLD,tiingo
2011-06-17,1.20093,QLD,tiingo
2011-06-20,1.21267,QLD,tiingo
2011-06-21,1.26434,QLD,tiingo
2011-06-22,1.24742,QLD,tiingo
2011-06-23,1.27058,QLD,tiingo
2011-06-24,1.22622,QLD,tiingo
2011-06-27,1.26601,QLD,tiingo
2011-06-28,1.30259,QLD,tiingo
2011-06-29,1.31402,QLD,tiingo
2011-06-30,1.34786,QLD,tiingo
2011-07-01,1.38917,QLD,tiingo
2011-07-05,1.40227,QLD,tiingo
2011-07-06,1.41036,QLD,tiingo
2011-07-07,1.45105,QLD,tiingo
2011-07-08,1.44206,QLD,tiingo
2011-07-11,1.39146,QLD,tiingo
2011-07-12,1.36829,QLD,tiingo
2011-07-13,1.38018,QLD,tiingo
2011-07-14,1.34847,QLD,tiingo
2011-07-15,1.38399,QLD,tiingo
2011-07-18,1.36966,QLD,tiingo
2011-07-19,1.43231,QLD,tiingo
2011-07-20,1.41889,QLD,tiingo
2011-07-21,1.43962,QLD,tiingo
2011-07-22,1.46828,QLD,tiingo
2011-07-25,1.46325,QLD,tiingo
2011-07-26,1.46843,QLD,tiingo
2011-07-27,1.3942,QLD,tiingo
2011-07-28,1.39863,QLD,tiingo
2011-07-29,1.38871,QLD,tiingo
2011-08-01,1.37865,QLD,tiingo
2011-08-02,1.30747,QLD,tiingo
2011-08-03,1.33064,QLD,tiingo
2011-08-04,1.2087,QLD,tiingo
2011-08-05,1.19238,QLD,tiingo
2011-08-08,1.05277,QLD,tiingo
2011-08-09,1.15017,QLD,tiingo
2011-08-10,1.05598,QLD,tiingo
2011-08-11,1.1488,QLD,tiingo
2011-08-12,1.168,QLD,tiingo
2011-08-15,1.2023,QLD,tiingo
2011-08-16,1.18203,QLD,tiingo
2011-08-17,1.16907,QLD,tiingo
2011-08-18,1.05521,QLD,tiingo
2011-08-19,1.01664,QLD,tiingo
2011-08-22,1.0232,QLD,tiingo
2011-08-23,1.10643,QLD,tiingo
2011-08-24,1.12349,QLD,tiingo
2011-08-25,1.08814,QLD,tiingo
2011-08-26,1.14118,QLD,tiingo
2011-08-29,1.20717,QLD,tiingo
2011-08-30,1.22167,QLD,tiingo
2011-08-31,1.22729,QLD,tiingo
2011-09-01,1.20322,QLD,tiingo
2011-09-02,1.14698,QLD,tiingo
2011-09-06,1.14744,QLD,tiingo
2011-09-07,1.20505,QLD,tiingo
2011-09-08,1.19391,QLD,tiingo
2011-09-09,1.14088,QLD,tiingo
2011-09-12,1.17121,QLD,tiingo
2011-09-13,1.20123,QLD,tiingo
2011-09-14,1.23568,QLD,tiingo
2011-09-15,1.27226,QLD,tiingo
2011-09-16,1.29391,QLD,tiingo
2011-09-19,1.29679,QLD,tiingo
2011-09-20,1.28568,QLD,tiingo
2011-09-21,1.2404,QLD,tiingo
2011-09-22,1.16023,QLD,tiingo
2011-09-23,1.18417,QLD,tiingo
2011-09-26,1.21129,QLD,tiingo
2011-09-27,1.2366,QLD,tiingo
2011-09-28,1.20001,QLD,tiingo
2011-09-29,1.17228,QLD,tiingo
2011-09-30,1.11192,QLD,tiingo
2011-10-03,1.0539,QLD,tiingo
2011-10-04,1.09698,QLD,tiingo
2011-10-05,1.15338,QLD,tiingo
2011-10-06,1.19148,QLD,tiingo
2011-10-07,1.17655,QLD,tiingo
2011-10-10,1.25702,QLD,tiingo
2011-10-11,1.27287,QLD,tiingo
2011-10-12,1.28751,QLD,tiingo
2011-10-13,1.31158,QLD,tiingo
2011-10-14,1.35884,QLD,tiingo
2011-10-17,1.31921,QLD,tiingo
2011-10-18,1.35,QLD,tiingo
2011-10-19,1.29801,QLD,tiingo
2011-10-20,1.28644,QLD,tiingo
2011-10-21,1.31753,QLD,tiingo
2011-10-24,1.37194,QLD,tiingo
2011-10-25,1.31891,QLD,tiingo
2011-10-26,1.31509,QLD,tiingo
2011-10-27,1.37438,QLD,tiingo
2011-10-28,1.3913,QLD,tiingo
2011-10-31,1.34542,QLD,tiingo
2011-11-01,1.27455,QLD,tiingo
2011-11-02,1.29513,QLD,tiingo
2011-11-03,1.34954,QLD,tiingo
2011-11-04,1.33613,QLD,tiingo
2011-11-07,1.35458,QLD,tiingo
2011-11-08,1.38566,QLD,tiingo
2011-11-09,1.28995,QLD,tiingo
2011-11-10,1.28644,QLD,tiingo
2011-11-11,1.33445,QLD,tiingo
2011-11-14,1.31921,QLD,tiingo
2011-11-15,1.34786,QLD,tiingo
2011-11-16,1.30206,QLD,tiingo
2011-11-17,1.24452,QLD,tiingo
2011-11-18,1.22334,QLD,tiingo
2011-11-21,1.177,QLD,tiingo
2011-11-22,1.18294,QLD,tiingo
2011-11-23,1.12944,QLD,tiingo
2011-11-25,1.11314,QLD,tiingo
2011-11-28,1.18965,QLD,tiingo
2011-11-29,1.17548,QLD,tiingo
2011-11-30,1.2622,QLD,tiingo
2011-12-01,1.27989,QLD,tiingo
2011-12-02,1.27058,QLD,tiingo
2011-12-05,1.29984,QLD,tiingo
2011-12-06,1.29361,QLD,tiingo
2011-12-07,1.29483,QLD,tiingo
2011-12-08,1.25047,QLD,tiingo
2011-12-09,1.28995,QLD,tiingo
2011-12-12,1.26174,QLD,tiingo
2011-12-13,1.23263,QLD,tiingo
2011-12-14,1.19559,QLD,tiingo
2011-12-15,1.18798,QLD,tiingo
2011-12-16,1.19879,QLD,tiingo
2011-12-19,1.17745,QLD,tiingo
2011-12-20,1.24605,QLD,tiingo
2011-12-21,1.20961,QLD,tiingo
2011-12-22,1.23034,QLD,tiingo
2011-12-23,1.25199,QLD,tiingo
2011-12-27,1.25931,QLD,tiingo
2011-12-28,1.23248,QLD,tiingo
2011-12-29,1.24757,QLD,tiingo
2011-12-30,1.24162,QLD,tiingo
2012-01-03,1.2869,QLD,tiingo
2012-01-04,1.29801,QLD,tiingo
2012-01-05,1.32013,QLD,tiingo
2012-01-06,1.32851,QLD,tiingo
2012-01-09,1.32089,QLD,tiingo
2012-01-10,1.33994,QLD,tiingo
2012-01-11,1.34603,QLD,tiingo
2012-01-12,1.35701,QLD,tiingo
2012-01-13,1.34741,QLD,tiingo
2012-01-17,1.36951,QLD,tiingo
2012-01-18,1.40608,QLD,tiingo
2012-01-19,1.42469,QLD,tiingo
2012-01-20,1.42087,QLD,tiingo
2012-01-23,1.42118,QLD,tiingo
2012-01-24,1.41614,QLD,tiingo
2012-01-25,1.4512,QLD,tiingo
2012-01-26,1.44069,QLD,tiingo
2012-01-27,1.4509,QLD,tiingo
2012-01-30,1.45258,QLD,tiingo
2012-01-31,1.45609,QLD,tiingo
2012-02-01,1.47894,QLD,tiingo
2012-02-02,1.48915,QLD,tiingo
2012-02-03,1.52971,QLD,tiingo
2012-02-06,1.52833,QLD,tiingo
2012-02-07,1.53427,QLD,tiingo
2012-02-08,1.54844,QLD,tiingo
2012-02-09,1.57223,QLD,tiingo
2012-02-10,1.55012,QLD,tiingo
2012-02-13,1.57741,QLD,tiingo
2012-02-14,1.5861,QLD,tiingo
2012-02-15,1.56323,QLD,tiingo
2012-02-16,1.60728,QLD,tiingo
2012-02-17,1.59738,QLD,tiingo
2012-02-21,1.60531,QLD,tiingo
2012-02-22,1.59159,QLD,tiingo
2012-02-23,1.61293,QLD,tiingo
2012-02-24,1.62359,QLD,tiingo
2012-02-27,1.62755,QLD,tiingo
2012-02-28,1.66048,QLD,tiingo
2012-02-29,1.64692,QLD,tiingo
2012-03-01,1.67115,QLD,tiingo
2012-03-02,1.66932,QLD,tiingo
2012-03-05,1.63579,QLD,tiingo
2012-03-06,1.60302,QLD,tiingo
2012-03-07,1.62664,QLD,tiingo
2012-03-08,1.66246,QLD,tiingo
2012-03-09,1.67649,QLD,tiingo
2012-03-12,1.67786,QLD,tiingo
2012-03-13,1.73944,QLD,tiingo
2012-03-14,1.75301,QLD,tiingo
2012-03-15,1.76123,QLD,tiingo
2012-03-16,1.75833,QLD,tiingo
2012-03-19,1.78592,QLD,tiingo
2012-03-20,1.79111,QLD,tiingo
2012-03-21,1.79202,QLD,tiingo
2012-03-22,1.78364,QLD,tiingo
2012-03-23,1.78319,QLD,tiingo
2012-03-26,1.84429,QLD,tiingo
2012-03-27,1.84887,QLD,tiingo
2012-03-28,1.83424,QLD,tiingo
2012-03-29,1.82235,QLD,tiingo
2012-03-30,1.81307,QLD,tiingo
2012-04-02,1.85009,QLD,tiingo
2012-04-03,1.8504,QLD,tiingo
2012-04-04,1.80023,QLD,tiingo
2012-04-05,1.82098,QLD,tiingo
2012-04-09,1.79461,QLD,tiingo
2012-04-10,1.73532,QLD,tiingo
2012-04-11,1.75362,QLD,tiingo
2012-04-12,1.79218,QLD,tiingo
2012-04-13,1.73898,QLD,tiingo
2012-04-16,1.70194,QLD,tiingo
2012-04-17,1.76809,QLD,tiingo
2012-04-18,1.75878,QLD,tiingo
2012-04-19,1.72251,QLD,tiingo
2012-04-20,1.71078,QLD,tiingo
2012-04-23,1.68151,QLD,tiingo
2012-04-24,1.66139,QLD,tiingo
2012-04-25,1.74965,QLD,tiingo
2012-04-26,1.77052,QLD,tiingo
2012-04-27,1.79157,QLD,tiingo
2012-04-30,1.76641,QLD,tiingo
2012-05-01,1.77159,QLD,tiingo
2012-05-02,1.77983,QLD,tiingo
2012-05-03,1.74278,QLD,tiingo
2012-05-04,1.65636,QLD,tiingo
2012-05-07,1.65865,QLD,tiingo
2012-05-08,1.64616,QLD,tiingo
2012-05-09,1.64066,QLD,tiingo
2012-05-10,1.62847,QLD,tiingo
2012-05-11,1.62938,QLD,tiingo
2012-05-14,1.59951,QLD,tiingo
2012-05-15,1.58793,QLD,tiingo
2012-05-16,1.56628,QLD,tiingo
2012-05-17,1.50014,QLD,tiingo
2012-05-18,1.46233,QLD,tiingo
2012-05-21,1.54099,QLD,tiingo
2012-05-22,1.53824,QLD,tiingo
2012-05-23,1.54677,QLD,tiingo
2012-05-24,1.52665,QLD,tiingo
2012-05-25,1.52055,QLD,tiingo
2012-05-29,1.55866,QLD,tiingo
2012-05-30,1.53336,QLD,tiingo
2012-05-31,1.52025,QLD,tiingo
2012-06-01,1.43855,QLD,tiingo
2012-06-04,1.45989,QLD,tiingo
2012-06-05,1.47271,QLD,tiingo
2012-06-06,1.54129,QLD,tiingo
2012-06-07,1.52757,QLD,tiingo
2012-06-08,1.55866,QLD,tiingo
2012-06-11,1.50897,QLD,tiingo
2012-06-12,1.54099,QLD,tiingo
2012-06-13,1.52025,QLD,tiingo
2012-06-14,1.53184,QLD,tiingo
2012-06-15,1.56933,QLD,tiingo
2012-06-18,1.5989,QLD,tiingo
2012-06-19,1.63152,QLD,tiingo
2012-06-20,1.6361,QLD,tiingo
2012-06-21,1.55287,QLD,tiingo
2012-06-22,1.58487,QLD,tiingo
2012-06-25,1.5233,QLD,tiingo
2012-06-26,1.54404,QLD,tiingo
2012-06-27,1.56202,QLD,tiingo
2012-06-28,1.52849,QLD,tiingo
2012-06-29,1.62298,QLD,tiingo
2012-07-02,1.63335,QLD,tiingo
2012-07-03,1.66017,QLD,tiingo
2012-07-05,1.662,QLD,tiingo
2012-07-06,1.62024,QLD,tiingo
2012-07-09,1.61566,QLD,tiingo
2012-07-10,1.58335,QLD,tiingo
2012-07-11,1.56506,QLD,tiingo
2012-07-12,1.53732,QLD,tiingo
2012-07-13,1.58182,QLD,tiingo
2012-07-16,1.57391,QLD,tiingo
2012-07-17,1.58884,QLD,tiingo
2012-07-18,1.63274,QLD,tiingo
2012-07-19,1.6681,QLD,tiingo
2012-07-20,1.62572,QLD,tiingo
2012-07-23,1.58732,QLD,tiingo
2012-07-24,1.56019,QLD,tiingo
2012-07-25,1.53854,QLD,tiingo
2012-07-26,1.57817,QLD,tiingo
2012-07-27,1.65743,QLD,tiingo
2012-07-30,1.65224,QLD,tiingo
2012-07-31,1.64951,QLD,tiingo
2012-08-01,1.64097,QLD,tiingo
2012-08-02,1.62969,QLD,tiingo
2012-08-03,1.68974,QLD,tiingo
2012-08-06,1.71688,QLD,tiingo
2012-08-07,1.74584,QLD,tiingo
2012-08-08,1.74248,QLD,tiingo
2012-08-09,1.75316,QLD,tiingo
2012-08-10,1.75681,QLD,tiingo
2012-08-13,1.76443,QLD,tiingo
2012-08-14,1.76657,QLD,tiingo
2012-08-15,1.7754,QLD,tiingo
2012-08-16,1.81686,QLD,tiingo
2012-08-17,1.83271,QLD,tiingo
2012-08-20,1.83881,QLD,tiingo
2012-08-21,1.8248,QLD,tiingo
2012-08-22,1.83851,QLD,tiingo
2012-08-23,1.80955,QLD,tiingo
2012-08-24,1.83027,QLD,tiingo
2012-08-27,1.83668,QLD,tiingo
2012-08-28,1.83668,QLD,tiingo
2012-08-29,1.83637,QLD,tiingo
2012-08-30,1.79978,QLD,tiingo
2012-08-31,1.8251,QLD,tiingo
2012-09-04,1.82052,QLD,tiingo
2012-09-05,1.81595,QLD,tiingo
2012-09-06,1.89552,QLD,tiingo
2012-09-07,1.89033,QLD,tiingo
2012-09-10,1.84339,QLD,tiingo
2012-09-11,1.83729,QLD,tiingo
2012-09-12,1.84887,QLD,tiingo
2012-09-13,1.89613,QLD,tiingo
2012-09-14,1.9318,QLD,tiingo
2012-09-17,1.93301,QLD,tiingo
2012-09-18,1.93666,QLD,tiingo
2012-09-19,1.94276,QLD,tiingo
2012-09-20,1.93971,QLD,tiingo
2012-09-21,1.94124,QLD,tiingo
2012-09-24,1.91564,QLD,tiingo
2012-09-25,1.8629,QLD,tiingo
2012-09-26,1.83393,QLD,tiingo
2012-09-27,1.88332,QLD,tiingo
2012-09-28,1.85436,QLD,tiingo
2012-10-01,1.84582,QLD,tiingo
2012-10-02,1.85864,QLD,tiingo
2012-10-03,1.87966,QLD,tiingo
2012-10-04,1.89369,QLD,tiingo
2012-10-05,1.87265,QLD,tiingo
2012-10-08,1.84095,QLD,tiingo
2012-10-09,1.78273,QLD,tiingo
2012-10-10,1.76443,QLD,tiingo
2012-10-11,1.75072,QLD,tiingo
2012-10-12,1.7498,QLD,tiingo
2012-10-15,1.77449,QLD,tiingo
2012-10-16,1.82602,QLD,tiingo
2012-10-17,1.8248,QLD,tiingo
2012-10-18,1.78303,QLD,tiingo
2012-10-19,1.69705,QLD,tiingo
2012-10-22,1.71535,QLD,tiingo
2012-10-23,1.68121,QLD,tiingo
2012-10-24,1.66657,QLD,tiingo
2012-10-25,1.66871,QLD,tiingo
2012-10-26,1.67847,QLD,tiingo
2012-10-31,1.65743,QLD,tiingo
2012-11-01,1.70499,QLD,tiingo
2012-11-02,1.66414,QLD,tiingo
2012-11-05,1.68974,QLD,tiingo
2012-11-06,1.69705,QLD,tiingo
2012-11-07,1.61566,QLD,tiingo
2012-11-08,1.56811,QLD,tiingo
2012-11-09,1.57999,QLD,tiingo
2012-11-12,1.57727,QLD,tiingo
2012-11-13,1.55744,QLD,tiingo
2012-11-14,1.51903,QLD,tiingo
2012-11-15,1.50776,QLD,tiingo
2012-11-16,1.52055,QLD,tiingo
2012-11-19,1.59371,QLD,tiingo
2012-11-20,1.59463,QLD,tiingo
2012-11-21,1.60226,QLD,tiingo
2012-11-23,1.64982,QLD,tiingo
2012-11-26,1.66627,QLD,tiingo
2012-11-27,1.65316,QLD,tiingo
2012-11-28,1.68151,QLD,tiingo
2012-11-29,1.70133,QLD,tiingo
2012-11-30,1.69736,QLD,tiingo
2012-12-03,1.69157,QLD,tiingo
2012-12-04,1.68456,QLD,tiingo
2012-12-05,1.64921,QLD,tiingo
2012-12-06,1.67023,QLD,tiingo
2012-12-07,1.65012,QLD,tiingo
2012-12-10,1.66048,QLD,tiingo
2012-12-11,1.70407,QLD,tiingo
2012-12-12,1.69493,QLD,tiingo
2012-12-13,1.66901,QLD,tiingo
2012-12-14,1.63792,QLD,tiingo
2012-12-17,1.68273,QLD,tiingo
2012-12-18,1.73242,QLD,tiingo
2012-12-19,1.71718,QLD,tiingo
2012-12-20,1.71596,QLD,tiingo
2012-12-21,1.68212,QLD,tiingo
2012-12-24,1.67298,QLD,tiingo
2012-12-26,1.64651,QLD,tiingo
2012-12-27,1.6404,QLD,tiingo
2012-12-28,1.60834,QLD,tiingo
2012-12-31,1.67337,QLD,tiingo
2013-01-02,1.78146,QLD,tiingo
2013-01-03,1.76496,QLD,tiingo
2013-01-04,1.75215,QLD,tiingo
2013-01-07,1.7555,QLD,tiingo
2013-01-08,1.75062,QLD,tiingo
2013-01-09,1.75854,QLD,tiingo
2013-01-10,1.78023,QLD,tiingo
2013-01-11,1.78603,QLD,tiingo
2013-01-14,1.76924,QLD,tiingo
2013-01-15,1.75245,QLD,tiingo
2013-01-16,1.76588,QLD,tiingo
2013-01-17,1.78207,QLD,tiingo
2013-01-18,1.77565,QLD,tiingo
2013-01-22,1.78207,QLD,tiingo
2013-01-23,1.79976,QLD,tiingo
2013-01-24,1.75276,QLD,tiingo
2013-01-25,1.77045,QLD,tiingo
2013-01-28,1.77779,QLD,tiingo
2013-01-29,1.77106,QLD,tiingo
2013-01-30,1.77259,QLD,tiingo
2013-01-31,1.76221,QLD,tiingo
2013-02-01,1.80343,QLD,tiingo
2013-02-04,1.74024,QLD,tiingo
2013-02-05,1.79427,QLD,tiingo
2013-02-06,1.78084,QLD,tiingo
2013-02-07,1.78451,QLD,tiingo
2013-02-08,1.82084,QLD,tiingo
2013-02-11,1.82114,QLD,tiingo
2013-02-12,1.80618,QLD,tiingo
2013-02-13,1.819,QLD,tiingo
2013-02-14,1.81686,QLD,tiingo
2013-02-15,1.80801,QLD,tiingo
2013-02-19,1.83335,QLD,tiingo
2013-02-20,1.77687,QLD,tiingo
2013-02-21,1.73871,QLD,tiingo
2013-02-22,1.7732,QLD,tiingo
2013-02-25,1.72893,QLD,tiingo
2013-02-26,1.74145,QLD,tiingo
2013-02-27,1.77656,QLD,tiingo
2013-02-28,1.77076,QLD,tiingo
2013-03-01,1.78511,QLD,tiingo
2013-03-04,1.80159,QLD,tiingo
2013-03-05,1.85595,QLD,tiingo
2013-03-06,1.84556,QLD,tiingo
2013-03-07,1.85595,QLD,tiingo
2013-03-08,1.85809,QLD,tiingo
2013-03-11,1.8709,QLD,tiingo
2013-03-12,1.85778,QLD,tiingo
2013-03-13,1.85137,QLD,tiingo
2013-03-14,1.86449,QLD,tiingo
2013-03-15,1.85412,QLD,tiingo
2013-03-18,1.84434,QLD,tiingo
2013-03-19,1.83915,QLD,tiingo
2013-03-20,1.86209,QLD,tiingo
2013-03-21,1.82262,QLD,tiingo
2013-03-22,1.85659,QLD,tiingo
2013-03-25,1.8422,QLD,tiingo
2013-03-26,1.86361,QLD,tiingo
2013-03-27,1.8682,QLD,tiingo
2013-03-28,1.8783,QLD,tiingo
2013-04-01,1.85138,QLD,tiingo
2013-04-02,1.88075,QLD,tiingo
2013-04-03,1.84648,QLD,tiingo
2013-04-04,1.84801,QLD,tiingo
2013-04-05,1.8165,QLD,tiingo
2013-04-08,1.83608,QLD,tiingo
2013-04-09,1.85933,QLD,tiingo
2013-04-10,1.93277,QLD,tiingo
2013-04-11,1.9291,QLD,tiingo
2013-04-12,1.92757,QLD,tiingo
2013-04-15,1.85199,QLD,tiingo
2013-04-16,1.90155,QLD,tiingo
2013-04-17,1.82722,QLD,tiingo
2013-04-18,1.7758,QLD,tiingo
2013-04-19,1.82507,QLD,tiingo
2013-04-22,1.86025,QLD,tiingo
2013-04-23,1.89636,QLD,tiingo
2013-04-24,1.89483,QLD,tiingo
2013-04-25,1.91502,QLD,tiingo
2013-04-26,1.9043,QLD,tiingo
2013-04-29,1.93888,QLD,tiingo
2013-04-30,1.96581,QLD,tiingo
2013-05-01,1.94928,QLD,tiingo
2013-05-02,1.99763,QLD,tiingo
2013-05-03,2.04505,QLD,tiingo
2013-05-06,2.06005,QLD,tiingo
2013-05-07,2.0576,QLD,tiingo
2013-05-08,2.07809,QLD,tiingo
2013-05-09,2.07412,QLD,tiingo
2013-05-10,2.09614,QLD,tiingo
2013-05-13,2.10319,QLD,tiingo
2013-05-14,2.1243,QLD,tiingo
2013-05-15,2.13256,QLD,tiingo
2013-05-16,2.12888,QLD,tiingo
2013-05-17,2.16775,QLD,tiingo
2013-05-20,2.16162,QLD,tiingo
2013-05-21,2.1656,QLD,tiingo
2013-05-22,2.13103,QLD,tiingo
2013-05-23,2.11756,QLD,tiingo
2013-05-24,2.11725,QLD,tiingo
2013-05-28,2.14419,QLD,tiingo
2013-05-29,2.12338,QLD,tiingo
2013-05-30,2.14541,QLD,tiingo
2013-05-31,2.10563,QLD,tiingo
2013-06-03,2.11447,QLD,tiingo
2013-06-04,2.09248,QLD,tiingo
2013-06-05,2.03924,QLD,tiingo
2013-06-06,2.05423,QLD,tiingo
2013-06-07,2.11235,QLD,tiingo
2013-06-10,2.11542,QLD,tiingo
2013-06-11,2.0729,QLD,tiingo
2013-06-12,2.02455,QLD,tiingo
2013-06-13,2.07412,QLD,tiingo
2013-06-14,2.04872,QLD,tiingo
2013-06-17,2.08636,QLD,tiingo
2013-06-18,2.12093,QLD,tiingo
2013-06-19,2.07351,QLD,tiingo
2013-06-20,1.97223,QLD,tiingo
2013-06-21,1.9551,QLD,tiingo
2013-06-24,1.91563,QLD,tiingo
2013-06-25,1.94225,QLD,tiingo
2013-06-26,1.97529,QLD,tiingo
2013-06-27,1.99487,QLD,tiingo
2013-06-28,1.99671,QLD,tiingo
2013-07-01,2.02547,QLD,tiingo
2013-07-02,2.02608,QLD,tiingo
2013-07-03,2.04321,QLD,tiingo
2013-07-05,2.0729,QLD,tiingo
2013-07-08,2.07656,QLD,tiingo
2013-07-09,2.10196,QLD,tiingo
2013-07-10,2.12735,QLD,tiingo
2013-07-11,2.21517,QLD,tiingo
2013-07-12,2.23138,QLD,tiingo
2013-07-15,2.24179,QLD,tiingo
2013-07-16,2.23597,QLD,tiingo
2013-07-17,2.24607,QLD,tiingo
2013-07-18,2.23475,QLD,tiingo
2013-07-19,2.18946,QLD,tiingo
2013-07-22,2.20017,QLD,tiingo
2013-07-23,2.16988,QLD,tiingo
2013-07-24,2.18304,QLD,tiingo
2013-07-25,2.20905,QLD,tiingo
2013-07-26,2.23291,QLD,tiingo
2013-07-29,2.22496,QLD,tiingo
2013-07-30,2.2476,QLD,tiingo
2013-07-31,2.25739,QLD,tiingo
2013-08-01,2.30206,QLD,tiingo
2013-08-02,2.32898,QLD,tiingo
2013-08-05,2.33235,QLD,tiingo
2013-08-06,2.3045,QLD,tiingo
2013-08-07,2.29594,QLD,tiingo
2013-08-08,2.31675,QLD,tiingo
2013-08-09,2.29992,QLD,tiingo
2013-08-12,2.30848,QLD,tiingo
2013-08-13,2.33418,QLD,tiingo
2013-08-14,2.31797,QLD,tiingo
2013-08-15,2.24087,QLD,tiingo
2013-08-16,2.23658,QLD,tiingo
2013-08-19,2.22957,QLD,tiingo
2013-08-20,2.24913,QLD,tiingo
2013-08-21,2.23352,QLD,tiingo
2013-08-22,2.27574,QLD,tiingo
2013-08-23,2.30818,QLD,tiingo
2013-08-26,2.30879,QLD,tiingo
2013-08-27,2.21334,QLD,tiingo
2013-08-28,2.23322,QLD,tiingo
2013-08-29,2.2635,QLD,tiingo
2013-08-30,2.23383,QLD,tiingo
2013-09-03,2.25708,QLD,tiingo
2013-09-04,2.30787,QLD,tiingo
2013-09-05,2.31583,QLD,tiingo
2013-09-06,2.32103,QLD,tiingo
2013-09-09,2.37427,QLD,tiingo
2013-09-10,2.39843,QLD,tiingo
2013-09-11,2.38957,QLD,tiingo
2013-09-12,2.38498,QLD,tiingo
2013-09-13,2.38927,QLD,tiingo
2013-09-16,2.37549,QLD,tiingo
2013-09-17,2.40792,QLD,tiingo
2013-09-18,2.46515,QLD,tiingo
2013-09-19,2.47646,QLD,tiingo
2013-09-20,2.45872,QLD,tiingo
2013-09-23,2.44831,QLD,tiingo
2013-09-24,2.44923,QLD,tiingo
2013-09-25,2.43454,QLD,tiingo
2013-09-26,2.47064,QLD,tiingo
2013-09-27,2.46515,QLD,tiingo
2013-09-30,2.44739,QLD,tiingo
2013-10-01,2.50216,QLD,tiingo
2013-10-02,2.49941,QLD,tiingo
2013-10-03,2.44188,QLD,tiingo
2013-10-04,2.48257,QLD,tiingo
2013-10-07,2.44158,QLD,tiingo
2013-10-08,2.3504,QLD,tiingo
2013-10-09,2.33326,QLD,tiingo
2013-10-10,2.42996,QLD,tiingo
2013-10-11,2.47003,QLD,tiingo
2013-10-14,2.50399,QLD,tiingo
2013-10-15,2.48533,QLD,tiingo
2013-10-16,2.54131,QLD,tiingo
2013-10-17,2.57039,QLD,tiingo
2013-10-18,2.6533,QLD,tiingo
2013-10-21,2.66432,QLD,tiingo
2013-10-22,2.66891,QLD,tiingo
2013-10-23,2.64107,QLD,tiingo
2013-10-24,2.66309,QLD,tiingo
2013-10-25,2.70012,QLD,tiingo
2013-10-28,2.70288,QLD,tiingo
2013-10-29,2.71052,QLD,tiingo
2013-10-30,2.70593,QLD,tiingo
2013-10-31,2.69369,QLD,tiingo
2013-11-01,2.69461,QLD,tiingo
2013-11-04,2.70104,QLD,tiingo
2013-11-05,2.70869,QLD,tiingo
2013-11-06,2.70715,QLD,tiingo
2013-11-07,2.60588,QLD,tiingo
2013-11-08,2.67625,QLD,tiingo
2013-11-11,2.66799,QLD,tiingo
2013-11-12,2.67503,QLD,tiingo
2013-11-13,2.74051,QLD,tiingo
2013-11-14,2.75549,QLD,tiingo
2013-11-15,2.7662,QLD,tiingo
2013-11-18,2.71541,QLD,tiingo
2013-11-19,2.69675,QLD,tiingo
2013-11-20,2.68635,QLD,tiingo
2013-11-21,2.73714,QLD,tiingo
2013-11-22,2.76835,QLD,tiingo
2013-11-25,2.78059,QLD,tiingo
2013-11-26,2.80965,QLD,tiingo
2013-11-27,2.84821,QLD,tiingo
2013-11-29,2.87972,QLD,tiingo
2013-12-02,2.86503,QLD,tiingo
2013-12-03,2.86044,QLD,tiingo
2013-12-04,2.86594,QLD,tiingo
2013-12-05,2.86074,QLD,tiingo
2013-12-06,2.90082,QLD,tiingo
2013-12-09,2.92348,QLD,tiingo
2013-12-10,2.92011,QLD,tiingo
2013-12-11,2.84545,QLD,tiingo
2013-12-12,2.83168,QLD,tiingo
2013-12-13,2.82249,QLD,tiingo
2013-12-16,2.8534,QLD,tiingo
2013-12-17,2.84331,QLD,tiingo
2013-12-18,2.9094,QLD,tiingo
2013-12-19,2.89043,QLD,tiingo
2013-12-20,2.94856,QLD,tiingo
2013-12-23,3.01098,QLD,tiingo
2013-12-24,3.01495,QLD,tiingo
2013-12-26,3.03362,QLD,tiingo
2013-12-27,3.01801,QLD,tiingo
2013-12-30,3.00883,QLD,tiingo
2013-12-31,3.04738,QLD,tiingo
2014-01-02,3.00056,QLD,tiingo
2014-01-03,2.95804,QLD,tiingo
2014-01-06,2.93387,QLD,tiingo
2014-01-07,2.98741,QLD,tiingo
2014-01-08,3.00271,QLD,tiingo
2014-01-09,2.9813,QLD,tiingo
2014-01-10,3.00056,QLD,tiingo
2014-01-13,2.90971,QLD,tiingo
2014-01-14,3.02322,QLD,tiingo
2014-01-15,3.07125,QLD,tiingo
2014-01-16,3.07461,QLD,tiingo
2014-01-17,3.03851,QLD,tiingo
2014-01-21,3.08441,QLD,tiingo
2014-01-22,3.10247,QLD,tiingo
2014-01-23,3.08012,QLD,tiingo
2014-01-24,2.95468,QLD,tiingo
2014-01-27,2.90174,QLD,tiingo
2014-01-28,2.89746,QLD,tiingo
2014-01-29,2.83597,QLD,tiingo
2014-01-30,2.93571,QLD,tiingo
2014-01-31,2.92317,QLD,tiingo
2014-02-03,2.7919,QLD,tiingo
2014-02-04,2.82954,QLD,tiingo
2014-02-05,2.81486,QLD,tiingo
2014-02-06,2.884,QLD,tiingo
2014-02-07,2.98711,QLD,tiingo
2014-02-10,3.0223,QLD,tiingo
2014-02-11,3.09083,QLD,tiingo
2014-02-12,3.10307,QLD,tiingo
2014-02-13,3.14834,QLD,tiingo
2014-02-14,3.16242,QLD,tiingo
2014-02-18,3.19332,QLD,tiingo
2014-02-19,3.14988,QLD,tiingo
2014-02-20,3.17559,QLD,tiingo
2014-02-21,3.16671,QLD,tiingo
2014-02-24,3.20466,QLD,tiingo
2014-02-25,3.19486,QLD,tiingo
2014-02-26,3.18966,QLD,tiingo
2014-02-27,3.23188,QLD,tiingo
2014-02-28,3.223,QLD,tiingo
2014-03-03,3.1759,QLD,tiingo
2014-03-04,3.25696,QLD,tiingo
2014-03-05,3.27502,QLD,tiingo
2014-03-06,3.26737,QLD,tiingo
2014-03-07,3.23556,QLD,tiingo
2014-03-10,3.24045,QLD,tiingo
2014-03-11,3.21413,QLD,tiingo
2014-03-12,3.23647,QLD,tiingo
2014-03-13,3.14682,QLD,tiingo
2014-03-14,3.10155,QLD,tiingo
2014-03-17,3.15814,QLD,tiingo
2014-03-18,3.23372,QLD,tiingo
2014-03-19,3.20006,QLD,tiingo
2014-03-20,3.21566,QLD,tiingo
2014-03-21,3.13734,QLD,tiingo
2014-03-24,3.08471,QLD,tiingo
2014-03-25,3.10277,QLD,tiingo
2014-03-26,3.02291,QLD,tiingo
2014-03-27,2.98925,QLD,tiingo
2014-03-28,3.00179,QLD,tiingo
2014-03-31,3.0428,QLD,tiingo
2014-04-01,3.14896,QLD,tiingo
2014-04-02,3.16579,QLD,tiingo
2014-04-03,3.11623,QLD,tiingo
2014-04-04,2.94795,QLD,tiingo
2014-04-07,2.89532,QLD,tiingo
2014-04-08,2.94611,QLD,tiingo
2014-04-09,3.04799,QLD,tiingo
2014-04-10,2.85983,QLD,tiingo
2014-04-11,2.79343,QLD,tiingo
2014-04-14,2.83597,QLD,tiingo
2014-04-15,2.85402,QLD,tiingo
2014-04-16,2.92836,QLD,tiingo
2014-04-17,2.93019,QLD,tiingo
2014-04-21,2.97456,QLD,tiingo
2014-04-22,3.0226,QLD,tiingo
2014-04-23,2.96814,QLD,tiingo
2014-04-24,3.02597,QLD,tiingo
2014-04-25,2.92836,QLD,tiingo
2014-04-28,2.94948,QLD,tiingo
2014-04-29,2.99385,QLD,tiingo
2014-04-30,3.00975,QLD,tiingo
2014-05-01,3.02902,QLD,tiingo
2014-05-02,3.0174,QLD,tiingo
2014-05-05,3.04799,QLD,tiingo
2014-05-06,2.96845,QLD,tiingo
2014-05-07,2.9504,QLD,tiingo
2014-05-08,2.9458,QLD,tiingo
2014-05-09,2.96845,QLD,tiingo
2014-05-12,3.0636,QLD,tiingo
2014-05-13,3.06758,QLD,tiingo
2014-05-14,3.03545,QLD,tiingo
2014-05-15,2.98956,QLD,tiingo
2014-05-16,3.02812,QLD,tiingo
2014-05-19,3.07186,QLD,tiingo
2014-05-20,3.04891,QLD,tiingo
2014-05-21,3.10643,QLD,tiingo
2014-05-22,3.13184,QLD,tiingo
2014-05-23,3.17894,QLD,tiingo
2014-05-27,3.25911,QLD,tiingo
2014-05-28,3.23738,QLD,tiingo
2014-05-29,3.27809,QLD,tiingo
2014-05-30,3.28023,QLD,tiingo
2014-06-02,3.27196,QLD,tiingo
2014-06-03,3.27043,QLD,tiingo
2014-06-04,3.29246,QLD,tiingo
2014-06-05,3.34907,QLD,tiingo
2014-06-06,3.387,QLD,tiingo
2014-06-09,3.38181,QLD,tiingo
2014-06-10,3.3922,QLD,tiingo
2014-06-11,3.39036,QLD,tiingo
2014-06-12,3.33254,QLD,tiingo
2014-06-13,3.3506,QLD,tiingo
2014-06-16,3.35579,QLD,tiingo
2014-06-17,3.35915,QLD,tiingo
2014-06-18,3.40015,QLD,tiingo
2014-06-19,3.39281,QLD,tiingo
2014-06-20,3.39923,QLD,tiingo
2014-06-23,3.40107,QLD,tiingo
2014-06-24,3.38915,QLD,tiingo
2014-06-25,3.43872,QLD,tiingo
2014-06-26,3.44148,QLD,tiingo
2014-06-27,3.47029,QLD,tiingo
2014-06-30,3.48439,QLD,tiingo
2014-07-01,3.56131,QLD,tiingo
2014-07-02,3.57203,QLD,tiingo
2014-07-03,3.61401,QLD,tiingo
2014-07-07,3.59317,QLD,tiingo
2014-07-08,3.50828,QLD,tiingo
2014-07-09,3.55978,QLD,tiingo
2014-07-10,3.5377,QLD,tiingo
2014-07-11,3.57969,QLD,tiingo
2014-07-14,3.62658,QLD,tiingo
2014-07-15,3.60145,QLD,tiingo
2014-07-16,3.62873,QLD,tiingo
2014-07-17,3.5331,QLD,tiingo
2014-07-18,3.64128,QLD,tiingo
2014-07-21,3.63302,QLD,tiingo
2014-07-22,3.68235,QLD,tiingo
2014-07-23,3.7274,QLD,tiingo
2014-07-24,3.72005,QLD,tiingo
2014-07-25,3.68725,QLD,tiingo
2014-07-28,3.69155,QLD,tiingo
2014-07-29,3.68051,QLD,tiingo
2014-07-30,3.70872,QLD,tiingo
2014-07-31,3.55732,QLD,tiingo
2014-08-01,3.53188,QLD,tiingo
2014-08-04,3.57815,QLD,tiingo
2014-08-05,3.52514,QLD,tiingo
2014-08-06,3.51809,QLD,tiingo
2014-08-07,3.49725,QLD,tiingo
2014-08-08,3.54598,QLD,tiingo
2014-08-11,3.58889,QLD,tiingo
2014-08-12,3.58367,QLD,tiingo
2014-08-13,3.66182,QLD,tiingo
2014-08-14,3.69951,QLD,tiingo
2014-08-15,3.73384,QLD,tiingo
2014-08-18,3.79298,QLD,tiingo
2014-08-19,3.83466,QLD,tiingo
2014-08-20,3.83681,QLD,tiingo
2014-08-21,3.84999,QLD,tiingo
2014-08-22,3.8607,QLD,tiingo
2014-08-25,3.88889,QLD,tiingo
2014-08-26,3.8981,QLD,tiingo
2014-08-27,3.8984,QLD,tiingo
2014-08-28,3.88706,QLD,tiingo
2014-08-29,3.91832,QLD,tiingo
2014-09-02,3.94069,QLD,tiingo
2014-09-03,3.89442,QLD,tiingo
2014-09-04,3.88401,QLD,tiingo
2014-09-05,3.92751,QLD,tiingo
2014-09-08,3.94008,QLD,tiingo
2014-09-09,3.87572,QLD,tiingo
2014-09-10,3.93579,QLD,tiingo
2014-09-11,3.93272,QLD,tiingo
2014-09-12,3.89104,QLD,tiingo
2014-09-15,3.81443,QLD,tiingo
2014-09-16,3.88155,QLD,tiingo
2014-09-17,3.89564,QLD,tiingo
2014-09-18,3.95203,QLD,tiingo
2014-09-19,3.94499,QLD,tiingo
2014-09-22,3.8745,QLD,tiingo
2014-09-23,3.85304,QLD,tiingo
2014-09-24,3.93517,QLD,tiingo
2014-09-25,3.7703,QLD,tiingo
2014-09-26,3.85243,QLD,tiingo
2014-09-29,3.8411,QLD,tiingo
2014-09-30,3.85274,QLD,tiingo
2014-10-01,3.72801,QLD,tiingo
2014-10-02,3.72556,QLD,tiingo
2014-10-03,3.80033,QLD,tiingo
2014-10-06,3.78379,QLD,tiingo
2014-10-07,3.67683,QLD,tiingo
2014-10-08,3.82301,QLD,tiingo
2014-10-09,3.69462,QLD,tiingo
2014-10-10,3.50951,QLD,tiingo
2014-10-13,3.40133,QLD,tiingo
2014-10-14,3.3998,QLD,tiingo
2014-10-15,3.35873,QLD,tiingo
2014-10-16,3.3143,QLD,tiingo
2014-10-17,3.40286,QLD,tiingo
2014-10-20,3.50338,QLD,tiingo
2014-10-21,3.68664,QLD,tiingo
2014-10-22,3.64742,QLD,tiingo
2014-10-23,3.75927,QLD,tiingo
2014-10-24,3.81657,QLD,tiingo
2014-10-27,3.82669,QLD,tiingo
2014-10-28,3.93977,QLD,tiingo
2014-10-29,3.90944,QLD,tiingo
2014-10-30,3.92843,QLD,tiingo
2014-10-31,4.03478,QLD,tiingo
2014-11-03,4.05807,QLD,tiingo
2014-11-04,4.03294,QLD,tiingo
2014-11-05,4.03048,QLD,tiingo
2014-11-06,4.05745,QLD,tiingo
2014-11-07,4.04826,QLD,tiingo
2014-11-10,4.07921,QLD,tiingo
2014-11-11,4.1025,QLD,tiingo
2014-11-12,4.11782,QLD,tiingo
2014-11-13,4.15215,QLD,tiingo
2014-11-14,4.17697,QLD,tiingo
2014-11-17,4.15123,QLD,tiingo
2014-11-18,4.21588,QLD,tiingo
2014-11-19,4.17697,QLD,tiingo
2014-11-20,4.21466,QLD,tiingo
2014-11-21,4.23029,QLD,tiingo
2014-11-24,4.29771,QLD,tiingo
2014-11-25,4.31059,QLD,tiingo
2014-11-26,4.36666,QLD,tiingo
2014-11-28,4.40559,QLD,tiingo
2014-12-01,4.30507,QLD,tiingo
2014-12-02,4.33939,QLD,tiingo
2014-12-03,4.35686,QLD,tiingo
2014-12-04,4.35011,QLD,tiingo
2014-12-05,4.35226,QLD,tiingo
2014-12-08,4.2876,QLD,tiingo
2014-12-09,4.31916,QLD,tiingo
2014-12-10,4.18126,QLD,tiingo
2014-12-11,4.2214,QLD,tiingo
2014-12-12,4.12947,QLD,tiingo
2014-12-15,4.0452,QLD,tiingo
2014-12-16,3.91189,QLD,tiingo
2014-12-17,4.05101,QLD,tiingo
2014-12-18,4.25113,QLD,tiingo
2014-12-19,4.27963,QLD,tiingo
2014-12-22,4.30906,QLD,tiingo
2014-12-23,4.28084,QLD,tiingo
2014-12-24,4.28575,QLD,tiingo
2014-12-26,4.34647,QLD,tiingo
2014-12-29,4.34463,QLD,tiingo
2014-12-30,4.28299,QLD,tiingo
2014-12-31,4.19284,QLD,tiingo
2015-01-02,4.17536,QLD,tiingo
2015-01-05,4.04812,QLD,tiingo
2015-01-06,3.94141,QLD,tiingo
2015-01-07,4.03983,QLD,tiingo
2015-01-08,4.19438,QLD,tiingo
2015-01-09,4.1404,QLD,tiingo
2015-01-12,4.05517,QLD,tiingo
2015-01-13,4.04904,QLD,tiingo
2015-01-14,4.00886,QLD,tiingo
2015-01-15,3.90307,QLD,tiingo
2015-01-16,3.99506,QLD,tiingo
2015-01-20,4.0567,QLD,tiingo
2015-01-21,4.09779,QLD,tiingo
2015-01-22,4.24926,QLD,tiingo
2015-01-23,4.26766,QLD,tiingo
2015-01-26,4.25907,QLD,tiingo
2015-01-27,4.04075,QLD,tiingo
2015-01-28,3.99659,QLD,tiingo
2015-01-29,4.06988,QLD,tiingo
2015-01-30,4.0104,QLD,tiingo
2015-02-02,4.07847,QLD,tiingo
2015-02-03,4.15666,QLD,tiingo
2015-02-04,4.14715,QLD,tiingo
2015-02-05,4.21982,QLD,tiingo
2015-02-06,4.16863,QLD,tiingo
2015-02-09,4.14163,QLD,tiingo
2015-02-10,4.27104,QLD,tiingo
2015-02-11,4.30292,QLD,tiingo
2015-02-12,4.40104,QLD,tiingo
2015-02-13,4.47617,QLD,tiingo
2015-02-17,4.48506,QLD,tiingo
2015-02-18,4.49824,QLD,tiingo
2015-02-19,4.54209,QLD,tiingo
2015-02-20,4.60249,QLD,tiingo
2015-02-23,4.61323,QLD,tiingo
2015-02-24,4.61906,QLD,tiingo
2015-02-25,4.59515,QLD,tiingo
2015-02-26,4.64175,QLD,tiingo
2015-02-27,4.60126,QLD,tiingo
2015-03-02,4.68406,QLD,tiingo
2015-03-03,4.63806,QLD,tiingo
2015-03-04,4.60464,QLD,tiingo
2015-03-05,4.61875,QLD,tiingo
2015-03-06,4.51204,QLD,tiingo
2015-03-09,4.53719,QLD,tiingo
2015-03-10,4.37437,QLD,tiingo
2015-03-11,4.32131,QLD,tiingo
2015-03-12,4.37989,QLD,tiingo
2015-03-13,4.33941,QLD,tiingo
2015-03-16,4.45378,QLD,tiingo
2015-03-17,4.46482,QLD,tiingo
2015-03-18,4.55406,QLD,tiingo
2015-03-19,4.56632,QLD,tiingo
2015-03-20,4.62917,QLD,tiingo
2015-03-23,4.60617,QLD,tiingo
2015-03-24,4.57336,QLD,tiingo
2015-03-25,4.36359,QLD,tiingo
2015-03-26,4.33444,QLD,tiingo
2015-03-27,4.36973,QLD,tiingo
2015-03-30,4.47619,QLD,tiingo
2015-03-31,4.37341,QLD,tiingo
2015-04-01,4.32831,QLD,tiingo
2015-04-02,4.3326,QLD,tiingo
2015-04-06,4.40379,QLD,tiingo
2015-04-07,4.38844,QLD,tiingo
2015-04-08,4.45808,QLD,tiingo
2015-04-09,4.51392,QLD,tiingo
2015-04-10,4.55013,QLD,tiingo
2015-04-13,4.5268,QLD,tiingo
2015-04-14,4.50165,QLD,tiingo
2015-04-15,4.55442,QLD,tiingo
2015-04-16,4.54337,QLD,tiingo
2015-04-17,4.40348,QLD,tiingo
2015-04-20,4.53448,QLD,tiingo
2015-04-21,4.5719,QLD,tiingo
2015-04-22,4.6213,QLD,tiingo
2015-04-23,4.65842,QLD,tiingo
2015-04-24,4.78175,QLD,tiingo
2015-04-27,4.75998,QLD,tiingo
2015-04-28,4.73758,QLD,tiingo
2015-04-29,4.68082,QLD,tiingo
2015-04-30,4.53018,QLD,tiingo
2015-05-01,4.65352,QLD,tiingo
2015-05-04,4.6661,QLD,tiingo
2015-05-05,4.51791,QLD,tiingo
2015-05-06,4.45747,QLD,tiingo
2015-05-07,4.50595,QLD,tiingo
2015-05-08,4.6167,QLD,tiingo
2015-05-11,4.57927,QLD,tiingo
2015-05-12,4.54092,QLD,tiingo
2015-05-13,4.55841,QLD,tiingo
2015-05-14,4.69033,QLD,tiingo
2015-05-15,4.69248,QLD,tiingo
2015-05-18,4.73267,QLD,tiingo
2015-05-19,4.72009,QLD,tiingo
2015-05-20,4.72531,QLD,tiingo
2015-05-21,4.77624,QLD,tiingo
2015-05-22,4.7701,QLD,tiingo
2015-05-26,4.65598,QLD,tiingo
2015-05-27,4.8057,QLD,tiingo
2015-05-28,4.78482,QLD,tiingo
2015-05-29,4.73084,QLD,tiingo
2015-06-01,4.75722,QLD,tiingo
2015-06-02,4.72826,QLD,tiingo
2015-06-03,4.75599,QLD,tiingo
2015-06-04,4.68727,QLD,tiingo
2015-06-05,4.66272,QLD,tiingo
2015-06-08,4.56884,QLD,tiingo
2015-06-09,4.55412,QLD,tiingo
2015-06-10,4.67192,QLD,tiingo
2015-06-11,4.68849,QLD,tiingo
2015-06-12,4.61179,QLD,tiingo
2015-06-15,4.56823,QLD,tiingo
2015-06-16,4.61424,QLD,tiingo
2015-06-17,4.64002,QLD,tiingo
2015-06-18,4.77195,QLD,tiingo
2015-06-19,4.72654,QLD,tiingo
2015-06-22,4.79648,QLD,tiingo
2015-06-23,4.80508,QLD,tiingo
2015-06-24,4.75783,QLD,tiingo
2015-06-25,4.73513,QLD,tiingo
2015-06-26,4.67744,QLD,tiingo
2015-06-29,4.45839,QLD,tiingo
2015-06-30,4.48846,QLD,tiingo
2015-07-01,4.55657,QLD,tiingo
2015-07-02,4.56025,QLD,tiingo
2015-07-06,4.53878,QLD,tiingo
2015-07-07,4.55657,QLD,tiingo
2015-07-08,4.4001,QLD,tiingo
2015-07-09,4.39396,QLD,tiingo
2015-07-10,4.53141,QLD,tiingo
2015-07-13,4.68543,QLD,tiingo
2015-07-14,4.748,QLD,tiingo
2015-07-15,4.75906,QLD,tiingo
2015-07-16,4.89159,QLD,tiingo
2015-07-17,5.03394,QLD,tiingo
2015-07-20,5.07261,QLD,tiingo
2015-07-21,5.06278,QLD,tiingo
2015-07-22,4.95295,QLD,tiingo
2015-07-23,4.91123,QLD,tiingo
2015-07-24,4.81796,QLD,tiingo
2015-07-27,4.73513,QLD,tiingo
2015-07-28,4.81673,QLD,tiingo
2015-07-29,4.85661,QLD,tiingo
2015-07-30,4.90018,QLD,tiingo
2015-07-31,4.88852,QLD,tiingo
2015-08-03,4.86153,QLD,tiingo
2015-08-04,4.83882,QLD,tiingo
2015-08-05,4.91245,QLD,tiingo
2015-08-06,4.75906,QLD,tiingo
2015-08-07,4.7431,QLD,tiingo
2015-08-10,4.85047,QLD,tiingo
2015-08-11,4.72899,QLD,tiingo
2015-08-12,4.75722,QLD,tiingo
2015-08-13,4.74003,QLD,tiingo
2015-08-14,4.75537,QLD,tiingo
2015-08-17,4.83453,QLD,tiingo
2015-08-18,4.7879,QLD,tiingo
2015-08-19,4.72347,QLD,tiingo
2015-08-20,4.46453,QLD,tiingo
2015-08-21,4.08164,QLD,tiingo
2015-08-24,3.77423,QLD,tiingo
2015-08-25,3.73005,QLD,tiingo
2015-08-26,4.10373,QLD,tiingo
2015-08-27,4.30991,QLD,tiingo
2015-08-28,4.31481,QLD,tiingo
2015-08-31,4.20375,QLD,tiingo
2015-09-01,3.94972,QLD,tiingo
2015-09-02,4.16387,QLD,tiingo
2015-09-03,4.11846,QLD,tiingo
2015-09-04,4.02212,QLD,tiingo
2015-09-08,4.24792,QLD,tiingo
2015-09-09,4.15466,QLD,tiingo
2015-09-10,4.24119,QLD,tiingo
2015-09-11,4.28903,QLD,tiingo
2015-09-14,4.26265,QLD,tiingo
2015-09-15,4.36145,QLD,tiingo
2015-09-16,4.41237,QLD,tiingo
2015-09-17,4.41667,QLD,tiingo
2015-09-18,4.29395,QLD,tiingo
2015-09-21,4.3191,QLD,tiingo
2015-09-22,4.19086,QLD,tiingo
2015-09-23,4.19332,QLD,tiingo
2015-09-24,4.16756,QLD,tiingo
2015-09-25,4.09392,QLD,tiingo
2015-09-28,3.86074,QLD,tiingo
2015-09-29,3.8227,QLD,tiingo
2015-09-30,3.99145,QLD,tiingo
2015-10-01,4.02827,QLD,tiingo
2015-10-02,4.16939,QLD,tiingo
2015-10-05,4.29272,QLD,tiingo
2015-10-06,4.25222,QLD,tiingo
2015-10-07,4.30009,QLD,tiingo
2015-10-08,4.33444,QLD,tiingo
2015-10-09,4.37065,QLD,tiingo
2015-10-12,4.3958,QLD,tiingo
2015-10-13,4.33506,QLD,tiingo
2015-10-14,4.32524,QLD,tiingo
2015-10-15,4.46698,QLD,tiingo
2015-10-16,4.50625,QLD,tiingo
2015-10-19,4.55718,QLD,tiingo
2015-10-20,4.50993,QLD,tiingo
2015-10-21,4.45287,QLD,tiingo
2015-10-22,4.6351,QLD,tiingo
2015-10-23,4.89405,QLD,tiingo
2015-10-26,4.90141,QLD,tiingo
2015-10-27,4.91797,QLD,tiingo
2015-10-28,5.00081,QLD,tiingo
2015-10-29,4.98547,QLD,tiingo
2015-10-30,4.94191,QLD,tiingo
2015-11-02,5.05482,QLD,tiingo
2015-11-03,5.08856,QLD,tiingo
2015-11-04,5.08978,QLD,tiingo
2015-11-05,5.05543,QLD,tiingo
2015-11-06,5.06769,QLD,tiingo
2015-11-09,4.96031,QLD,tiingo
2015-11-10,4.93025,QLD,tiingo
2015-11-11,4.92043,QLD,tiingo
2015-11-12,4.82348,QLD,tiingo
2015-11-13,4.63572,QLD,tiingo
2015-11-16,4.76765,QLD,tiingo
2015-11-17,4.77379,QLD,tiingo
2015-11-18,4.95417,QLD,tiingo
2015-11-19,4.96277,QLD,tiingo
2015-11-20,5.02842,QLD,tiingo
2015-11-23,5.00142,QLD,tiingo
2015-11-24,4.99529,QLD,tiingo
2015-11-25,5.00019,QLD,tiingo
2015-11-27,5.01615,QLD,tiingo
2015-11-30,4.98915,QLD,tiingo
2015-12-01,5.08917,QLD,tiingo
2015-12-02,5.02903,QLD,tiingo
2015-12-03,4.856,QLD,tiingo
2015-12-04,5.07997,QLD,tiingo
2015-12-07,5.0364,QLD,tiingo
2015-12-08,5.03824,QLD,tiingo
2015-12-09,4.88422,QLD,tiingo
2015-12-10,4.92656,QLD,tiingo
2015-12-11,4.702,QLD,tiingo
2015-12-14,4.77501,QLD,tiingo
2015-12-15,4.83023,QLD,tiingo
2015-12-16,4.96584,QLD,tiingo
2015-12-17,4.82839,QLD,tiingo
2015-12-18,4.64922,QLD,tiingo
2015-12-21,4.74494,QLD,tiingo
2015-12-22,4.80667,QLD,tiingo
2015-12-23,4.87912,QLD,tiingo
2015-12-24,4.87544,QLD,tiingo
2015-12-28,4.86622,QLD,tiingo
2015-12-29,5.0191,QLD,tiingo
2015-12-30,4.93253,QLD,tiingo
2015-12-31,4.81096,QLD,tiingo
2016-01-04,4.6102,QLD,tiingo
2016-01-05,4.58564,QLD,tiingo
2016-01-06,4.50276,QLD,tiingo
2016-01-07,4.22218,QLD,tiingo
2016-01-08,4.14851,QLD,tiingo
2016-01-11,4.17797,QLD,tiingo
2016-01-12,4.27498,QLD,tiingo
2016-01-13,3.97721,QLD,tiingo
2016-01-14,4.1442,QLD,tiingo
2016-01-15,3.88757,QLD,tiingo
2016-01-19,3.90415,QLD,tiingo
2016-01-20,3.88205,QLD,tiingo
2016-01-21,3.89125,QLD,tiingo
2016-01-22,4.11289,QLD,tiingo
2016-01-25,3.99318,QLD,tiingo
2016-01-26,4.06379,QLD,tiingo
2016-01-27,3.85994,QLD,tiingo
2016-01-28,3.96677,QLD,tiingo
2016-01-29,4.13316,QLD,tiingo
2016-02-01,4.14973,QLD,tiingo
2016-02-02,3.97414,QLD,tiingo
2016-02-03,3.93792,QLD,tiingo
2016-02-04,3.93669,QLD,tiingo
2016-02-05,3.66041,QLD,tiingo
2016-02-08,3.54928,QLD,tiingo
2016-02-09,3.52534,QLD,tiingo
2016-02-10,3.55543,QLD,tiingo
2016-02-11,3.54867,QLD,tiingo
2016-02-12,3.65059,QLD,tiingo
2016-02-16,3.80961,QLD,tiingo
2016-02-17,3.98704,QLD,tiingo
2016-02-18,3.89863,QLD,tiingo
2016-02-19,3.92134,QLD,tiingo
2016-02-22,4.04721,QLD,tiingo
2016-02-23,3.91398,QLD,tiingo
2016-02-24,3.98888,QLD,tiingo
2016-02-25,4.06501,QLD,tiingo
2016-02-26,4.0558,QLD,tiingo
2016-02-29,3.98335,QLD,tiingo
2016-03-01,4.23692,QLD,tiingo
2016-03-02,4.24122,QLD,tiingo
2016-03-03,4.22648,QLD,tiingo
2016-03-04,4.23016,QLD,tiingo
2016-03-07,4.1792,QLD,tiingo
2016-03-08,4.10614,QLD,tiingo
2016-03-09,4.16017,QLD,tiingo
2016-03-10,4.14973,QLD,tiingo
2016-03-11,4.29155,QLD,tiingo
2016-03-14,4.30445,QLD,tiingo
2016-03-15,4.30261,QLD,tiingo
2016-03-16,4.37874,QLD,tiingo
2016-03-17,4.37383,QLD,tiingo
2016-03-18,4.39041,QLD,tiingo
2016-03-21,4.42232,QLD,tiingo
2016-03-22,4.44689,QLD,tiingo
2016-03-23,4.37474,QLD,tiingo
2016-03-24,4.37719,QLD,tiingo
2016-03-28,4.36613,QLD,tiingo
2016-03-29,4.50013,QLD,tiingo
2016-03-30,4.55054,QLD,tiingo
2016-03-31,4.5364,QLD,tiingo
2016-04-01,4.62983,QLD,tiingo
2016-04-04,4.59296,QLD,tiingo
2016-04-05,4.50996,QLD,tiingo
2016-04-06,4.65504,QLD,tiingo
2016-04-07,4.51489,QLD,tiingo
2016-04-08,4.51489,QLD,tiingo
2016-04-11,4.47986,QLD,tiingo
2016-04-12,4.55669,QLD,tiingo
2016-04-13,4.67225,QLD,tiingo
2016-04-14,4.67163,QLD,tiingo
2016-04-15,4.64704,QLD,tiingo
2016-04-18,4.69622,QLD,tiingo
2016-04-19,4.63844,QLD,tiingo
2016-04-20,4.64396,QLD,tiingo
2016-04-21,4.64643,QLD,tiingo
2016-04-22,4.50813,QLD,tiingo
2016-04-25,4.50751,QLD,tiingo
2016-04-26,4.46632,QLD,tiingo
2016-04-27,4.38949,QLD,tiingo
2016-04-28,4.28745,QLD,tiingo
2016-04-29,4.2389,QLD,tiingo
2016-05-02,4.31756,QLD,tiingo
2016-05-03,4.23951,QLD,tiingo
2016-05-04,4.18418,QLD,tiingo
2016-05-05,4.18357,QLD,tiingo
2016-05-06,4.2266,QLD,tiingo
2016-05-09,4.24872,QLD,tiingo
2016-05-10,4.36551,QLD,tiingo
2016-05-11,4.28806,QLD,tiingo
2016-05-12,4.24872,QLD,tiingo
2016-05-13,4.21922,QLD,tiingo
2016-05-16,4.32125,QLD,tiingo
2016-05-17,4.2143,QLD,tiingo
2016-05-18,4.2438,QLD,tiingo
2016-05-19,4.20078,QLD,tiingo
2016-05-20,4.28929,QLD,tiingo
2016-05-23,4.27761,QLD,tiingo
2016-05-24,4.45219,QLD,tiingo
2016-05-25,4.51612,QLD,tiingo
2016-05-26,4.54131,QLD,tiingo
2016-05-27,4.58803,QLD,tiingo
2016-05-31,4.60647,QLD,tiingo
2016-06-01,4.60401,QLD,tiingo
2016-06-02,4.62615,QLD,tiingo
2016-06-03,4.58066,QLD,tiingo
2016-06-06,4.61201,QLD,tiingo
2016-06-07,4.59357,QLD,tiingo
2016-06-08,4.60586,QLD,tiingo
2016-06-09,4.58988,QLD,tiingo
2016-06-10,4.48723,QLD,tiingo
2016-06-13,4.40916,QLD,tiingo
2016-06-14,4.41347,QLD,tiingo
2016-06-15,4.38641,QLD,tiingo
2016-06-16,4.41285,QLD,tiingo
2016-06-17,4.31081,QLD,tiingo
2016-06-20,4.3606,QLD,tiingo
2016-06-21,4.38887,QLD,tiingo
2016-06-22,4.36738,QLD,tiingo
2016-06-23,4.49039,QLD,tiingo
2016-06-24,4.12567,QLD,tiingo
2016-06-27,3.96637,QLD,tiingo
2016-06-28,4.13306,QLD,tiingo
2016-06-29,4.27758,QLD,tiingo
2016-06-30,4.37661,QLD,tiingo
2016-07-01,4.42028,QLD,tiingo
2016-07-05,4.36492,QLD,tiingo
2016-07-06,4.43566,QLD,tiingo
2016-07-07,4.46395,QLD,tiingo
2016-07-08,4.60171,QLD,tiingo
2016-07-11,4.65584,QLD,tiingo
2016-07-12,4.70013,QLD,tiingo
2016-07-13,4.67982,QLD,tiingo
2016-07-14,4.73886,QLD,tiingo
2016-07-15,4.72534,QLD,tiingo
2016-07-18,4.78807,QLD,tiingo
2016-07-19,4.75239,QLD,tiingo
2016-07-20,4.86434,QLD,tiingo
2016-07-21,4.84281,QLD,tiingo
2016-07-22,4.88093,QLD,tiingo
2016-07-25,4.88339,QLD,tiingo
2016-07-26,4.89569,QLD,tiingo
2016-07-27,4.95843,QLD,tiingo
2016-07-28,4.99657,QLD,tiingo
2016-07-29,5.01563,QLD,tiingo
2016-08-01,5.06791,QLD,tiingo
2016-08-02,4.99103,QLD,tiingo
2016-08-03,5.02609,QLD,tiingo
2016-08-04,5.05377,QLD,tiingo
2016-08-05,5.14971,QLD,tiingo
2016-08-08,5.13987,QLD,tiingo
2016-08-09,5.16324,QLD,tiingo
2016-08-10,5.13679,QLD,tiingo
2016-08-11,5.17984,QLD,tiingo
2016-08-12,5.18662,QLD,tiingo
2016-08-15,5.2309,QLD,tiingo
2016-08-16,5.1737,QLD,tiingo
2016-08-17,5.18908,QLD,tiingo
2016-08-18,5.19399,QLD,tiingo
2016-08-19,5.18969,QLD,tiingo
2016-08-22,5.19584,QLD,tiingo
2016-08-23,5.21367,QLD,tiingo
2016-08-24,5.14541,QLD,tiingo
2016-08-25,5.12819,QLD,tiingo
2016-08-26,5.14418,QLD,tiingo
2016-08-29,5.15894,QLD,tiingo
2016-08-30,5.12511,QLD,tiingo
2016-08-31,5.11158,QLD,tiingo
2016-09-01,5.13802,QLD,tiingo
2016-09-02,5.17062,QLD,tiingo
2016-09-06,5.23581,QLD,tiingo
2016-09-07,5.24443,QLD,tiingo
2016-09-08,5.18108,QLD,tiingo
2016-09-09,4.91845,QLD,tiingo
2016-09-12,5.09252,QLD,tiingo
2016-09-13,5.00518,QLD,tiingo
2016-09-14,5.05562,QLD,tiingo
2016-09-15,5.21183,QLD,tiingo
2016-09-16,5.20506,QLD,tiingo
2016-09-19,5.15833,QLD,tiingo
2016-09-20,5.17738,QLD,tiingo
2016-09-21,5.27764,QLD,tiingo
2016-09-22,5.36375,QLD,tiingo
2016-09-23,5.29364,QLD,tiingo
2016-09-26,5.20629,QLD,tiingo
2016-09-27,5.30716,QLD,tiingo
2016-09-28,5.32745,QLD,tiingo
2016-09-29,5.24689,QLD,tiingo
2016-09-30,5.32254,QLD,tiingo
2016-10-03,5.30961,QLD,tiingo
2016-10-04,5.29547,QLD,tiingo
2016-10-05,5.33053,QLD,tiingo
2016-10-06,5.32684,QLD,tiingo
2016-10-07,5.30286,QLD,tiingo
2016-10-10,5.36621,QLD,tiingo
2016-10-11,5.21183,QLD,tiingo
2016-10-12,5.20813,QLD,tiingo
2016-10-13,5.17062,QLD,tiingo
2016-10-14,5.17861,QLD,tiingo
2016-10-17,5.15217,QLD,tiingo
2016-10-18,5.24319,QLD,tiingo
2016-10-19,5.24012,QLD,tiingo
2016-10-20,5.23029,QLD,tiingo
2016-10-21,5.26965,QLD,tiingo
2016-10-24,5.39573,QLD,tiingo
2016-10-25,5.35821,QLD,tiingo
2016-10-26,5.28871,QLD,tiingo
2016-10-27,5.24196,QLD,tiingo
2016-10-28,5.16939,QLD,tiingo
2016-10-31,5.15956,QLD,tiingo
2016-11-01,5.08575,QLD,tiingo
2016-11-02,5.00148,QLD,tiingo
2016-11-03,4.90555,QLD,tiingo
2016-11-04,4.86802,QLD,tiingo
2016-11-07,5.10358,QLD,tiingo
2016-11-08,5.16939,QLD,tiingo
2016-11-09,5.21306,QLD,tiingo
2016-11-10,5.04392,QLD,tiingo
2016-11-11,5.04946,QLD,tiingo
2016-11-14,4.9486,QLD,tiingo
2016-11-15,5.08637,QLD,tiingo
2016-11-16,5.14479,QLD,tiingo
2016-11-17,5.2186,QLD,tiingo
2016-11-18,5.18108,QLD,tiingo
2016-11-21,5.28563,QLD,tiingo
2016-11-22,5.32008,QLD,tiingo
2016-11-23,5.27702,QLD,tiingo
2016-11-25,5.30961,QLD,tiingo
2016-11-28,5.28686,QLD,tiingo
2016-11-29,5.32192,QLD,tiingo
2016-11-30,5.18908,QLD,tiingo
2016-12-01,5.01502,QLD,tiingo
2016-12-02,5.03039,QLD,tiingo
2016-12-05,5.10789,QLD,tiingo
2016-12-06,5.13433,QLD,tiingo
2016-12-07,5.26288,QLD,tiingo
2016-12-08,5.28071,QLD,tiingo
2016-12-09,5.36313,QLD,tiingo
2016-12-12,5.31392,QLD,tiingo
2016-12-13,5.44861,QLD,tiingo
2016-12-14,5.42402,QLD,tiingo
2016-12-15,5.44125,QLD,tiingo
2016-12-16,5.40495,QLD,tiingo
2016-12-19,5.44801,QLD,tiingo
2016-12-20,5.49044,QLD,tiingo
2016-12-21,5.47873,QLD,tiingo
2016-12-22,5.44734,QLD,tiingo
2016-12-23,5.45349,QLD,tiingo
2016-12-27,5.51381,QLD,tiingo
2016-12-28,5.42641,QLD,tiingo
2016-12-29,5.40795,QLD,tiingo
2016-12-30,5.30024,QLD,tiingo
2017-01-03,5.39194,QLD,tiingo
2017-01-04,5.44856,QLD,tiingo
2017-01-05,5.5095,QLD,tiingo
2017-01-06,5.60612,QLD,tiingo
2017-01-09,5.64366,QLD,tiingo
2017-01-10,5.66827,QLD,tiingo
2017-01-11,5.69474,QLD,tiingo
2017-01-12,5.67752,QLD,tiingo
2017-01-13,5.71813,QLD,tiingo
2017-01-17,5.68243,QLD,tiingo
2017-01-18,5.70829,QLD,tiingo
2017-01-19,5.69905,QLD,tiingo
2017-01-20,5.72429,QLD,tiingo
2017-01-23,5.7329,QLD,tiingo
2017-01-24,5.81107,QLD,tiingo
2017-01-25,5.92677,QLD,tiingo
2017-01-26,5.936,QLD,tiingo
2017-01-27,5.95877,QLD,tiingo
2017-01-30,5.86954,QLD,tiingo
2017-01-31,5.84491,QLD,tiingo
2017-02-01,5.92431,QLD,tiingo
2017-02-02,5.91384,QLD,tiingo
2017-02-03,5.94463,QLD,tiingo
2017-02-06,5.96062,QLD,tiingo
2017-02-07,6.00371,QLD,tiingo
2017-02-08,6.02647,QLD,tiingo
2017-02-09,6.06832,QLD,tiingo
2017-02-10,6.1071,QLD,tiingo
2017-02-13,6.17664,QLD,tiingo
2017-02-14,6.21603,QLD,tiingo
2017-02-15,6.28742,QLD,tiingo
2017-02-16,6.28558,QLD,tiingo
2017-02-17,6.34035,QLD,tiingo
2017-02-21,6.40067,QLD,tiingo
2017-02-22,6.4062,QLD,tiingo
2017-02-23,6.36005,QLD,tiingo
2017-02-24,6.37973,QLD,tiingo
2017-02-27,6.39759,QLD,tiingo
2017-02-28,6.35697,QLD,tiingo
2017-03-01,6.49482,QLD,tiingo
2017-03-02,6.43083,QLD,tiingo
2017-03-03,6.45297,QLD,tiingo
2017-03-06,6.42528,QLD,tiingo
2017-03-07,6.39944,QLD,tiingo
2017-03-08,6.42282,QLD,tiingo
2017-03-09,6.43144,QLD,tiingo
2017-03-10,6.48682,QLD,tiingo
2017-03-13,6.50653,QLD,tiingo
2017-03-14,6.47268,QLD,tiingo
2017-03-15,6.5533,QLD,tiingo
2017-03-16,6.54838,QLD,tiingo
2017-03-17,6.53607,QLD,tiingo
2017-03-20,6.55022,QLD,tiingo
2017-03-21,6.35574,QLD,tiingo
2017-03-22,6.43878,QLD,tiingo
2017-03-23,6.4086,QLD,tiingo
2017-03-24,6.42708,QLD,tiingo
2017-03-27,6.45293,QLD,tiingo
2017-03-28,6.52988,QLD,tiingo
2017-03-29,6.59081,QLD,tiingo
2017-03-30,6.60929,QLD,tiingo
2017-03-31,6.60251,QLD,tiingo
2017-04-03,6.59266,QLD,tiingo
2017-04-04,6.61114,QLD,tiingo
2017-04-05,6.56065,QLD,tiingo
2017-04-06,6.56682,QLD,tiingo
2017-04-07,6.56004,QLD,tiingo
2017-04-10,6.5662,QLD,tiingo
2017-04-11,6.51018,QLD,tiingo
2017-04-12,6.45601,QLD,tiingo
2017-04-13,6.40123,QLD,tiingo
2017-04-17,6.50588,QLD,tiingo
2017-04-18,6.48925,QLD,tiingo
2017-04-19,6.50772,QLD,tiingo
2017-04-20,6.61114,QLD,tiingo
2017-04-21,6.61114,QLD,tiingo
2017-04-24,6.77056,QLD,tiingo
2017-04-25,6.86905,QLD,tiingo
2017-04-26,6.84936,QLD,tiingo
2017-04-27,6.92938,QLD,tiingo
2017-04-28,6.95399,QLD,tiingo
2017-05-01,7.07158,QLD,tiingo
2017-05-02,7.10051,QLD,tiingo
2017-05-03,7.05434,QLD,tiingo
2017-05-04,7.05926,QLD,tiingo
2017-05-05,7.10974,QLD,tiingo
2017-05-08,7.14052,QLD,tiingo
2017-05-09,7.19098,QLD,tiingo
2017-05-10,7.19714,QLD,tiingo
2017-05-11,7.18546,QLD,tiingo
2017-05-12,7.21808,QLD,tiingo
2017-05-15,7.2624,QLD,tiingo
2017-05-16,7.32518,QLD,tiingo
2017-05-17,6.94969,QLD,tiingo
2017-05-18,7.06788,QLD,tiingo
2017-05-19,7.13129,QLD,tiingo
2017-05-22,7.25131,QLD,tiingo
2017-05-23,7.26301,QLD,tiingo
2017-05-24,7.33195,QLD,tiingo
2017-05-25,7.45322,QLD,tiingo
2017-05-26,7.47907,QLD,tiingo
2017-05-30,7.49323,QLD,tiingo
2017-05-31,7.484,QLD,tiingo
2017-06-01,7.54924,QLD,tiingo
2017-06-02,7.71299,QLD,tiingo
2017-06-05,7.71176,QLD,tiingo
2017-06-06,7.65512,QLD,tiingo
2017-06-07,7.70991,QLD,tiingo
2017-06-08,7.72776,QLD,tiingo
2017-06-09,7.33933,QLD,tiingo
2017-06-12,7.25809,QLD,tiingo
2017-06-13,7.37566,QLD,tiingo
2017-06-14,7.30979,QLD,tiingo
2017-06-15,7.24147,QLD,tiingo
2017-06-16,7.18914,QLD,tiingo
2017-06-19,7.41998,QLD,tiingo
2017-06-20,7.3061,QLD,tiingo
2017-06-21,7.44873,QLD,tiingo
2017-06-22,7.44318,QLD,tiingo
2017-06-23,7.49798,QLD,tiingo
2017-06-26,7.43088,QLD,tiingo
2017-06-27,7.16124,QLD,tiingo
2017-06-28,7.3607,QLD,tiingo
2017-06-29,7.10769,QLD,tiingo
2017-06-30,7.09907,QLD,tiingo
2017-07-03,6.96303,QLD,tiingo
2017-07-05,7.09846,QLD,tiingo
2017-07-06,6.96856,QLD,tiingo
2017-07-07,7.11385,QLD,tiingo
2017-07-10,7.21234,QLD,tiingo
2017-07-11,7.25174,QLD,tiingo
2017-07-12,7.42719,QLD,tiingo
2017-07-13,7.45796,QLD,tiingo
2017-07-14,7.57124,QLD,tiingo
2017-07-17,7.57923,QLD,tiingo
2017-07-18,7.68266,QLD,tiingo
2017-07-19,7.7713,QLD,tiingo
2017-07-20,7.79101,QLD,tiingo
2017-07-21,7.77993,QLD,tiingo
2017-07-24,7.84887,QLD,tiingo
2017-07-25,7.81563,QLD,tiingo
2017-07-26,7.86364,QLD,tiingo
2017-07-27,7.7713,QLD,tiingo
2017-07-28,7.75038,QLD,tiingo
2017-07-31,7.68143,QLD,tiingo
2017-08-01,7.71467,QLD,tiingo
2017-08-02,7.75652,QLD,tiingo
2017-08-03,7.70482,QLD,tiingo
2017-08-04,7.72451,QLD,tiingo
2017-08-07,7.81809,QLD,tiingo
2017-08-08,7.79593,QLD,tiingo
2017-08-09,7.77377,QLD,tiingo
2017-08-10,7.43641,QLD,tiingo
2017-08-11,7.54845,QLD,tiingo
2017-08-14,7.74422,QLD,tiingo
2017-08-15,7.75407,QLD,tiingo
2017-08-16,7.78361,QLD,tiingo
2017-08-17,7.46597,QLD,tiingo
2017-08-18,7.44626,QLD,tiingo
2017-08-21,7.43765,QLD,tiingo
2017-08-22,7.65926,QLD,tiingo
2017-08-23,7.6014,QLD,tiingo
2017-08-24,7.562,QLD,tiingo
2017-08-25,7.52753,QLD,tiingo
2017-08-28,7.56569,QLD,tiingo
2017-08-29,7.62849,QLD,tiingo
2017-08-30,7.81071,QLD,tiingo
2017-08-31,7.95599,QLD,tiingo
2017-09-01,7.95475,QLD,tiingo
2017-09-05,7.80824,QLD,tiingo
2017-09-06,7.8538,QLD,tiingo
2017-09-07,7.89196,QLD,tiingo
2017-09-08,7.75775,QLD,tiingo
2017-09-11,7.92521,QLD,tiingo
2017-09-12,7.96952,QLD,tiingo
2017-09-13,7.99169,QLD,tiingo
2017-09-14,7.89566,QLD,tiingo
2017-09-15,7.94613,QLD,tiingo
2017-09-18,7.9289,QLD,tiingo
2017-09-19,7.95599,QLD,tiingo
2017-09-20,7.9092,QLD,tiingo
2017-09-21,7.80578,QLD,tiingo
2017-09-22,7.79346,QLD,tiingo
2017-09-25,7.63095,QLD,tiingo
2017-09-26,7.66788,QLD,tiingo
2017-09-27,7.80454,QLD,tiingo
2017-09-28,7.79716,QLD,tiingo
2017-09-29,7.90673,QLD,tiingo
2017-10-02,7.91781,QLD,tiingo
2017-10-03,7.95722,QLD,tiingo
2017-10-04,7.9683,QLD,tiingo
2017-10-05,8.12588,QLD,tiingo
2017-10-06,8.14313,QLD,tiingo
2017-10-09,8.12835,QLD,tiingo
2017-10-10,8.13943,QLD,tiingo
2017-10-11,8.18867,QLD,tiingo
2017-10-12,8.1579,QLD,tiingo
2017-10-13,8.217,QLD,tiingo
2017-10-16,8.27363,QLD,tiingo
2017-10-17,8.29209,QLD,tiingo
2017-10-18,8.27363,QLD,tiingo
2017-10-19,8.21208,QLD,tiingo
2017-10-20,8.25393,QLD,tiingo
2017-10-23,8.14681,QLD,tiingo
2017-10-24,8.1776,QLD,tiingo
2017-10-25,8.11111,QLD,tiingo
2017-10-26,8.06434,QLD,tiingo
2017-10-27,8.51987,QLD,tiingo
2017-10-30,8.56666,QLD,tiingo
2017-10-31,8.62821,QLD,tiingo
2017-11-01,8.62453,QLD,tiingo
2017-11-02,8.58512,QLD,tiingo
2017-11-03,8.74764,QLD,tiingo
2017-11-06,8.8092,QLD,tiingo
2017-11-07,8.81906,QLD,tiingo
2017-11-08,8.89169,QLD,tiingo
2017-11-09,8.79319,QLD,tiingo
2017-11-10,8.79565,QLD,tiingo
2017-11-13,8.81413,QLD,tiingo
2017-11-14,8.75379,QLD,tiingo
2017-11-15,8.66269,QLD,tiingo
2017-11-16,8.888,QLD,tiingo
2017-11-17,8.82028,QLD,tiingo
2017-11-20,8.8055,QLD,tiingo
2017-11-21,8.99265,QLD,tiingo
2017-11-22,9.01727,QLD,tiingo
2017-11-24,9.08376,QLD,tiingo
2017-11-27,9.0739,QLD,tiingo
2017-11-28,9.11946,QLD,tiingo
2017-11-29,8.80674,QLD,tiingo
2017-11-30,8.94833,QLD,tiingo
2017-12-01,8.87199,QLD,tiingo
2017-12-04,8.66762,QLD,tiingo
2017-12-05,8.67008,QLD,tiingo
2017-12-06,8.74887,QLD,tiingo
2017-12-07,8.81043,QLD,tiingo
2017-12-08,8.888,QLD,tiingo
2017-12-11,9.0259,QLD,tiingo
2017-12-12,9.00003,QLD,tiingo
2017-12-13,9.03205,QLD,tiingo
2017-12-14,9.0185,QLD,tiingo
2017-12-15,9.21549,QLD,tiingo
2017-12-18,9.37432,QLD,tiingo
2017-12-19,9.26844,QLD,tiingo
2017-12-20,9.24505,QLD,tiingo
2017-12-21,9.24628,QLD,tiingo
2017-12-22,9.22411,QLD,tiingo
2017-12-26,9.12439,QLD,tiingo
2017-12-27,9.12562,QLD,tiingo
2017-12-28,9.14409,QLD,tiingo
2017-12-29,9.02835,QLD,tiingo
2018-01-02,9.34108,QLD,tiingo
2018-01-03,9.5233,QLD,tiingo
2018-01-04,9.55777,QLD,tiingo
2018-01-05,9.74737,QLD,tiingo
2018-01-08,9.82001,QLD,tiingo
2018-01-09,9.82863,QLD,tiingo
2018-01-10,9.77446,QLD,tiingo
2018-01-11,9.90989,QLD,tiingo
2018-01-12,10.0503,QLD,tiingo
2018-01-16,9.99363,QLD,tiingo
2018-01-17,10.209,QLD,tiingo
2018-01-18,10.2127,QLD,tiingo
2018-01-19,10.2781,QLD,tiingo
2018-01-22,10.4959,QLD,tiingo
2018-01-23,10.6671,QLD,tiingo
2018-01-24,10.5366,QLD,tiingo
2018-01-25,10.523,QLD,tiingo
2018-01-26,10.8308,QLD,tiingo
2018-01-29,10.7336,QLD,tiingo
2018-01-30,10.5612,QLD,tiingo
2018-01-31,10.6387,QLD,tiingo
2018-02-01,10.4627,QLD,tiingo
2018-02-02,10.0392,QLD,tiingo
2018-02-05,9.26228,QLD,tiingo
2018-02-06,9.73383,QLD,tiingo
2018-02-07,9.48513,QLD,tiingo
2018-02-08,8.6947,QLD,tiingo
2018-02-09,8.98034,QLD,tiingo
2018-02-12,9.30784,QLD,tiingo
2018-02-13,9.39155,QLD,tiingo
2018-02-14,9.75107,QLD,tiingo
2018-02-15,10.1008,QLD,tiingo
2018-02-16,10.0256,QLD,tiingo
2018-02-20,10.0503,QLD,tiingo
2018-02-21,9.99114,QLD,tiingo
2018-02-22,10.0022,QLD,tiingo
2018-02-23,10.3975,QLD,tiingo
2018-02-26,10.6708,QLD,tiingo
2018-02-27,10.4049,QLD,tiingo
2018-02-28,10.2744,QLD,tiingo
2018-03-01,9.94929,QLD,tiingo
2018-03-02,10.1229,QLD,tiingo
2018-03-05,10.342,QLD,tiingo
2018-03-06,10.4283,QLD,tiingo
2018-03-07,10.4749,QLD,tiingo
2018-03-08,10.5919,QLD,tiingo
2018-03-09,10.9946,QLD,tiingo
2018-03-12,11.0955,QLD,tiingo
2018-03-13,10.8223,QLD,tiingo
2018-03-14,10.8136,QLD,tiingo
2018-03-15,10.7841,QLD,tiingo
2018-03-16,10.7324,QLD,tiingo
2018-03-19,10.2768,QLD,tiingo
2018-03-20,10.3346,QLD,tiingo
2018-03-21,10.2386,QLD,tiingo
2018-03-22,9.7289,QLD,tiingo
2018-03-23,9.2118,QLD,tiingo
2018-03-26,9.90496,QLD,tiingo
2018-03-27,9.25119,QLD,tiingo
2018-03-28,9.04928,QLD,tiingo
2018-03-29,9.38171,QLD,tiingo
2018-04-02,8.84245,QLD,tiingo
2018-04-03,9.03205,QLD,tiingo
2018-04-04,9.26597,QLD,tiingo
2018-04-05,9.41618,QLD,tiingo
2018-04-06,8.96188,QLD,tiingo
2018-04-09,9.06653,QLD,tiingo
2018-04-10,9.46543,QLD,tiingo
2018-04-11,9.36694,QLD,tiingo
2018-04-12,9.58116,QLD,tiingo
2018-04-13,9.49129,QLD,tiingo
2018-04-16,9.62548,QLD,tiingo
2018-04-17,10.0355,QLD,tiingo
2018-04-18,10.0823,QLD,tiingo
2018-04-19,9.91113,QLD,tiingo
2018-04-20,9.58855,QLD,tiingo
2018-04-23,9.53683,QLD,tiingo
2018-04-24,9.13177,QLD,tiingo
2018-04-25,9.1601,QLD,tiingo
2018-04-26,9.52946,QLD,tiingo
2018-04-27,9.54545,QLD,tiingo
2018-04-30,9.40633,QLD,tiingo
2018-05-01,9.61317,QLD,tiingo
2018-05-02,9.50975,QLD,tiingo
2018-05-03,9.50359,QLD,tiingo
2018-05-04,9.86187,QLD,tiingo
2018-05-07,10.017,QLD,tiingo
2018-05-08,9.99483,QLD,tiingo
2018-05-09,10.2263,QLD,tiingo
2018-05-10,10.4332,QLD,tiingo
2018-05-11,10.4135,QLD,tiingo
2018-05-14,10.4442,QLD,tiingo
2018-05-15,10.214,QLD,tiingo
2018-05-16,10.3507,QLD,tiingo
2018-05-17,10.2633,QLD,tiingo
2018-05-18,10.1573,QLD,tiingo
2018-05-21,10.2756,QLD,tiingo
2018-05-22,10.246,QLD,tiingo
2018-05-23,10.4172,QLD,tiingo
2018-05-24,10.4074,QLD,tiingo
2018-05-25,10.4295,QLD,tiingo
2018-05-29,10.3359,QLD,tiingo
2018-05-30,10.4799,QLD,tiingo
2018-05-31,10.4664,QLD,tiingo
2018-06-01,10.7951,QLD,tiingo
2018-06-04,10.9798,QLD,tiingo
2018-06-05,11.0512,QLD,tiingo
2018-06-06,11.1828,QLD,tiingo
2018-06-07,11.0081,QLD,tiingo
2018-06-08,10.9971,QLD,tiingo
2018-06-11,11.0561,QLD,tiingo
2018-06-12,11.1732,QLD,tiingo
2018-06-13,11.1633,QLD,tiingo
2018-06-14,11.3959,QLD,tiingo
2018-06-15,11.3159,QLD,tiingo
2018-06-18,11.3024,QLD,tiingo
2018-06-19,11.2334,QLD,tiingo
2018-06-20,11.3935,QLD,tiingo
2018-06-21,11.1915,QLD,tiingo
2018-06-22,11.1202,QLD,tiingo
2018-06-25,10.6363,QLD,tiingo
2018-06-26,10.7262,QLD,tiingo
2018-06-27,10.4221,QLD,tiingo
2018-06-28,10.6116,QLD,tiingo
2018-06-29,10.6449,QLD,tiingo
2018-07-02,10.805,QLD,tiingo
2018-07-03,10.5526,QLD,tiingo
2018-07-05,10.8149,QLD,tiingo
2018-07-06,11.1411,QLD,tiingo
2018-07-09,11.3479,QLD,tiingo
2018-07-10,11.3651,QLD,tiingo
2018-07-11,11.2519,QLD,tiingo
2018-07-12,11.6213,QLD,tiingo
2018-07-13,11.6446,QLD,tiingo
2018-07-16,11.5942,QLD,tiingo
2018-07-17,11.7395,QLD,tiingo
2018-07-18,11.6877,QLD,tiingo
2018-07-19,11.5732,QLD,tiingo
2018-07-20,11.5584,QLD,tiingo
2018-07-23,11.631,QLD,tiingo
2018-07-24,11.7321,QLD,tiingo
2018-07-25,12.0534,QLD,tiingo
2018-07-26,11.7037,QLD,tiingo
2018-07-27,11.3812,QLD,tiingo
2018-07-30,11.0549,QLD,tiingo
2018-07-31,11.1817,QLD,tiingo
2018-08-01,11.2999,QLD,tiingo
2018-08-02,11.6077,QLD,tiingo
2018-08-03,11.6742,QLD,tiingo
2018-08-06,11.8195,QLD,tiingo
2018-08-07,11.8897,QLD,tiingo
2018-08-08,11.9106,QLD,tiingo
2018-08-09,11.9007,QLD,tiingo
2018-08-10,11.7235,QLD,tiingo
2018-08-13,11.7025,QLD,tiingo
2018-08-14,11.8441,QLD,tiingo
2018-08-15,11.5597,QLD,tiingo
2018-08-16,11.6237,QLD,tiingo
2018-08-17,11.6298,QLD,tiingo
2018-08-20,11.6126,QLD,tiingo
2018-08-21,11.6926,QLD,tiingo
2018-08-22,11.7788,QLD,tiingo
2018-08-23,11.7444,QLD,tiingo
2018-08-24,11.9598,QLD,tiingo
2018-08-27,12.2012,QLD,tiingo
2018-08-28,12.2393,QLD,tiingo
2018-08-29,12.5225,QLD,tiingo
2018-08-30,12.4696,QLD,tiingo
2018-08-31,12.4992,QLD,tiingo
2018-09-04,12.3981,QLD,tiingo
2018-09-05,12.0767,QLD,tiingo
2018-09-06,11.8589,QLD,tiingo
2018-09-07,11.785,QLD,tiingo
2018-09-10,11.8392,QLD,tiingo
2018-09-11,12.0189,QLD,tiingo
2018-09-12,11.9548,QLD,tiingo
2018-09-13,12.1889,QLD,tiingo
2018-09-14,12.1248,QLD,tiingo
2018-09-17,11.7825,QLD,tiingo
2018-09-18,11.9709,QLD,tiingo
2018-09-19,11.9561,QLD,tiingo
2018-09-20,12.2049,QLD,tiingo
2018-09-21,12.0804,QLD,tiingo
2018-09-24,12.1396,QLD,tiingo
2018-09-25,12.1778,QLD,tiingo
2018-09-26,12.1864,QLD,tiingo
2018-09-27,12.3932,QLD,tiingo
2018-09-28,12.3956,QLD,tiingo
2018-10-01,12.4363,QLD,tiingo
2018-10-02,12.3784,QLD,tiingo
2018-10-03,12.4141,QLD,tiingo
2018-10-04,11.9327,QLD,tiingo
2018-10-05,11.6471,QLD,tiingo
2018-10-08,11.4969,QLD,tiingo
2018-10-09,11.5609,QLD,tiingo
2018-10-10,10.5538,QLD,tiingo
2018-10-11,10.2891,QLD,tiingo
2018-10-12,10.8604,QLD,tiingo
2018-10-15,10.5846,QLD,tiingo
2018-10-16,11.2001,QLD,tiingo
2018-10-17,11.2137,QLD,tiingo
2018-10-18,10.7127,QLD,tiingo
2018-10-19,10.672,QLD,tiingo
2018-10-22,10.7841,QLD,tiingo
2018-10-23,10.7139,QLD,tiingo
2018-10-24,9.71905,QLD,tiingo
2018-10-25,10.3753,QLD,tiingo
2018-10-26,9.87788,QLD,tiingo
2018-10-29,9.49744,QLD,tiingo
2018-10-30,9.74737,QLD,tiingo
2018-10-31,10.1955,QLD,tiingo
2018-11-01,10.4897,QLD,tiingo
2018-11-02,10.1733,QLD,tiingo
2018-11-05,10.1033,QLD,tiingo
2018-11-06,10.2571,QLD,tiingo
2018-11-07,10.8911,QLD,tiingo
2018-11-08,10.7582,QLD,tiingo
2018-11-09,10.3926,QLD,tiingo
2018-11-12,9.77816,QLD,tiingo
2018-11-13,9.78185,QLD,tiingo
2018-11-14,9.6181,QLD,tiingo
2018-11-15,9.96036,QLD,tiingo
2018-11-16,9.89388,QLD,tiingo
2018-11-19,9.24259,QLD,tiingo
2018-11-20,8.91878,QLD,tiingo
2018-11-21,9.04559,QLD,tiingo
2018-11-23,8.91385,QLD,tiingo
2018-11-26,9.32507,QLD,tiingo
2018-11-27,9.39155,QLD,tiingo
2018-11-28,9.98253,QLD,tiingo
2018-11-29,9.92343,QLD,tiingo
2018-11-30,10.0761,QLD,tiingo
2018-12-03,10.411,QLD,tiingo
2018-12-04,9.61317,QLD,tiingo
2018-12-06,9.75107,QLD,tiingo
2018-12-07,9.09854,QLD,tiingo
2018-12-10,9.29306,QLD,tiingo
2018-12-11,9.35094,QLD,tiingo
2018-12-12,9.51714,QLD,tiingo
2018-12-13,9.52576,QLD,tiingo
2018-12-14,9.03328,QLD,tiingo
2018-12-17,8.65407,QLD,tiingo
2018-12-18,8.74887,QLD,tiingo
2018-12-19,8.33519,QLD,tiingo
2018-12-20,8.08526,QLD,tiingo
2018-12-21,7.56446,QLD,tiingo
2018-12-24,7.20496,QLD,tiingo
2018-12-26,8.09142,QLD,tiingo
2018-12-27,8.15917,QLD,tiingo
2018-12-28,8.14932,QLD,tiingo
2018-12-31,8.27744,QLD,tiingo
2019-01-02,8.33904,QLD,tiingo
2019-01-03,7.77974,QLD,tiingo
2019-01-04,8.47702,QLD,tiingo
2019-01-07,8.64825,QLD,tiingo
2019-01-08,8.82072,QLD,tiingo
2019-01-09,8.95255,QLD,tiingo
2019-01-10,8.99812,QLD,tiingo
2019-01-11,8.94392,QLD,tiingo
2019-01-14,8.78131,QLD,tiingo
2019-01-15,9.12749,QLD,tiingo
2019-01-16,9.12502,QLD,tiingo
2019-01-17,9.25437,QLD,tiingo
2019-01-18,9.43423,QLD,tiingo
2019-01-22,9.0745,QLD,tiingo
2019-01-23,9.0856,QLD,tiingo
2019-01-24,9.19524,QLD,tiingo
2019-01-25,9.42685,QLD,tiingo
2019-01-28,9.18538,QLD,tiingo
2019-01-29,9.00552,QLD,tiingo
2019-01-30,9.48105,QLD,tiingo
2019-01-31,9.7533,QLD,tiingo
2019-02-01,9.66339,QLD,tiingo
2019-02-04,9.90114,QLD,tiingo
2019-02-05,10.0798,QLD,tiingo
2019-02-06,10.0132,QLD,tiingo
2019-02-07,9.74345,QLD,tiingo
2019-02-08,9.77426,QLD,tiingo
2019-02-11,9.76194,QLD,tiingo
2019-02-12,10.0539,QLD,tiingo
2019-02-13,10.0601,QLD,tiingo
2019-02-14,10.0774,QLD,tiingo
2019-02-15,10.1721,QLD,tiingo
2019-02-19,10.2054,QLD,tiingo
2019-02-20,10.2042,QLD,tiingo
2019-02-21,10.1204,QLD,tiingo
2019-02-22,10.2745,QLD,tiingo
2019-02-25,10.3483,QLD,tiingo
2019-02-26,10.3668,QLD,tiingo
2019-02-27,10.3496,QLD,tiingo
2019-02-28,10.3015,QLD,tiingo
2019-03-01,10.4518,QLD,tiingo
2019-03-04,10.4469,QLD,tiingo
2019-03-05,10.4617,QLD,tiingo
2019-03-06,10.3385,QLD,tiingo
2019-03-07,10.0872,QLD,tiingo
2019-03-08,10.0515,QLD,tiingo
2019-03-11,10.4715,QLD,tiingo
2019-03-12,10.5897,QLD,tiingo
2019-03-13,10.7438,QLD,tiingo
2019-03-14,10.7032,QLD,tiingo
2019-03-15,10.8866,QLD,tiingo
2019-03-18,10.9433,QLD,tiingo
2019-03-19,11.0223,QLD,tiingo
2019-03-20,11.1125,QLD,tiingo
2019-03-21,11.454,QLD,tiingo
2019-03-22,10.9411,QLD,tiingo
2019-03-25,10.9127,QLD,tiingo
2019-03-26,11.0114,QLD,tiingo
2019-03-27,10.8807,QLD,tiingo
2019-03-28,10.9152,QLD,tiingo
2019-03-29,11.0866,QLD,tiingo
2019-04-01,11.3837,QLD,tiingo
2019-04-02,11.454,QLD,tiingo
2019-04-03,11.5859,QLD,tiingo
2019-04-04,11.576,QLD,tiingo
2019-04-05,11.6894,QLD,tiingo
2019-04-08,11.7499,QLD,tiingo
2019-04-09,11.6672,QLD,tiingo
2019-04-10,11.793,QLD,tiingo
2019-04-11,11.7351,QLD,tiingo
2019-04-12,11.8312,QLD,tiingo
2019-04-15,11.8325,QLD,tiingo
2019-04-16,11.9126,QLD,tiingo
2019-04-17,11.9927,QLD,tiingo
2019-04-18,12.0186,QLD,tiingo
2019-04-22,12.0901,QLD,tiingo
2019-04-23,12.3946,QLD,tiingo
2019-04-24,12.3157,QLD,tiingo
2019-04-25,12.3995,QLD,tiingo
2019-04-26,12.4365,QLD,tiingo
2019-04-29,12.4735,QLD,tiingo
2019-04-30,12.2885,QLD,tiingo
2019-05-01,12.1937,QLD,tiingo
2019-05-02,12.1012,QLD,tiingo
2019-05-03,12.4809,QLD,tiingo
2019-05-06,12.3354,QLD,tiingo
2019-05-07,11.8399,QLD,tiingo
2019-05-08,11.7684,QLD,tiingo
2019-05-09,11.6598,QLD,tiingo
2019-05-10,11.6833,QLD,tiingo
2019-05-13,10.8635,QLD,tiingo
2019-05-14,11.1026,QLD,tiingo
2019-05-15,11.4059,QLD,tiingo
2019-05-16,11.6376,QLD,tiingo
2019-05-17,11.3997,QLD,tiingo
2019-05-20,11.0238,QLD,tiingo
2019-05-21,11.2444,QLD,tiingo
2019-05-22,11.1446,QLD,tiingo
2019-05-23,10.7982,QLD,tiingo
2019-05-24,10.7833,QLD,tiingo
2019-05-28,10.702,QLD,tiingo
2019-05-29,10.5306,QLD,tiingo
2019-05-30,10.6206,QLD,tiingo
2019-05-31,10.2656,QLD,tiingo
2019-06-03,9.83407,QLD,tiingo
2019-06-04,10.3716,QLD,tiingo
2019-06-05,10.5244,QLD,tiingo
2019-06-06,10.686,QLD,tiingo
2019-06-07,11.0952,QLD,tiingo
2019-06-10,11.3491,QLD,tiingo
2019-06-11,11.3886,QLD,tiingo
2019-06-12,11.2629,QLD,tiingo
2019-06-13,11.3936,QLD,tiingo
2019-06-14,11.2801,QLD,tiingo
2019-06-17,11.4232,QLD,tiingo
2019-06-18,11.7561,QLD,tiingo
2019-06-19,11.8423,QLD,tiingo
2019-06-20,12.0581,QLD,tiingo
2019-06-21,12.0285,QLD,tiingo
2019-06-24,12.0248,QLD,tiingo
2019-06-25,11.6083,QLD,tiingo
2019-06-26,11.7119,QLD,tiingo
2019-06-27,11.8056,QLD,tiingo
2019-06-28,11.8414,QLD,tiingo
2019-07-01,12.1485,QLD,tiingo
2019-07-02,12.247,QLD,tiingo
2019-07-03,12.421,QLD,tiingo
2019-07-05,12.3803,QLD,tiingo
2019-07-08,12.1979,QLD,tiingo
2019-07-09,12.3211,QLD,tiingo
2019-07-10,12.5616,QLD,tiingo
2019-07-11,12.5419,QLD,tiingo
2019-07-12,12.6861,QLD,tiingo
2019-07-15,12.7565,QLD,tiingo
2019-07-16,12.6294,QLD,tiingo
2019-07-17,12.5087,QLD,tiingo
2019-07-18,12.5481,QLD,tiingo
2019-07-19,12.3347,QLD,tiingo
2019-07-22,12.5468,QLD,tiingo
2019-07-23,12.7047,QLD,tiingo
2019-07-24,12.8811,QLD,tiingo
2019-07-25,12.6319,QLD,tiingo
2019-07-26,12.886,QLD,tiingo
2019-07-29,12.8071,QLD,tiingo
2019-07-30,12.6886,QLD,tiingo
2019-07-31,12.352,QLD,tiingo
2019-08-01,12.2127,QLD,tiingo
2019-08-02,11.8574,QLD,tiingo
2019-08-05,10.9978,QLD,tiingo
2019-08-06,11.3209,QLD,tiingo
2019-08-07,11.4183,QLD,tiingo
2019-08-08,11.9338,QLD,tiingo
2019-08-09,11.7069,QLD,tiingo
2019-08-12,11.4406,QLD,tiingo
2019-08-13,11.9535,QLD,tiingo
2019-08-14,11.2098,QLD,tiingo
2019-08-15,11.195,QLD,tiingo
2019-08-16,11.549,QLD,tiingo
2019-08-19,11.9018,QLD,tiingo
2019-08-20,11.7415,QLD,tiingo
2019-08-21,11.9449,QLD,tiingo
2019-08-22,11.8673,QLD,tiingo
2019-08-23,11.1199,QLD,tiingo
2019-08-26,11.4443,QLD,tiingo
2019-08-27,11.4048,QLD,tiingo
2019-08-28,11.4714,QLD,tiingo
2019-08-29,11.8229,QLD,tiingo
2019-08-30,11.7699,QLD,tiingo
2019-09-03,11.5367,QLD,tiingo
2019-09-04,11.8698,QLD,tiingo
2019-09-05,12.3063,QLD,tiingo
2019-09-06,12.2779,QLD,tiingo
2019-09-09,12.22,QLD,tiingo
2019-09-10,12.1621,QLD,tiingo
2019-09-11,12.3803,QLD,tiingo
2019-09-12,12.4729,QLD,tiingo
2019-09-13,12.3914,QLD,tiingo
2019-09-16,12.2668,QLD,tiingo
2019-09-17,12.384,QLD,tiingo
2019-09-18,12.3827,QLD,tiingo
2019-09-19,12.4185,QLD,tiingo
2019-09-20,12.1559,QLD,tiingo
2019-09-23,12.1633,QLD,tiingo
2019-09-24,11.8327,QLD,tiingo
2019-09-25,12.1003,QLD,tiingo
2019-09-26,12.0115,QLD,tiingo
2019-09-27,11.7242,QLD,tiingo
2019-09-30,11.9301,QLD,tiingo
2019-10-01,11.7341,QLD,tiingo
2019-10-02,11.3307,QLD,tiingo
2019-10-03,11.5836,QLD,tiingo
2019-10-04,11.9251,QLD,tiingo
2019-10-07,11.8451,QLD,tiingo
2019-10-08,11.4776,QLD,tiingo
2019-10-09,11.723,QLD,tiingo
2019-10-10,11.8858,QLD,tiingo
2019-10-11,12.1868,QLD,tiingo
2019-10-14,12.1979,QLD,tiingo
2019-10-15,12.4988,QLD,tiingo
2019-10-16,12.4358,QLD,tiingo
2019-10-17,12.505,QLD,tiingo
2019-10-18,12.2631,QLD,tiingo
2019-10-21,12.479,QLD,tiingo
2019-10-22,12.2791,QLD,tiingo
2019-10-23,12.3248,QLD,tiingo
2019-10-24,12.5579,QLD,tiingo
2019-10-25,12.7516,QLD,tiingo
2019-10-28,13.0093,QLD,tiingo
2019-10-29,12.8144,QLD,tiingo
2019-10-30,12.9169,QLD,tiingo
2019-10-31,12.9366,QLD,tiingo
2019-11-01,13.1783,QLD,tiingo
2019-11-04,13.33,QLD,tiingo
2019-11-05,13.3349,QLD,tiingo
2019-11-06,13.2868,QLD,tiingo
2019-11-07,13.3756,QLD,tiingo
2019-11-08,13.4817,QLD,tiingo
2019-11-11,13.4434,QLD,tiingo
2019-11-12,13.5138,QLD,tiingo
2019-11-13,13.4953,QLD,tiingo
2019-11-14,13.5027,QLD,tiingo
2019-11-15,13.6704,QLD,tiingo
2019-11-18,13.7246,QLD,tiingo
2019-11-19,13.7555,QLD,tiingo
2019-11-20,13.589,QLD,tiingo
2019-11-21,13.5274,QLD,tiingo
2019-11-22,13.5471,QLD,tiingo
2019-11-25,13.8652,QLD,tiingo
2019-11-26,13.9171,QLD,tiingo
2019-11-27,14.1095,QLD,tiingo
2019-11-29,13.9763,QLD,tiingo
2019-12-02,13.6679,QLD,tiingo
2019-12-03,13.4694,QLD,tiingo
2019-12-04,13.6063,QLD,tiingo
2019-12-05,13.6581,QLD,tiingo
2019-12-06,13.943,QLD,tiingo
2019-12-09,13.8258,QLD,tiingo
2019-12-10,13.8024,QLD,tiingo
2019-12-11,13.9504,QLD,tiingo
2019-12-12,14.1588,QLD,tiingo
2019-12-13,14.2439,QLD,tiingo
2019-12-16,14.5165,QLD,tiingo
2019-12-17,14.5325,QLD,tiingo
2019-12-18,14.5535,QLD,tiingo
2019-12-19,14.7458,QLD,tiingo
2019-12-20,14.868,QLD,tiingo
2019-12-23,14.9358,QLD,tiingo
2019-12-24,14.9432,QLD,tiingo
2019-12-26,15.2158,QLD,tiingo
2019-12-27,15.1789,QLD,tiingo
2019-12-30,14.9741,QLD,tiingo
2019-12-31,15.0394,QLD,tiingo
2020-01-02,15.5329,QLD,tiingo
2020-01-03,15.2578,QLD,tiingo
2020-01-06,15.4393,QLD,tiingo
2020-01-07,15.4319,QLD,tiingo
2020-01-08,15.665,QLD,tiingo
2020-01-09,15.9426,QLD,tiingo
2020-01-10,15.8587,QLD,tiingo
2020-01-13,16.2141,QLD,tiingo
2020-01-14,16.0944,QLD,tiingo
2020-01-15,16.0969,QLD,tiingo
2020-01-16,16.4004,QLD,tiingo
2020-01-17,16.5669,QLD,tiingo
2020-01-21,16.5521,QLD,tiingo
2020-01-22,16.6361,QLD,tiingo
2020-01-23,16.7348,QLD,tiingo
2020-01-24,16.4485,QLD,tiingo
2020-01-27,15.7712,QLD,tiingo
2020-01-28,16.2473,QLD,tiingo
2020-01-29,16.298,QLD,tiingo
2020-01-30,16.4164,QLD,tiingo
2020-01-31,15.8846,QLD,tiingo
2020-02-03,16.3572,QLD,tiingo
2020-02-04,17.1098,QLD,tiingo
2020-02-05,17.2406,QLD,tiingo
2020-02-06,17.527,QLD,tiingo
2020-02-07,17.369,QLD,tiingo
2020-02-10,17.7996,QLD,tiingo
2020-02-11,17.7996,QLD,tiingo
2020-02-12,18.1487,QLD,tiingo
2020-02-13,18.0883,QLD,tiingo
2020-02-14,18.1845,QLD,tiingo
2020-02-18,18.2154,QLD,tiingo
2020-02-19,18.5572,QLD,tiingo
2020-02-20,18.1969,QLD,tiingo
2020-02-21,17.5195,QLD,tiingo
2020-02-24,16.1585,QLD,tiingo
2020-02-25,15.2862,QLD,tiingo
2020-02-26,15.4183,QLD,tiingo
2020-02-27,13.8747,QLD,tiingo
2020-02-28,14.0141,QLD,tiingo
2020-03-02,15.3331,QLD,tiingo
2020-03-03,14.3547,QLD,tiingo
2020-03-04,15.5329,QLD,tiingo
2020-03-05,14.5977,QLD,tiingo
2020-03-06,14.1054,QLD,tiingo
2020-03-09,12.1634,QLD,tiingo
2020-03-10,13.4675,QLD,tiingo
2020-03-11,12.2928,QLD,tiingo
2020-03-12,10.0176,QLD,tiingo
2020-03-13,11.9263,QLD,tiingo
2020-03-16,9.03057,QLD,tiingo
2020-03-17,10.2484,QLD,tiingo
2020-03-18,9.60678,QLD,tiingo
2020-03-19,9.7388,QLD,tiingo
2020-03-20,8.96025,QLD,tiingo
2020-03-23,9.00589,QLD,tiingo
2020-03-24,10.3767,QLD,tiingo
2020-03-25,10.1915,QLD,tiingo
2020-03-26,11.2885,QLD,tiingo
2020-03-27,10.4605,QLD,tiingo
2020-03-30,11.2614,QLD,tiingo
2020-03-31,11.0541,QLD,tiingo
2020-04-01,10.131,QLD,tiingo
2020-04-02,10.5333,QLD,tiingo
2020-04-03,10.2471,QLD,tiingo
2020-04-06,11.7044,QLD,tiingo
2020-04-07,11.6587,QLD,tiingo
2020-04-08,12.1659,QLD,tiingo
2020-04-09,12.1968,QLD,tiingo
2020-04-13,12.4769,QLD,tiingo
2020-04-14,13.5553,QLD,tiingo
2020-04-15,13.2457,QLD,tiingo
2020-04-16,13.7478,QLD,tiingo
2020-04-17,13.975,QLD,tiingo
2020-04-20,13.6517,QLD,tiingo
2020-04-21,12.636,QLD,tiingo
2020-04-22,13.4171,QLD,tiingo
2020-04-23,13.353,QLD,tiingo
2020-04-24,13.7923,QLD,tiingo
2020-04-27,13.9602,QLD,tiingo
2020-04-28,13.4628,QLD,tiingo
2020-04-29,14.3809,QLD,tiingo
2020-04-30,14.4352,QLD,tiingo
2020-05-01,13.5628,QLD,tiingo
2020-05-04,13.9021,QLD,tiingo
2020-05-05,14.2119,QLD,tiingo
2020-05-06,14.3846,QLD,tiingo
2020-05-07,14.7658,QLD,tiingo
2020-05-08,15.1534,QLD,tiingo
2020-05-11,15.4052,QLD,tiingo
2020-05-12,14.7905,QLD,tiingo
2020-05-13,14.4216,QLD,tiingo
2020-05-14,14.7363,QLD,tiingo
2020-05-15,14.9263,QLD,tiingo
2020-05-18,15.4976,QLD,tiingo
2020-05-19,15.3978,QLD,tiingo
2020-05-20,16.0246,QLD,tiingo
2020-05-21,15.6717,QLD,tiingo
2020-05-22,15.7692,QLD,tiingo
2020-05-26,15.7062,QLD,tiingo
2020-05-27,15.8555,QLD,tiingo
2020-05-28,15.7938,QLD,tiingo
2020-05-29,16.2232,QLD,tiingo
2020-06-01,16.396,QLD,tiingo
2020-06-02,16.5996,QLD,tiingo
2020-06-03,16.7453,QLD,tiingo
2020-06-04,16.5058,QLD,tiingo
2020-06-05,17.1525,QLD,tiingo
2020-06-08,17.435,QLD,tiingo
2020-06-09,17.6732,QLD,tiingo
2020-06-10,18.1125,QLD,tiingo
2020-06-11,16.322,QLD,tiingo
2020-06-12,16.5502,QLD,tiingo
2020-06-15,16.9636,QLD,tiingo
2020-06-16,17.5732,QLD,tiingo
2020-06-17,17.6584,QLD,tiingo
2020-06-18,17.7682,QLD,tiingo
2020-06-19,17.746,QLD,tiingo
2020-06-22,18.1865,QLD,tiingo
2020-06-23,18.4765,QLD,tiingo
2020-06-24,17.7361,QLD,tiingo
2020-06-25,18.0767,QLD,tiingo
2020-06-26,17.1932,QLD,tiingo
2020-06-29,17.556,QLD,tiingo
2020-06-30,18.2248,QLD,tiingo
2020-07-01,18.6888,QLD,tiingo
2020-07-02,18.9418,QLD,tiingo
2020-07-06,19.8784,QLD,tiingo
2020-07-07,19.597,QLD,tiingo
2020-07-08,20.1053,QLD,tiingo
2020-07-09,20.4398,QLD,tiingo
2020-07-10,20.7446,QLD,tiingo
2020-07-13,19.8808,QLD,tiingo
2020-07-14,20.1708,QLD,tiingo
2020-07-15,20.2153,QLD,tiingo
2020-07-16,19.9326,QLD,tiingo
2020-07-17,19.9968,QLD,tiingo
2020-07-20,21.1456,QLD,tiingo
2020-07-21,20.7002,QLD,tiingo
2020-07-22,20.8457,QLD,tiingo
2020-07-23,19.7463,QLD,tiingo
2020-07-24,19.3662,QLD,tiingo
2020-07-27,20.0647,QLD,tiingo
2020-07-28,19.5662,QLD,tiingo
2020-07-29,20.0191,QLD,tiingo
2020-07-30,20.2201,QLD,tiingo
2020-07-31,20.9384,QLD,tiingo
2020-08-03,21.4924,QLD,tiingo
2020-08-04,21.659,QLD,tiingo
2020-08-05,21.7725,QLD,tiingo
2020-08-06,22.3265,QLD,tiingo
2020-08-07,21.8244,QLD,tiingo
2020-08-10,21.6294,QLD,tiingo
2020-08-11,20.8223,QLD,tiingo
2020-08-12,21.8699,QLD,tiingo
2020-08-13,21.9564,QLD,tiingo
2020-08-14,21.9156,QLD,tiingo
2020-08-17,22.4019,QLD,tiingo
2020-08-18,22.8387,QLD,tiingo
2020-08-19,22.54,QLD,tiingo
2020-08-20,23.1645,QLD,tiingo
2020-08-21,23.473,QLD,tiingo
2020-08-24,23.7765,QLD,tiingo
2020-08-25,24.1467,QLD,tiingo
2020-08-26,25.1709,QLD,tiingo
2020-08-27,25.0031,QLD,tiingo
2020-08-28,25.2647,QLD,tiingo
2020-08-31,25.7065,QLD,tiingo
2020-09-01,26.5555,QLD,tiingo
2020-09-02,27.0515,QLD,tiingo
2020-09-03,24.2775,QLD,tiingo
2020-09-04,23.6333,QLD,tiingo
2020-09-08,21.3802,QLD,tiingo
2020-09-09,22.6264,QLD,tiingo
2020-09-10,21.6984,QLD,tiingo
2020-09-11,21.4245,QLD,tiingo
2020-09-14,22.1699,QLD,tiingo
2020-09-15,22.8017,QLD,tiingo
2020-09-16,22.0489,QLD,tiingo
2020-09-17,21.3925,QLD,tiingo
2020-09-18,20.8272,QLD,tiingo
2020-09-21,21.0074,QLD,tiingo
2020-09-22,21.7602,QLD,tiingo
2020-09-23,20.4225,QLD,tiingo
2020-09-24,20.6274,QLD,tiingo
2020-09-25,21.6047,QLD,tiingo
2020-09-28,22.4709,QLD,tiingo
2020-09-29,22.2686,QLD,tiingo
2020-09-30,22.619,QLD,tiingo
2020-10-01,23.3051,QLD,tiingo
2020-10-02,21.9922,QLD,tiingo
2020-10-05,22.9448,QLD,tiingo
2020-10-06,22.0934,QLD,tiingo
2020-10-07,22.9028,QLD,tiingo
2020-10-08,23.1102,QLD,tiingo
2020-10-09,23.811,QLD,tiingo
2020-10-12,25.2746,QLD,tiingo
2020-10-13,25.2573,QLD,tiingo
2020-10-14,24.855,QLD,tiingo
2020-10-15,24.5046,QLD,tiingo
2020-10-16,24.2479,QLD,tiingo
2020-10-19,23.431,QLD,tiingo
2020-10-20,23.5767,QLD,tiingo
2020-10-21,23.5174,QLD,tiingo
2020-10-22,23.5248,QLD,tiingo
2020-10-23,23.6308,QLD,tiingo
2020-10-26,22.8831,QLD,tiingo
2020-10-27,23.2361,QLD,tiingo
2020-10-28,21.4369,QLD,tiingo
2020-10-29,22.1501,QLD,tiingo
2020-10-30,21.1013,QLD,tiingo
2020-11-02,21.1604,QLD,tiingo
2020-11-03,21.8687,QLD,tiingo
2020-11-04,23.8259,QLD,tiingo
2020-11-05,25.0796,QLD,tiingo
2020-11-06,25.1215,QLD,tiingo
2020-11-09,24.0579,QLD,tiingo
2020-11-10,23.2336,QLD,tiingo
2020-11-11,24.2627,QLD,tiingo
2020-11-12,24.0332,QLD,tiingo
2020-11-13,24.475,QLD,tiingo
2020-11-16,24.8007,QLD,tiingo
2020-11-17,24.6404,QLD,tiingo
2020-11-18,24.2924,QLD,tiingo
2020-11-19,24.66,QLD,tiingo
2020-11-20,24.3441,QLD,tiingo
2020-11-23,24.3417,QLD,tiingo
2020-11-24,25.0376,QLD,tiingo
2020-11-25,25.3511,QLD,tiingo
2020-11-27,25.8002,QLD,tiingo
2020-11-30,25.8668,QLD,tiingo
2020-12-01,26.6048,QLD,tiingo
2020-12-02,26.6245,QLD,tiingo
2020-12-03,26.6863,QLD,tiingo
2020-12-04,26.938,QLD,tiingo
2020-12-07,27.2218,QLD,tiingo
2020-12-08,27.3896,QLD,tiingo
2020-12-09,26.1877,QLD,tiingo
2020-12-10,26.358,QLD,tiingo
2020-12-11,26.2618,QLD,tiingo
2020-12-14,26.6048,QLD,tiingo
2020-12-15,27.197,QLD,tiingo
2020-12-16,27.4982,QLD,tiingo
2020-12-17,27.8561,QLD,tiingo
2020-12-18,27.6635,QLD,tiingo
2020-12-21,27.592,QLD,tiingo
2020-12-22,27.7253,QLD,tiingo
2020-12-23,27.4489,QLD,tiingo
2020-12-24,27.6882,QLD,tiingo
2020-12-28,28.2509,QLD,tiingo
2020-12-29,28.3028,QLD,tiingo
2020-12-30,28.2781,QLD,tiingo
2020-12-31,28.4089,QLD,tiingo
2021-01-04,27.6093,QLD,tiingo
2021-01-05,28.0585,QLD,tiingo
2021-01-06,27.3057,QLD,tiingo
2021-01-07,28.6384,QLD,tiingo
2021-01-08,29.3591,QLD,tiingo
2021-01-11,28.4855,QLD,tiingo
2021-01-12,28.4163,QLD,tiingo
2021-01-13,28.7841,QLD,tiingo
2021-01-14,28.4682,QLD,tiingo
2021-01-15,28.0264,QLD,tiingo
2021-01-19,28.8556,QLD,tiingo
2021-01-20,30.1759,QLD,tiingo
2021-01-21,30.6844,QLD,tiingo
2021-01-22,30.4919,QLD,tiingo
2021-01-25,31.0324,QLD,tiingo
2021-01-26,31.0767,QLD,tiingo
2021-01-27,29.4034,QLD,tiingo
2021-01-28,29.6971,QLD,tiingo
2021-01-29,28.4731,QLD,tiingo
2021-02-01,29.8724,QLD,tiingo
2021-02-02,30.8522,QLD,tiingo
2021-02-03,30.5856,QLD,tiingo
2021-02-04,31.3162,QLD,tiingo
2021-02-05,31.5358,QLD,tiingo
2021-02-08,31.9307,QLD,tiingo
2021-02-09,31.9208,QLD,tiingo
2021-02-10,31.7654,QLD,tiingo
2021-02-11,32.1183,QLD,tiingo
2021-02-12,32.4737,QLD,tiingo
2021-02-16,32.3059,QLD,tiingo
2021-02-17,31.9924,QLD,tiingo
2021-02-18,31.7012,QLD,tiingo
2021-02-19,31.4346,QLD,tiingo
2021-02-22,29.8058,QLD,tiingo
2021-02-23,29.6207,QLD,tiingo
2021-02-24,30.1044,QLD,tiingo
2021-02-25,27.972,QLD,tiingo
2021-02-26,28.2682,QLD,tiingo
2021-03-01,29.9391,QLD,tiingo
2021-03-02,28.9691,QLD,tiingo
2021-03-03,27.3008,QLD,tiingo
2021-03-04,26.3852,QLD,tiingo
2021-03-05,27.1946,QLD,tiingo
2021-03-08,25.6473,QLD,tiingo
2021-03-09,27.6759,QLD,tiingo
2021-03-10,27.5105,QLD,tiingo
2021-03-11,28.7865,QLD,tiingo
2021-03-12,28.3052,QLD,tiingo
2021-03-15,28.9174,QLD,tiingo
2021-03-16,29.2333,QLD,tiingo
2021-03-17,29.4652,QLD,tiingo
2021-03-18,27.6487,QLD,tiingo
2021-03-19,27.898,QLD,tiingo
2021-03-22,28.9001,QLD,tiingo
2021-03-23,28.6014,QLD,tiingo
2021-03-24,27.6537,QLD,tiingo
2021-03-25,27.5747,QLD,tiingo
2021-03-26,28.3965,QLD,tiingo
2021-03-29,28.3718,QLD,tiingo
2021-03-30,28.0955,QLD,tiingo
2021-03-31,28.9223,QLD,tiingo
2021-04-01,29.9366,QLD,tiingo
2021-04-05,31.136,QLD,tiingo
2021-04-06,31.0693,QLD,tiingo
2021-04-07,31.2224,QLD,tiingo
2021-04-08,31.8789,QLD,tiingo
2021-04-09,32.2688,QLD,tiingo
2021-04-12,32.175,QLD,tiingo
2021-04-13,32.9253,QLD,tiingo
2021-04-14,32.133,QLD,tiingo
2021-04-15,33.0981,QLD,tiingo
2021-04-16,33.187,QLD,tiingo
2021-04-19,32.5748,QLD,tiingo
2021-04-20,32.0788,QLD,tiingo
2021-04-21,32.6465,QLD,tiingo
2021-04-22,31.8616,QLD,tiingo
2021-04-23,32.6612,QLD,tiingo
2021-04-26,33.0833,QLD,tiingo
2021-04-27,32.7798,QLD,tiingo
2021-04-28,32.5205,QLD,tiingo
2021-04-29,32.7921,QLD,tiingo
2021-04-30,32.3478,QLD,tiingo
2021-05-03,32.0171,QLD,tiingo
2021-05-04,30.8596,QLD,tiingo
2021-05-05,30.6375,QLD,tiingo
2021-05-06,31.1162,QLD,tiingo
2021-05-07,31.605,QLD,tiingo
2021-05-10,29.9982,QLD,tiingo
2021-05-11,29.9416,QLD,tiingo
2021-05-12,28.3916,QLD,tiingo
2021-05-13,28.8309,QLD,tiingo
2021-05-14,30.0896,QLD,tiingo
2021-05-17,29.7267,QLD,tiingo
2021-05-18,29.3171,QLD,tiingo
2021-05-19,29.3862,QLD,tiingo
2021-05-20,30.524,QLD,tiingo
2021-05-21,30.1784,QLD,tiingo
2021-05-24,31.2026,QLD,tiingo
2021-05-25,31.2841,QLD,tiingo
2021-05-26,31.4913,QLD,tiingo
2021-05-27,31.2644,QLD,tiingo
2021-05-28,31.4371,QLD,tiingo
2021-06-01,31.2446,QLD,tiingo
2021-06-02,31.3631,QLD,tiingo
2021-06-03,30.6869,QLD,tiingo
2021-06-04,31.7679,QLD,tiingo
2021-06-07,31.9307,QLD,tiingo
2021-06-08,31.9554,QLD,tiingo
2021-06-09,31.985,QLD,tiingo
2021-06-10,32.6563,QLD,tiingo
2021-06-11,32.8142,QLD,tiingo
2021-06-14,33.4411,QLD,tiingo
2021-06-15,32.9968,QLD,tiingo
2021-06-16,32.76,QLD,tiingo
2021-06-17,33.5891,QLD,tiingo
2021-06-18,33.066,QLD,tiingo
2021-06-21,33.4658,QLD,tiingo
2021-06-22,34.0927,QLD,tiingo
2021-06-23,34.1174,QLD,tiingo
2021-06-24,34.5419,QLD,tiingo
2021-06-25,34.4678,QLD,tiingo
2021-06-28,35.2971,QLD,tiingo
2021-06-29,35.5488,QLD,tiingo
2021-06-30,35.4451,QLD,tiingo
2021-07-01,35.4698,QLD,tiingo
2021-07-02,36.2694,QLD,tiingo
2021-07-06,36.5754,QLD,tiingo
2021-07-07,36.7038,QLD,tiingo
2021-07-08,36.3089,QLD,tiingo
2021-07-09,36.7482,QLD,tiingo
2021-07-12,37.0296,QLD,tiingo
2021-07-13,37.0148,QLD,tiingo
2021-07-14,37.143,QLD,tiingo
2021-07-15,36.6199,QLD,tiingo
2021-07-16,36.0325,QLD,tiingo
2021-07-19,35.4402,QLD,tiingo
2021-07-20,36.2645,QLD,tiingo
2021-07-21,36.7976,QLD,tiingo
2021-07-22,37.3109,QLD,tiingo
2021-07-23,38.1598,QLD,tiingo
2021-07-26,38.2438,QLD,tiingo
2021-07-27,37.4047,QLD,tiingo
2021-07-28,37.6713,QLD,tiingo
2021-07-29,37.8193,QLD,tiingo
2021-07-30,37.4146,QLD,tiingo
2021-08-02,37.4096,QLD,tiingo
2021-08-03,37.8637,QLD,tiingo
2021-08-04,37.9872,QLD,tiingo
2021-08-05,38.4659,QLD,tiingo
2021-08-06,38.1155,QLD,tiingo
2021-08-09,38.2537,QLD,tiingo
2021-08-10,37.8686,QLD,tiingo
2021-08-11,37.7453,QLD,tiingo
2021-08-12,38.0118,QLD,tiingo
2021-08-13,38.2586,QLD,tiingo
2021-08-16,38.2882,QLD,tiingo
2021-08-17,37.6169,QLD,tiingo
2021-08-18,36.8864,QLD,tiingo
2021-08-19,37.2516,QLD,tiingo
2021-08-20,38.0266,QLD,tiingo
2021-08-23,39.1521,QLD,tiingo
2021-08-24,39.3939,QLD,tiingo
2021-08-25,39.4383,QLD,tiingo
2021-08-26,38.9793,QLD,tiingo
2021-08-27,39.7444,QLD,tiingo
2021-08-30,40.6378,QLD,tiingo
2021-08-31,40.5538,QLD,tiingo
2021-09-01,40.6969,QLD,tiingo
2021-09-02,40.6476,QLD,tiingo
2021-09-03,40.9043,QLD,tiingo
2021-09-07,41.0029,QLD,tiingo
2021-09-08,40.7364,QLD,tiingo
2021-09-09,40.4156,QLD,tiingo
2021-09-10,39.8134,QLD,tiingo
2021-09-13,39.7592,QLD,tiingo
2021-09-14,39.5272,QLD,tiingo
2021-09-15,40.1096,QLD,tiingo
2021-09-16,40.1837,QLD,tiingo
2021-09-17,39.2309,QLD,tiingo
2021-09-20,37.5972,QLD,tiingo
2021-09-21,37.6713,QLD,tiingo
2021-09-22,38.3919,QLD,tiingo
2021-09-23,39.0928,QLD,tiingo
2021-09-24,39.157,QLD,tiingo
2021-09-27,38.5498,QLD,tiingo
2021-09-28,36.3485,QLD,tiingo
2021-09-29,36.2595,QLD,tiingo
2021-09-30,35.9189,QLD,tiingo
2021-10-01,36.4026,QLD,tiingo
2021-10-04,34.8923,QLD,tiingo
2021-10-05,35.8252,QLD,tiingo
2021-10-06,36.2744,QLD,tiingo
2021-10-07,36.9408,QLD,tiingo
2021-10-08,36.5656,QLD,tiingo
2021-10-11,36.0079,QLD,tiingo
2021-10-12,35.766,QLD,tiingo
2021-10-13,36.3287,QLD,tiingo
2021-10-14,37.6614,QLD,tiingo
2021-10-15,38.1353,QLD,tiingo
2021-10-18,38.9051,QLD,tiingo
2021-10-19,39.4728,QLD,tiingo
2021-10-20,39.379,QLD,tiingo
2021-10-21,39.8628,QLD,tiingo
2021-10-22,39.1816,QLD,tiingo
2021-10-25,39.9812,QLD,tiingo
2021-10-26,40.2034,QLD,tiingo
2021-10-27,40.4106,QLD,tiingo
2021-10-28,41.3239,QLD,tiingo
2021-10-29,41.7285,QLD,tiingo
2021-11-01,42.0099,QLD,tiingo
2021-11-02,42.3654,QLD,tiingo
2021-11-03,43.2587,QLD,tiingo
2021-11-04,44.3546,QLD,tiingo
2021-11-05,44.4434,QLD,tiingo
2021-11-08,44.3249,QLD,tiingo
2021-11-09,43.698,QLD,tiingo
2021-11-10,42.4245,QLD,tiingo
2021-11-11,42.6615,QLD,tiingo
2021-11-12,43.5549,QLD,tiingo
2021-11-15,43.54,QLD,tiingo
2021-11-16,44.1522,QLD,tiingo
2021-11-17,44.1916,QLD,tiingo
2021-11-18,45.0998,QLD,tiingo
2021-11-19,45.5984,QLD,tiingo
2021-11-22,44.5568,QLD,tiingo
2021-11-23,44.1374,QLD,tiingo
2021-11-24,44.4483,QLD,tiingo
2021-11-26,42.6714,QLD,tiingo
2021-11-29,44.5667,QLD,tiingo
2021-11-30,43.2439,QLD,tiingo
2021-12-01,41.7779,QLD,tiingo
2021-12-02,42.395,QLD,tiingo
2021-12-03,40.9191,QLD,tiingo
2021-12-06,41.5904,QLD,tiingo
2021-12-07,44.0929,QLD,tiingo
2021-12-08,44.4631,QLD,tiingo
2021-12-09,43.1501,QLD,tiingo
2021-12-10,44.083,QLD,tiingo
2021-12-13,42.8046,QLD,tiingo
2021-12-14,41.9458,QLD,tiingo
2021-12-15,43.8215,QLD,tiingo
2021-12-16,41.5805,QLD,tiingo
2021-12-17,41.156,QLD,tiingo
2021-12-20,40.3268,QLD,tiingo
2021-12-21,42.1333,QLD,tiingo
2021-12-22,43.1699,QLD,tiingo
2021-12-23,43.8313,QLD,tiingo
2021-12-27,45.2381,QLD,tiingo
2021-12-28,44.8679,QLD,tiingo
2021-12-29,44.8284,QLD,tiingo
2021-12-30,44.5174,QLD,tiingo
2021-12-31,43.9398,QLD,tiingo
2022-01-03,44.8531,QLD,tiingo
2022-01-04,43.6783,QLD,tiingo
2022-01-05,40.9635,QLD,tiingo
2022-01-06,40.934,QLD,tiingo
2022-01-07,40.0306,QLD,tiingo
2022-01-10,40.1244,QLD,tiingo
2022-01-11,41.3041,QLD,tiingo
2022-01-12,41.6299,QLD,tiingo
2022-01-13,39.5222,QLD,tiingo
2022-01-14,40.0207,QLD,tiingo
2022-01-18,38.0562,QLD,tiingo
2022-01-19,37.1776,QLD,tiingo
2022-01-20,36.1954,QLD,tiingo
2022-01-21,34.1568,QLD,tiingo
2022-01-24,34.5715,QLD,tiingo
2022-01-25,32.8438,QLD,tiingo
2022-01-26,32.8981,QLD,tiingo
2022-01-27,32.133,QLD,tiingo
2022-01-28,34.1914,QLD,tiingo
2022-01-31,36.3829,QLD,tiingo
2022-02-01,36.8172,QLD,tiingo
2022-02-02,37.4343,QLD,tiingo
2022-02-03,34.3641,QLD,tiingo
2022-02-04,35.2428,QLD,tiingo
2022-02-07,34.6899,QLD,tiingo
2022-02-08,35.4698,QLD,tiingo
2022-02-09,36.9752,QLD,tiingo
2022-02-10,35.2922,QLD,tiingo
2022-02-11,33.066,QLD,tiingo
2022-02-14,33.1548,QLD,tiingo
2022-02-15,34.7787,QLD,tiingo
2022-02-16,34.7441,QLD,tiingo
2022-02-17,32.6809,QLD,tiingo
2022-02-18,31.9257,QLD,tiingo
2022-02-22,31.2792,QLD,tiingo
2022-02-23,29.6898,QLD,tiingo
2022-02-24,31.679,QLD,tiingo
2022-02-25,32.6563,QLD,tiingo
2022-02-28,32.908,QLD,tiingo
2022-03-01,31.827,QLD,tiingo
2022-03-02,32.8734,QLD,tiingo
2022-03-03,31.9356,QLD,tiingo
2022-03-04,31.0373,QLD,tiingo
2022-03-07,28.7322,QLD,tiingo
2022-03-08,28.4509,QLD,tiingo
2022-03-09,30.5338,QLD,tiingo
2022-03-10,29.8477,QLD,tiingo
2022-03-11,28.5841,QLD,tiingo
2022-03-14,27.5032,QLD,tiingo
2022-03-15,29.2012,QLD,tiingo
2022-03-16,31.3878,QLD,tiingo
2022-03-17,32.1183,QLD,tiingo
2022-03-18,33.4559,QLD,tiingo
2022-03-21,33.2683,QLD,tiingo
2022-03-22,34.5616,QLD,tiingo
2022-03-23,33.5694,QLD,tiingo
2022-03-24,35.065,QLD,tiingo
2022-03-25,35.0157,QLD,tiingo
2022-03-28,36.0966,QLD,tiingo
2022-03-29,37.3109,QLD,tiingo
2022-03-30,36.5162,QLD,tiingo
2022-03-31,35.4994,QLD,tiingo
2022-04-01,35.4747,QLD,tiingo
2022-04-04,36.9012,QLD,tiingo
2022-04-05,35.2872,QLD,tiingo
2022-04-06,33.7125,QLD,tiingo
2022-04-07,33.8953,QLD,tiingo
2022-04-08,32.9327,QLD,tiingo
2022-04-11,31.3828,QLD,tiingo
2022-04-12,31.136,QLD,tiingo
2022-04-13,32.37,QLD,tiingo
2022-04-14,30.8842,QLD,tiingo
2022-04-18,30.983,QLD,tiingo
2022-04-19,32.296,QLD,tiingo
2022-04-20,31.3532,QLD,tiingo
2022-04-21,30.0995,QLD,tiingo
2022-04-22,28.4904,QLD,tiingo
2022-04-25,29.2407,QLD,tiingo
2022-04-26,26.9849,QLD,tiingo
2022-04-27,26.9553,QLD,tiingo
2022-04-28,28.8507,QLD,tiingo
2022-04-29,26.2593,QLD,tiingo
2022-05-02,27.1429,QLD,tiingo
2022-05-03,27.2267,QLD,tiingo
2022-05-04,29.053,QLD,tiingo
2022-05-05,26.1654,QLD,tiingo
2022-05-06,25.509,QLD,tiingo
2022-05-09,23.4853,QLD,tiingo
2022-05-10,24.0628,QLD,tiingo
2022-05-11,22.6165,QLD,tiingo
2022-05-12,22.5179,QLD,tiingo
2022-05-13,24.1615,QLD,tiingo
2022-05-16,23.6186,QLD,tiingo
2022-05-17,24.8377,QLD,tiingo
2022-05-18,22.3698,QLD,tiingo
2022-05-19,22.1476,QLD,tiingo
2022-05-20,21.9946,QLD,tiingo
2022-05-23,22.7301,QLD,tiingo
2022-05-24,21.7577,QLD,tiingo
2022-05-25,22.3796,QLD,tiingo
2022-05-26,23.6087,QLD,tiingo
2022-05-27,25.1734,QLD,tiingo
2022-05-31,25.0105,QLD,tiingo
2022-06-01,24.6453,QLD,tiingo
2022-06-02,26.0026,QLD,tiingo
2022-06-03,24.6107,QLD,tiingo
2022-06-06,24.7983,QLD,tiingo
2022-06-07,25.2376,QLD,tiingo
2022-06-08,24.8575,QLD,tiingo
2022-06-09,23.5001,QLD,tiingo
2022-06-10,21.8269,QLD,tiingo
2022-06-13,19.8178,QLD,tiingo
2022-06-14,19.9117,QLD,tiingo
2022-06-15,20.884,QLD,tiingo
2022-06-16,19.2107,QLD,tiingo
2022-06-17,19.655,QLD,tiingo
2022-06-21,20.6472,QLD,tiingo
2022-06-22,20.578,QLD,tiingo
2022-06-23,21.19,QLD,tiingo
2022-06-24,22.6807,QLD,tiingo
2022-06-27,22.2957,QLD,tiingo
2022-06-28,20.9285,QLD,tiingo
2022-06-29,20.9877,QLD,tiingo
2022-06-30,20.4398,QLD,tiingo
2022-07-01,20.7064,QLD,tiingo
2022-07-05,21.4171,QLD,tiingo
2022-07-06,21.6788,QLD,tiingo
2022-07-07,22.6017,QLD,tiingo
2022-07-08,22.6758,QLD,tiingo
2022-07-11,21.6788,QLD,tiingo
2022-07-12,21.269,QLD,tiingo
2022-07-13,21.19,QLD,tiingo
2022-07-14,21.3332,QLD,tiingo
2022-07-15,22.0934,QLD,tiingo
2022-07-18,21.7231,QLD,tiingo
2022-07-19,23.0459,QLD,tiingo
2022-07-20,23.7765,QLD,tiingo
2022-07-21,24.4577,QLD,tiingo
2022-07-22,23.5989,QLD,tiingo
2022-07-25,23.347,QLD,tiingo
2022-07-26,22.4043,QLD,tiingo
2022-07-27,24.2998,QLD,tiingo
2022-07-28,24.7588,QLD,tiingo
2022-07-29,25.6769,QLD,tiingo
2022-08-01,25.6473,QLD,tiingo
2022-08-02,25.4745,QLD,tiingo
2022-08-03,26.8615,QLD,tiingo
2022-08-04,27.0935,QLD,tiingo
2022-08-05,26.6641,QLD,tiingo
2022-08-08,26.4912,QLD,tiingo
2022-08-09,25.8841,QLD,tiingo
2022-08-10,27.3255,QLD,tiingo
2022-08-11,27.0145,QLD,tiingo
2022-08-12,28.0806,QLD,tiingo
2022-08-15,28.5052,QLD,tiingo
2022-08-16,28.3718,QLD,tiingo
2022-08-17,27.7154,QLD,tiingo
2022-08-18,27.8586,QLD,tiingo
2022-08-19,26.7628,QLD,tiingo
2022-08-22,25.3462,QLD,tiingo
2022-08-23,25.3017,QLD,tiingo
2022-08-24,25.4448,QLD,tiingo
2022-08-25,26.3284,QLD,tiingo
2022-08-26,24.1665,QLD,tiingo
2022-08-29,23.6926,QLD,tiingo
2022-08-30,23.1596,QLD,tiingo
2022-08-31,22.888,QLD,tiingo
2022-09-01,22.9028,QLD,tiingo
2022-09-02,22.2463,QLD,tiingo
2022-09-06,21.9255,QLD,tiingo
2022-09-07,22.8041,QLD,tiingo
2022-09-08,23.0361,QLD,tiingo
2022-09-09,24.0332,QLD,tiingo
2022-09-12,24.6009,QLD,tiingo
2022-09-13,21.8909,QLD,tiingo
2022-09-14,22.2513,QLD,tiingo
2022-09-15,21.4812,QLD,tiingo
2022-09-16,21.2197,QLD,tiingo
2022-09-19,21.5602,QLD,tiingo
2022-09-20,21.1999,QLD,tiingo
2022-09-21,20.4348,QLD,tiingo
2022-09-22,19.9412,QLD,tiingo
2022-09-23,19.2898,QLD,tiingo
2022-09-26,19.0972,QLD,tiingo
2022-09-27,19.1466,QLD,tiingo
2022-09-28,19.8919,QLD,tiingo
2022-09-29,18.7714,QLD,tiingo
2022-09-30,18.0952,QLD,tiingo
2022-10-03,18.9492,QLD,tiingo
2022-10-04,20.1387,QLD,tiingo
2022-10-05,20.1041,QLD,tiingo
2022-10-06,19.7832,QLD,tiingo
2022-10-07,18.2681,QLD,tiingo
2022-10-10,17.878,QLD,tiingo
2022-10-11,17.4338,QLD,tiingo
2022-10-12,17.4041,QLD,tiingo
2022-10-13,18.1939,QLD,tiingo
2022-10-14,17.0883,QLD,tiingo
2022-10-17,18.2483,QLD,tiingo
2022-10-18,18.5346,QLD,tiingo
2022-10-19,18.3766,QLD,tiingo
2022-10-20,18.1692,QLD,tiingo
2022-10-21,19.0379,QLD,tiingo
2022-10-24,19.4526,QLD,tiingo
2022-10-25,20.2473,QLD,tiingo
2022-10-26,19.3391,QLD,tiingo
2022-10-27,18.6234,QLD,tiingo
2022-10-28,19.7734,QLD,tiingo
2022-10-31,19.2898,QLD,tiingo
2022-11-01,18.8998,QLD,tiingo
2022-11-02,17.6065,QLD,tiingo
2022-11-03,16.9205,QLD,tiingo
2022-11-04,17.4585,QLD,tiingo
2022-11-07,17.8386,QLD,tiingo
2022-11-08,18.0854,QLD,tiingo
2022-11-09,17.2364,QLD,tiingo
2022-11-10,19.7832,QLD,tiingo
2022-11-11,20.5138,QLD,tiingo
2022-11-14,20.1436,QLD,tiingo
2022-11-15,20.7113,QLD,tiingo
2022-11-16,20.1337,QLD,tiingo
2022-11-17,20.0302,QLD,tiingo
2022-11-18,20.0351,QLD,tiingo
2022-11-21,19.6156,QLD,tiingo
2022-11-22,20.1782,QLD,tiingo
2022-11-23,20.578,QLD,tiingo
2022-11-25,20.2967,QLD,tiingo
2022-11-28,19.6945,QLD,tiingo
2022-11-29,19.4032,QLD,tiingo
2022-11-30,21.1752,QLD,tiingo
2022-12-01,21.2147,QLD,tiingo
2022-12-02,21.047,QLD,tiingo
2022-12-05,20.3164,QLD,tiingo
2022-12-06,19.4772,QLD,tiingo
2022-12-07,19.3095,QLD,tiingo
2022-12-08,19.7783,QLD,tiingo
2022-12-09,19.5217,QLD,tiingo
2022-12-12,19.9956,QLD,tiingo
2022-12-13,20.4299,QLD,tiingo
2022-12-14,20.114,QLD,tiingo
2022-12-15,18.7615,QLD,tiingo
2022-12-16,18.3914,QLD,tiingo
2022-12-19,17.8929,QLD,tiingo
2022-12-20,17.8436,QLD,tiingo
2022-12-21,18.3667,QLD,tiingo
2022-12-22,17.4581,QLD,tiingo
2022-12-23,17.5423,QLD,tiingo
2022-12-27,17.0124,QLD,tiingo
2022-12-28,16.5618,QLD,tiingo
2022-12-29,17.364,QLD,tiingo
2022-12-30,17.3491,QLD,tiingo
2023-01-03,17.1065,QLD,tiingo
2023-01-04,17.2698,QLD,tiingo
2023-01-05,16.7055,QLD,tiingo
2023-01-06,17.6264,QLD,tiingo
2023-01-09,17.8591,QLD,tiingo
2023-01-10,18.1611,QLD,tiingo
2023-01-11,18.7751,QLD,tiingo
2023-01-12,18.9534,QLD,tiingo
2023-01-13,19.2157,QLD,tiingo
2023-01-17,19.2802,QLD,tiingo
2023-01-18,18.785,QLD,tiingo
2023-01-19,18.4087,QLD,tiingo
2023-01-20,19.4386,QLD,tiingo
2023-01-23,20.2902,QLD,tiingo
2023-01-24,20.1961,QLD,tiingo
2023-01-25,20.0871,QLD,tiingo
2023-01-26,20.8645,QLD,tiingo
2023-01-27,21.2754,QLD,tiingo
2023-01-30,20.3991,QLD,tiingo
2023-01-31,21.0279,QLD,tiingo
2023-02-01,21.9389,QLD,tiingo
2023-02-02,23.4837,QLD,tiingo
2023-02-03,22.637,QLD,tiingo
2023-02-06,22.2608,QLD,tiingo
2023-02-07,23.1866,QLD,tiingo
2023-02-08,22.34,QLD,tiingo
2023-02-09,21.929,QLD,tiingo
2023-02-10,21.6518,QLD,tiingo
2023-02-13,22.3499,QLD,tiingo
2023-02-14,22.6519,QLD,tiingo
2023-02-15,23.0183,QLD,tiingo
2023-02-16,22.1172,QLD,tiingo
2023-02-17,21.8004,QLD,tiingo
2023-02-21,20.7655,QLD,tiingo
2023-02-22,20.7952,QLD,tiingo
2023-02-23,21.1566,QLD,tiingo
2023-02-24,20.4288,QLD,tiingo
2023-02-27,20.7309,QLD,tiingo
2023-02-28,20.6615,QLD,tiingo
2023-03-01,20.3298,QLD,tiingo
2023-03-02,20.6763,QLD,tiingo
2023-03-03,21.5181,QLD,tiingo
2023-03-06,21.5478,QLD,tiingo
2023-03-07,21.018,QLD,tiingo
2023-03-08,21.2359,QLD,tiingo
2023-03-09,20.4585,QLD,tiingo
2023-03-10,19.8891,QLD,tiingo
2023-03-13,20.1912,QLD,tiingo
2023-03-14,21.1219,QLD,tiingo
2023-03-15,21.3299,QLD,tiingo
2023-03-16,22.4439,QLD,tiingo
2023-03-17,22.2211,QLD,tiingo
2023-03-20,22.3846,QLD,tiingo
2023-03-21,23.0084,QLD,tiingo
2023-03-22,22.3796,QLD,tiingo
2023-03-23,22.9242,QLD,tiingo
2023-03-24,23.0777,QLD,tiingo
2023-03-27,22.7459,QLD,tiingo
2023-03-28,22.5183,QLD,tiingo
2023-03-29,23.345,QLD,tiingo
2023-03-30,23.7561,QLD,tiingo
2023-03-31,24.5433,QLD,tiingo
2023-04-03,24.4195,QLD,tiingo
2023-04-04,24.2561,QLD,tiingo
2023-04-05,23.7511,QLD,tiingo
2023-04-06,24.0927,QLD,tiingo
2023-04-10,24.0383,QLD,tiingo
2023-04-11,23.7313,QLD,tiingo
2023-04-12,23.3005,QLD,tiingo
2023-04-13,24.2116,QLD,tiingo
2023-04-14,24.1075,QLD,tiingo
2023-04-17,24.1323,QLD,tiingo
2023-04-18,24.1472,QLD,tiingo
2023-04-19,24.1175,QLD,tiingo
2023-04-20,23.7462,QLD,tiingo
2023-04-21,23.7758,QLD,tiingo
2023-04-24,23.6718,QLD,tiingo
2023-04-25,22.7856,QLD,tiingo
2023-04-26,23.043,QLD,tiingo
2023-04-27,24.2958,QLD,tiingo
2023-04-28,24.6275,QLD,tiingo
2023-05-01,24.5631,QLD,tiingo
2023-05-02,24.1224,QLD,tiingo
2023-05-03,23.8253,QLD,tiingo
2023-05-04,23.6421,QLD,tiingo
2023-05-05,24.6325,QLD,tiingo
2023-05-08,24.7463,QLD,tiingo
2023-05-09,24.4343,QLD,tiingo
2023-05-10,24.9641,QLD,tiingo
2023-05-11,25.1126,QLD,tiingo
2023-05-12,24.9295,QLD,tiingo
2023-05-15,25.1969,QLD,tiingo
2023-05-16,25.2415,QLD,tiingo
2023-05-17,25.8603,QLD,tiingo
2023-05-18,26.7912,QLD,tiingo
2023-05-19,26.6723,QLD,tiingo
2023-05-22,26.8307,QLD,tiingo
2023-05-23,26.1573,QLD,tiingo
2023-05-24,25.8801,QLD,tiingo
2023-05-25,27.1229,QLD,tiingo
2023-05-26,28.5142,QLD,tiingo
2023-05-30,28.7568,QLD,tiingo
2023-05-31,28.3804,QLD,tiingo
2023-06-01,29.0836,QLD,tiingo
2023-06-02,29.5094,QLD,tiingo
2023-06-05,29.5441,QLD,tiingo
2023-06-06,29.5342,QLD,tiingo
2023-06-07,28.5191,QLD,tiingo
2023-06-08,29.2074,QLD,tiingo
2023-06-09,29.4202,QLD,tiingo
2023-06-12,30.4254,QLD,tiingo
2023-06-13,30.871,QLD,tiingo
2023-06-14,31.3216,QLD,tiingo
2023-06-15,32.0445,QLD,tiingo
2023-06-16,31.6285,QLD,tiingo
2023-06-20,31.5542,QLD,tiingo
2023-06-21,30.6928,QLD,tiingo
2023-06-22,31.4008,QLD,tiingo
2023-06-23,30.7669,QLD,tiingo
2023-06-26,29.9402,QLD,tiingo
2023-06-27,30.9601,QLD,tiingo
2023-06-28,31.064,QLD,tiingo
2023-06-29,30.9254,QLD,tiingo
2023-06-30,31.8761,QLD,tiingo
2023-07-03,32.0296,QLD,tiingo
2023-07-05,32.0048,QLD,tiingo
2023-07-06,31.5096,QLD,tiingo
2023-07-07,31.2819,QLD,tiingo
2023-07-10,31.3216,QLD,tiingo
2023-07-11,31.6087,QLD,tiingo
2023-07-12,32.4108,QLD,tiingo
2023-07-13,33.4753,QLD,tiingo
2023-07-14,33.4605,QLD,tiingo
2023-07-17,34.0695,QLD,tiingo
2023-07-18,34.6388,QLD,tiingo
2023-07-19,34.5498,QLD,tiingo
2023-07-20,32.9851,QLD,tiingo
2023-07-21,32.7822,QLD,tiingo
2023-07-24,32.8861,QLD,tiingo
2023-07-25,33.3416,QLD,tiingo
2023-07-26,33.1089,QLD,tiingo
2023-07-27,32.9257,QLD,tiingo
2023-07-28,34.119,QLD,tiingo
2023-07-31,34.1784,QLD,tiingo
2023-08-01,33.9853,QLD,tiingo
2023-08-02,32.4801,QLD,tiingo
2023-08-03,32.3613,QLD,tiingo
2023-08-04,32.0494,QLD,tiingo
2023-08-07,32.594,QLD,tiingo
2023-08-08,32.0246,QLD,tiingo
2023-08-09,31.3117,QLD,tiingo
2023-08-10,31.4156,QLD,tiingo
2023-08-11,31.0047,QLD,tiingo
2023-08-14,31.7078,QLD,tiingo
2023-08-15,31.0196,QLD,tiingo
2023-08-16,30.3462,QLD,tiingo
2023-08-17,29.6678,QLD,tiingo
2023-08-18,29.5886,QLD,tiingo
2023-08-21,30.5492,QLD,tiingo
2023-08-22,30.455,QLD,tiingo
2023-08-23,31.4057,QLD,tiingo
2023-08-24,30.0242,QLD,tiingo
2023-08-25,30.5145,QLD,tiingo
2023-08-28,30.975,QLD,tiingo
2023-08-29,32.3019,QLD,tiingo
2023-08-30,32.6583,QLD,tiingo
2023-08-31,32.8168,QLD,tiingo
2023-09-01,32.7723,QLD,tiingo
2023-09-05,32.8317,QLD,tiingo
2023-09-06,32.2523,QLD,tiingo
2023-09-07,31.7672,QLD,tiingo
2023-09-08,31.8414,QLD,tiingo
2023-09-11,32.594,QLD,tiingo
2023-09-12,31.8711,QLD,tiingo
2023-09-13,32.1038,QLD,tiingo
2023-09-14,32.6138,QLD,tiingo
2023-09-15,31.4701,QLD,tiingo
2023-09-18,31.5493,QLD,tiingo
2023-09-19,31.4107,QLD,tiingo
2023-09-20,30.5869,QLD,tiingo
2023-09-21,29.4299,QLD,tiingo
2023-09-22,29.4548,QLD,tiingo
2023-09-25,29.7179,QLD,tiingo
2023-09-26,28.8142,QLD,tiingo
2023-09-27,28.9681,QLD,tiingo
2023-09-28,29.425,QLD,tiingo
2023-09-29,29.4697,QLD,tiingo
2023-10-02,29.9414,QLD,tiingo
2023-10-03,28.8838,QLD,tiingo
2023-10-04,29.6633,QLD,tiingo
2023-10-05,29.4697,QLD,tiingo
2023-10-06,30.4428,QLD,tiingo
2023-10-09,30.7606,QLD,tiingo
2023-10-10,31.0784,QLD,tiingo
2023-10-11,31.5303,QLD,tiingo
2023-10-12,31.2771,QLD,tiingo
2023-10-13,30.5025,QLD,tiingo
2023-10-16,31.2026,QLD,tiingo
2023-10-17,30.9892,QLD,tiingo
2023-10-18,30.1152,QLD,tiingo
2023-10-19,29.574,QLD,tiingo
2023-10-20,28.695,QLD,tiingo
2023-10-23,28.849,QLD,tiingo
2023-10-24,29.425,QLD,tiingo
2023-10-25,27.9651,QLD,tiingo
2023-10-26,26.8876,QLD,tiingo
2023-10-27,27.1459,QLD,tiingo
2023-10-30,27.7318,QLD,tiingo
2023-10-31,28.0148,QLD,tiingo
2023-11-01,28.988,QLD,tiingo
2023-11-02,30.0158,QLD,tiingo
2023-11-03,30.711,QLD,tiingo
2023-11-06,30.9494,QLD,tiingo
2023-11-07,31.5253,QLD,tiingo
2023-11-08,31.575,QLD,tiingo
2023-11-09,31.0734,QLD,tiingo
2023-11-10,32.4341,QLD,tiingo
2023-11-13,32.2403,QLD,tiingo
2023-11-14,33.6158,QLD,tiingo
2023-11-15,33.6605,QLD,tiingo
2023-11-16,33.72,QLD,tiingo
2023-11-17,33.7151,QLD,tiingo
2023-11-20,34.5394,QLD,tiingo
2023-11-21,34.0975,QLD,tiingo
2023-11-22,34.3904,QLD,tiingo
2023-11-24,34.2712,QLD,tiingo
2023-11-27,34.2117,QLD,tiingo
2023-11-28,34.3805,QLD,tiingo
2023-11-29,34.3009,QLD,tiingo
2023-11-30,34.1174,QLD,tiingo
2023-12-01,34.3159,QLD,tiingo
2023-12-04,33.6555,QLD,tiingo
2023-12-05,33.8194,QLD,tiingo
2023-12-06,33.4271,QLD,tiingo
2023-12-07,34.3656,QLD,tiingo
2023-12-08,34.6336,QLD,tiingo
2023-12-11,35.2296,QLD,tiingo
2023-12-12,35.7906,QLD,tiingo
2023-12-13,36.6844,QLD,tiingo
2023-12-14,36.605,QLD,tiingo
2023-12-15,36.8731,QLD,tiingo
2023-12-18,37.4094,QLD,tiingo
2023-12-19,37.7769,QLD,tiingo
2023-12-20,36.6389,QLD,tiingo
2023-12-21,37.4888,QLD,tiingo
2023-12-22,37.5932,QLD,tiingo
2023-12-26,38.0306,QLD,tiingo
2023-12-27,38.1747,QLD,tiingo
2023-12-28,38.1053,QLD,tiingo
2023-12-29,37.7772,QLD,tiingo
2024-01-02,36.5047,QLD,tiingo
2024-01-03,35.7242,QLD,tiingo
2024-01-04,35.3315,QLD,tiingo
2024-01-05,35.421,QLD,tiingo
2024-01-08,36.8725,QLD,tiingo
2024-01-09,37.0166,QLD,tiingo
2024-01-10,37.4988,QLD,tiingo
2024-01-11,37.6181,QLD,tiingo
2024-01-12,37.6678,QLD,tiingo
2024-01-16,37.6529,QLD,tiingo
2024-01-17,37.2105,QLD,tiingo
2024-01-18,38.2742,QLD,tiingo
2024-01-19,39.7605,QLD,tiingo
2024-01-22,39.8599,QLD,tiingo
2024-01-23,40.178,QLD,tiingo
2024-01-24,40.6055,QLD,tiingo
2024-01-25,40.6849,QLD,tiingo
2024-01-26,40.188,QLD,tiingo
2024-01-29,41.0229,QLD,tiingo
2024-01-30,40.4514,QLD,tiingo
2024-01-31,38.8707,QLD,tiingo
2024-02-01,39.7952,QLD,tiingo
2024-02-02,41.1273,QLD,tiingo
2024-02-05,40.9783,QLD,tiingo
2024-02-06,40.8291,QLD,tiingo
2024-02-07,41.6493,QLD,tiingo
2024-02-08,41.7835,QLD,tiingo
2024-02-09,42.5887,QLD,tiingo
2024-02-12,42.2408,QLD,tiingo
2024-02-13,40.9137,QLD,tiingo
2024-02-14,41.8133,QLD,tiingo
2024-02-15,42.0221,QLD,tiingo
2024-02-16,41.2616,QLD,tiingo
2024-02-20,40.6304,QLD,tiingo
2024-02-21,40.2922,QLD,tiingo
2024-02-22,42.6434,QLD,tiingo
2024-02-23,42.3701,QLD,tiingo
2024-02-26,42.3203,QLD,tiingo
2024-02-27,42.5241,QLD,tiingo
2024-02-28,42.042,QLD,tiingo
2024-02-29,42.7677,QLD,tiingo
2024-03-01,44.0452,QLD,tiingo
2024-03-04,43.6873,QLD,tiingo
2024-03-05,42.1315,QLD,tiingo
2024-03-06,42.6484,QLD,tiingo
2024-03-07,43.9308,QLD,tiingo
2024-03-08,42.6285,QLD,tiingo
2024-03-11,42.3054,QLD,tiingo
2024-03-12,43.5331,QLD,tiingo
2024-03-13,42.8273,QLD,tiingo
2024-03-14,42.6036,QLD,tiingo
2024-03-15,41.5747,QLD,tiingo
2024-03-18,42.3601,QLD,tiingo
2024-03-19,42.5589,QLD,tiingo
2024-03-20,43.5707,QLD,tiingo
2024-03-21,43.9486,QLD,tiingo
2024-03-22,44.0233,QLD,tiingo
2024-03-25,43.7149,QLD,tiingo
2024-03-26,43.4315,QLD,tiingo
2024-03-27,43.7199,QLD,tiingo
2024-03-28,43.5109,QLD,tiingo
2024-04-01,43.7149,QLD,tiingo
2024-04-02,42.939,QLD,tiingo
2024-04-03,43.1082,QLD,tiingo
2024-04-04,41.7651,QLD,tiingo
2024-04-05,42.76,QLD,tiingo
2024-04-08,42.7848,QLD,tiingo
2024-04-09,43.0833,QLD,tiingo
2024-04-10,42.2974,QLD,tiingo
2024-04-11,43.6652,QLD,tiingo
2024-04-12,42.2526,QLD,tiingo
2024-04-15,40.845,QLD,tiingo
2024-04-16,40.845,QLD,tiingo
2024-04-17,39.8453,QLD,tiingo
2024-04-18,39.3578,QLD,tiingo
2024-04-19,37.7414,QLD,tiingo
2024-04-22,38.4825,QLD,tiingo
2024-04-23,39.6363,QLD,tiingo
2024-04-24,39.8951,QLD,tiingo
2024-04-25,39.4722,QLD,tiingo
2024-04-26,40.7007,QLD,tiingo
2024-04-29,41.0141,QLD,tiingo
2024-04-30,39.4524,QLD,tiingo
2024-05-01,38.8704,QLD,tiingo
2024-05-02,39.8503,QLD,tiingo
2024-05-03,41.4418,QLD,tiingo
2024-05-06,42.3671,QLD,tiingo
2024-05-07,42.3471,QLD,tiingo
2024-05-08,42.3023,QLD,tiingo
2024-05-09,42.4565,QLD,tiingo
2024-05-10,42.6605,QLD,tiingo
2024-05-13,42.8495,QLD,tiingo
2024-05-14,43.3817,QLD,tiingo
2024-05-15,44.7146,QLD,tiingo
2024-05-16,44.5306,QLD,tiingo
2024-05-17,44.4859,QLD,tiingo
2024-05-20,45.0927,QLD,tiingo
2024-05-21,45.2469,QLD,tiingo
2024-05-22,45.232,QLD,tiingo
2024-05-23,44.7943,QLD,tiingo
2024-05-24,45.6398,QLD,tiingo
2024-05-28,45.9632,QLD,tiingo
2024-05-29,45.3165,QLD,tiingo
2024-05-30,44.3267,QLD,tiingo
2024-05-31,44.3267,QLD,tiingo
2024-06-03,44.6102,QLD,tiingo
2024-06-04,44.834,QLD,tiingo
2024-06-05,46.6445,QLD,tiingo
2024-06-06,46.6047,QLD,tiingo
2024-06-07,46.4953,QLD,tiingo
2024-06-10,46.8634,QLD,tiingo
2024-06-11,47.485,QLD,tiingo
2024-06-12,48.7335,QLD,tiingo
2024-06-13,49.2359,QLD,tiingo
2024-06-14,49.7233,QLD,tiingo
2024-06-17,50.932,QLD,tiingo
2024-06-18,50.9468,QLD,tiingo
2024-06-20,50.1361,QLD,tiingo
2024-06-21,49.8377,QLD,tiingo
2024-06-24,48.7186,QLD,tiingo
2024-06-25,49.8278,QLD,tiingo
2024-06-26,50.0296,QLD,tiingo
2024-06-27,50.2587,QLD,tiingo
2024-06-28,49.696,QLD,tiingo
2024-07-01,50.3035,QLD,tiingo
2024-07-02,51.3441,QLD,tiingo
2024-07-03,52.1757,QLD,tiingo
2024-07-05,53.2362,QLD,tiingo
2024-07-08,53.5001,QLD,tiingo
2024-07-09,53.5548,QLD,tiingo
2024-07-10,54.6851,QLD,tiingo
2024-07-11,52.2503,QLD,tiingo
2024-07-12,52.8428,QLD,tiingo
2024-07-15,53.1366,QLD,tiingo
2024-07-16,53.1665,QLD,tiingo
2024-07-17,50.0346,QLD,tiingo
2024-07-18,49.5416,QLD,tiingo
2024-07-19,48.6406,QLD,tiingo
2024-07-22,50.0645,QLD,tiingo
2024-07-23,49.7209,QLD,tiingo
2024-07-24,46.1261,QLD,tiingo
2024-07-25,45.1153,QLD,tiingo
2024-07-26,46.0264,QLD,tiingo
2024-07-29,46.1659,QLD,tiingo
2024-07-30,44.8913,QLD,tiingo
2024-07-31,47.5551,QLD,tiingo
2024-08-01,45.2547,QLD,tiingo
2024-08-02,43.0689,QLD,tiingo
2024-08-05,40.5744,QLD,tiingo
2024-08-06,41.2765,QLD,tiingo
2024-08-07,40.3602,QLD,tiingo
2024-08-08,42.8399,QLD,tiingo
2024-08-09,43.2731,QLD,tiingo
2024-08-12,43.4325,QLD,tiingo
2024-08-13,45.5734,QLD,tiingo
2024-08-14,45.6083,QLD,tiingo
2024-08-15,47.8887,QLD,tiingo
2024-08-16,47.9733,QLD,tiingo
2024-08-19,49.233,QLD,tiingo
2024-08-20,49.0139,QLD,tiingo
2024-08-21,49.487,QLD,tiingo
2024-08-22,47.8787,QLD,tiingo
2024-08-23,48.9094,QLD,tiingo
2024-08-26,47.9434,QLD,tiingo
2024-08-27,48.2272,QLD,tiingo
2024-08-28,47.1119,QLD,tiingo
2024-08-29,46.9676,QLD,tiingo
2024-08-30,48.0729,QLD,tiingo
2024-09-03,45.1203,QLD,tiingo
2024-09-04,44.8814,QLD,tiingo
2024-09-05,44.9709,QLD,tiingo
2024-09-06,42.5412,QLD,tiingo
2024-09-09,43.6067,QLD,tiingo
2024-09-10,44.3983,QLD,tiingo
2024-09-11,46.2904,QLD,tiingo
2024-09-12,47.2364,QLD,tiingo
2024-09-13,47.6149,QLD,tiingo
2024-09-16,47.1816,QLD,tiingo
2024-09-17,47.2314,QLD,tiingo
2024-09-18,46.7883,QLD,tiingo
2024-09-19,49.1782,QLD,tiingo
2024-09-20,48.9541,QLD,tiingo
2024-09-23,49.2131,QLD,tiingo
2024-09-24,49.6812,QLD,tiingo
2024-09-25,49.8014,QLD,tiingo
2024-09-26,50.5088,QLD,tiingo
2024-09-27,49.9159,QLD,tiingo
2024-09-30,50.165,QLD,tiingo
2024-10-01,48.7453,QLD,tiingo
2024-10-02,48.9096,QLD,tiingo
2024-10-03,48.8299,QLD,tiingo
2024-10-04,49.9906,QLD,tiingo
2024-10-07,48.8648,QLD,tiingo
2024-10-08,50.3244,QLD,tiingo
2024-10-09,51.1065,QLD,tiingo
2024-10-10,50.9969,QLD,tiingo
2024-10-11,51.1016,QLD,tiingo
2024-10-14,51.9584,QLD,tiingo
2024-10-15,50.5636,QLD,tiingo
2024-10-16,50.5785,QLD,tiingo
2024-10-17,50.6582,QLD,tiingo
2024-10-18,51.276,QLD,tiingo
2024-10-21,51.4702,QLD,tiingo
2024-10-22,51.5699,QLD,tiingo
2024-10-23,49.9757,QLD,tiingo
2024-10-24,50.7777,QLD,tiingo
2024-10-25,51.3606,QLD,tiingo
2024-10-28,51.3805,QLD,tiingo
2024-10-29,52.352,QLD,tiingo
2024-10-30,51.5599,QLD,tiingo
2024-10-31,48.9594,QLD,tiingo
2024-11-01,49.6419,QLD,tiingo
2024-11-04,49.3331,QLD,tiingo
2024-11-05,50.5933,QLD,tiingo
2024-11-06,53.3433,QLD,tiingo
2024-11-07,55.0221,QLD,tiingo
2024-11-08,55.0968,QLD,tiingo
2024-11-11,55.027,QLD,tiingo
2024-11-12,54.8329,QLD,tiingo
2024-11-13,54.6784,QLD,tiingo
2024-11-14,53.8912,QLD,tiingo
2024-11-15,51.286,QLD,tiingo
2024-11-18,52.0182,QLD,tiingo
2024-11-19,52.7106,QLD,tiingo
2024-11-20,52.6459,QLD,tiingo
2024-11-21,53.0295,QLD,tiingo
2024-11-22,53.1639,QLD,tiingo
2024-11-25,53.3284,QLD,tiingo
2024-11-26,53.8863,QLD,tiingo
2024-11-27,53.0295,QLD,tiingo
2024-11-29,53.9062,QLD,tiingo
2024-12-02,55.0819,QLD,tiingo
2024-12-03,55.4306,QLD,tiingo
2024-12-04,56.7807,QLD,tiingo
2024-12-05,56.4668,QLD,tiingo
2024-12-06,57.4531,QLD,tiingo
2024-12-09,56.5315,QLD,tiingo
2024-12-10,56.1181,QLD,tiingo
2024-12-11,58.1405,QLD,tiingo
2024-12-12,57.3784,QLD,tiingo
2024-12-13,58.2253,QLD,tiingo
2024-12-16,59.9041,QLD,tiingo
2024-12-17,59.3711,QLD,tiingo
2024-12-18,55.0869,QLD,tiingo
2024-12-19,54.5538,QLD,tiingo
2024-12-20,55.5203,QLD,tiingo
2024-12-23,56.5621,QLD,tiingo
2024-12-24,58.0873,QLD,tiingo
2024-12-26,57.9827,QLD,tiingo
2024-12-27,56.4026,QLD,tiingo
2024-12-30,54.8923,QLD,tiingo
2024-12-31,53.9503,QLD,tiingo
2025-01-02,53.7111,QLD,tiingo
2025-01-03,55.4656,QLD,tiingo
2025-01-06,56.7266,QLD,tiingo
2025-01-07,54.683,QLD,tiingo
2025-01-08,54.693,QLD,tiingo
2025-01-10,52.9484,QLD,tiingo
2025-01-13,52.6196,QLD,tiingo
2025-01-14,52.4949,QLD,tiingo
2025-01-15,54.8674,QLD,tiingo
2025-01-16,54.1346,QLD,tiingo
2025-01-17,55.919,QLD,tiingo
2025-01-21,56.5222,QLD,tiingo
2025-01-22,57.9976,QLD,tiingo
2025-01-23,58.2518,QLD,tiingo
2025-01-24,57.5639,QLD,tiingo
2025-01-27,54.1596,QLD,tiingo
2025-01-28,55.7895,QLD,tiingo
2025-01-29,55.5652,QLD,tiingo
2025-01-30,56.0288,QLD,tiingo
2025-01-31,55.8294,QLD,tiingo
2025-02-03,54.9422,QLD,tiingo
2025-02-04,56.2829,QLD,tiingo
2025-02-05,56.7765,QLD,tiingo
2025-02-06,57.3496,QLD,tiingo
2025-02-07,55.8993,QLD,tiingo
2025-02-10,57.2151,QLD,tiingo
2025-02-11,56.946,QLD,tiingo
2025-02-12,57.0107,QLD,tiingo
2025-02-13,58.6356,QLD,tiingo
2025-02-14,59.0842,QLD,tiingo
2025-02-18,59.3433,QLD,tiingo
2025-02-19,59.3733,QLD,tiingo
2025-02-20,58.8449,QLD,tiingo
2025-02-21,56.3926,QLD,tiingo
2025-02-24,55.0319,QLD,tiingo
2025-02-25,53.6363,QLD,tiingo
2025-02-26,53.8805,QLD,tiingo
2025-02-27,50.9099,QLD,tiingo
2025-02-28,52.48,QLD,tiingo
2025-03-03,50.237,QLD,tiingo
2025-03-04,49.8682,QLD,tiingo
2025-03-05,51.174,QLD,tiingo
2025-03-06,48.3579,QLD,tiingo
2025-03-07,49.0258,QLD,tiingo
2025-03-10,45.3125,QLD,tiingo
2025-03-11,44.9835,QLD,tiingo
2025-03-12,46.0202,QLD,tiingo
2025-03-13,44.3356,QLD,tiingo
2025-03-14,46.4489,QLD,tiingo
2025-03-17,47.047,QLD,tiingo
2025-03-18,45.457,QLD,tiingo
2025-03-19,46.6134,QLD,tiingo
2025-03-20,46.3044,QLD,tiingo
2025-03-21,46.6334,QLD,tiingo
2025-03-24,48.5972,QLD,tiingo
2025-03-25,49.1753,QLD,tiingo
2025-03-26,47.3689,QLD,tiingo
2025-03-27,46.8055,QLD,tiingo
2025-03-28,44.3426,QLD,tiingo
2025-03-31,44.3126,QLD,tiingo
2025-04-01,45.0056,QLD,tiingo
2025-04-02,45.6637,QLD,tiingo
2025-04-03,40.7828,QLD,tiingo
2025-04-04,35.8021,QLD,tiingo
2025-04-07,35.9068,QLD,tiingo
2025-04-08,34.5707,QLD,tiingo
2025-04-09,42.6923,QLD,tiingo
2025-04-10,39.2023,QLD,tiingo
2025-04-11,40.5884,QLD,tiingo
2025-04-14,41.1517,QLD,tiingo
2025-04-15,41.2465,QLD,tiingo
2025-04-16,38.7686,QLD,tiingo
2025-04-17,38.7088,QLD,tiingo
2025-04-21,36.8141,QLD,tiingo
2025-04-22,38.6938,QLD,tiingo
2025-04-23,40.4138,QLD,tiingo
2025-04-24,42.7123,QLD,tiingo
2025-04-25,43.6545,QLD,tiingo
2025-04-28,43.6345,QLD,tiingo
2025-04-29,44.1731,QLD,tiingo
2025-04-30,44.1631,QLD,tiingo
2025-05-01,45.245,QLD,tiingo
2025-05-02,46.636,QLD,tiingo
2025-05-05,46.0875,QLD,tiingo
2025-05-06,45.2401,QLD,tiingo
2025-05-07,45.579,QLD,tiingo
2025-05-08,46.4864,QLD,tiingo
2025-05-09,46.4066,QLD,tiingo
2025-05-12,50.1858,QLD,tiingo
2025-05-13,51.6964,QLD,tiingo
2025-05-14,52.3147,QLD,tiingo
2025-05-15,52.4293,QLD,tiingo
2025-05-16,52.878,QLD,tiingo
2025-05-19,52.9528,QLD,tiingo
2025-05-20,52.5739,QLD,tiingo
2025-05-21,51.1131,QLD,tiingo
2025-05-22,51.3025,QLD,tiingo
2025-05-23,50.3253,QLD,tiingo
2025-05-27,52.6636,QLD,tiingo
2025-05-28,52.2149,QLD,tiingo
2025-05-29,52.4043,QLD,tiingo
2025-05-30,52.2149,QLD,tiingo
2025-06-02,53.0176,QLD,tiingo
2025-06-03,53.8601,QLD,tiingo
2025-06-04,54.1393,QLD,tiingo
2025-06-05,53.2918,QLD,tiingo
2025-06-06,54.3188,QLD,tiingo
2025-06-09,54.4685,QLD,tiingo
2025-06-10,55.1963,QLD,tiingo
2025-06-11,54.8125,QLD,tiingo
2025-06-12,55.0617,QLD,tiingo
2025-06-13,53.6508,QLD,tiingo
2025-06-16,55.1266,QLD,tiingo
2025-06-17,54.0297,QLD,tiingo
2025-06-18,54.0047,QLD,tiingo
2025-06-20,53.5212,QLD,tiingo
2025-06-23,54.6379,QLD,tiingo
2025-06-24,56.2932,QLD,tiingo
2025-06-25,56.5645,QLD,tiingo
2025-06-26,57.6326,QLD,tiingo
2025-06-27,58.0119,QLD,tiingo
2025-06-30,58.7505,QLD,tiingo
2025-07-01,57.7274,QLD,tiingo
2025-07-02,58.541,QLD,tiingo
2025-07-03,59.639,QLD,tiingo
2025-07-07,58.7455,QLD,tiingo
2025-07-08,58.7905,QLD,tiingo
2025-07-09,59.619,QLD,tiingo
2025-07-10,59.4295,QLD,tiingo
2025-07-11,59.1449,QLD,tiingo
2025-07-14,59.5492,QLD,tiingo
2025-07-15,59.644,QLD,tiingo
2025-07-16,59.7738,QLD,tiingo
2025-07-17,60.7321,QLD,tiingo
2025-07-18,60.5773,QLD,tiingo
2025-07-21,61.2013,QLD,tiingo
2025-07-22,60.5573,QLD,tiingo
2025-07-23,61.1014,QLD,tiingo
2025-07-24,61.371,QLD,tiingo
2025-07-25,61.6155,QLD,tiingo
2025-07-28,62.0048,QLD,tiingo
2025-07-29,61.8202,QLD,tiingo
2025-07-30,61.9649,QLD,tiingo
2025-07-31,61.2761,QLD,tiingo
2025-08-01,58.8305,QLD,tiingo
2025-08-04,60.9916,QLD,tiingo
2025-08-05,60.1482,QLD,tiingo
2025-08-06,61.6604,QLD,tiingo
2025-08-07,62.0747,QLD,tiingo
2025-08-08,63.1977,QLD,tiingo
2025-08-11,62.7884,QLD,tiingo
2025-08-12,64.3856,QLD,tiingo
2025-08-13,64.4355,QLD,tiingo
2025-08-14,64.3208,QLD,tiingo
2025-08-15,63.7168,QLD,tiingo
2025-08-18,63.6769,QLD,tiingo
2025-08-19,61.93,QLD,tiingo
2025-08-20,61.1763,QLD,tiingo
2025-08-21,60.6173,QLD,tiingo
2025-08-22,62.459,QLD,tiingo
2025-08-25,62.0847,QLD,tiingo
2025-08-26,62.5838,QLD,tiingo
2025-08-27,62.7584,QLD,tiingo
2025-08-28,63.5221,QLD,tiingo
2025-08-29,61.9998,QLD,tiingo
2025-09-02,60.9716,QLD,tiingo
2025-09-03,61.9,QLD,tiingo
2025-09-04,63.0279,QLD,tiingo
2025-09-05,63.1677,QLD,tiingo
2025-09-08,63.7866,QLD,tiingo
2025-09-09,64.131,QLD,tiingo
2025-09-10,64.171,QLD,tiingo
2025-09-11,64.8997,QLD,tiingo
2025-09-12,65.4587,QLD,tiingo
2025-09-15,66.5717,QLD,tiingo
2025-09-16,66.422,QLD,tiingo
2025-09-17,66.1375,QLD,tiingo
2025-09-18,67.3603,QLD,tiingo
2025-09-19,68.2387,QLD,tiingo
2025-09-22,69.0324,QLD,tiingo
2025-09-23,68.099,QLD,tiingo
2025-09-24,67.6251,QLD,tiingo
2025-09-25,67.0161,QLD,tiingo
2025-09-26,67.5553,QLD,tiingo
2025-09-29,68.1594,QLD,tiingo
2025-09-30,68.4989,QLD,tiingo
2025-10-01,69.1579,QLD,tiingo
2025-10-02,69.7171,QLD,tiingo
2025-10-03,69.0881,QLD,tiingo
2025-10-06,70.1314,QLD,tiingo
2025-10-07,69.3777,QLD,tiingo
2025-10-08,70.9553,QLD,tiingo
2025-10-09,70.7706,QLD,tiingo
2025-10-10,65.808,QLD,tiingo
2025-10-13,68.6138,QLD,tiingo
2025-10-14,67.7001,QLD,tiingo
2025-10-15,68.6188,QLD,tiingo
2025-10-16,68.1095,QLD,tiingo
2025-10-17,68.9782,QLD,tiingo
2025-10-20,70.7007,QLD,tiingo
2025-10-21,70.6607,QLD,tiingo
2025-10-22,69.2578,QLD,tiingo
2025-10-23,70.446,QLD,tiingo
2025-10-24,71.8839,QLD,tiingo
2025-10-27,74.4601,QLD,tiingo
2025-10-28,75.5835,QLD,tiingo
2025-10-29,76.2724,QLD,tiingo
2025-10-30,73.9159,QLD,tiingo
2025-10-31,74.6299,QLD,tiingo
2025-11-03,75.2989,QLD,tiingo
2025-11-04,72.2134,QLD,tiingo
2025-11-05,73.162,QLD,tiingo
2025-11-06,70.4261,QLD,tiingo
2025-11-07,69.9518,QLD,tiingo
2025-11-10,73.0172,QLD,tiingo
2025-11-11,72.6278,QLD,tiingo
2025-11-12,72.503,QLD,tiingo
2025-11-13,69.5224,QLD,tiingo
2025-11-14,69.5923,QLD,tiingo
2025-11-17,68.399,QLD,tiingo
2025-11-18,66.7365,QLD,tiingo
2025-11-19,67.4954,QLD,tiingo
2025-11-20,64.3151,QLD,tiingo
2025-11-21,65.2636,QLD,tiingo
2025-11-24,68.6288,QLD,tiingo
2025-11-25,69.4075,QLD,tiingo
2025-11-26,70.6357,QLD,tiingo
2025-11-28,71.7042,QLD,tiingo
2025-12-01,71.2448,QLD,tiingo
2025-12-02,72.3632,QLD,tiingo
2025-12-03,72.6827,QLD,tiingo
2025-12-04,72.513,QLD,tiingo
2025-12-05,73.1121,QLD,tiingo
2025-12-08,72.7826,QLD,tiingo
2025-12-09,72.9922,QLD,tiingo
2025-12-10,73.5514,QLD,tiingo
2025-12-11,73.0722,QLD,tiingo
2025-12-12,70.2364,QLD,tiingo
2025-12-15,69.5274,QLD,tiingo
2025-12-16,69.797,QLD,tiingo
2025-12-17,67.1808,QLD,tiingo
2025-12-18,69.1379,QLD,tiingo
2025-12-19,70.9453,QLD,tiingo
2025-12-22,71.5644,QLD,tiingo
2025-12-23,72.2533,QLD,tiingo
2025-12-24,72.6454,QLD,tiingo
2025-12-26,72.5954,QLD,tiingo
2025-12-29,71.8763,QLD,tiingo
2025-12-30,71.5266,QLD,tiingo
2025-12-31,70.3281,QLD,tiingo
2026-01-02,70.0184,QLD,tiingo
2026-01-05,71.1172,QLD,tiingo
2026-01-06,72.3756,QLD,tiingo
2026-01-07,72.5055,QLD,tiingo
2026-01-08,71.6665,QLD,tiingo
2026-01-09,73.0549,QLD,tiingo
2026-01-12,73.1848,QLD,tiingo
2026-01-13,72.9251,QLD,tiingo
2026-01-14,71.4068,QLD,tiingo
2026-01-15,71.8563,QLD,tiingo
2026-01-16,71.6665,QLD,tiingo
2026-01-20,68.65,QLD,tiingo
2026-01-21,70.4579,QLD,tiingo
2026-01-22,71.5266,QLD,tiingo
2026-01-23,71.9661,QLD,tiingo
2026-01-26,72.5755,QLD,tiingo
2026-01-27,73.8739,QLD,tiingo
2026-01-28,74.2735,QLD,tiingo
2026-01-29,73.4344,QLD,tiingo
2026-01-30,71.6265,QLD,tiingo
2026-02-02,72.6454,QLD,tiingo
2026-02-03,70.3781,QLD,tiingo
2026-02-04,67.901,QLD,tiingo
2026-02-05,65.9632,QLD,tiingo
2026-02-06,68.7099,QLD,tiingo
2026-02-09,69.7487,QLD,tiingo
2026-02-10,69.0994,QLD,tiingo
2026-02-11,69.439,QLD,tiingo
2026-02-12,66.6123,QLD,tiingo
2026-02-13,66.8422,QLD,tiingo
2026-02-17,66.6923,QLD,tiingo
2026-02-18,67.6711,QLD,tiingo
2026-02-19,67.1618,QLD,tiingo
2026-02-20,68.3205,QLD,tiingo
2026-02-23,66.6723,QLD,tiingo
2026-02-24,68.0507,QLD,tiingo
2026-02-25,69.9984,QLD,tiingo
2026-02-26,68.3603,QLD,tiingo
2026-02-27,67.9109,QLD,tiingo
2026-03-02,68.0507,QLD,tiingo
2026-03-03,66.6023,QLD,tiingo
2026-03-04,68.5701,QLD,tiingo
2026-03-05,68.1806,QLD,tiingo
2026-03-06,66.113,QLD,tiingo
2026-03-09,67.861,QLD,tiingo
2026-03-10,67.831,QLD,tiingo
2026-03-11,67.821,QLD,tiingo
2026-03-12,65.5037,QLD,tiingo
2026-03-13,64.6846,QLD,tiingo
2026-03-16,66.113,QLD,tiingo
2026-03-17,66.7722,QLD,tiingo
2026-03-18,64.8744,QLD,tiingo
2026-03-19,64.4549,QLD,tiingo
2026-03-20,62.0577,QLD,tiingo
2026-03-23,63.506,QLD,tiingo
2026-03-24,62.5672,QLD,tiingo
2026-03-25,63.3693,QLD,tiingo
2026-03-26,60.3722,QLD,tiingo
2026-03-27,57.9945,QLD,tiingo
2026-03-30,57.1053,QLD,tiingo
2026-03-31,60.9417,QLD,tiingo
2026-04-01,62.4302,QLD,tiingo
2026-04-02,62.5402,QLD,tiingo
2026-04-06,63.2895,QLD,tiingo
2026-04-07,63.3294,QLD,tiingo
2026-04-08,67.0159,QLD,tiingo
2026-04-09,67.945,QLD,tiingo
2026-04-10,68.1248,QLD,tiingo
2026-04-13,69.5235,QLD,tiingo
2026-04-14,72.0311,QLD,tiingo
2026-04-15,74.0391,QLD,tiingo
2026-04-16,74.7284,QLD,tiingo
2026-04-17,76.6566,QLD,tiingo
2026-04-20,76.1971,QLD,tiingo
2026-04-21,75.5977,QLD,tiingo
2026-04-22,78.1053,QLD,tiingo
2026-04-23,77.2261,QLD,tiingo
2026-04-24,80.1633,QLD,tiingo
2026-04-27,80.2132,QLD,tiingo
2026-04-28,78.5948,QLD,tiingo
2026-04-29,79.5639,QLD,tiingo
2026-04-30,80.9725,QLD,tiingo
2026-05-01,82.5211,QLD,tiingo
2026-05-04,82.2013,QLD,tiingo
2026-05-05,84.3093,QLD,tiingo
2026-05-06,87.766,QLD,tiingo
2026-05-07,87.5762,QLD,tiingo
2026-05-08,91.6323,QLD,tiingo
2026-05-11,92.1718,QLD,tiingo
2026-05-12,90.6033,QLD,tiingo
2026-05-13,92.4616,QLD,tiingo
2026-05-14,93.8103,QLD,tiingo
2026-05-15,90.943,QLD,tiingo
2026-05-18,90.1138,QLD,tiingo
2026-05-19,89.0448,QLD,tiingo
2026-05-20,91.962,QLD,tiingo
2026-05-21,92.2917,QLD,tiingo
2026-05-22,93.011,QLD,tiingo
2026-05-26,96.3079,QLD,tiingo
2026-05-27,96.098,QLD,tiingo
2026-05-28,97.6965,QLD,tiingo
2026-05-29,98.3659,QLD,tiingo
2026-06-01,99.5348,QLD,tiingo
2026-06-02,100.434,QLD,tiingo
2026-06-03,99.9044,QLD,tiingo
2026-06-04,98.9253,QLD,tiingo
2026-06-05,89.4544,QLD,tiingo
2026-06-08,92.1618,QLD,tiingo
2026-06-09,90.0338,QLD,tiingo
2026-06-10,86.4273,QLD,tiingo
2026-06-11,92.0919,QLD,tiingo
2026-06-12,93.2907,QLD,tiingo
2026-06-15,99.0852,QLD,tiingo
2026-06-16,95.3687,QLD,tiingo
2026-06-17,93.4706,QLD,tiingo
2026-06-18,97.8164,QLD,tiingo
2026-06-22,97.5866,QLD,tiingo
2026-06-23,91.1328,QLD,tiingo
2026-06-24,90.3445,QLD,tiingo
2026-06-25,91.7442,QLD,tiingo
2026-06-26,89.0949,QLD,tiingo
2026-06-29,93.6536,QLD,tiingo
2026-06-30,96.7327,QLD,tiingo
2026-07-01,93.8736,QLD,tiingo
2026-07-02,90.5845,QLD,tiingo
2026-07-06,93.1138,QLD,tiingo
2026-07-07,89.6647,QLD,tiingo
2026-07-08,90.1146,QLD,tiingo
2026-07-09,93.1138,QLD,tiingo
2026-07-10,93.6736,QLD,tiingo
2026-07-13,90.1046,QLD,tiingo
2026-07-14,92.1041,QLD,tiingo
2026-07-15,91.5842,QLD,tiingo
2026-07-16,88.5451,QLD,tiingo
2026-07-17,85.8858,QLD,tiingo
2026-07-20,86.0058,QLD,tiingo
2026-07-21,89.2049,QLD,tiingo
2026-07-22,88.2551,QLD,tiingo
2026-07-23,84.9761,QLD,tiingo
2026-07-24,82.9766,QLD,tiingo
2026-07-27,82.4568,QLD,tiingo
2026-07-28,80.8472,QLD,tiingo
2026-07-29,77.5581,QLD,tiingo
2026-07-30,82.6567,QLD,tiingo
2026-07-31,83.6464,QLD,tiingo
2026-08-03,86.5956,QLD,tiingo
2026-08-04,92.434,QLD,tiingo
2026-08-05,90.7744,QLD,tiingo
2026-08-06,90.1046,QLD,tiingo
2026-08-07,92.184,QLD,tiingo
2026-08-10,91.6042,QLD,tiingo
2026-08-11,90.9544,QLD,tiingo
2026-08-12,92.294,QLD,tiingo
2026-08-13,94.4034,QLD,tiingo
2026-08-14,94.1235,QLD,tiingo
2026-08-17,93.8136,QLD,tiingo
2026-08-18,90.6245,QLD,tiingo
2026-08-19,90.2246,QLD,tiingo
2026-08-20,88.9249,QLD,tiingo
2026-08-21,89.5048,QLD,tiingo
2026-08-24,87.6953,QLD,tiingo
2026-08-25,88.775,QLD,tiingo
2026-08-26,88.905,QLD,tiingo
2026-08-27,91.3543,QLD,tiingo
2026-08-28,90.1446,QLD,tiingo
2026-08-31,90.2146,QLD,tiingo
2026-09-01,87.8952,QLD,tiingo
2026-09-02,88.2851,QLD,tiingo
2026-09-03,90.3545,QLD,tiingo
2026-09-04,90.6545,QLD,tiingo
2026-09-08,90.5045,QLD,tiingo
2026-09-09,89.9547,QLD,tiingo
2026-09-10,87.9952,QLD,tiingo
2026-09-11,89.5248,QLD,tiingo
2026-09-14,88.0752,QLD,tiingo
2026-09-15,86.9355,QLD,tiingo
2026-09-16,86.9355,QLD,tiingo
2026-09-17,89.9147,QLD,tiingo
2026-09-18,90.9744,QLD,tiingo
2026-09-21,96.2429,QLD,tiingo
2026-09-22,97.7924,QLD,tiingo
2026-09-23,96.16,QLD,tiingo
2026-09-24,96.1,QLD,tiingo
2026-09-25,96.95,QLD,tiingo
2026-09-28,94.87,QLD,tiingo
2026-09-29,95.22,QLD,tiingo
2026-09-30,95.65,QLD,tiingo
2026-10-01,96.24,QLD,tiingo
2026-10-02,98.13,QLD,tiingo