date,adj_close,name,source
2010-02-11,0.20549,TQQQ,tiingo
2010-02-12,0.206332,TQQQ,tiingo
2010-02-16,0.214324,TQQQ,tiingo
2010-02-17,0.217962,TQQQ,tiingo
2010-02-18,0.222094,TQQQ,tiingo
2010-02-19,0.222094,TQQQ,tiingo
2010-02-22,0.220535,TQQQ,tiingo
2010-02-23,0.211924,TQQQ,tiingo
2010-02-24,0.218333,TQQQ,tiingo
2010-02-25,0.218209,TQQQ,tiingo
2010-02-26,0.220931,TQQQ,tiingo
2010-03-01,0.230407,TQQQ,tiingo
2010-03-02,0.231792,TQQQ,tiingo
2010-03-03,0.23308,TQQQ,tiingo
2010-03-04,0.235653,TQQQ,tiingo
2010-03-05,0.246069,TQQQ,tiingo
2010-03-08,0.24738,TQQQ,tiingo
2010-03-09,0.251761,TQQQ,tiingo
2010-03-10,0.257921,TQQQ,tiingo
2010-03-11,0.260297,TQQQ,tiingo
2010-03-12,0.260891,TQQQ,tiingo
2010-03-15,0.259134,TQQQ,tiingo
2010-03-16,0.264033,TQQQ,tiingo
2010-03-17,0.265864,TQQQ,tiingo
2010-03-18,0.268561,TQQQ,tiingo
2010-03-19,0.26381,TQQQ,tiingo
2010-03-22,0.270937,TQQQ,tiingo
2010-03-23,0.276602,TQQQ,tiingo
2010-03-24,0.272668,TQQQ,tiingo
2010-03-25,0.270961,TQQQ,tiingo
2010-03-26,0.272372,TQQQ,tiingo
2010-03-29,0.276107,TQQQ,tiingo
2010-03-30,0.279003,TQQQ,tiingo
2010-03-31,0.275241,TQQQ,tiingo
2010-04-01,0.274697,TQQQ,tiingo
2010-04-05,0.282639,TQQQ,tiingo
2010-04-06,0.284792,TQQQ,tiingo
2010-04-07,0.283184,TQQQ,tiingo
2010-04-08,0.284198,TQQQ,tiingo
2010-04-09,0.28932,TQQQ,tiingo
2010-04-12,0.290483,TQQQ,tiingo
2010-04-13,0.294863,TQQQ,tiingo
2010-04-14,0.305255,TQQQ,tiingo
2010-04-15,0.309337,TQQQ,tiingo
2010-04-16,0.298326,TQQQ,tiingo
2010-04-19,0.297856,TQQQ,tiingo
2010-04-20,0.302261,TQQQ,tiingo
2010-04-21,0.307581,TQQQ,tiingo
2010-04-22,0.312133,TQQQ,tiingo
2010-04-23,0.316266,TQQQ,tiingo
2010-04-26,0.313914,TQQQ,tiingo
2010-04-27,0.294541,TQQQ,tiingo
2010-04-28,0.295233,TQQQ,tiingo
2010-04-29,0.310303,TQQQ,tiingo
2010-04-30,0.292017,TQQQ,tiingo
2010-05-03,0.303943,TQQQ,tiingo
2010-05-04,0.277072,TQQQ,tiingo
2010-05-05,0.272519,TQQQ,tiingo
2010-05-06,0.245822,TQQQ,tiingo
2010-05-07,0.227933,TQQQ,tiingo
2010-05-10,0.261929,TQQQ,tiingo
2010-05-11,0.261757,TQQQ,tiingo
2010-05-12,0.27586,TQQQ,tiingo
2010-05-13,0.26339,TQQQ,tiingo
2010-05-14,0.247183,TQQQ,tiingo
2010-05-17,0.250523,TQQQ,tiingo
2010-05-18,0.240948,TQQQ,tiingo
2010-05-19,0.234589,TQQQ,tiingo
2010-05-20,0.21086,TQQQ,tiingo
2010-05-21,0.212494,TQQQ,tiingo
2010-05-24,0.21425,TQQQ,tiingo
2010-05-25,0.212741,TQQQ,tiingo
2010-05-26,0.206159,TQQQ,tiingo
2010-05-27,0.228477,TQQQ,tiingo
2010-05-28,0.225285,TQQQ,tiingo
2010-06-01,0.219051,TQQQ,tiingo
2010-06-02,0.234465,TQQQ,tiingo
2010-06-03,0.240552,TQQQ,tiingo
2010-06-04,0.216798,TQQQ,tiingo
2010-06-07,0.204229,TQQQ,tiingo
2010-06-08,0.203091,TQQQ,tiingo
2010-06-09,0.198612,TQQQ,tiingo
2010-06-10,0.215091,TQQQ,tiingo
2010-06-11,0.220708,TQQQ,tiingo
2010-06-14,0.220832,TQQQ,tiingo
2010-06-15,0.236964,TQQQ,tiingo
2010-06-16,0.24174,TQQQ,tiingo
2010-06-17,0.244165,TQQQ,tiingo
2010-06-18,0.244832,TQQQ,tiingo
2010-06-21,0.238399,TQQQ,tiingo
2010-06-22,0.232757,TQQQ,tiingo
2010-06-23,0.229641,TQQQ,tiingo
2010-06-24,0.218506,TQQQ,tiingo
2010-06-25,0.218357,TQQQ,tiingo
2010-06-28,0.216403,TQQQ,tiingo
2010-06-29,0.192254,TQQQ,tiingo
2010-06-30,0.182753,TQQQ,tiingo
2010-07-01,0.18097,TQQQ,tiingo
2010-07-02,0.179981,TQQQ,tiingo
2010-07-06,0.180921,TQQQ,tiingo
2010-07-07,0.198018,TQQQ,tiingo
2010-07-08,0.201359,TQQQ,tiingo
2010-07-09,0.207,TQQQ,tiingo
2010-07-12,0.209351,TQQQ,tiingo
2010-07-13,0.216502,TQQQ,tiingo
2010-07-14,0.219966,TQQQ,tiingo
2010-07-15,0.220732,TQQQ,tiingo
2010-07-16,0.202967,TQQQ,tiingo
2010-07-19,0.207544,TQQQ,tiingo
2010-07-20,0.214101,TQQQ,tiingo
2010-07-21,0.206604,TQQQ,tiingo
2010-07-22,0.220535,TQQQ,tiingo
2010-07-23,0.226275,TQQQ,tiingo
2010-07-26,0.231248,TQQQ,tiingo
2010-07-27,0.231198,TQQQ,tiingo
2010-07-28,0.226473,TQQQ,tiingo
2010-07-29,0.221079,TQQQ,tiingo
2010-07-30,0.222589,TQQQ,tiingo
2010-08-02,0.234564,TQQQ,tiingo
2010-08-03,0.23214,TQQQ,tiingo
2010-08-04,0.238844,TQQQ,tiingo
2010-08-05,0.237434,TQQQ,tiingo
2010-08-06,0.23632,TQQQ,tiingo
2010-08-09,0.240453,TQQQ,tiingo
2010-08-10,0.235356,TQQQ,tiingo
2010-08-11,0.215982,TQQQ,tiingo
2010-08-12,0.209895,TQQQ,tiingo
2010-08-13,0.205714,TQQQ,tiingo
2010-08-16,0.206877,TQQQ,tiingo
2010-08-17,0.214745,TQQQ,tiingo
2010-08-18,0.216674,TQQQ,tiingo
2010-08-19,0.208707,TQQQ,tiingo
2010-08-20,0.207989,TQQQ,tiingo
2010-08-23,0.20225,TQQQ,tiingo
2010-08-24,0.190645,TQQQ,tiingo
2010-08-25,0.196361,TQQQ,tiingo
2010-08-26,0.189952,TQQQ,tiingo
2010-08-27,0.196237,TQQQ,tiingo
2010-08-30,0.189878,TQQQ,tiingo
2010-08-31,0.188938,TQQQ,tiingo
2010-09-01,0.204773,TQQQ,tiingo
2010-09-02,0.2118,TQQQ,tiingo
2010-09-03,0.222589,TQQQ,tiingo
2010-09-07,0.217169,TQQQ,tiingo
2010-09-08,0.22484,TQQQ,tiingo
2010-09-09,0.227685,TQQQ,tiingo
2010-09-10,0.230135,TQQQ,tiingo
2010-09-13,0.240279,TQQQ,tiingo
2010-09-14,0.243323,TQQQ,tiingo
2010-09-15,0.247455,TQQQ,tiingo
2010-09-16,0.250944,TQQQ,tiingo
2010-09-17,0.253616,TQQQ,tiingo
2010-09-20,0.266829,TQQQ,tiingo
2010-09-21,0.265987,TQQQ,tiingo
2010-09-22,0.264726,TQQQ,tiingo
2010-09-23,0.263934,TQQQ,tiingo
2010-09-24,0.278879,TQQQ,tiingo
2010-09-27,0.275687,TQQQ,tiingo
2010-09-28,0.27638,TQQQ,tiingo
2010-09-29,0.274153,TQQQ,tiingo
2010-09-30,0.270442,TQQQ,tiingo
2010-10-01,0.2696,TQQQ,tiingo
2010-10-04,0.260247,TQQQ,tiingo
2010-10-05,0.279621,TQQQ,tiingo
2010-10-06,0.272495,TQQQ,tiingo
2010-10-07,0.275167,TQQQ,tiingo
2010-10-08,0.280709,TQQQ,tiingo
2010-10-11,0.281279,TQQQ,tiingo
2010-10-12,0.287119,TQQQ,tiingo
2010-10-13,0.294096,TQQQ,tiingo
2010-10-14,0.292463,TQQQ,tiingo
2010-10-15,0.311119,TQQQ,tiingo
2010-10-18,0.311119,TQQQ,tiingo
2010-10-19,0.298747,TQQQ,tiingo
2010-10-20,0.304958,TQQQ,tiingo
2010-10-21,0.307086,TQQQ,tiingo
2010-10-22,0.313074,TQQQ,tiingo
2010-10-25,0.317825,TQQQ,tiingo
2010-10-26,0.31973,TQQQ,tiingo
2010-10-27,0.32302,TQQQ,tiingo
2010-10-28,0.324876,TQQQ,tiingo
2010-10-29,0.323317,TQQQ,tiingo
2010-11-01,0.324059,TQQQ,tiingo
2010-11-02,0.333883,TQQQ,tiingo
2010-11-03,0.338707,TQQQ,tiingo
2010-11-04,0.350707,TQQQ,tiingo
2010-11-05,0.351129,TQQQ,tiingo
2010-11-08,0.352019,TQQQ,tiingo
2010-11-09,0.346328,TQQQ,tiingo
2010-11-10,0.351624,TQQQ,tiingo
2010-11-11,0.345709,TQQQ,tiingo
2010-11-12,0.328117,TQQQ,tiingo
2010-11-15,0.324604,TQQQ,tiingo
2010-11-16,0.308496,TQQQ,tiingo
2010-11-17,0.311415,TQQQ,tiingo
2010-11-18,0.325891,TQQQ,tiingo
2010-11-19,0.326657,TQQQ,tiingo
2010-11-22,0.335268,TQQQ,tiingo
2010-11-23,0.319432,TQQQ,tiingo
2010-11-24,0.338088,TQQQ,tiingo
2010-11-26,0.335961,TQQQ,tiingo
2010-11-29,0.331285,TQQQ,tiingo
2010-11-30,0.31869,TQQQ,tiingo
2010-12-01,0.338955,TQQQ,tiingo
2010-12-02,0.349248,TQQQ,tiingo
2010-12-03,0.352168,TQQQ,tiingo
2010-12-06,0.351549,TQQQ,tiingo
2010-12-07,0.351871,TQQQ,tiingo
2010-12-08,0.356745,TQQQ,tiingo
2010-12-09,0.357116,TQQQ,tiingo
2010-12-10,0.364613,TQQQ,tiingo
2010-12-13,0.360332,TQQQ,tiingo
2010-12-14,0.361842,TQQQ,tiingo
2010-12-15,0.358156,TQQQ,tiingo
2010-12-16,0.365628,TQQQ,tiingo
2010-12-17,0.366742,TQQQ,tiingo
2010-12-20,0.367731,TQQQ,tiingo
2010-12-21,0.373793,TQQQ,tiingo
2010-12-22,0.374189,TQQQ,tiingo
2010-12-23,0.371343,TQQQ,tiingo
2010-12-27,0.371492,TQQQ,tiingo
2010-12-28,0.369883,TQQQ,tiingo
2010-12-29,0.372086,TQQQ,tiingo
2010-12-30,0.36929,TQQQ,tiingo
2010-12-31,0.3659,TQQQ,tiingo
2011-01-03,0.382429,TQQQ,tiingo
2011-01-04,0.381835,TQQQ,tiingo
2011-01-05,0.391311,TQQQ,tiingo
2011-01-06,0.394849,TQQQ,tiingo
2011-01-07,0.393934,TQQQ,tiingo
2011-01-10,0.398363,TQQQ,tiingo
2011-01-11,0.400194,TQQQ,tiingo
2011-01-12,0.408309,TQQQ,tiingo
2011-01-13,0.409597,TQQQ,tiingo
2011-01-14,0.418479,TQQQ,tiingo
2011-01-18,0.421819,TQQQ,tiingo
2011-01-19,0.407691,TQQQ,tiingo
2011-01-20,0.398536,TQQQ,tiingo
2011-01-21,0.389431,TQQQ,tiingo
2011-01-24,0.405514,TQQQ,tiingo
2011-01-25,0.406924,TQQQ,tiingo
2011-01-26,0.413233,TQQQ,tiingo
2011-01-27,0.421201,TQQQ,tiingo
2011-01-28,0.389431,TQQQ,tiingo
2011-01-31,0.395196,TQQQ,tiingo
2011-02-01,0.417143,TQQQ,tiingo
2011-02-02,0.415262,TQQQ,tiingo
2011-02-03,0.41687,TQQQ,tiingo
2011-02-04,0.424392,TQQQ,tiingo
2011-02-07,0.430553,TQQQ,tiingo
2011-02-08,0.439733,TQQQ,tiingo
2011-02-09,0.437061,TQQQ,tiingo
2011-02-10,0.439189,TQQQ,tiingo
2011-02-11,0.448195,TQQQ,tiingo
2011-02-14,0.451016,TQQQ,tiingo
2011-02-15,0.449853,TQQQ,tiingo
2011-02-16,0.458166,TQQQ,tiingo
2011-02-17,0.457771,TQQQ,tiingo
2011-02-18,0.455173,TQQQ,tiingo
2011-02-22,0.415089,TQQQ,tiingo
2011-02-23,0.404845,TQQQ,tiingo
2011-02-24,0.410611,TQQQ,tiingo
2011-02-25,0.428203,TQQQ,tiingo
2011-02-28,0.431321,TQQQ,tiingo
2011-03-01,0.410586,TQQQ,tiingo
2011-03-02,0.416376,TQQQ,tiingo
2011-03-03,0.441218,TQQQ,tiingo
2011-03-04,0.434686,TQQQ,tiingo
2011-03-07,0.417365,TQQQ,tiingo
2011-03-08,0.421721,TQQQ,tiingo
2011-03-09,0.413208,TQQQ,tiingo
2011-03-10,0.394305,TQQQ,tiingo
2011-03-11,0.400887,TQQQ,tiingo
2011-03-14,0.396978,TQQQ,tiingo
2011-03-15,0.380746,TQQQ,tiingo
2011-03-16,0.352786,TQQQ,tiingo
2011-03-17,0.361991,TQQQ,tiingo
2011-03-18,0.360011,TQQQ,tiingo
2011-03-21,0.380102,TQQQ,tiingo
2011-03-22,0.379063,TQQQ,tiingo
2011-03-23,0.384804,TQQQ,tiingo
2011-03-24,0.405736,TQQQ,tiingo
2011-03-25,0.408705,TQQQ,tiingo
2011-03-28,0.401777,TQQQ,tiingo
2011-03-29,0.413307,TQQQ,tiingo
2011-03-30,0.419394,TQQQ,tiingo
2011-03-31,0.421176,TQQQ,tiingo
2011-04-01,0.421819,TQQQ,tiingo
2011-04-04,0.418009,TQQQ,tiingo
2011-04-05,0.413258,TQQQ,tiingo
2011-04-06,0.416376,TQQQ,tiingo
2011-04-07,0.416276,TQQQ,tiingo
2011-04-08,0.410042,TQQQ,tiingo
2011-04-11,0.40633,TQQQ,tiingo
2011-04-12,0.398313,TQQQ,tiingo
2011-04-13,0.407815,TQQQ,tiingo
2011-04-14,0.405588,TQQQ,tiingo
2011-04-15,0.402965,TQQQ,tiingo
2011-04-18,0.395196,TQQQ,tiingo
2011-04-19,0.402322,TQQQ,tiingo
2011-04-20,0.429094,TQQQ,tiingo
2011-04-21,0.43998,TQQQ,tiingo
2011-04-25,0.443247,TQQQ,tiingo
2011-04-26,0.450868,TQQQ,tiingo
2011-04-27,0.46022,TQQQ,tiingo
2011-04-28,0.459528,TQQQ,tiingo
2011-04-29,0.457301,TQQQ,tiingo
2011-05-02,0.454827,TQQQ,tiingo
2011-05-03,0.447997,TQQQ,tiingo
2011-05-04,0.445375,TQQQ,tiingo
2011-05-05,0.438694,TQQQ,tiingo
2011-05-06,0.442504,TQQQ,tiingo
2011-05-09,0.447305,TQQQ,tiingo
2011-05-10,0.458785,TQQQ,tiingo
2011-05-11,0.448888,TQQQ,tiingo
2011-05-12,0.456806,TQQQ,tiingo
2011-05-13,0.440624,TQQQ,tiingo
2011-05-16,0.417712,TQQQ,tiingo
2011-05-17,0.421127,TQQQ,tiingo
2011-05-18,0.43137,TQQQ,tiingo
2011-05-19,0.435081,TQQQ,tiingo
2011-05-20,0.425481,TQQQ,tiingo
2011-05-23,0.407023,TQQQ,tiingo
2011-05-24,0.399353,TQQQ,tiingo
2011-05-25,0.403806,TQQQ,tiingo
2011-05-26,0.411378,TQQQ,tiingo
2011-05-27,0.417514,TQQQ,tiingo
2011-05-31,0.437605,TQQQ,tiingo
2011-06-01,0.409646,TQQQ,tiingo
2011-06-02,0.412021,TQQQ,tiingo
2011-06-03,0.393315,TQQQ,tiingo
2011-06-06,0.383814,TQQQ,tiingo
2011-06-07,0.381587,TQQQ,tiingo
2011-06-08,0.373372,TQQQ,tiingo
2011-06-09,0.375005,TQQQ,tiingo
2011-06-10,0.357784,TQQQ,tiingo
2011-06-13,0.358032,TQQQ,tiingo
2011-06-14,0.371343,TQQQ,tiingo
2011-06-15,0.351054,TQQQ,tiingo
2011-06-16,0.346155,TQQQ,tiingo
2011-06-17,0.343582,TQQQ,tiingo
2011-06-20,0.348135,TQQQ,tiingo
2011-06-21,0.371343,TQQQ,tiingo
2011-06-22,0.36298,TQQQ,tiingo
2011-06-23,0.373026,TQQQ,tiingo
2011-06-24,0.35338,TQQQ,tiingo
2011-06-27,0.370552,TQQQ,tiingo
2011-06-28,0.387179,TQQQ,tiingo
2011-06-29,0.392028,TQQQ,tiingo
2011-06-30,0.406924,TQQQ,tiingo
2011-07-01,0.425779,TQQQ,tiingo
2011-07-05,0.431914,TQQQ,tiingo
2011-07-06,0.436516,TQQQ,tiingo
2011-07-07,0.454183,TQQQ,tiingo
2011-07-08,0.450422,TQQQ,tiingo
2011-07-11,0.426273,TQQQ,tiingo
2011-07-12,0.415881,TQQQ,tiingo
2011-07-13,0.421423,TQQQ,tiingo
2011-07-14,0.406924,TQQQ,tiingo
2011-07-15,0.423106,TQQQ,tiingo
2011-07-18,0.416129,TQQQ,tiingo
2011-07-19,0.445473,TQQQ,tiingo
2011-07-20,0.439238,TQQQ,tiingo
2011-07-21,0.448146,TQQQ,tiingo
2011-07-22,0.462052,TQQQ,tiingo
2011-07-25,0.45933,TQQQ,tiingo
2011-07-26,0.461853,TQQQ,tiingo
2011-07-27,0.426817,TQQQ,tiingo
2011-07-28,0.429094,TQQQ,tiingo
2011-07-29,0.424937,TQQQ,tiingo
2011-08-01,0.419197,TQQQ,tiingo
2011-08-02,0.387377,TQQQ,tiingo
2011-08-03,0.397423,TQQQ,tiingo
2011-08-04,0.343334,TQQQ,tiingo
2011-08-05,0.335763,TQQQ,tiingo
2011-08-08,0.276776,TQQQ,tiingo
2011-08-09,0.314682,TQQQ,tiingo
2011-08-10,0.277567,TQQQ,tiingo
2011-08-11,0.313197,TQQQ,tiingo
2011-08-12,0.321165,TQQQ,tiingo
2011-08-15,0.335021,TQQQ,tiingo
2011-08-16,0.32641,TQQQ,tiingo
2011-08-17,0.321115,TQQQ,tiingo
2011-08-18,0.274548,TQQQ,tiingo
2011-08-19,0.259159,TQQQ,tiingo
2011-08-22,0.261484,TQQQ,tiingo
2011-08-23,0.293848,TQQQ,tiingo
2011-08-24,0.300776,TQQQ,tiingo
2011-08-25,0.286326,TQQQ,tiingo
2011-08-26,0.307011,TQQQ,tiingo
2011-08-29,0.33314,TQQQ,tiingo
2011-08-30,0.33992,TQQQ,tiingo
2011-08-31,0.341899,TQQQ,tiingo
2011-09-01,0.332249,TQQQ,tiingo
2011-09-02,0.308991,TQQQ,tiingo
2011-09-06,0.308941,TQQQ,tiingo
2011-09-07,0.332299,TQQQ,tiingo
2011-09-08,0.327697,TQQQ,tiingo
2011-09-09,0.306121,TQQQ,tiingo
2011-09-12,0.317601,TQQQ,tiingo
2011-09-13,0.329924,TQQQ,tiingo
2011-09-14,0.344175,TQQQ,tiingo
2011-09-15,0.359813,TQQQ,tiingo
2011-09-16,0.369216,TQQQ,tiingo
2011-09-19,0.370156,TQQQ,tiingo
2011-09-20,0.36491,TQQQ,tiingo
2011-09-21,0.346353,TQQQ,tiingo
2011-09-22,0.312653,TQQQ,tiingo
2011-09-23,0.322402,TQQQ,tiingo
2011-09-26,0.333338,TQQQ,tiingo
2011-09-27,0.343533,TQQQ,tiingo
2011-09-28,0.327351,TQQQ,tiingo
2011-09-29,0.317651,TQQQ,tiingo
2011-09-30,0.292958,TQQQ,tiingo
2011-10-03,0.269995,TQQQ,tiingo
2011-10-04,0.286425,TQQQ,tiingo
2011-10-05,0.308199,TQQQ,tiingo
2011-10-06,0.324034,TQQQ,tiingo
2011-10-07,0.317355,TQQQ,tiingo
2011-10-10,0.349916,TQQQ,tiingo
2011-10-11,0.357388,TQQQ,tiingo
2011-10-12,0.363129,TQQQ,tiingo
2011-10-13,0.372877,TQQQ,tiingo
2011-10-14,0.393414,TQQQ,tiingo
2011-10-17,0.375204,TQQQ,tiingo
2011-10-18,0.388812,TQQQ,tiingo
2011-10-19,0.366395,TQQQ,tiingo
2011-10-20,0.361744,TQQQ,tiingo
2011-10-21,0.374609,TQQQ,tiingo
2011-10-24,0.398017,TQQQ,tiingo
2011-10-25,0.37545,TQQQ,tiingo
2011-10-26,0.373966,TQQQ,tiingo
2011-10-27,0.404104,TQQQ,tiingo
2011-10-28,0.405439,TQQQ,tiingo
2011-10-31,0.385348,TQQQ,tiingo
2011-11-01,0.355508,TQQQ,tiingo
2011-11-02,0.364267,TQQQ,tiingo
2011-11-03,0.386437,TQQQ,tiingo
2011-11-04,0.380448,TQQQ,tiingo
2011-11-07,0.388911,TQQQ,tiingo
2011-11-08,0.401876,TQQQ,tiingo
2011-11-09,0.360308,TQQQ,tiingo
2011-11-10,0.358823,TQQQ,tiingo
2011-11-11,0.378964,TQQQ,tiingo
2011-11-14,0.372531,TQQQ,tiingo
2011-11-15,0.384506,TQQQ,tiingo
2011-11-16,0.365554,TQQQ,tiingo
2011-11-17,0.340415,TQQQ,tiingo
2011-11-18,0.332249,TQQQ,tiingo
2011-11-21,0.31295,TQQQ,tiingo
2011-11-22,0.315672,TQQQ,tiingo
2011-11-23,0.29469,TQQQ,tiingo
2011-11-25,0.288009,TQQQ,tiingo
2011-11-28,0.31775,TQQQ,tiingo
2011-11-29,0.312009,TQQQ,tiingo
2011-11-30,0.346254,TQQQ,tiingo
2011-12-01,0.353677,TQQQ,tiingo
2011-12-02,0.350312,TQQQ,tiingo
2011-12-05,0.361792,TQQQ,tiingo
2011-12-06,0.359021,TQQQ,tiingo
2011-12-07,0.359566,TQQQ,tiingo
2011-12-08,0.341256,TQQQ,tiingo
2011-12-09,0.357438,TQQQ,tiingo
2011-12-12,0.345709,TQQQ,tiingo
2011-12-13,0.33403,TQQQ,tiingo
2011-12-14,0.318492,TQQQ,tiingo
2011-12-15,0.316018,TQQQ,tiingo
2011-12-16,0.319977,TQQQ,tiingo
2011-12-19,0.311119,TQQQ,tiingo
2011-12-20,0.338732,TQQQ,tiingo
2011-12-21,0.324628,TQQQ,tiingo
2011-12-22,0.332546,TQQQ,tiingo
2011-12-23,0.341157,TQQQ,tiingo
2011-12-27,0.34378,TQQQ,tiingo
2011-12-28,0.332744,TQQQ,tiingo
2011-12-29,0.339227,TQQQ,tiingo
2011-12-30,0.336456,TQQQ,tiingo
2012-01-03,0.355607,TQQQ,tiingo
2012-01-04,0.359862,TQQQ,tiingo
2012-01-05,0.368721,TQQQ,tiingo
2012-01-06,0.372531,TQQQ,tiingo
2012-01-09,0.369413,TQQQ,tiingo
2012-01-10,0.376985,TQQQ,tiingo
2012-01-11,0.379607,TQQQ,tiingo
2012-01-12,0.384111,TQQQ,tiingo
2012-01-13,0.379707,TQQQ,tiingo
2012-01-17,0.389901,TQQQ,tiingo
2012-01-18,0.40539,TQQQ,tiingo
2012-01-19,0.413506,TQQQ,tiingo
2012-01-20,0.411674,TQQQ,tiingo
2012-01-23,0.411625,TQQQ,tiingo
2012-01-24,0.409349,TQQQ,tiingo
2012-01-25,0.424986,TQQQ,tiingo
2012-01-26,0.420483,TQQQ,tiingo
2012-01-27,0.42464,TQQQ,tiingo
2012-01-30,0.425332,TQQQ,tiingo
2012-01-31,0.426817,TQQQ,tiingo
2012-02-01,0.437309,TQQQ,tiingo
2012-02-02,0.441812,TQQQ,tiingo
2012-02-03,0.459379,TQQQ,tiingo
2012-02-06,0.458934,TQQQ,tiingo
2012-02-07,0.460913,TQQQ,tiingo
2012-02-08,0.468584,TQQQ,tiingo
2012-02-09,0.478976,TQQQ,tiingo
2012-02-10,0.468732,TQQQ,tiingo
2012-02-13,0.481351,TQQQ,tiingo
2012-02-14,0.485557,TQQQ,tiingo
2012-02-15,0.474719,TQQQ,tiingo
2012-02-16,0.494564,TQQQ,tiingo
2012-02-17,0.490357,TQQQ,tiingo
2012-02-21,0.494514,TQQQ,tiingo
2012-02-22,0.487982,TQQQ,tiingo
2012-02-23,0.497236,TQQQ,tiingo
2012-02-24,0.502085,TQQQ,tiingo
2012-02-27,0.50451,TQQQ,tiingo
2012-02-28,0.519603,TQQQ,tiingo
2012-02-29,0.512775,TQQQ,tiingo
2012-03-01,0.525245,TQQQ,tiingo
2012-03-02,0.523661,TQQQ,tiingo
2012-03-05,0.507331,TQQQ,tiingo
2012-03-06,0.492783,TQQQ,tiingo
2012-03-07,0.503966,TQQQ,tiingo
2012-03-08,0.51995,TQQQ,tiingo
2012-03-09,0.526235,TQQQ,tiingo
2012-03-12,0.527076,TQQQ,tiingo
2012-03-13,0.556768,TQQQ,tiingo
2012-03-14,0.563003,TQQQ,tiingo
2012-03-15,0.567308,TQQQ,tiingo
2012-03-16,0.566071,TQQQ,tiingo
2012-03-19,0.578393,TQQQ,tiingo
2012-03-20,0.581561,TQQQ,tiingo
2012-03-21,0.581362,TQQQ,tiingo
2012-03-22,0.577849,TQQQ,tiingo
2012-03-23,0.577057,TQQQ,tiingo
2012-03-26,0.607194,TQQQ,tiingo
2012-03-27,0.60952,TQQQ,tiingo
2012-03-28,0.602394,TQQQ,tiingo
2012-03-29,0.596208,TQQQ,tiingo
2012-03-30,0.592052,TQQQ,tiingo
2012-04-02,0.610114,TQQQ,tiingo
2012-04-03,0.610163,TQQQ,tiingo
2012-04-04,0.585271,TQQQ,tiingo
2012-04-05,0.595961,TQQQ,tiingo
2012-04-09,0.582253,TQQQ,tiingo
2012-04-10,0.554145,TQQQ,tiingo
2012-04-11,0.562162,TQQQ,tiingo
2012-04-12,0.581016,TQQQ,tiingo
2012-04-13,0.554739,TQQQ,tiingo
2012-04-16,0.53727,TQQQ,tiingo
2012-04-17,0.568942,TQQQ,tiingo
2012-04-18,0.564785,TQQQ,tiingo
2012-04-19,0.546524,TQQQ,tiingo
2012-04-20,0.540636,TQQQ,tiingo
2012-04-23,0.527027,TQQQ,tiingo
2012-04-24,0.517723,TQQQ,tiingo
2012-04-25,0.558847,TQQQ,tiingo
2012-04-26,0.568843,TQQQ,tiingo
2012-04-27,0.578591,TQQQ,tiingo
2012-04-30,0.566566,TQQQ,tiingo
2012-05-01,0.569783,TQQQ,tiingo
2012-05-02,0.573543,TQQQ,tiingo
2012-05-03,0.555729,TQQQ,tiingo
2012-05-04,0.514952,TQQQ,tiingo
2012-05-07,0.515694,TQQQ,tiingo
2012-05-08,0.510003,TQQQ,tiingo
2012-05-09,0.507183,TQQQ,tiingo
2012-05-10,0.501986,TQQQ,tiingo
2012-05-11,0.501491,TQQQ,tiingo
2012-05-14,0.487636,TQQQ,tiingo
2012-05-15,0.48338,TQQQ,tiingo
2012-05-16,0.472889,TQQQ,tiingo
2012-05-17,0.443791,TQQQ,tiingo
2012-05-18,0.425976,TQQQ,tiingo
2012-05-21,0.461804,TQQQ,tiingo
2012-05-22,0.460121,TQQQ,tiingo
2012-05-23,0.462694,TQQQ,tiingo
2012-05-24,0.454381,TQQQ,tiingo
2012-05-25,0.451808,TQQQ,tiingo
2012-05-29,0.468633,TQQQ,tiingo
2012-05-30,0.457251,TQQQ,tiingo
2012-05-31,0.450719,TQQQ,tiingo
2012-06-01,0.415287,TQQQ,tiingo
2012-06-04,0.424195,TQQQ,tiingo
2012-06-05,0.430034,TQQQ,tiingo
2012-06-06,0.459429,TQQQ,tiingo
2012-06-07,0.454282,TQQQ,tiingo
2012-06-08,0.467643,TQQQ,tiingo
2012-06-11,0.445276,TQQQ,tiingo
2012-06-12,0.45933,TQQQ,tiingo
2012-06-13,0.450323,TQQQ,tiingo
2012-06-14,0.455371,TQQQ,tiingo
2012-06-15,0.472196,TQQQ,tiingo
2012-06-18,0.484369,TQQQ,tiingo
2012-06-19,0.500304,TQQQ,tiingo
2012-06-20,0.502085,TQQQ,tiingo
2012-06-21,0.464476,TQQQ,tiingo
2012-06-22,0.478926,TQQQ,tiingo
2012-06-25,0.450521,TQQQ,tiingo
2012-06-26,0.459231,TQQQ,tiingo
2012-06-27,0.467643,TQQQ,tiingo
2012-06-28,0.450818,TQQQ,tiingo
2012-06-29,0.494861,TQQQ,tiingo
2012-07-02,0.49882,TQQQ,tiingo
2012-07-03,0.510696,TQQQ,tiingo
2012-07-05,0.512478,TQQQ,tiingo
2012-07-06,0.492288,TQQQ,tiingo
2012-07-09,0.490605,TQQQ,tiingo
2012-07-10,0.475561,TQQQ,tiingo
2012-07-11,0.469029,TQQQ,tiingo
2012-07-12,0.45547,TQQQ,tiingo
2012-07-13,0.475264,TQQQ,tiingo
2012-07-16,0.471701,TQQQ,tiingo
2012-07-17,0.478926,TQQQ,tiingo
2012-07-18,0.498423,TQQQ,tiingo
2012-07-19,0.514655,TQQQ,tiingo
2012-07-20,0.494861,TQQQ,tiingo
2012-07-23,0.476551,TQQQ,tiingo
2012-07-24,0.465663,TQQQ,tiingo
2012-07-25,0.455272,TQQQ,tiingo
2012-07-26,0.473087,TQQQ,tiingo
2012-07-27,0.508915,TQQQ,tiingo
2012-07-30,0.505847,TQQQ,tiingo
2012-07-31,0.506143,TQQQ,tiingo
2012-08-01,0.501195,TQQQ,tiingo
2012-08-02,0.495949,TQQQ,tiingo
2012-08-03,0.524156,TQQQ,tiingo
2012-08-06,0.535934,TQQQ,tiingo
2012-08-07,0.549197,TQQQ,tiingo
2012-08-08,0.548306,TQQQ,tiingo
2012-08-09,0.552957,TQQQ,tiingo
2012-08-10,0.555234,TQQQ,tiingo
2012-08-13,0.558599,TQQQ,tiingo
2012-08-14,0.559391,TQQQ,tiingo
2012-08-15,0.56335,TQQQ,tiingo
2012-08-16,0.58354,TQQQ,tiingo
2012-08-17,0.591557,TQQQ,tiingo
2012-08-20,0.593833,TQQQ,tiingo
2012-08-21,0.587004,TQQQ,tiingo
2012-08-22,0.593338,TQQQ,tiingo
2012-08-23,0.580174,TQQQ,tiingo
2012-08-24,0.590468,TQQQ,tiingo
2012-08-27,0.593338,TQQQ,tiingo
2012-08-28,0.593239,TQQQ,tiingo
2012-08-29,0.593437,TQQQ,tiingo
2012-08-30,0.575325,TQQQ,tiingo
2012-08-31,0.587598,TQQQ,tiingo
2012-09-04,0.585123,TQQQ,tiingo
2012-09-05,0.582451,TQQQ,tiingo
2012-09-06,0.620951,TQQQ,tiingo
2012-09-07,0.618279,TQQQ,tiingo
2012-09-10,0.595515,TQQQ,tiingo
2012-09-11,0.592942,TQQQ,tiingo
2012-09-12,0.598089,TQQQ,tiingo
2012-09-13,0.62194,TQQQ,tiingo
2012-09-14,0.637875,TQQQ,tiingo
2012-09-17,0.639063,TQQQ,tiingo
2012-09-18,0.640251,TQQQ,tiingo
2012-09-19,0.644507,TQQQ,tiingo
2012-09-20,0.643022,TQQQ,tiingo
2012-09-21,0.643022,TQQQ,tiingo
2012-09-24,0.631145,TQQQ,tiingo
2012-09-25,0.605808,TQQQ,tiingo
2012-09-26,0.589874,TQQQ,tiingo
2012-09-27,0.614913,TQQQ,tiingo
2012-09-28,0.600167,TQQQ,tiingo
2012-10-01,0.597594,TQQQ,tiingo
2012-10-02,0.601454,TQQQ,tiingo
2012-10-03,0.612836,TQQQ,tiingo
2012-10-04,0.619961,TQQQ,tiingo
2012-10-05,0.609273,TQQQ,tiingo
2012-10-08,0.59314,TQQQ,tiingo
2012-10-09,0.562656,TQQQ,tiingo
2012-10-10,0.555828,TQQQ,tiingo
2012-10-11,0.550878,TQQQ,tiingo
2012-10-12,0.55078,TQQQ,tiingo
2012-10-15,0.561766,TQQQ,tiingo
2012-10-16,0.586212,TQQQ,tiingo
2012-10-17,0.584431,TQQQ,tiingo
2012-10-18,0.564439,TQQQ,tiingo
2012-10-19,0.523661,TQQQ,tiingo
2012-10-22,0.531876,TQQQ,tiingo
2012-10-23,0.516139,TQQQ,tiingo
2012-10-24,0.510994,TQQQ,tiingo
2012-10-25,0.510994,TQQQ,tiingo
2012-10-26,0.516338,TQQQ,tiingo
2012-10-31,0.506342,TQQQ,tiingo
2012-11-01,0.527818,TQQQ,tiingo
2012-11-02,0.508518,TQQQ,tiingo
2012-11-05,0.52099,TQQQ,tiingo
2012-11-06,0.524156,TQQQ,tiingo
2012-11-07,0.486547,TQQQ,tiingo
2012-11-08,0.463783,TQQQ,tiingo
2012-11-09,0.468831,TQQQ,tiingo
2012-11-12,0.469524,TQQQ,tiingo
2012-11-13,0.45933,TQQQ,tiingo
2012-11-14,0.442901,TQQQ,tiingo
2012-11-15,0.438941,TQQQ,tiingo
2012-11-16,0.44389,TQQQ,tiingo
2012-11-19,0.475858,TQQQ,tiingo
2012-11-20,0.475957,TQQQ,tiingo
2012-11-21,0.479322,TQQQ,tiingo
2012-11-23,0.501294,TQQQ,tiingo
2012-11-26,0.507727,TQQQ,tiingo
2012-11-27,0.501986,TQQQ,tiingo
2012-11-28,0.515447,TQQQ,tiingo
2012-11-29,0.524354,TQQQ,tiingo
2012-11-30,0.522474,TQQQ,tiingo
2012-12-03,0.519901,TQQQ,tiingo
2012-12-04,0.516536,TQQQ,tiingo
2012-12-05,0.500601,TQQQ,tiingo
2012-12-06,0.509806,TQQQ,tiingo
2012-12-07,0.501096,TQQQ,tiingo
2012-12-10,0.505549,TQQQ,tiingo
2012-12-11,0.525047,TQQQ,tiingo
2012-12-12,0.521484,TQQQ,tiingo
2012-12-13,0.509706,TQQQ,tiingo
2012-12-14,0.495257,TQQQ,tiingo
2012-12-17,0.514556,TQQQ,tiingo
2012-12-18,0.538408,TQQQ,tiingo
2012-12-19,0.530688,TQQQ,tiingo
2012-12-20,0.531085,TQQQ,tiingo
2012-12-21,0.514556,TQQQ,tiingo
2012-12-24,0.510201,TQQQ,tiingo
2012-12-26,0.498127,TQQQ,tiingo
2012-12-27,0.495356,TQQQ,tiingo
2012-12-28,0.481005,TQQQ,tiingo
2012-12-31,0.512379,TQQQ,tiingo
2013-01-02,0.560182,TQQQ,tiingo
2013-01-03,0.552066,TQQQ,tiingo
2013-01-04,0.546623,TQQQ,tiingo
2013-01-07,0.547217,TQQQ,tiingo
2013-01-08,0.54405,TQQQ,tiingo
2013-01-09,0.549592,TQQQ,tiingo
2013-01-10,0.559292,TQQQ,tiingo
2013-01-11,0.56137,TQQQ,tiingo
2013-01-14,0.554145,TQQQ,tiingo
2013-01-15,0.54593,TQQQ,tiingo
2013-01-16,0.552066,TQQQ,tiingo
2013-01-17,0.560578,TQQQ,tiingo
2013-01-18,0.557411,TQQQ,tiingo
2013-01-22,0.559687,TQQQ,tiingo
2013-01-23,0.568793,TQQQ,tiingo
2013-01-24,0.546128,TQQQ,tiingo
2013-01-25,0.554244,TQQQ,tiingo
2013-01-28,0.558203,TQQQ,tiingo
2013-01-29,0.558203,TQQQ,tiingo
2013-01-30,0.555135,TQQQ,tiingo
2013-01-31,0.551572,TQQQ,tiingo
2013-02-01,0.569683,TQQQ,tiingo
2013-02-04,0.540685,TQQQ,tiingo
2013-02-05,0.564439,TQQQ,tiingo
2013-02-06,0.559193,TQQQ,tiingo
2013-02-07,0.560578,TQQQ,tiingo
2013-02-08,0.577601,TQQQ,tiingo
2013-02-11,0.577404,TQQQ,tiingo
2013-02-12,0.570673,TQQQ,tiingo
2013-02-13,0.577304,TQQQ,tiingo
2013-02-14,0.576116,TQQQ,tiingo
2013-02-15,0.571168,TQQQ,tiingo
2013-02-19,0.583638,TQQQ,tiingo
2013-02-20,0.557015,TQQQ,tiingo
2013-02-21,0.538903,TQQQ,tiingo
2013-02-22,0.554739,TQQQ,tiingo
2013-02-25,0.534054,TQQQ,tiingo
2013-02-26,0.540487,TQQQ,tiingo
2013-02-27,0.556916,TQQQ,tiingo
2013-02-28,0.554838,TQQQ,tiingo
2013-03-01,0.560578,TQQQ,tiingo
2013-03-04,0.567803,TQQQ,tiingo
2013-03-05,0.592744,TQQQ,tiingo
2013-03-06,0.588983,TQQQ,tiingo
2013-03-07,0.59413,TQQQ,tiingo
2013-03-08,0.594822,TQQQ,tiingo
2013-03-11,0.600959,TQQQ,tiingo
2013-03-12,0.593635,TQQQ,tiingo
2013-03-13,0.591754,TQQQ,tiingo
2013-03-14,0.597791,TQQQ,tiingo
2013-03-15,0.592151,TQQQ,tiingo
2013-03-18,0.588093,TQQQ,tiingo
2013-03-19,0.585717,TQQQ,tiingo
2013-03-20,0.596901,TQQQ,tiingo
2013-03-21,0.577799,TQQQ,tiingo
2013-03-22,0.593733,TQQQ,tiingo
2013-03-25,0.587696,TQQQ,tiingo
2013-03-26,0.596703,TQQQ,tiingo
2013-03-27,0.59987,TQQQ,tiingo
2013-03-28,0.603334,TQQQ,tiingo
2013-04-01,0.591656,TQQQ,tiingo
2013-04-02,0.605017,TQQQ,tiingo
2013-04-03,0.588983,TQQQ,tiingo
2013-04-04,0.58928,TQQQ,tiingo
2013-04-05,0.57483,TQQQ,tiingo
2013-04-08,0.583638,TQQQ,tiingo
2013-04-09,0.59512,TQQQ,tiingo
2013-04-10,0.629958,TQQQ,tiingo
2013-04-11,0.628869,TQQQ,tiingo
2013-04-12,0.628176,TQQQ,tiingo
2013-04-15,0.589973,TQQQ,tiingo
2013-04-16,0.614617,TQQQ,tiingo
2013-04-17,0.57869,TQQQ,tiingo
2013-04-18,0.55365,TQQQ,tiingo
2013-04-19,0.576611,TQQQ,tiingo
2013-04-22,0.594327,TQQQ,tiingo
2013-04-23,0.611845,TQQQ,tiingo
2013-04-24,0.610361,TQQQ,tiingo
2013-04-25,0.620259,TQQQ,tiingo
2013-04-26,0.615013,TQQQ,tiingo
2013-04-29,0.631343,TQQQ,tiingo
2013-04-30,0.645199,TQQQ,tiingo
2013-05-01,0.636985,TQQQ,tiingo
2013-05-02,0.660045,TQQQ,tiingo
2013-05-03,0.683105,TQQQ,tiingo
2013-05-06,0.691915,TQQQ,tiingo
2013-05-07,0.690232,TQQQ,tiingo
2013-05-08,0.70102,TQQQ,tiingo
2013-05-09,0.698546,TQQQ,tiingo
2013-05-10,0.710422,TQQQ,tiingo
2013-05-13,0.713193,TQQQ,tiingo
2013-05-14,0.723685,TQQQ,tiingo
2013-05-15,0.729029,TQQQ,tiingo
2013-05-16,0.726356,TQQQ,tiingo
2013-05-17,0.746844,TQQQ,tiingo
2013-05-20,0.743478,TQQQ,tiingo
2013-05-21,0.74625,TQQQ,tiingo
2013-05-22,0.728039,TQQQ,tiingo
2013-05-23,0.720121,TQQQ,tiingo
2013-05-24,0.719726,TQQQ,tiingo
2013-05-28,0.734571,TQQQ,tiingo
2013-05-29,0.723486,TQQQ,tiingo
2013-05-30,0.735264,TQQQ,tiingo
2013-05-31,0.714282,TQQQ,tiingo
2013-06-03,0.718439,TQQQ,tiingo
2013-06-04,0.70765,TQQQ,tiingo
2013-06-05,0.680532,TQQQ,tiingo
2013-06-06,0.688846,TQQQ,tiingo
2013-06-07,0.717647,TQQQ,tiingo
2013-06-10,0.717944,TQQQ,tiingo
2013-06-11,0.697159,TQQQ,tiingo
2013-06-12,0.67301,TQQQ,tiingo
2013-06-13,0.697159,TQQQ,tiingo
2013-06-14,0.684887,TQQQ,tiingo
2013-06-17,0.70389,TQQQ,tiingo
2013-06-18,0.720517,TQQQ,tiingo
2013-06-19,0.697853,TQQQ,tiingo
2013-06-20,0.646387,TQQQ,tiingo
2013-06-21,0.637281,TQQQ,tiingo
2013-06-24,0.617586,TQQQ,tiingo
2013-06-25,0.630749,TQQQ,tiingo
2013-06-26,0.647971,TQQQ,tiingo
2013-06-27,0.655196,TQQQ,tiingo
2013-06-28,0.656977,TQQQ,tiingo
2013-07-01,0.671031,TQQQ,tiingo
2013-07-02,0.671328,TQQQ,tiingo
2013-07-03,0.680433,TQQQ,tiingo
2013-07-05,0.695478,TQQQ,tiingo
2013-07-08,0.697753,TQQQ,tiingo
2013-07-09,0.710521,TQQQ,tiingo
2013-07-10,0.722497,TQQQ,tiingo
2013-07-11,0.767529,TQQQ,tiingo
2013-07-12,0.775546,TQQQ,tiingo
2013-07-15,0.781583,TQQQ,tiingo
2013-07-16,0.778515,TQQQ,tiingo
2013-07-17,0.784057,TQQQ,tiingo
2013-07-18,0.778316,TQQQ,tiingo
2013-07-19,0.754662,TQQQ,tiingo
2013-07-22,0.760106,TQQQ,tiingo
2013-07-23,0.743182,TQQQ,tiingo
2013-07-24,0.750209,TQQQ,tiingo
2013-07-25,0.763768,TQQQ,tiingo
2013-07-26,0.776436,TQQQ,tiingo
2013-07-29,0.772873,TQQQ,tiingo
2013-07-30,0.784354,TQQQ,tiingo
2013-07-31,0.789303,TQQQ,tiingo
2013-08-01,0.813353,TQQQ,tiingo
2013-08-02,0.826912,TQQQ,tiingo
2013-08-05,0.828693,TQQQ,tiingo
2013-08-06,0.813947,TQQQ,tiingo
2013-08-07,0.809295,TQQQ,tiingo
2013-08-08,0.820083,TQQQ,tiingo
2013-08-09,0.811275,TQQQ,tiingo
2013-08-12,0.816322,TQQQ,tiingo
2013-08-13,0.829881,TQQQ,tiingo
2013-08-14,0.820677,TQQQ,tiingo
2013-08-15,0.779505,TQQQ,tiingo
2013-08-16,0.776733,TQQQ,tiingo
2013-08-19,0.773666,TQQQ,tiingo
2013-08-20,0.784256,TQQQ,tiingo
2013-08-21,0.776436,TQQQ,tiingo
2013-08-22,0.798606,TQQQ,tiingo
2013-08-23,0.815432,TQQQ,tiingo
2013-08-26,0.816124,TQQQ,tiingo
2013-08-27,0.764757,TQQQ,tiingo
2013-08-28,0.774655,TQQQ,tiingo
2013-08-29,0.790689,TQQQ,tiingo
2013-08-30,0.775941,TQQQ,tiingo
2013-09-03,0.788709,TQQQ,tiingo
2013-09-04,0.814442,TQQQ,tiingo
2013-09-05,0.818005,TQQQ,tiingo
2013-09-06,0.820974,TQQQ,tiingo
2013-09-09,0.849873,TQQQ,tiingo
2013-09-10,0.86274,TQQQ,tiingo
2013-09-11,0.858386,TQQQ,tiingo
2013-09-12,0.854525,TQQQ,tiingo
2013-09-13,0.857297,TQQQ,tiingo
2013-09-16,0.850072,TQQQ,tiingo
2013-09-17,0.867095,TQQQ,tiingo
2013-09-18,0.898964,TQQQ,tiingo
2013-09-19,0.904506,TQQQ,tiingo
2013-09-20,0.894609,TQQQ,tiingo
2013-09-23,0.889562,TQQQ,tiingo
2013-09-24,0.889759,TQQQ,tiingo
2013-09-25,0.881347,TQQQ,tiingo
2013-09-26,0.901537,TQQQ,tiingo
2013-09-27,0.897281,TQQQ,tiingo
2013-09-30,0.89164,TQQQ,tiingo
2013-10-01,0.918363,TQQQ,tiingo
2013-10-02,0.91668,TQQQ,tiingo
2013-10-03,0.884811,TQQQ,tiingo
2013-10-04,0.907574,TQQQ,tiingo
2013-10-07,0.885108,TQQQ,tiingo
2013-10-08,0.835028,TQQQ,tiingo
2013-10-09,0.825823,TQQQ,tiingo
2013-10-10,0.878279,TQQQ,tiingo
2013-10-11,0.898073,TQQQ,tiingo
2013-10-14,0.91668,TQQQ,tiingo
2013-10-15,0.906881,TQQQ,tiingo
2013-10-16,0.93786,TQQQ,tiingo
2013-10-17,0.953003,TQQQ,tiingo
2013-10-18,1.00012,TQQQ,tiingo
2013-10-21,1.00586,TQQQ,tiingo
2013-10-22,1.00932,TQQQ,tiingo
2013-10-23,0.993086,TQQQ,tiingo
2013-10-24,1.00546,TQQQ,tiingo
2013-10-25,1.02555,TQQQ,tiingo
2013-10-28,1.02763,TQQQ,tiingo
2013-10-29,1.03257,TQQQ,tiingo
2013-10-30,1.02931,TQQQ,tiingo
2013-10-31,1.02268,TQQQ,tiingo
2013-11-01,1.02218,TQQQ,tiingo
2013-11-04,1.02713,TQQQ,tiingo
2013-11-05,1.03148,TQQQ,tiingo
2013-11-06,1.02971,TQQQ,tiingo
2013-11-07,0.972599,TQQQ,tiingo
2013-11-08,1.011,TQQQ,tiingo
2013-11-11,1.00615,TQQQ,tiingo
2013-11-12,1.01109,TQQQ,tiingo
2013-11-13,1.04732,TQQQ,tiingo
2013-11-14,1.05544,TQQQ,tiingo
2013-11-15,1.06276,TQQQ,tiingo
2013-11-18,1.03337,TQQQ,tiingo
2013-11-19,1.02317,TQQQ,tiingo
2013-11-20,1.01604,TQQQ,tiingo
2013-11-21,1.04712,TQQQ,tiingo
2013-11-22,1.06365,TQQQ,tiingo
2013-11-25,1.07068,TQQQ,tiingo
2013-11-26,1.0884,TQQQ,tiingo
2013-11-27,1.11017,TQQQ,tiingo
2013-11-29,1.12838,TQQQ,tiingo
2013-12-02,1.12136,TQQQ,tiingo
2013-12-03,1.11809,TQQQ,tiingo
2013-12-04,1.12096,TQQQ,tiingo
2013-12-05,1.11749,TQQQ,tiingo
2013-12-06,1.14056,TQQQ,tiingo
2013-12-09,1.15421,TQQQ,tiingo
2013-12-10,1.15213,TQQQ,tiingo
2013-12-11,1.10908,TQQQ,tiingo
2013-12-12,1.10008,TQQQ,tiingo
2013-12-13,1.09483,TQQQ,tiingo
2013-12-16,1.11363,TQQQ,tiingo
2013-12-17,1.10661,TQQQ,tiingo
2013-12-18,1.14481,TQQQ,tiingo
2013-12-19,1.13452,TQQQ,tiingo
2013-12-20,1.16866,TQQQ,tiingo
2013-12-23,1.20647,TQQQ,tiingo
2013-12-24,1.20815,TQQQ,tiingo
2013-12-26,1.21993,TQQQ,tiingo
2013-12-27,1.21102,TQQQ,tiingo
2013-12-30,1.20469,TQQQ,tiingo
2013-12-31,1.22834,TQQQ,tiingo
2014-01-02,1.19964,TQQQ,tiingo
2014-01-03,1.17351,TQQQ,tiingo
2014-01-06,1.16104,TQQQ,tiingo
2014-01-07,1.19113,TQQQ,tiingo
2014-01-08,1.20004,TQQQ,tiingo
2014-01-09,1.18766,TQQQ,tiingo
2014-01-10,1.19954,TQQQ,tiingo
2014-01-13,1.1462,TQQQ,tiingo
2014-01-14,1.21182,TQQQ,tiingo
2014-01-15,1.24012,TQQQ,tiingo
2014-01-16,1.2427,TQQQ,tiingo
2014-01-17,1.22062,TQQQ,tiingo
2014-01-21,1.24793,TQQQ,tiingo
2014-01-22,1.25952,TQQQ,tiingo
2014-01-23,1.24437,TQQQ,tiingo
2014-01-24,1.17064,TQQQ,tiingo
2014-01-27,1.1366,TQQQ,tiingo
2014-01-28,1.1362,TQQQ,tiingo
2014-01-29,1.10037,TQQQ,tiingo
2014-01-30,1.15837,TQQQ,tiingo
2014-01-31,1.15026,TQQQ,tiingo
2014-02-03,1.07405,TQQQ,tiingo
2014-02-04,1.09503,TQQQ,tiingo
2014-02-05,1.08493,TQQQ,tiingo
2014-02-06,1.12651,TQQQ,tiingo
2014-02-07,1.18628,TQQQ,tiingo
2014-02-10,1.20805,TQQQ,tiingo
2014-02-11,1.24942,TQQQ,tiingo
2014-02-12,1.25536,TQQQ,tiingo
2014-02-13,1.28763,TQQQ,tiingo
2014-02-14,1.29139,TQQQ,tiingo
2014-02-18,1.31158,TQQQ,tiingo
2014-02-19,1.28288,TQQQ,tiingo
2014-02-20,1.30148,TQQQ,tiingo
2014-02-21,1.29475,TQQQ,tiingo
2014-02-24,1.31752,TQQQ,tiingo
2014-02-25,1.31277,TQQQ,tiingo
2014-02-26,1.30841,TQQQ,tiingo
2014-02-27,1.33414,TQQQ,tiingo
2014-02-28,1.32742,TQQQ,tiingo
2014-03-03,1.29831,TQQQ,tiingo
2014-03-04,1.35057,TQQQ,tiingo
2014-03-05,1.36166,TQQQ,tiingo
2014-03-06,1.35651,TQQQ,tiingo
2014-03-07,1.33712,TQQQ,tiingo
2014-03-10,1.33988,TQQQ,tiingo
2014-03-11,1.32326,TQQQ,tiingo
2014-03-12,1.33811,TQQQ,tiingo
2014-03-13,1.28129,TQQQ,tiingo
2014-03-14,1.25497,TQQQ,tiingo
2014-03-17,1.28841,TQQQ,tiingo
2014-03-18,1.33474,TQQQ,tiingo
2014-03-19,1.31277,TQQQ,tiingo
2014-03-20,1.32306,TQQQ,tiingo
2014-03-21,1.27456,TQQQ,tiingo
2014-03-24,1.2425,TQQQ,tiingo
2014-03-25,1.25397,TQQQ,tiingo
2014-03-26,1.20627,TQQQ,tiingo
2014-03-27,1.18489,TQQQ,tiingo
2014-03-28,1.19261,TQQQ,tiingo
2014-03-31,1.21637,TQQQ,tiingo
2014-04-01,1.28229,TQQQ,tiingo
2014-04-02,1.29238,TQQQ,tiingo
2014-04-03,1.2619,TQQQ,tiingo
2014-04-04,1.16174,TQQQ,tiingo
2014-04-07,1.12689,TQQQ,tiingo
2014-04-08,1.15837,TQQQ,tiingo
2014-04-09,1.21775,TQQQ,tiingo
2014-04-10,1.10532,TQQQ,tiingo
2014-04-11,1.06672,TQQQ,tiingo
2014-04-14,1.09068,TQQQ,tiingo
2014-04-15,1.10156,TQQQ,tiingo
2014-04-16,1.14432,TQQQ,tiingo
2014-04-17,1.14491,TQQQ,tiingo
2014-04-21,1.17084,TQQQ,tiingo
2014-04-22,1.19954,TQQQ,tiingo
2014-04-23,1.16689,TQQQ,tiingo
2014-04-24,1.20133,TQQQ,tiingo
2014-04-25,1.14332,TQQQ,tiingo
2014-04-28,1.1556,TQQQ,tiingo
2014-04-29,1.18114,TQQQ,tiingo
2014-04-30,1.19163,TQQQ,tiingo
2014-05-01,1.20232,TQQQ,tiingo
2014-05-02,1.19638,TQQQ,tiingo
2014-05-05,1.21339,TQQQ,tiingo
2014-05-06,1.16649,TQQQ,tiingo
2014-05-07,1.156,TQQQ,tiingo
2014-05-08,1.15204,TQQQ,tiingo
2014-05-09,1.1655,TQQQ,tiingo
2014-05-12,1.22231,TQQQ,tiingo
2014-05-13,1.22488,TQQQ,tiingo
2014-05-14,1.20667,TQQQ,tiingo
2014-05-15,1.17876,TQQQ,tiingo
2014-05-16,1.20073,TQQQ,tiingo
2014-05-19,1.22647,TQQQ,tiingo
2014-05-20,1.213,TQQQ,tiingo
2014-05-21,1.24725,TQQQ,tiingo
2014-05-22,1.26269,TQQQ,tiingo
2014-05-23,1.29099,TQQQ,tiingo
2014-05-27,1.33949,TQQQ,tiingo
2014-05-28,1.32682,TQQQ,tiingo
2014-05-29,1.35375,TQQQ,tiingo
2014-05-30,1.35256,TQQQ,tiingo
2014-06-02,1.34918,TQQQ,tiingo
2014-06-03,1.34721,TQQQ,tiingo
2014-06-04,1.36146,TQQQ,tiingo
2014-06-05,1.39689,TQQQ,tiingo
2014-06-06,1.41945,TQQQ,tiingo
2014-06-09,1.41689,TQQQ,tiingo
2014-06-10,1.425,TQQQ,tiingo
2014-06-11,1.42283,TQQQ,tiingo
2014-06-12,1.38561,TQQQ,tiingo
2014-06-13,1.39511,TQQQ,tiingo
2014-06-16,1.40025,TQQQ,tiingo
2014-06-17,1.40224,TQQQ,tiingo
2014-06-18,1.42777,TQQQ,tiingo
2014-06-19,1.42223,TQQQ,tiingo
2014-06-20,1.42738,TQQQ,tiingo
2014-06-23,1.42896,TQQQ,tiingo
2014-06-24,1.425,TQQQ,tiingo
2014-06-25,1.45116,TQQQ,tiingo
2014-06-26,1.45512,TQQQ,tiingo
2014-06-27,1.46958,TQQQ,tiingo
2014-06-30,1.48046,TQQQ,tiingo
2014-07-01,1.53016,TQQQ,tiingo
2014-07-02,1.53609,TQQQ,tiingo
2014-07-03,1.56559,TQQQ,tiingo
2014-07-07,1.55054,TQQQ,tiingo
2014-07-08,1.4965,TQQQ,tiingo
2014-07-09,1.53035,TQQQ,tiingo
2014-07-10,1.5159,TQQQ,tiingo
2014-07-11,1.54223,TQQQ,tiingo
2014-07-14,1.57173,TQQQ,tiingo
2014-07-15,1.55531,TQQQ,tiingo
2014-07-16,1.57292,TQQQ,tiingo
2014-07-17,1.51016,TQQQ,tiingo
2014-07-18,1.58163,TQQQ,tiingo
2014-07-21,1.57589,TQQQ,tiingo
2014-07-22,1.60717,TQQQ,tiingo
2014-07-23,1.63726,TQQQ,tiingo
2014-07-24,1.63152,TQQQ,tiingo
2014-07-25,1.61152,TQQQ,tiingo
2014-07-28,1.61351,TQQQ,tiingo
2014-07-29,1.60539,TQQQ,tiingo
2014-07-30,1.62459,TQQQ,tiingo
2014-07-31,1.5256,TQQQ,tiingo
2014-08-01,1.50799,TQQQ,tiingo
2014-08-04,1.53887,TQQQ,tiingo
2014-08-05,1.50284,TQQQ,tiingo
2014-08-06,1.50026,TQQQ,tiingo
2014-08-07,1.48581,TQQQ,tiingo
2014-08-08,1.51749,TQQQ,tiingo
2014-08-11,1.54501,TQQQ,tiingo
2014-08-12,1.54144,TQQQ,tiingo
2014-08-13,1.59153,TQQQ,tiingo
2014-08-14,1.61607,TQQQ,tiingo
2014-08-15,1.63805,TQQQ,tiingo
2014-08-18,1.67765,TQQQ,tiingo
2014-08-19,1.70656,TQQQ,tiingo
2014-08-20,1.70656,TQQQ,tiingo
2014-08-21,1.71626,TQQQ,tiingo
2014-08-22,1.72298,TQQQ,tiingo
2014-08-25,1.74219,TQQQ,tiingo
2014-08-26,1.74813,TQQQ,tiingo
2014-08-27,1.74833,TQQQ,tiingo
2014-08-28,1.7412,TQQQ,tiingo
2014-08-29,1.7616,TQQQ,tiingo
2014-09-02,1.77625,TQQQ,tiingo
2014-09-03,1.74576,TQQQ,tiingo
2014-09-04,1.74021,TQQQ,tiingo
2014-09-05,1.76714,TQQQ,tiingo
2014-09-08,1.77605,TQQQ,tiingo
2014-09-09,1.73288,TQQQ,tiingo
2014-09-10,1.77307,TQQQ,tiingo
2014-09-11,1.77169,TQQQ,tiingo
2014-09-12,1.74377,TQQQ,tiingo
2014-09-15,1.69131,TQQQ,tiingo
2014-09-16,1.73704,TQQQ,tiingo
2014-09-17,1.74556,TQQQ,tiingo
2014-09-18,1.78317,TQQQ,tiingo
2014-09-19,1.77921,TQQQ,tiingo
2014-09-22,1.73091,TQQQ,tiingo
2014-09-23,1.71586,TQQQ,tiingo
2014-09-24,1.77149,TQQQ,tiingo
2014-09-25,1.65904,TQQQ,tiingo
2014-09-26,1.71209,TQQQ,tiingo
2014-09-29,1.70636,TQQQ,tiingo
2014-09-30,1.71269,TQQQ,tiingo
2014-10-01,1.63073,TQQQ,tiingo
2014-10-02,1.62994,TQQQ,tiingo
2014-10-03,1.67904,TQQQ,tiingo
2014-10-06,1.66755,TQQQ,tiingo
2014-10-07,1.59707,TQQQ,tiingo
2014-10-08,1.68933,TQQQ,tiingo
2014-10-09,1.60519,TQQQ,tiingo
2014-10-10,1.48501,TQQQ,tiingo
2014-10-13,1.41553,TQQQ,tiingo
2014-10-14,1.41811,TQQQ,tiingo
2014-10-15,1.38782,TQQQ,tiingo
2014-10-16,1.36623,TQQQ,tiingo
2014-10-17,1.41968,TQQQ,tiingo
2014-10-20,1.48086,TQQQ,tiingo
2014-10-21,1.59667,TQQQ,tiingo
2014-10-22,1.57193,TQQQ,tiingo
2014-10-23,1.6438,TQQQ,tiingo
2014-10-24,1.6816,TQQQ,tiingo
2014-10-27,1.68794,TQQQ,tiingo
2014-10-28,1.76337,TQQQ,tiingo
2014-10-29,1.74219,TQQQ,tiingo
2014-10-30,1.75308,TQQQ,tiingo
2014-10-31,1.82534,TQQQ,tiingo
2014-11-03,1.84415,TQQQ,tiingo
2014-11-04,1.82455,TQQQ,tiingo
2014-11-05,1.82435,TQQQ,tiingo
2014-11-06,1.83999,TQQQ,tiingo
2014-11-07,1.83544,TQQQ,tiingo
2014-11-10,1.85424,TQQQ,tiingo
2014-11-11,1.87187,TQQQ,tiingo
2014-11-12,1.88216,TQQQ,tiingo
2014-11-13,1.90631,TQQQ,tiingo
2014-11-14,1.92393,TQQQ,tiingo
2014-11-17,1.90592,TQQQ,tiingo
2014-11-18,1.94868,TQQQ,tiingo
2014-11-19,1.92393,TQQQ,tiingo
2014-11-20,1.94947,TQQQ,tiingo
2014-11-21,1.96353,TQQQ,tiingo
2014-11-24,2.00788,TQQQ,tiingo
2014-11-25,2.0144,TQQQ,tiingo
2014-11-26,2.05558,TQQQ,tiingo
2014-11-28,2.08627,TQQQ,tiingo
2014-12-01,2.00926,TQQQ,tiingo
2014-12-02,2.03084,TQQQ,tiingo
2014-12-03,2.04926,TQQQ,tiingo
2014-12-04,2.04312,TQQQ,tiingo
2014-12-05,2.0445,TQQQ,tiingo
2014-12-08,2.00035,TQQQ,tiingo
2014-12-09,2.01975,TQQQ,tiingo
2014-12-10,1.92195,TQQQ,tiingo
2014-12-11,1.95205,TQQQ,tiingo
2014-12-12,1.88751,TQQQ,tiingo
2014-12-15,1.83089,TQQQ,tiingo
2014-12-16,1.74001,TQQQ,tiingo
2014-12-17,1.83345,TQQQ,tiingo
2014-12-18,1.96789,TQQQ,tiingo
2014-12-19,1.98986,TQQQ,tiingo
2014-12-22,2.00821,TQQQ,tiingo
2014-12-23,1.989,TQQQ,tiingo
2014-12-24,1.99316,TQQQ,tiingo
2014-12-26,2.03355,TQQQ,tiingo
2014-12-29,2.03395,TQQQ,tiingo
2014-12-30,1.99197,TQQQ,tiingo
2014-12-31,1.92959,TQQQ,tiingo
2015-01-02,1.91375,TQQQ,tiingo
2015-01-05,1.82763,TQQQ,tiingo
2015-01-06,1.75515,TQQQ,tiingo
2015-01-07,1.82267,TQQQ,tiingo
2015-01-08,1.92663,TQQQ,tiingo
2015-01-09,1.88762,TQQQ,tiingo
2015-01-12,1.8296,TQQQ,tiingo
2015-01-13,1.82801,TQQQ,tiingo
2015-01-14,1.7999,TQQQ,tiingo
2015-01-15,1.72842,TQQQ,tiingo
2015-01-16,1.79,TQQQ,tiingo
2015-01-20,1.8296,TQQQ,tiingo
2015-01-21,1.85772,TQQQ,tiingo
2015-01-22,1.96108,TQQQ,tiingo
2015-01-23,1.97414,TQQQ,tiingo
2015-01-26,1.96979,TQQQ,tiingo
2015-01-27,1.81733,TQQQ,tiingo
2015-01-28,1.78604,TQQQ,tiingo
2015-01-29,1.83772,TQQQ,tiingo
2015-01-30,1.79555,TQQQ,tiingo
2015-02-02,1.84267,TQQQ,tiingo
2015-02-03,1.89297,TQQQ,tiingo
2015-02-04,1.88802,TQQQ,tiingo
2015-02-05,1.93811,TQQQ,tiingo
2015-02-06,1.90287,TQQQ,tiingo
2015-02-09,1.88188,TQQQ,tiingo
2015-02-10,1.97197,TQQQ,tiingo
2015-02-11,1.99414,TQQQ,tiingo
2015-02-12,2.06385,TQQQ,tiingo
2015-02-13,2.11592,TQQQ,tiingo
2015-02-17,2.12166,TQQQ,tiingo
2015-02-18,2.13077,TQQQ,tiingo
2015-02-19,2.16285,TQQQ,tiingo
2015-02-20,2.20443,TQQQ,tiingo
2015-02-23,2.21314,TQQQ,tiingo
2015-02-24,2.2177,TQQQ,tiingo
2015-02-25,2.19988,TQQQ,tiingo
2015-02-26,2.23334,TQQQ,tiingo
2015-02-27,2.20384,TQQQ,tiingo
2015-03-02,2.26324,TQQQ,tiingo
2015-03-03,2.23077,TQQQ,tiingo
2015-03-04,2.20601,TQQQ,tiingo
2015-03-05,2.21572,TQQQ,tiingo
2015-03-06,2.13949,TQQQ,tiingo
2015-03-09,2.16008,TQQQ,tiingo
2015-03-10,2.04048,TQQQ,tiingo
2015-03-11,2.00464,TQQQ,tiingo
2015-03-12,2.04306,TQQQ,tiingo
2015-03-13,2.01672,TQQQ,tiingo
2015-03-16,2.09395,TQQQ,tiingo
2015-03-17,2.10562,TQQQ,tiingo
2015-03-18,2.16621,TQQQ,tiingo
2015-03-19,2.17671,TQQQ,tiingo
2015-03-20,2.22185,TQQQ,tiingo
2015-03-23,2.20324,TQQQ,tiingo
2015-03-24,2.18086,TQQQ,tiingo
2015-03-25,2.02882,TQQQ,tiingo
2015-03-26,2.01218,TQQQ,tiingo
2015-03-27,2.03159,TQQQ,tiingo
2015-03-30,2.10467,TQQQ,tiingo
2015-03-31,2.03951,TQQQ,tiingo
2015-04-01,2.00505,TQQQ,tiingo
2015-04-02,2.00842,TQQQ,tiingo
2015-04-06,2.05674,TQQQ,tiingo
2015-04-07,2.04723,TQQQ,tiingo
2015-04-08,2.09595,TQQQ,tiingo
2015-04-09,2.13497,TQQQ,tiingo
2015-04-10,2.1605,TQQQ,tiingo
2015-04-13,2.14447,TQQQ,tiingo
2015-04-14,2.12605,TQQQ,tiingo
2015-04-15,2.16368,TQQQ,tiingo
2015-04-16,2.15615,TQQQ,tiingo
2015-04-17,2.05535,TQQQ,tiingo
2015-04-20,2.14724,TQQQ,tiingo
2015-04-21,2.17477,TQQQ,tiingo
2015-04-22,2.21002,TQQQ,tiingo
2015-04-23,2.23655,TQQQ,tiingo
2015-04-24,2.32408,TQQQ,tiingo
2015-04-27,2.30923,TQQQ,tiingo
2015-04-28,2.29418,TQQQ,tiingo
2015-04-29,2.25042,TQQQ,tiingo
2015-04-30,2.14467,TQQQ,tiingo
2015-05-01,2.2314,TQQQ,tiingo
2015-05-04,2.23932,TQQQ,tiingo
2015-05-05,2.13318,TQQQ,tiingo
2015-05-06,2.08763,TQQQ,tiingo
2015-05-07,2.12348,TQQQ,tiingo
2015-05-08,2.2013,TQQQ,tiingo
2015-05-11,2.17714,TQQQ,tiingo
2015-05-12,2.14902,TQQQ,tiingo
2015-05-13,2.16012,TQQQ,tiingo
2015-05-14,2.25576,TQQQ,tiingo
2015-05-15,2.25557,TQQQ,tiingo
2015-05-18,2.28328,TQQQ,tiingo
2015-05-19,2.27675,TQQQ,tiingo
2015-05-20,2.28052,TQQQ,tiingo
2015-05-21,2.31636,TQQQ,tiingo
2015-05-22,2.31002,TQQQ,tiingo
2015-05-26,2.23002,TQQQ,tiingo
2015-05-27,2.33734,TQQQ,tiingo
2015-05-28,2.32012,TQQQ,tiingo
2015-05-29,2.28091,TQQQ,tiingo
2015-06-01,2.30091,TQQQ,tiingo
2015-06-02,2.27992,TQQQ,tiingo
2015-06-03,2.29992,TQQQ,tiingo
2015-06-04,2.24982,TQQQ,tiingo
2015-06-05,2.23279,TQQQ,tiingo
2015-06-08,2.16447,TQQQ,tiingo
2015-06-09,2.15378,TQQQ,tiingo
2015-06-10,2.23913,TQQQ,tiingo
2015-06-11,2.2514,TQQQ,tiingo
2015-06-12,2.19417,TQQQ,tiingo
2015-06-15,2.16388,TQQQ,tiingo
2015-06-16,2.19694,TQQQ,tiingo
2015-06-17,2.21537,TQQQ,tiingo
2015-06-18,2.30903,TQQQ,tiingo
2015-06-19,2.27378,TQQQ,tiingo
2015-06-22,2.32863,TQQQ,tiingo
2015-06-23,2.33438,TQQQ,tiingo
2015-06-24,2.29853,TQQQ,tiingo
2015-06-25,2.28348,TQQQ,tiingo
2015-06-26,2.24111,TQQQ,tiingo
2015-06-29,2.08268,TQQQ,tiingo
2015-06-30,2.10644,TQQQ,tiingo
2015-07-01,2.14962,TQQQ,tiingo
2015-07-02,2.15773,TQQQ,tiingo
2015-07-06,2.13952,TQQQ,tiingo
2015-07-07,2.1504,TQQQ,tiingo
2015-07-08,2.04268,TQQQ,tiingo
2015-07-09,2.03674,TQQQ,tiingo
2015-07-10,2.13139,TQQQ,tiingo
2015-07-13,2.24032,TQQQ,tiingo
2015-07-14,2.28527,TQQQ,tiingo
2015-07-15,2.29616,TQQQ,tiingo
2015-07-16,2.38587,TQQQ,tiingo
2015-07-17,2.49498,TQQQ,tiingo
2015-07-20,2.52291,TQQQ,tiingo
2015-07-21,2.51597,TQQQ,tiingo
2015-07-22,2.43339,TQQQ,tiingo
2015-07-23,2.40428,TQQQ,tiingo
2015-07-24,2.33597,TQQQ,tiingo
2015-07-27,2.27596,TQQQ,tiingo
2015-07-28,2.33597,TQQQ,tiingo
2015-07-29,2.36211,TQQQ,tiingo
2015-07-30,2.39498,TQQQ,tiingo
2015-07-31,2.38764,TQQQ,tiingo
2015-08-03,2.36567,TQQQ,tiingo
2015-08-04,2.35042,TQQQ,tiingo
2015-08-05,2.40547,TQQQ,tiingo
2015-08-06,2.29002,TQQQ,tiingo
2015-08-07,2.28091,TQQQ,tiingo
2015-08-10,2.35794,TQQQ,tiingo
2015-08-11,2.26804,TQQQ,tiingo
2015-08-12,2.28804,TQQQ,tiingo
2015-08-13,2.27774,TQQQ,tiingo
2015-08-14,2.29002,TQQQ,tiingo
2015-08-17,2.34626,TQQQ,tiingo
2015-08-18,2.30883,TQQQ,tiingo
2015-08-19,2.26547,TQQQ,tiingo
2015-08-20,2.07892,TQQQ,tiingo
2015-08-21,1.82029,TQQQ,tiingo
2015-08-24,1.60464,TQQQ,tiingo
2015-08-25,1.58345,TQQQ,tiingo
2015-08-26,1.81198,TQQQ,tiingo
2015-08-27,1.95357,TQQQ,tiingo
2015-08-28,1.95198,TQQQ,tiingo
2015-08-31,1.8795,TQQQ,tiingo
2015-09-01,1.709,TQQQ,tiingo
2015-09-02,1.84801,TQQQ,tiingo
2015-09-03,1.81752,TQQQ,tiingo
2015-09-04,1.75673,TQQQ,tiingo
2015-09-08,1.90584,TQQQ,tiingo
2015-09-09,1.8395,TQQQ,tiingo
2015-09-10,1.89831,TQQQ,tiingo
2015-09-11,1.92901,TQQQ,tiingo
2015-09-14,1.91178,TQQQ,tiingo
2015-09-15,1.97852,TQQQ,tiingo
2015-09-16,2.01159,TQQQ,tiingo
2015-09-17,2.01713,TQQQ,tiingo
2015-09-18,1.93178,TQQQ,tiingo
2015-09-21,1.94822,TQQQ,tiingo
2015-09-22,1.86228,TQQQ,tiingo
2015-09-23,1.86524,TQQQ,tiingo
2015-09-24,1.84366,TQQQ,tiingo
2015-09-25,1.7989,TQQQ,tiingo
2015-09-28,1.64385,TQQQ,tiingo
2015-09-29,1.61949,TQQQ,tiingo
2015-09-30,1.72663,TQQQ,tiingo
2015-10-01,1.75079,TQQQ,tiingo
2015-10-02,1.84168,TQQQ,tiingo
2015-10-05,1.92564,TQQQ,tiingo
2015-10-06,1.89812,TQQQ,tiingo
2015-10-07,1.92861,TQQQ,tiingo
2015-10-08,1.95218,TQQQ,tiingo
2015-10-09,1.97594,TQQQ,tiingo
2015-10-12,1.99258,TQQQ,tiingo
2015-10-13,1.95357,TQQQ,tiingo
2015-10-14,1.94525,TQQQ,tiingo
2015-10-15,2.0403,TQQQ,tiingo
2015-10-16,2.06565,TQQQ,tiingo
2015-10-19,2.10268,TQQQ,tiingo
2015-10-20,2.06783,TQQQ,tiingo
2015-10-21,2.03456,TQQQ,tiingo
2015-10-22,2.15517,TQQQ,tiingo
2015-10-23,2.33438,TQQQ,tiingo
2015-10-26,2.34131,TQQQ,tiingo
2015-10-27,2.35656,TQQQ,tiingo
2015-10-28,2.41122,TQQQ,tiingo
2015-10-29,2.40231,TQQQ,tiingo
2015-10-30,2.36943,TQQQ,tiingo
2015-11-02,2.45023,TQQQ,tiingo
2015-11-03,2.47359,TQQQ,tiingo
2015-11-04,2.47458,TQQQ,tiingo
2015-11-05,2.4528,TQQQ,tiingo
2015-11-06,2.46092,TQQQ,tiingo
2015-11-09,2.38171,TQQQ,tiingo
2015-11-10,2.36487,TQQQ,tiingo
2015-11-11,2.35438,TQQQ,tiingo
2015-11-12,2.28606,TQQQ,tiingo
2015-11-13,2.15159,TQQQ,tiingo
2015-11-16,2.2413,TQQQ,tiingo
2015-11-17,2.24903,TQQQ,tiingo
2015-11-18,2.37794,TQQQ,tiingo
2015-11-19,2.38151,TQQQ,tiingo
2015-11-20,2.42884,TQQQ,tiingo
2015-11-23,2.40923,TQQQ,tiingo
2015-11-24,2.40171,TQQQ,tiingo
2015-11-25,2.40706,TQQQ,tiingo
2015-11-27,2.41577,TQQQ,tiingo
2015-11-30,2.40052,TQQQ,tiingo
2015-12-01,2.47181,TQQQ,tiingo
2015-12-02,2.42686,TQQQ,tiingo
2015-12-03,2.30309,TQQQ,tiingo
2015-12-04,2.46132,TQQQ,tiingo
2015-12-07,2.43122,TQQQ,tiingo
2015-12-08,2.43141,TQQQ,tiingo
2015-12-09,2.31814,TQQQ,tiingo
2015-12-10,2.35102,TQQQ,tiingo
2015-12-11,2.18982,TQQQ,tiingo
2015-12-14,2.23893,TQQQ,tiingo
2015-12-15,2.27695,TQQQ,tiingo
2015-12-16,2.37754,TQQQ,tiingo
2015-12-17,2.27853,TQQQ,tiingo
2015-12-18,2.15338,TQQQ,tiingo
2015-12-21,2.21734,TQQQ,tiingo
2015-12-22,2.25933,TQQQ,tiingo
2015-12-23,2.31101,TQQQ,tiingo
2015-12-24,2.30626,TQQQ,tiingo
2015-12-28,2.30567,TQQQ,tiingo
2015-12-29,2.41082,TQQQ,tiingo
2015-12-30,2.34923,TQQQ,tiingo
2015-12-31,2.26209,TQQQ,tiingo
2016-01-04,2.12387,TQQQ,tiingo
2016-01-05,2.10487,TQQQ,tiingo
2016-01-06,2.04843,TQQQ,tiingo
2016-01-07,1.85356,TQQQ,tiingo
2016-01-08,1.8098,TQQQ,tiingo
2016-01-11,1.82564,TQQQ,tiingo
2016-01-12,1.88723,TQQQ,tiingo
2016-01-13,1.68979,TQQQ,tiingo
2016-01-14,1.7991,TQQQ,tiingo
2016-01-15,1.63375,TQQQ,tiingo
2016-01-19,1.64068,TQQQ,tiingo
2016-01-20,1.62583,TQQQ,tiingo
2016-01-21,1.63176,TQQQ,tiingo
2016-01-22,1.77236,TQQQ,tiingo
2016-01-25,1.69256,TQQQ,tiingo
2016-01-26,1.74088,TQQQ,tiingo
2016-01-27,1.61137,TQQQ,tiingo
2016-01-28,1.67494,TQQQ,tiingo
2016-01-29,1.78405,TQQQ,tiingo
2016-02-01,1.79415,TQQQ,tiingo
2016-02-02,1.68029,TQQQ,tiingo
2016-02-03,1.65652,TQQQ,tiingo
2016-02-04,1.65355,TQQQ,tiingo
2016-02-05,1.48345,TQQQ,tiingo
2016-02-08,1.41571,TQQQ,tiingo
2016-02-09,1.39928,TQQQ,tiingo
2016-02-10,1.41591,TQQQ,tiingo
2016-02-11,1.41255,TQQQ,tiingo
2016-02-12,1.47275,TQQQ,tiingo
2016-02-16,1.57077,TQQQ,tiingo
2016-02-17,1.6793,TQQQ,tiingo
2016-02-18,1.62226,TQQQ,tiingo
2016-02-19,1.6391,TQQQ,tiingo
2016-02-22,1.71653,TQQQ,tiingo
2016-02-23,1.63098,TQQQ,tiingo
2016-02-24,1.67949,TQQQ,tiingo
2016-02-25,1.72583,TQQQ,tiingo
2016-02-26,1.72187,TQQQ,tiingo
2016-02-29,1.67633,TQQQ,tiingo
2016-03-01,1.83673,TQQQ,tiingo
2016-03-02,1.83871,TQQQ,tiingo
2016-03-03,1.82841,TQQQ,tiingo
2016-03-04,1.83158,TQQQ,tiingo
2016-03-07,1.79751,TQQQ,tiingo
2016-03-08,1.74999,TQQQ,tiingo
2016-03-09,1.78346,TQQQ,tiingo
2016-03-10,1.77673,TQQQ,tiingo
2016-03-11,1.86881,TQQQ,tiingo
2016-03-14,1.8797,TQQQ,tiingo
2016-03-15,1.87851,TQQQ,tiingo
2016-03-16,1.92644,TQQQ,tiingo
2016-03-17,1.92089,TQQQ,tiingo
2016-03-18,1.93198,TQQQ,tiingo
2016-03-21,1.95495,TQQQ,tiingo
2016-03-22,1.97238,TQQQ,tiingo
2016-03-23,1.92544,TQQQ,tiingo
2016-03-24,1.92485,TQQQ,tiingo
2016-03-28,1.91792,TQQQ,tiingo
2016-03-29,2.0096,TQQQ,tiingo
2016-03-30,2.0397,TQQQ,tiingo
2016-03-31,2.02783,TQQQ,tiingo
2016-04-01,2.09535,TQQQ,tiingo
2016-04-04,2.06942,TQQQ,tiingo
2016-04-05,2.01377,TQQQ,tiingo
2016-04-06,2.1102,TQQQ,tiingo
2016-04-07,2.01912,TQQQ,tiingo
2016-04-08,2.01436,TQQQ,tiingo
2016-04-11,1.99278,TQQQ,tiingo
2016-04-12,2.03932,TQQQ,tiingo
2016-04-13,2.11892,TQQQ,tiingo
2016-04-14,2.1203,TQQQ,tiingo
2016-04-15,2.10407,TQQQ,tiingo
2016-04-18,2.13516,TQQQ,tiingo
2016-04-19,2.09833,TQQQ,tiingo
2016-04-20,2.10348,TQQQ,tiingo
2016-04-21,2.10407,TQQQ,tiingo
2016-04-22,2.00882,TQQQ,tiingo
2016-04-25,2.00723,TQQQ,tiingo
2016-04-26,1.9797,TQQQ,tiingo
2016-04-27,1.93218,TQQQ,tiingo
2016-04-28,1.86366,TQQQ,tiingo
2016-04-29,1.83395,TQQQ,tiingo
2016-05-02,1.88248,TQQQ,tiingo
2016-05-03,1.83238,TQQQ,tiingo
2016-05-04,1.79613,TQQQ,tiingo
2016-05-05,1.79514,TQQQ,tiingo
2016-05-06,1.82109,TQQQ,tiingo
2016-05-09,1.83713,TQQQ,tiingo
2016-05-10,1.91415,TQQQ,tiingo
2016-05-11,1.86188,TQQQ,tiingo
2016-05-12,1.83574,TQQQ,tiingo
2016-05-13,1.81356,TQQQ,tiingo
2016-05-16,1.88346,TQQQ,tiingo
2016-05-17,1.81118,TQQQ,tiingo
2016-05-18,1.83178,TQQQ,tiingo
2016-05-19,1.80286,TQQQ,tiingo
2016-05-20,1.86306,TQQQ,tiingo
2016-05-23,1.85395,TQQQ,tiingo
2016-05-24,1.96743,TQQQ,tiingo
2016-05-25,2.0098,TQQQ,tiingo
2016-05-26,2.02664,TQQQ,tiingo
2016-05-27,2.05714,TQQQ,tiingo
2016-05-31,2.06942,TQQQ,tiingo
2016-06-01,2.0702,TQQQ,tiingo
2016-06-02,2.08189,TQQQ,tiingo
2016-06-03,2.05338,TQQQ,tiingo
2016-06-06,2.07535,TQQQ,tiingo
2016-06-07,2.0607,TQQQ,tiingo
2016-06-08,2.0698,TQQQ,tiingo
2016-06-09,2.0607,TQQQ,tiingo
2016-06-10,1.99139,TQQQ,tiingo
2016-06-13,1.9403,TQQQ,tiingo
2016-06-14,1.94129,TQQQ,tiingo
2016-06-15,1.92386,TQQQ,tiingo
2016-06-16,1.93773,TQQQ,tiingo
2016-06-17,1.87139,TQQQ,tiingo
2016-06-20,1.90505,TQQQ,tiingo
2016-06-21,1.92406,TQQQ,tiingo
2016-06-22,1.91159,TQQQ,tiingo
2016-06-23,1.99218,TQQQ,tiingo
2016-06-24,1.74821,TQQQ,tiingo
2016-06-27,1.64642,TQQQ,tiingo
2016-06-28,1.7496,TQQQ,tiingo
2016-06-29,1.84049,TQQQ,tiingo
2016-06-30,1.90743,TQQQ,tiingo
2016-07-01,1.93357,TQQQ,tiingo
2016-07-05,1.8993,TQQQ,tiingo
2016-07-06,1.94406,TQQQ,tiingo
2016-07-07,1.96248,TQQQ,tiingo
2016-07-08,2.05318,TQQQ,tiingo
2016-07-11,2.08823,TQQQ,tiingo
2016-07-12,2.1211,TQQQ,tiingo
2016-07-13,2.10624,TQQQ,tiingo
2016-07-14,2.14902,TQQQ,tiingo
2016-07-15,2.13694,TQQQ,tiingo
2016-07-18,2.17952,TQQQ,tiingo
2016-07-19,2.15694,TQQQ,tiingo
2016-07-20,2.23081,TQQQ,tiingo
2016-07-21,2.21754,TQQQ,tiingo
2016-07-22,2.24328,TQQQ,tiingo
2016-07-25,2.24527,TQQQ,tiingo
2016-07-26,2.25279,TQQQ,tiingo
2016-07-27,2.29675,TQQQ,tiingo
2016-07-28,2.32171,TQQQ,tiingo
2016-07-29,2.33695,TQQQ,tiingo
2016-08-01,2.37359,TQQQ,tiingo
2016-08-02,2.32012,TQQQ,tiingo
2016-08-03,2.3421,TQQQ,tiingo
2016-08-04,2.36309,TQQQ,tiingo
2016-08-05,2.43141,TQQQ,tiingo
2016-08-08,2.42369,TQQQ,tiingo
2016-08-09,2.43973,TQQQ,tiingo
2016-08-10,2.42092,TQQQ,tiingo
2016-08-11,2.45221,TQQQ,tiingo
2016-08-12,2.45676,TQQQ,tiingo
2016-08-15,2.48766,TQQQ,tiingo
2016-08-16,2.44844,TQQQ,tiingo
2016-08-17,2.45993,TQQQ,tiingo
2016-08-18,2.46231,TQQQ,tiingo
2016-08-19,2.45894,TQQQ,tiingo
2016-08-22,2.46132,TQQQ,tiingo
2016-08-23,2.47597,TQQQ,tiingo
2016-08-24,2.42824,TQQQ,tiingo
2016-08-25,2.41676,TQQQ,tiingo
2016-08-26,2.42844,TQQQ,tiingo
2016-08-29,2.43518,TQQQ,tiingo
2016-08-30,2.41319,TQQQ,tiingo
2016-08-31,2.40686,TQQQ,tiingo
2016-09-01,2.41756,TQQQ,tiingo
2016-09-02,2.44587,TQQQ,tiingo
2016-09-06,2.49122,TQQQ,tiingo
2016-09-07,2.49577,TQQQ,tiingo
2016-09-08,2.45299,TQQQ,tiingo
2016-09-09,2.26704,TQQQ,tiingo
2016-09-12,2.38329,TQQQ,tiingo
2016-09-13,2.32705,TQQQ,tiingo
2016-09-14,2.35696,TQQQ,tiingo
2016-09-15,2.46627,TQQQ,tiingo
2016-09-16,2.46349,TQQQ,tiingo
2016-09-19,2.43122,TQQQ,tiingo
2016-09-20,2.44468,TQQQ,tiingo
2016-09-21,2.51577,TQQQ,tiingo
2016-09-22,2.57458,TQQQ,tiingo
2016-09-23,2.52825,TQQQ,tiingo
2016-09-26,2.46547,TQQQ,tiingo
2016-09-27,2.53538,TQQQ,tiingo
2016-09-28,2.54924,TQQQ,tiingo
2016-09-29,2.49518,TQQQ,tiingo
2016-09-30,2.54647,TQQQ,tiingo
2016-10-03,2.54072,TQQQ,tiingo
2016-10-04,2.52627,TQQQ,tiingo
2016-10-05,2.55261,TQQQ,tiingo
2016-10-06,2.54865,TQQQ,tiingo
2016-10-07,2.53201,TQQQ,tiingo
2016-10-10,2.57736,TQQQ,tiingo
2016-10-11,2.47082,TQQQ,tiingo
2016-10-12,2.46567,TQQQ,tiingo
2016-10-13,2.43676,TQQQ,tiingo
2016-10-14,2.44231,TQQQ,tiingo
2016-10-17,2.42547,TQQQ,tiingo
2016-10-18,2.48766,TQQQ,tiingo
2016-10-19,2.48864,TQQQ,tiingo
2016-10-20,2.47814,TQQQ,tiingo
2016-10-21,2.50508,TQQQ,tiingo
2016-10-24,2.59637,TQQQ,tiingo
2016-10-25,2.57043,TQQQ,tiingo
2016-10-26,2.52112,TQQQ,tiingo
2016-10-27,2.48587,TQQQ,tiingo
2016-10-28,2.44289,TQQQ,tiingo
2016-10-31,2.42903,TQQQ,tiingo
2016-11-01,2.37913,TQQQ,tiingo
2016-11-02,2.31715,TQQQ,tiingo
2016-11-03,2.25042,TQQQ,tiingo
2016-11-04,2.22487,TQQQ,tiingo
2016-11-07,2.38428,TQQQ,tiingo
2016-11-08,2.43102,TQQQ,tiingo
2016-11-09,2.46508,TQQQ,tiingo
2016-11-10,2.34784,TQQQ,tiingo
2016-11-11,2.34587,TQQQ,tiingo
2016-11-14,2.26665,TQQQ,tiingo
2016-11-15,2.37161,TQQQ,tiingo
2016-11-16,2.41022,TQQQ,tiingo
2016-11-17,2.46607,TQQQ,tiingo
2016-11-18,2.43834,TQQQ,tiingo
2016-11-21,2.51162,TQQQ,tiingo
2016-11-22,2.53419,TQQQ,tiingo
2016-11-23,2.50369,TQQQ,tiingo
2016-11-25,2.52786,TQQQ,tiingo
2016-11-28,2.51379,TQQQ,tiingo
2016-11-29,2.53796,TQQQ,tiingo
2016-11-30,2.45577,TQQQ,tiingo
2016-12-01,2.32092,TQQQ,tiingo
2016-12-02,2.33022,TQQQ,tiingo
2016-12-05,2.38408,TQQQ,tiingo
2016-12-06,2.40131,TQQQ,tiingo
2016-12-07,2.49043,TQQQ,tiingo
2016-12-08,2.50567,TQQQ,tiingo
2016-12-09,2.56429,TQQQ,tiingo
2016-12-12,2.52864,TQQQ,tiingo
2016-12-13,2.62746,TQQQ,tiingo
2016-12-14,2.60826,TQQQ,tiingo
2016-12-15,2.6241,TQQQ,tiingo
2016-12-16,2.59221,TQQQ,tiingo
2016-12-19,2.6239,TQQQ,tiingo
2016-12-20,2.65558,TQQQ,tiingo
2016-12-21,2.64627,TQQQ,tiingo
2016-12-22,2.62331,TQQQ,tiingo
2016-12-23,2.63142,TQQQ,tiingo
2016-12-27,2.66984,TQQQ,tiingo
2016-12-28,2.60806,TQQQ,tiingo
2016-12-29,2.59538,TQQQ,tiingo
2016-12-30,2.51953,TQQQ,tiingo
2017-01-03,2.58053,TQQQ,tiingo
2017-01-04,2.62449,TQQQ,tiingo
2017-01-05,2.67103,TQQQ,tiingo
2017-01-06,2.73876,TQQQ,tiingo
2017-01-09,2.76648,TQQQ,tiingo
2017-01-10,2.78232,TQQQ,tiingo
2017-01-11,2.80371,TQQQ,tiingo
2017-01-12,2.78945,TQQQ,tiingo
2017-01-13,2.82153,TQQQ,tiingo
2017-01-17,2.795,TQQQ,tiingo
2017-01-18,2.81401,TQQQ,tiingo
2017-01-19,2.80648,TQQQ,tiingo
2017-01-20,2.8247,TQQQ,tiingo
2017-01-23,2.83104,TQQQ,tiingo
2017-01-24,2.89005,TQQQ,tiingo
2017-01-25,2.97441,TQQQ,tiingo
2017-01-26,2.98669,TQQQ,tiingo
2017-01-27,3.00095,TQQQ,tiingo
2017-01-30,2.93282,TQQQ,tiingo
2017-01-31,2.91659,TQQQ,tiingo
2017-02-01,2.97204,TQQQ,tiingo
2017-02-02,2.96451,TQQQ,tiingo
2017-02-03,2.99025,TQQQ,tiingo
2017-02-06,3.00135,TQQQ,tiingo
2017-02-07,3.03224,TQQQ,tiingo
2017-02-08,3.04926,TQQQ,tiingo
2017-02-09,3.08095,TQQQ,tiingo
2017-02-10,3.11145,TQQQ,tiingo
2017-02-13,3.1661,TQQQ,tiingo
2017-02-14,3.19581,TQQQ,tiingo
2017-02-15,3.25086,TQQQ,tiingo
2017-02-16,3.24809,TQQQ,tiingo
2017-02-17,3.28889,TQQQ,tiingo
2017-02-21,3.34116,TQQQ,tiingo
2017-02-22,3.34156,TQQQ,tiingo
2017-02-23,3.30551,TQQQ,tiingo
2017-02-24,3.32334,TQQQ,tiingo
2017-02-27,3.33324,TQQQ,tiingo
2017-02-28,3.3071,TQQQ,tiingo
2017-03-01,3.41404,TQQQ,tiingo
2017-03-02,3.36018,TQQQ,tiingo
2017-03-03,3.3776,TQQQ,tiingo
2017-03-06,3.35424,TQQQ,tiingo
2017-03-07,3.3376,TQQQ,tiingo
2017-03-08,3.35463,TQQQ,tiingo
2017-03-09,3.36493,TQQQ,tiingo
2017-03-10,3.40176,TQQQ,tiingo
2017-03-13,3.42156,TQQQ,tiingo
2017-03-14,3.39621,TQQQ,tiingo
2017-03-15,3.45563,TQQQ,tiingo
2017-03-16,3.45364,TQQQ,tiingo
2017-03-17,3.44533,TQQQ,tiingo
2017-03-20,3.45563,TQQQ,tiingo
2017-03-21,3.30155,TQQQ,tiingo
2017-03-22,3.36651,TQQQ,tiingo
2017-03-23,3.33958,TQQQ,tiingo
2017-03-24,3.3578,TQQQ,tiingo
2017-03-27,3.37561,TQQQ,tiingo
2017-03-28,3.43899,TQQQ,tiingo
2017-03-29,3.48454,TQQQ,tiingo
2017-03-30,3.50196,TQQQ,tiingo
2017-03-31,3.49364,TQQQ,tiingo
2017-04-03,3.48612,TQQQ,tiingo
2017-04-04,3.50196,TQQQ,tiingo
2017-04-05,3.46196,TQQQ,tiingo
2017-04-06,3.46474,TQQQ,tiingo
2017-04-07,3.46078,TQQQ,tiingo
2017-04-10,3.46474,TQQQ,tiingo
2017-04-11,3.42116,TQQQ,tiingo
2017-04-12,3.37601,TQQQ,tiingo
2017-04-13,3.33601,TQQQ,tiingo
2017-04-17,3.41523,TQQQ,tiingo
2017-04-18,3.40533,TQQQ,tiingo
2017-04-19,3.4172,TQQQ,tiingo
2017-04-20,3.49998,TQQQ,tiingo
2017-04-21,3.4984,TQQQ,tiingo
2017-04-24,3.62553,TQQQ,tiingo
2017-04-25,3.70593,TQQQ,tiingo
2017-04-26,3.68969,TQQQ,tiingo
2017-04-27,3.75425,TQQQ,tiingo
2017-04-28,3.77564,TQQQ,tiingo
2017-05-01,3.87069,TQQQ,tiingo
2017-05-02,3.89367,TQQQ,tiingo
2017-05-03,3.85524,TQQQ,tiingo
2017-05-04,3.85921,TQQQ,tiingo
2017-05-05,3.90119,TQQQ,tiingo
2017-05-08,3.92456,TQQQ,tiingo
2017-05-09,3.96773,TQQQ,tiingo
2017-05-10,3.97407,TQQQ,tiingo
2017-05-11,3.96456,TQQQ,tiingo
2017-05-12,3.99031,TQQQ,tiingo
2017-05-15,4.02753,TQQQ,tiingo
2017-05-16,4.07823,TQQQ,tiingo
2017-05-17,3.7697,TQQQ,tiingo
2017-05-18,3.86515,TQQQ,tiingo
2017-05-19,3.91188,TQQQ,tiingo
2017-05-22,4.01328,TQQQ,tiingo
2017-05-23,4.02318,TQQQ,tiingo
2017-05-24,4.07863,TQQQ,tiingo
2017-05-25,4.18596,TQQQ,tiingo
2017-05-26,4.20378,TQQQ,tiingo
2017-05-30,4.2125,TQQQ,tiingo
2017-05-31,4.20735,TQQQ,tiingo
2017-06-01,4.25765,TQQQ,tiingo
2017-06-02,4.403,TQQQ,tiingo
2017-06-05,4.39943,TQQQ,tiingo
2017-06-06,4.34953,TQQQ,tiingo
2017-06-07,4.39706,TQQQ,tiingo
2017-06-08,4.40894,TQQQ,tiingo
2017-06-09,4.09011,TQQQ,tiingo
2017-06-12,4.01604,TQQQ,tiingo
2017-06-13,4.10992,TQQQ,tiingo
2017-06-14,4.05487,TQQQ,tiingo
2017-06-15,4.00021,TQQQ,tiingo
2017-06-16,3.95228,TQQQ,tiingo
2017-06-19,4.14358,TQQQ,tiingo
2017-06-20,4.04972,TQQQ,tiingo
2017-06-21,4.16734,TQQQ,tiingo
2017-06-22,4.16259,TQQQ,tiingo
2017-06-23,4.20932,TQQQ,tiingo
2017-06-26,4.15348,TQQQ,tiingo
2017-06-27,3.92496,TQQQ,tiingo
2017-06-28,4.08972,TQQQ,tiingo
2017-06-29,3.88139,TQQQ,tiingo
2017-06-30,3.86792,TQQQ,tiingo
2017-07-03,3.76257,TQQQ,tiingo
2017-07-05,3.8699,TQQQ,tiingo
2017-07-06,3.76772,TQQQ,tiingo
2017-07-07,3.88059,TQQQ,tiingo
2017-07-10,3.96179,TQQQ,tiingo
2017-07-11,3.99427,TQQQ,tiingo
2017-07-12,4.13646,TQQQ,tiingo
2017-07-13,4.16378,TQQQ,tiingo
2017-07-14,4.26161,TQQQ,tiingo
2017-07-17,4.26398,TQQQ,tiingo
2017-07-18,4.34873,TQQQ,tiingo
2017-07-19,4.42835,TQQQ,tiingo
2017-07-20,4.44498,TQQQ,tiingo
2017-07-21,4.43825,TQQQ,tiingo
2017-07-24,4.49607,TQQQ,tiingo
2017-07-25,4.46597,TQQQ,tiingo
2017-07-26,4.50597,TQQQ,tiingo
2017-07-27,4.42557,TQQQ,tiingo
2017-07-28,4.41132,TQQQ,tiingo
2017-07-31,4.35388,TQQQ,tiingo
2017-08-01,4.38241,TQQQ,tiingo
2017-08-02,4.41448,TQQQ,tiingo
2017-08-03,4.36855,TQQQ,tiingo
2017-08-04,4.38557,TQQQ,tiingo
2017-08-07,4.4632,TQQQ,tiingo
2017-08-08,4.44657,TQQQ,tiingo
2017-08-09,4.42914,TQQQ,tiingo
2017-08-10,4.1416,TQQQ,tiingo
2017-08-11,4.23626,TQQQ,tiingo
2017-08-14,4.40102,TQQQ,tiingo
2017-08-15,4.40894,TQQQ,tiingo
2017-08-16,4.43191,TQQQ,tiingo
2017-08-17,4.15942,TQQQ,tiingo
2017-08-18,4.14477,TQQQ,tiingo
2017-08-21,4.13724,TQQQ,tiingo
2017-08-22,4.32141,TQQQ,tiingo
2017-08-23,4.27309,TQQQ,tiingo
2017-08-24,4.23745,TQQQ,tiingo
2017-08-25,4.20893,TQQQ,tiingo
2017-08-28,4.24576,TQQQ,tiingo
2017-08-29,4.29805,TQQQ,tiingo
2017-08-30,4.44696,TQQQ,tiingo
2017-08-31,4.57331,TQQQ,tiingo
2017-09-01,4.57014,TQQQ,tiingo
2017-09-05,4.44776,TQQQ,tiingo
2017-09-06,4.48617,TQQQ,tiingo
2017-09-07,4.5139,TQQQ,tiingo
2017-09-08,4.40261,TQQQ,tiingo
2017-09-11,4.54281,TQQQ,tiingo
2017-09-12,4.58122,TQQQ,tiingo
2017-09-13,4.60024,TQQQ,tiingo
2017-09-14,4.52261,TQQQ,tiingo
2017-09-15,4.55905,TQQQ,tiingo
2017-09-18,4.54796,TQQQ,tiingo
2017-09-19,4.56736,TQQQ,tiingo
2017-09-20,4.52935,TQQQ,tiingo
2017-09-21,4.44221,TQQQ,tiingo
2017-09-22,4.43112,TQQQ,tiingo
2017-09-25,4.29211,TQQQ,tiingo
2017-09-26,4.32141,TQQQ,tiingo
2017-09-27,4.43865,TQQQ,tiingo
2017-09-28,4.43112,TQQQ,tiingo
2017-09-29,4.52499,TQQQ,tiingo
2017-10-02,4.53766,TQQQ,tiingo
2017-10-03,4.56617,TQQQ,tiingo
2017-10-04,4.57806,TQQQ,tiingo
2017-10-05,4.70995,TQQQ,tiingo
2017-10-06,4.72697,TQQQ,tiingo
2017-10-09,4.7151,TQQQ,tiingo
2017-10-10,4.725,TQQQ,tiingo
2017-10-11,4.76619,TQQQ,tiingo
2017-10-12,4.74044,TQQQ,tiingo
2017-10-13,4.79351,TQQQ,tiingo
2017-10-16,4.84302,TQQQ,tiingo
2017-10-17,4.86005,TQQQ,tiingo
2017-10-18,4.84144,TQQQ,tiingo
2017-10-19,4.78797,TQQQ,tiingo
2017-10-20,4.82282,TQQQ,tiingo
2017-10-23,4.73291,TQQQ,tiingo
2017-10-24,4.75707,TQQQ,tiingo
2017-10-25,4.69925,TQQQ,tiingo
2017-10-26,4.65569,TQQQ,tiingo
2017-10-27,5.05689,TQQQ,tiingo
2017-10-30,5.09294,TQQQ,tiingo
2017-10-31,5.1468,TQQQ,tiingo
2017-11-01,5.14007,TQQQ,tiingo
2017-11-02,5.11393,TQQQ,tiingo
2017-11-03,5.2565,TQQQ,tiingo
2017-11-06,5.30998,TQQQ,tiingo
2017-11-07,5.31869,TQQQ,tiingo
2017-11-08,5.38523,TQQQ,tiingo
2017-11-09,5.29889,TQQQ,tiingo
2017-11-10,5.2973,TQQQ,tiingo
2017-11-13,5.31314,TQQQ,tiingo
2017-11-14,5.25968,TQQQ,tiingo
2017-11-15,5.18244,TQQQ,tiingo
2017-11-16,5.37652,TQQQ,tiingo
2017-11-17,5.31632,TQQQ,tiingo
2017-11-20,5.30324,TQQQ,tiingo
2017-11-21,5.47038,TQQQ,tiingo
2017-11-22,5.49217,TQQQ,tiingo
2017-11-24,5.55395,TQQQ,tiingo
2017-11-27,5.54484,TQQQ,tiingo
2017-11-28,5.58563,TQQQ,tiingo
2017-11-29,5.29849,TQQQ,tiingo
2017-11-30,5.42998,TQQQ,tiingo
2017-12-01,5.3575,TQQQ,tiingo
2017-12-04,5.17254,TQQQ,tiingo
2017-12-05,5.18007,TQQQ,tiingo
2017-12-06,5.24859,TQQQ,tiingo
2017-12-07,5.30047,TQQQ,tiingo
2017-12-08,5.37058,TQQQ,tiingo
2017-12-11,5.49375,TQQQ,tiingo
2017-12-12,5.47315,TQQQ,tiingo
2017-12-13,5.50048,TQQQ,tiingo
2017-12-14,5.49256,TQQQ,tiingo
2017-12-15,5.67118,TQQQ,tiingo
2017-12-18,5.81693,TQQQ,tiingo
2017-12-19,5.72227,TQQQ,tiingo
2017-12-20,5.69851,TQQQ,tiingo
2017-12-21,5.69574,TQQQ,tiingo
2017-12-22,5.67673,TQQQ,tiingo
2017-12-26,5.58484,TQQQ,tiingo
2017-12-27,5.58484,TQQQ,tiingo
2017-12-28,5.59989,TQQQ,tiingo
2017-12-29,5.49414,TQQQ,tiingo
2018-01-02,5.77614,TQQQ,tiingo
2018-01-03,5.94526,TQQQ,tiingo
2018-01-04,5.98011,TQQQ,tiingo
2018-01-05,6.16071,TQQQ,tiingo
2018-01-08,6.22924,TQQQ,tiingo
2018-01-09,6.23399,TQQQ,tiingo
2018-01-10,6.18962,TQQQ,tiingo
2018-01-11,6.3136,TQQQ,tiingo
2018-01-12,6.44746,TQQQ,tiingo
2018-01-16,6.39756,TQQQ,tiingo
2018-01-17,6.59915,TQQQ,tiingo
2018-01-18,6.60549,TQQQ,tiingo
2018-01-19,6.66886,TQQQ,tiingo
2018-01-22,6.87719,TQQQ,tiingo
2018-01-23,7.05145,TQQQ,tiingo
2018-01-24,6.90848,TQQQ,tiingo
2018-01-25,6.89977,TQQQ,tiingo
2018-01-26,7.20789,TQQQ,tiingo
2018-01-29,7.11244,TQQQ,tiingo
2018-01-30,6.93065,TQQQ,tiingo
2018-01-31,7.0162,TQQQ,tiingo
2018-02-01,6.84075,TQQQ,tiingo
2018-02-02,6.4229,TQQQ,tiingo
2018-02-05,5.68148,TQQQ,tiingo
2018-02-06,6.11952,TQQQ,tiingo
2018-02-07,5.87753,TQQQ,tiingo
2018-02-08,5.14918,TQQQ,tiingo
2018-02-09,5.39157,TQQQ,tiingo
2018-02-12,5.69337,TQQQ,tiingo
2018-02-13,5.76267,TQQQ,tiingo
2018-02-14,6.10012,TQQQ,tiingo
2018-02-15,6.41895,TQQQ,tiingo
2018-02-16,6.34726,TQQQ,tiingo
2018-02-20,6.37894,TQQQ,tiingo
2018-02-21,6.32151,TQQQ,tiingo
2018-02-22,6.3227,TQQQ,tiingo
2018-02-23,6.69935,TQQQ,tiingo
2018-02-26,6.96828,TQQQ,tiingo
2018-02-27,6.71876,TQQQ,tiingo
2018-02-28,6.5837,TQQQ,tiingo
2018-03-01,6.26686,TQQQ,tiingo
2018-03-02,6.43915,TQQQ,tiingo
2018-03-05,6.64114,TQQQ,tiingo
2018-03-06,6.7251,TQQQ,tiingo
2018-03-07,6.7754,TQQQ,tiingo
2018-03-08,6.87639,TQQQ,tiingo
2018-03-09,7.27681,TQQQ,tiingo
2018-03-12,7.38573,TQQQ,tiingo
2018-03-13,7.11759,TQQQ,tiingo
2018-03-14,7.09343,TQQQ,tiingo
2018-03-15,7.06175,TQQQ,tiingo
2018-03-16,7.01502,TQQQ,tiingo
2018-03-19,6.5746,TQQQ,tiingo
2018-03-20,6.62291,TQQQ,tiingo
2018-03-21,6.52707,TQQQ,tiingo
2018-03-22,6.05021,TQQQ,tiingo
2018-03-23,5.56148,TQQQ,tiingo
2018-03-26,6.18725,TQQQ,tiingo
2018-03-27,5.59396,TQQQ,tiingo
2018-03-28,5.40107,TQQQ,tiingo
2018-03-29,5.70009,TQQQ,tiingo
2018-04-02,5.19393,TQQQ,tiingo
2018-04-03,5.36819,TQQQ,tiingo
2018-04-04,5.62207,TQQQ,tiingo
2018-04-05,5.71039,TQQQ,tiingo
2018-04-06,5.28423,TQQQ,tiingo
2018-04-09,5.38998,TQQQ,tiingo
2018-04-10,5.74604,TQQQ,tiingo
2018-04-11,5.64941,TQQQ,tiingo
2018-04-12,5.84743,TQQQ,tiingo
2018-04-13,5.76069,TQQQ,tiingo
2018-04-16,5.88783,TQQQ,tiingo
2018-04-17,6.26449,TQQQ,tiingo
2018-04-18,6.30805,TQQQ,tiingo
2018-04-19,6.13656,TQQQ,tiingo
2018-04-20,5.84228,TQQQ,tiingo
2018-04-23,5.79634,TQQQ,tiingo
2018-04-24,5.42682,TQQQ,tiingo
2018-04-25,5.4482,TQQQ,tiingo
2018-04-26,5.78604,TQQQ,tiingo
2018-04-27,5.79951,TQQQ,tiingo
2018-04-30,5.67593,TQQQ,tiingo
2018-05-01,5.8605,TQQQ,tiingo
2018-05-02,5.75832,TQQQ,tiingo
2018-05-03,5.75871,TQQQ,tiingo
2018-05-04,6.08269,TQQQ,tiingo
2018-05-07,6.22725,TQQQ,tiingo
2018-05-08,6.20666,TQQQ,tiingo
2018-05-09,6.41459,TQQQ,tiingo
2018-05-10,6.6142,TQQQ,tiingo
2018-05-11,6.5944,TQQQ,tiingo
2018-05-14,6.62371,TQQQ,tiingo
2018-05-15,6.40944,TQQQ,tiingo
2018-05-16,6.52746,TQQQ,tiingo
2018-05-17,6.4538,TQQQ,tiingo
2018-05-18,6.35042,TQQQ,tiingo
2018-05-21,6.46132,TQQQ,tiingo
2018-05-22,6.42766,TQQQ,tiingo
2018-05-23,6.58925,TQQQ,tiingo
2018-05-24,6.58371,TQQQ,tiingo
2018-05-25,6.60035,TQQQ,tiingo
2018-05-29,6.51599,TQQQ,tiingo
2018-05-30,6.655,TQQQ,tiingo
2018-05-31,6.64075,TQQQ,tiingo
2018-06-01,6.94968,TQQQ,tiingo
2018-06-04,7.1279,TQQQ,tiingo
2018-06-05,7.20157,TQQQ,tiingo
2018-06-06,7.32038,TQQQ,tiingo
2018-06-07,7.15048,TQQQ,tiingo
2018-06-08,7.14573,TQQQ,tiingo
2018-06-11,7.20157,TQQQ,tiingo
2018-06-12,7.31563,TQQQ,tiingo
2018-06-13,7.30732,TQQQ,tiingo
2018-06-14,7.52951,TQQQ,tiingo
2018-06-15,7.45464,TQQQ,tiingo
2018-06-18,7.43802,TQQQ,tiingo
2018-06-19,7.37148,TQQQ,tiingo
2018-06-20,7.52594,TQQQ,tiingo
2018-06-21,7.33108,TQQQ,tiingo
2018-06-22,7.25742,TQQQ,tiingo
2018-06-25,6.79402,TQQQ,tiingo
2018-06-26,6.86888,TQQQ,tiingo
2018-06-27,6.59321,TQQQ,tiingo
2018-06-28,6.75481,TQQQ,tiingo
2018-06-29,6.7857,TQQQ,tiingo
2018-07-02,6.93779,TQQQ,tiingo
2018-07-03,6.69896,TQQQ,tiingo
2018-07-05,6.94492,TQQQ,tiingo
2018-07-06,7.25742,TQQQ,tiingo
2018-07-09,7.45941,TQQQ,tiingo
2018-07-10,7.47723,TQQQ,tiingo
2018-07-11,7.36792,TQQQ,tiingo
2018-07-12,7.7315,TQQQ,tiingo
2018-07-13,7.75407,TQQQ,tiingo
2018-07-16,7.70179,TQQQ,tiingo
2018-07-17,7.84437,TQQQ,tiingo
2018-07-18,7.79447,TQQQ,tiingo
2018-07-19,7.67922,TQQQ,tiingo
2018-07-20,7.66852,TQQQ,tiingo
2018-07-23,7.73506,TQQQ,tiingo
2018-07-24,7.83368,TQQQ,tiingo
2018-07-25,8.16042,TQQQ,tiingo
2018-07-26,7.80397,TQQQ,tiingo
2018-07-27,7.47842,TQQQ,tiingo
2018-07-30,7.15642,TQQQ,tiingo
2018-07-31,7.29899,TQQQ,tiingo
2018-08-01,7.39881,TQQQ,tiingo
2018-08-02,7.69347,TQQQ,tiingo
2018-08-03,7.76238,TQQQ,tiingo
2018-08-06,7.90497,TQQQ,tiingo
2018-08-07,7.9822,TQQQ,tiingo
2018-08-08,8.00359,TQQQ,tiingo
2018-08-09,7.99646,TQQQ,tiingo
2018-08-10,7.80992,TQQQ,tiingo
2018-08-13,7.78734,TQQQ,tiingo
2018-08-14,7.93111,TQQQ,tiingo
2018-08-15,7.64238,TQQQ,tiingo
2018-08-16,7.71248,TQQQ,tiingo
2018-08-17,7.7113,TQQQ,tiingo
2018-08-20,7.69585,TQQQ,tiingo
2018-08-21,7.77546,TQQQ,tiingo
2018-08-22,7.86576,TQQQ,tiingo
2018-08-23,7.82655,TQQQ,tiingo
2018-08-24,8.04399,TQQQ,tiingo
2018-08-27,8.28638,TQQQ,tiingo
2018-08-28,8.32321,TQQQ,tiingo
2018-08-29,8.61431,TQQQ,tiingo
2018-08-30,8.5656,TQQQ,tiingo
2018-08-31,8.59055,TQQQ,tiingo
2018-09-04,8.48836,TQQQ,tiingo
2018-09-05,8.15092,TQQQ,tiingo
2018-09-06,7.92873,TQQQ,tiingo
2018-09-07,7.85031,TQQQ,tiingo
2018-09-10,7.91923,TQQQ,tiingo
2018-09-11,8.09507,TQQQ,tiingo
2018-09-12,8.02497,TQQQ,tiingo
2018-09-13,8.26261,TQQQ,tiingo
2018-09-14,8.19964,TQQQ,tiingo
2018-09-17,7.85388,TQQQ,tiingo
2018-09-18,8.04042,TQQQ,tiingo
2018-09-19,8.0226,TQQQ,tiingo
2018-09-20,8.2745,TQQQ,tiingo
2018-09-21,8.14261,TQQQ,tiingo
2018-09-24,8.21271,TQQQ,tiingo
2018-09-25,8.24598,TQQQ,tiingo
2018-09-26,8.23766,TQQQ,tiingo
2018-09-27,8.46579,TQQQ,tiingo
2018-09-28,8.45273,TQQQ,tiingo
2018-10-01,8.50144,TQQQ,tiingo
2018-10-02,8.45273,TQQQ,tiingo
2018-10-03,8.47768,TQQQ,tiingo
2018-10-04,7.99408,TQQQ,tiingo
2018-10-05,7.69347,TQQQ,tiingo
2018-10-08,7.55564,TQQQ,tiingo
2018-10-09,7.61387,TQQQ,tiingo
2018-10-10,6.62649,TQQQ,tiingo
2018-10-11,6.35796,TQQQ,tiingo
2018-10-12,6.89501,TQQQ,tiingo
2018-10-15,6.6348,TQQQ,tiingo
2018-10-16,7.20632,TQQQ,tiingo
2018-10-17,7.23008,TQQQ,tiingo
2018-10-18,6.72867,TQQQ,tiingo
2018-10-19,6.70134,TQQQ,tiingo
2018-10-22,6.80234,TQQQ,tiingo
2018-10-23,6.72749,TQQQ,tiingo
2018-10-24,5.81258,TQQQ,tiingo
2018-10-25,6.40905,TQQQ,tiingo
2018-10-26,5.91121,TQQQ,tiingo
2018-10-29,5.59514,TQQQ,tiingo
2018-10-30,5.81139,TQQQ,tiingo
2018-10-31,6.2035,TQQQ,tiingo
2018-11-01,6.4744,TQQQ,tiingo
2018-11-02,6.18448,TQQQ,tiingo
2018-11-05,6.12388,TQQQ,tiingo
2018-11-06,6.2534,TQQQ,tiingo
2018-11-07,6.82848,TQQQ,tiingo
2018-11-08,6.71204,TQQQ,tiingo
2018-11-09,6.37102,TQQQ,tiingo
2018-11-12,5.81139,TQQQ,tiingo
2018-11-13,5.80902,TQQQ,tiingo
2018-11-14,5.66168,TQQQ,tiingo
2018-11-15,5.96467,TQQQ,tiingo
2018-11-16,5.89932,TQQQ,tiingo
2018-11-19,5.33374,TQQQ,tiingo
2018-11-20,5.03789,TQQQ,tiingo
2018-11-21,5.15076,TQQQ,tiingo
2018-11-23,5.0367,TQQQ,tiingo
2018-11-26,5.38246,TQQQ,tiingo
2018-11-27,5.4383,TQQQ,tiingo
2018-11-28,5.95398,TQQQ,tiingo
2018-11-29,5.89932,TQQQ,tiingo
2018-11-30,6.02289,TQQQ,tiingo
2018-12-03,6.33182,TQQQ,tiingo
2018-12-04,5.63554,TQQQ,tiingo
2018-12-06,5.71753,TQQQ,tiingo
2018-12-07,5.1579,TQQQ,tiingo
2018-12-10,5.31949,TQQQ,tiingo
2018-12-11,5.37652,TQQQ,tiingo
2018-12-12,5.51198,TQQQ,tiingo
2018-12-13,5.51317,TQQQ,tiingo
2018-12-14,5.0973,TQQQ,tiingo
2018-12-17,4.76817,TQQQ,tiingo
2018-12-18,4.84778,TQQQ,tiingo
2018-12-19,4.49727,TQQQ,tiingo
2018-12-20,4.31666,TQQQ,tiingo
2018-12-21,3.89962,TQQQ,tiingo
2018-12-24,3.61088,TQQQ,tiingo
2018-12-26,4.26566,TQQQ,tiingo
2018-12-27,4.32633,TQQQ,tiingo
2018-12-28,4.30848,TQQQ,tiingo
2018-12-31,4.40603,TQQQ,tiingo
2019-01-02,4.46908,TQQQ,tiingo
2019-01-03,4.03608,TQQQ,tiingo
2019-01-04,4.55234,TQQQ,tiingo
2019-01-07,4.69746,TQQQ,tiingo
2019-01-08,4.83307,TQQQ,tiingo
2019-01-09,4.94727,TQQQ,tiingo
2019-01-10,4.99484,TQQQ,tiingo
2019-01-11,4.93537,TQQQ,tiingo
2019-01-14,4.8069,TQQQ,tiingo
2019-01-15,5.07336,TQQQ,tiingo
2019-01-16,5.08049,TQQQ,tiingo
2019-01-17,5.19945,TQQQ,tiingo
2019-01-18,5.34219,TQQQ,tiingo
2019-01-22,5.04719,TQQQ,tiingo
2019-01-23,5.05194,TQQQ,tiingo
2019-01-24,5.14116,TQQQ,tiingo
2019-01-25,5.32435,TQQQ,tiingo
2019-01-28,5.12808,TQQQ,tiingo
2019-01-29,4.98295,TQQQ,tiingo
2019-01-30,5.35647,TQQQ,tiingo
2019-01-31,5.59199,TQQQ,tiingo
2019-02-01,5.52062,TQQQ,tiingo
2019-02-04,5.72284,TQQQ,tiingo
2019-02-05,5.87391,TQQQ,tiingo
2019-02-06,5.82752,TQQQ,tiingo
2019-02-07,5.58961,TQQQ,tiingo
2019-02-08,5.61817,TQQQ,tiingo
2019-02-11,5.60507,TQQQ,tiingo
2019-02-12,5.84774,TQQQ,tiingo
2019-02-13,5.85964,TQQQ,tiingo
2019-02-14,5.88105,TQQQ,tiingo
2019-02-15,5.95123,TQQQ,tiingo
2019-02-19,5.98692,TQQQ,tiingo
2019-02-20,5.98216,TQQQ,tiingo
2019-02-21,5.91436,TQQQ,tiingo
2019-02-22,6.04282,TQQQ,tiingo
2019-02-25,6.10944,TQQQ,tiingo
2019-02-26,6.12847,TQQQ,tiingo
2019-02-27,6.10944,TQQQ,tiingo
2019-02-28,6.07138,TQQQ,tiingo
2019-03-01,6.19271,TQQQ,tiingo
2019-03-04,6.1939,TQQQ,tiingo
2019-03-05,6.20936,TQQQ,tiingo
2019-03-06,6.10231,TQQQ,tiingo
2019-03-07,5.87986,TQQQ,tiingo
2019-03-08,5.84655,TQQQ,tiingo
2019-03-11,6.21174,TQQQ,tiingo
2019-03-12,6.31285,TQQQ,tiingo
2019-03-13,6.44965,TQQQ,tiingo
2019-03-14,6.42109,TQQQ,tiingo
2019-03-15,6.5805,TQQQ,tiingo
2019-03-18,6.63997,TQQQ,tiingo
2019-03-19,6.70659,TQQQ,tiingo
2019-03-20,6.78393,TQQQ,tiingo
2019-03-21,7.09808,TQQQ,tiingo
2019-03-22,6.634,TQQQ,tiingo
2019-03-25,6.59235,TQQQ,tiingo
2019-03-26,6.68279,TQQQ,tiingo
2019-03-27,6.5519,TQQQ,tiingo
2019-03-28,6.59354,TQQQ,tiingo
2019-03-29,6.74229,TQQQ,tiingo
2019-04-01,7.00765,TQQQ,tiingo
2019-04-02,7.085,TQQQ,tiingo
2019-04-03,7.20756,TQQQ,tiingo
2019-04-04,7.19685,TQQQ,tiingo
2019-04-05,7.30514,TQQQ,tiingo
2019-04-08,7.36226,TQQQ,tiingo
2019-04-09,7.28134,TQQQ,tiingo
2019-04-10,7.39914,TQQQ,tiingo
2019-04-11,7.34322,TQQQ,tiingo
2019-04-12,7.43366,TQQQ,tiingo
2019-04-15,7.4396,TQQQ,tiingo
2019-04-16,7.51219,TQQQ,tiingo
2019-04-17,7.58715,TQQQ,tiingo
2019-04-18,7.61095,TQQQ,tiingo
2019-04-22,7.67522,TQQQ,tiingo
2019-04-23,7.96675,TQQQ,tiingo
2019-04-24,7.8894,TQQQ,tiingo
2019-04-25,7.97746,TQQQ,tiingo
2019-04-26,8.00602,TQQQ,tiingo
2019-04-29,8.04886,TQQQ,tiingo
2019-04-30,7.86441,TQQQ,tiingo
2019-05-01,7.77398,TQQQ,tiingo
2019-05-02,7.67878,TQQQ,tiingo
2019-05-03,8.04053,TQQQ,tiingo
2019-05-06,7.89655,TQQQ,tiingo
2019-05-07,7.43722,TQQQ,tiingo
2019-05-08,7.37177,TQQQ,tiingo
2019-05-09,7.25516,TQQQ,tiingo
2019-05-10,7.27539,TQQQ,tiingo
2019-05-13,6.52333,TQQQ,tiingo
2019-05-14,6.72801,TQQQ,tiingo
2019-05-15,7.00765,TQQQ,tiingo
2019-05-16,7.2266,TQQQ,tiingo
2019-05-17,7.00169,TQQQ,tiingo
2019-05-20,6.65066,TQQQ,tiingo
2019-05-21,6.85057,TQQQ,tiingo
2019-05-22,6.76133,TQQQ,tiingo
2019-05-23,6.44242,TQQQ,tiingo
2019-05-24,6.4329,TQQQ,tiingo
2019-05-28,6.36388,TQQQ,tiingo
2019-05-29,6.20442,TQQQ,tiingo
2019-05-30,6.27821,TQQQ,tiingo
2019-05-31,5.97596,TQQQ,tiingo
2019-06-03,5.59399,TQQQ,tiingo
2019-06-04,6.04736,TQQQ,tiingo
2019-06-05,6.18063,TQQQ,tiingo
2019-06-06,6.32342,TQQQ,tiingo
2019-06-07,6.68398,TQQQ,tiingo
2019-06-10,6.92792,TQQQ,tiingo
2019-06-11,6.9541,TQQQ,tiingo
2019-06-12,6.83629,TQQQ,tiingo
2019-06-13,6.94815,TQQQ,tiingo
2019-06-14,6.85771,TQQQ,tiingo
2019-06-17,6.98266,TQQQ,tiingo
2019-06-18,7.28491,TQQQ,tiingo
2019-06-19,7.37058,TQQQ,tiingo
2019-06-20,7.57288,TQQQ,tiingo
2019-06-21,7.53837,TQQQ,tiingo
2019-06-24,7.53598,TQQQ,tiingo
2019-06-25,7.15044,TQQQ,tiingo
2019-06-26,7.24088,TQQQ,tiingo
2019-06-27,7.31941,TQQQ,tiingo
2019-06-28,7.35035,TQQQ,tiingo
2019-07-01,7.64308,TQQQ,tiingo
2019-07-02,7.7359,TQQQ,tiingo
2019-07-03,7.90726,TQQQ,tiingo
2019-07-05,7.85609,TQQQ,tiingo
2019-07-08,7.69069,TQQQ,tiingo
2019-07-09,7.80611,TQQQ,tiingo
2019-07-10,8.03696,TQQQ,tiingo
2019-07-11,8.01554,TQQQ,tiingo
2019-07-12,8.15001,TQQQ,tiingo
2019-07-15,8.21902,TQQQ,tiingo
2019-07-16,8.10241,TQQQ,tiingo
2019-07-17,7.98222,TQQQ,tiingo
2019-07-18,8.01673,TQQQ,tiingo
2019-07-19,7.82276,TQQQ,tiingo
2019-07-22,8.00721,TQQQ,tiingo
2019-07-23,8.1619,TQQQ,tiingo
2019-07-24,8.33564,TQQQ,tiingo
2019-07-25,8.09765,TQQQ,tiingo
2019-07-26,8.33802,TQQQ,tiingo
2019-07-29,8.26067,TQQQ,tiingo
2019-07-30,8.15001,TQQQ,tiingo
2019-07-31,7.80611,TQQQ,tiingo
2019-08-01,7.69663,TQQQ,tiingo
2019-08-02,7.3444,TQQQ,tiingo
2019-08-05,6.57331,TQQQ,tiingo
2019-08-06,6.84344,TQQQ,tiingo
2019-08-07,6.94339,TQQQ,tiingo
2019-08-08,7.40272,TQQQ,tiingo
2019-08-09,7.18376,TQQQ,tiingo
2019-08-12,6.94339,TQQQ,tiingo
2019-08-13,7.39914,TQQQ,tiingo
2019-08-14,6.73634,TQQQ,tiingo
2019-08-15,6.70778,TQQQ,tiingo
2019-08-16,7.01716,TQQQ,tiingo
2019-08-19,7.34559,TQQQ,tiingo
2019-08-20,7.19447,TQQQ,tiingo
2019-08-21,7.37773,TQQQ,tiingo
2019-08-22,7.30633,TQQQ,tiingo
2019-08-23,6.63758,TQQQ,tiingo
2019-08-26,6.9065,TQQQ,tiingo
2019-08-27,6.86485,TQQQ,tiingo
2019-08-28,6.93387,TQQQ,tiingo
2019-08-29,7.24921,TQQQ,tiingo
2019-08-30,7.19804,TQQQ,tiingo
2019-09-03,6.98861,TQQQ,tiingo
2019-09-04,7.28253,TQQQ,tiingo
2019-09-05,7.68473,TQQQ,tiingo
2019-09-06,7.66331,TQQQ,tiingo
2019-09-09,7.61453,TQQQ,tiingo
2019-09-10,7.55145,TQQQ,tiingo
2019-09-11,7.75494,TQQQ,tiingo
2019-09-12,7.85133,TQQQ,tiingo
2019-09-13,7.76803,TQQQ,tiingo
2019-09-16,7.66094,TQQQ,tiingo
2019-09-17,7.76207,TQQQ,tiingo
2019-09-18,7.75732,TQQQ,tiingo
2019-09-19,7.79183,TQQQ,tiingo
2019-09-20,7.5467,TQQQ,tiingo
2019-09-23,7.55384,TQQQ,tiingo
2019-09-24,7.25516,TQQQ,tiingo
2019-09-25,7.4872,TQQQ,tiingo
2019-09-26,7.41223,TQQQ,tiingo
2019-09-27,7.1433,TQQQ,tiingo
2019-09-30,7.33369,TQQQ,tiingo
2019-10-01,7.1564,TQQQ,tiingo
2019-10-02,6.78988,TQQQ,tiingo
2019-10-03,7.0136,TQQQ,tiingo
2019-10-04,7.3087,TQQQ,tiingo
2019-10-07,7.24088,TQQQ,tiingo
2019-10-08,6.91126,TQQQ,tiingo
2019-10-09,7.1207,TQQQ,tiingo
2019-10-10,7.27658,TQQQ,tiingo
2019-10-11,7.54908,TQQQ,tiingo
2019-10-14,7.55741,TQQQ,tiingo
2019-10-15,7.84418,TQQQ,tiingo
2019-10-16,7.78588,TQQQ,tiingo
2019-10-17,7.83942,TQQQ,tiingo
2019-10-18,7.61453,TQQQ,tiingo
2019-10-21,7.81563,TQQQ,tiingo
2019-10-22,7.63476,TQQQ,tiingo
2019-10-23,7.67046,TQQQ,tiingo
2019-10-24,7.89059,TQQQ,tiingo
2019-10-25,8.07027,TQQQ,tiingo
2019-10-28,8.3166,TQQQ,tiingo
2019-10-29,8.12502,TQQQ,tiingo
2019-10-30,8.23925,TQQQ,tiingo
2019-10-31,8.2452,TQQQ,tiingo
2019-11-01,8.46891,TQQQ,tiingo
2019-11-04,8.62003,TQQQ,tiingo
2019-11-05,8.63074,TQQQ,tiingo
2019-11-06,8.57601,TQQQ,tiingo
2019-11-07,8.66288,TQQQ,tiingo
2019-11-08,8.76522,TQQQ,tiingo
2019-11-11,8.72832,TQQQ,tiingo
2019-11-12,8.79972,TQQQ,tiingo
2019-11-13,8.78663,TQQQ,tiingo
2019-11-14,8.78425,TQQQ,tiingo
2019-11-15,8.94966,TQQQ,tiingo
2019-11-18,8.99607,TQQQ,tiingo
2019-11-19,9.03295,TQQQ,tiingo
2019-11-20,8.87469,TQQQ,tiingo
2019-11-21,8.80568,TQQQ,tiingo
2019-11-22,8.82947,TQQQ,tiingo
2019-11-25,9.13529,TQQQ,tiingo
2019-11-26,9.19002,TQQQ,tiingo
2019-11-27,9.37565,TQQQ,tiingo
2019-11-29,9.25071,TQQQ,tiingo
2019-12-02,8.95322,TQQQ,tiingo
2019-12-03,8.75212,TQQQ,tiingo
2019-12-04,8.88182,TQQQ,tiingo
2019-12-05,8.92823,TQQQ,tiingo
2019-12-06,9.2043,TQQQ,tiingo
2019-12-09,9.09126,TQQQ,tiingo
2019-12-10,9.07103,TQQQ,tiingo
2019-12-11,9.20788,TQQQ,tiingo
2019-12-12,9.4185,TQQQ,tiingo
2019-12-13,9.50298,TQQQ,tiingo
2019-12-16,9.77548,TQQQ,tiingo
2019-12-17,9.78858,TQQQ,tiingo
2019-12-18,9.81118,TQQQ,tiingo
2019-12-19,10.0111,TQQQ,tiingo
2019-12-20,10.1301,TQQQ,tiingo
2019-12-23,10.2051,TQQQ,tiingo
2019-12-24,10.2183,TQQQ,tiingo
2019-12-26,10.4837,TQQQ,tiingo
2019-12-27,10.4528,TQQQ,tiingo
2019-12-30,10.2445,TQQQ,tiingo
2019-12-31,10.3029,TQQQ,tiingo
2020-01-02,10.8135,TQQQ,tiingo
2020-01-03,10.5194,TQQQ,tiingo
2020-01-06,10.7194,TQQQ,tiingo
2020-01-07,10.7064,TQQQ,tiingo
2020-01-08,10.9528,TQQQ,tiingo
2020-01-09,11.2289,TQQQ,tiingo
2020-01-10,11.1373,TQQQ,tiingo
2020-01-13,11.5265,TQQQ,tiingo
2020-01-14,11.392,TQQQ,tiingo
2020-01-15,11.3992,TQQQ,tiingo
2020-01-16,11.717,TQQQ,tiingo
2020-01-17,11.892,TQQQ,tiingo
2020-01-21,11.886,TQQQ,tiingo
2020-01-22,11.967,TQQQ,tiingo
2020-01-23,12.0776,TQQQ,tiingo
2020-01-24,11.7646,TQQQ,tiingo
2020-01-27,11.0373,TQQQ,tiingo
2020-01-28,11.5504,TQQQ,tiingo
2020-01-29,11.592,TQQQ,tiingo
2020-01-30,11.7229,TQQQ,tiingo
2020-01-31,11.1468,TQQQ,tiingo
2020-02-03,11.6587,TQQQ,tiingo
2020-02-04,12.455,TQQQ,tiingo
2020-02-05,12.5991,TQQQ,tiingo
2020-02-06,12.9062,TQQQ,tiingo
2020-02-07,12.7395,TQQQ,tiingo
2020-02-10,13.199,TQQQ,tiingo
2020-02-11,13.2086,TQQQ,tiingo
2020-02-12,13.5954,TQQQ,tiingo
2020-02-13,13.543,TQQQ,tiingo
2020-02-14,13.6348,TQQQ,tiingo
2020-02-18,13.6585,TQQQ,tiingo
2020-02-19,14.0537,TQQQ,tiingo
2020-02-20,13.6537,TQQQ,tiingo
2020-02-21,12.8729,TQQQ,tiingo
2020-02-24,11.3896,TQQQ,tiingo
2020-02-25,10.4682,TQQQ,tiingo
2020-02-26,10.6124,TQQQ,tiingo
2020-02-27,9.02553,TQQQ,tiingo
2020-02-28,9.16599,TQQQ,tiingo
2020-03-02,10.4171,TQQQ,tiingo
2020-03-03,9.43621,TQQQ,tiingo
2020-03-04,10.5814,TQQQ,tiingo
2020-03-05,9.65286,TQQQ,tiingo
2020-03-06,9.14695,TQQQ,tiingo
2020-03-09,7.28875,TQQQ,tiingo
2020-03-10,8.42319,TQQQ,tiingo
2020-03-11,7.33994,TQQQ,tiingo
2020-03-12,5.32818,TQQQ,tiingo
2020-03-13,6.76617,TQQQ,tiingo
2020-03-16,4.4342,TQQQ,tiingo
2020-03-17,5.15676,TQQQ,tiingo
2020-03-18,4.67942,TQQQ,tiingo
2020-03-19,4.78774,TQQQ,tiingo
2020-03-20,4.22708,TQQQ,tiingo
2020-03-23,4.24017,TQQQ,tiingo
2020-03-24,5.18534,TQQQ,tiingo
2020-03-25,5.0651,TQQQ,tiingo
2020-03-26,5.89005,TQQQ,tiingo
2020-03-27,5.27818,TQQQ,tiingo
2020-03-30,5.8329,TQQQ,tiingo
2020-03-31,5.67101,TQQQ,tiingo
2020-04-01,4.9675,TQQQ,tiingo
2020-04-02,5.26151,TQQQ,tiingo
2020-04-03,5.04963,TQQQ,tiingo
2020-04-06,6.1067,TQQQ,tiingo
2020-04-07,6.09479,TQQQ,tiingo
2020-04-08,6.48405,TQQQ,tiingo
2020-04-09,6.50785,TQQQ,tiingo
2020-04-13,6.73403,TQQQ,tiingo
2020-04-14,7.60777,TQQQ,tiingo
2020-04-15,7.35541,TQQQ,tiingo
2020-04-16,7.74943,TQQQ,tiingo
2020-04-17,7.94347,TQQQ,tiingo
2020-04-20,7.68635,TQQQ,tiingo
2020-04-21,6.8364,TQQQ,tiingo
2020-04-22,7.44112,TQQQ,tiingo
2020-04-23,7.39232,TQQQ,tiingo
2020-04-24,7.74943,TQQQ,tiingo
2020-04-27,7.90061,TQQQ,tiingo
2020-04-28,7.47326,TQQQ,tiingo
2020-04-29,8.25059,TQQQ,tiingo
2020-04-30,8.30535,TQQQ,tiingo
2020-05-01,7.56016,TQQQ,tiingo
2020-05-04,7.82681,TQQQ,tiingo
2020-05-05,8.07679,TQQQ,tiingo
2020-05-06,8.2363,TQQQ,tiingo
2020-05-07,8.55771,TQQQ,tiingo
2020-05-08,8.90292,TQQQ,tiingo
2020-05-11,9.12433,TQQQ,tiingo
2020-05-12,8.58151,TQQQ,tiingo
2020-05-13,8.25653,TQQQ,tiingo
2020-05-14,8.53033,TQQQ,tiingo
2020-05-15,8.67674,TQQQ,tiingo
2020-05-18,9.17908,TQQQ,tiingo
2020-05-19,9.10885,TQQQ,tiingo
2020-05-20,9.64215,TQQQ,tiingo
2020-05-21,9.34574,TQQQ,tiingo
2020-05-22,9.43027,TQQQ,tiingo
2020-05-26,9.39097,TQQQ,tiingo
2020-05-27,9.52311,TQQQ,tiingo
2020-05-28,9.4624,TQQQ,tiingo
2020-05-29,9.85285,TQQQ,tiingo
2020-06-01,9.97427,TQQQ,tiingo
2020-06-02,10.173,TQQQ,tiingo
2020-06-03,10.3111,TQQQ,tiingo
2020-06-04,10.1017,TQQQ,tiingo
2020-06-05,10.7004,TQQQ,tiingo
2020-06-08,10.9385,TQQQ,tiingo
2020-06-09,11.1825,TQQQ,tiingo
2020-06-10,11.586,TQQQ,tiingo
2020-06-11,9.88022,TQQQ,tiingo
2020-06-12,10.0945,TQQQ,tiingo
2020-06-15,10.4505,TQQQ,tiingo
2020-06-16,11.0028,TQQQ,tiingo
2020-06-17,11.1099,TQQQ,tiingo
2020-06-18,11.1956,TQQQ,tiingo
2020-06-19,11.1801,TQQQ,tiingo
2020-06-22,11.5777,TQQQ,tiingo
2020-06-23,11.88,TQQQ,tiingo
2020-06-24,11.1801,TQQQ,tiingo
2020-06-25,11.4765,TQQQ,tiingo
2020-06-26,10.6516,TQQQ,tiingo
2020-06-29,10.9921,TQQQ,tiingo
2020-06-30,11.6241,TQQQ,tiingo
2020-07-01,12.0396,TQQQ,tiingo
2020-07-02,12.2955,TQQQ,tiingo
2020-07-06,13.199,TQQQ,tiingo
2020-07-07,12.9395,TQQQ,tiingo
2020-07-08,13.4371,TQQQ,tiingo
2020-07-09,13.7728,TQQQ,tiingo
2020-07-10,14.0644,TQQQ,tiingo
2020-07-13,13.1954,TQQQ,tiingo
2020-07-14,13.4752,TQQQ,tiingo
2020-07-15,13.5418,TQQQ,tiingo
2020-07-16,13.2514,TQQQ,tiingo
2020-07-17,13.3133,TQQQ,tiingo
2020-07-20,14.4465,TQQQ,tiingo
2020-07-21,13.9847,TQQQ,tiingo
2020-07-22,14.1465,TQQQ,tiingo
2020-07-23,13.0383,TQQQ,tiingo
2020-07-24,12.6526,TQQQ,tiingo
2020-07-27,13.3324,TQQQ,tiingo
2020-07-28,12.8313,TQQQ,tiingo
2020-07-29,13.2681,TQQQ,tiingo
2020-07-30,13.4836,TQQQ,tiingo
2020-07-31,14.2108,TQQQ,tiingo
2020-08-03,14.7406,TQQQ,tiingo
2020-08-04,14.9323,TQQQ,tiingo
2020-08-05,15.0512,TQQQ,tiingo
2020-08-06,15.6274,TQQQ,tiingo
2020-08-07,15.1167,TQQQ,tiingo
2020-08-10,14.9132,TQQQ,tiingo
2020-08-11,14.0668,TQQQ,tiingo
2020-08-12,15.1191,TQQQ,tiingo
2020-08-13,15.2251,TQQQ,tiingo
2020-08-14,15.181,TQQQ,tiingo
2020-08-17,15.6822,TQQQ,tiingo
2020-08-18,16.1429,TQQQ,tiingo
2020-08-19,15.8274,TQQQ,tiingo
2020-08-20,16.4785,TQQQ,tiingo
2020-08-21,16.8225,TQQQ,tiingo
2020-08-24,17.1344,TQQQ,tiingo
2020-08-25,17.5344,TQQQ,tiingo
2020-08-26,18.657,TQQQ,tiingo
2020-08-27,18.4879,TQQQ,tiingo
2020-08-28,18.7737,TQQQ,tiingo
2020-08-31,19.2081,TQQQ,tiingo
2020-09-01,20.2056,TQQQ,tiingo
2020-09-02,20.7759,TQQQ,tiingo
2020-09-03,17.5856,TQQQ,tiingo
2020-09-04,16.8607,TQQQ,tiingo
2020-09-08,14.4775,TQQQ,tiingo
2020-09-09,15.7214,TQQQ,tiingo
2020-09-10,14.812,TQQQ,tiingo
2020-09-11,14.4883,TQQQ,tiingo
2020-09-14,15.2346,TQQQ,tiingo
2020-09-15,15.8822,TQQQ,tiingo
2020-09-16,15.1191,TQQQ,tiingo
2020-09-17,14.4228,TQQQ,tiingo
2020-09-18,13.8657,TQQQ,tiingo
2020-09-21,14.03,TQQQ,tiingo
2020-09-22,14.7966,TQQQ,tiingo
2020-09-23,13.4264,TQQQ,tiingo
2020-09-24,13.6228,TQQQ,tiingo
2020-09-25,14.5775,TQQQ,tiingo
2020-09-28,15.4418,TQQQ,tiingo
2020-09-29,15.2798,TQQQ,tiingo
2020-09-30,15.5822,TQQQ,tiingo
2020-10-01,16.3119,TQQQ,tiingo
2020-10-02,14.9667,TQQQ,tiingo
2020-10-05,15.9107,TQQQ,tiingo
2020-10-06,15.056,TQQQ,tiingo
2020-10-07,15.8477,TQQQ,tiingo
2020-10-08,16.081,TQQQ,tiingo
2020-10-09,16.7964,TQQQ,tiingo
2020-10-12,18.363,TQQQ,tiingo
2020-10-13,18.3653,TQQQ,tiingo
2020-10-14,17.9118,TQQQ,tiingo
2020-10-15,17.5416,TQQQ,tiingo
2020-10-16,17.2725,TQQQ,tiingo
2020-10-19,16.4142,TQQQ,tiingo
2020-10-20,16.5202,TQQQ,tiingo
2020-10-21,16.4773,TQQQ,tiingo
2020-10-22,16.4857,TQQQ,tiingo
2020-10-23,16.5821,TQQQ,tiingo
2020-10-26,15.8262,TQQQ,tiingo
2020-10-27,16.2,TQQQ,tiingo
2020-10-28,14.2989,TQQQ,tiingo
2020-10-29,15.0263,TQQQ,tiingo
2020-10-30,13.9811,TQQQ,tiingo
2020-11-02,13.9859,TQQQ,tiingo
2020-11-03,14.6894,TQQQ,tiingo
2020-11-04,16.6749,TQQQ,tiingo
2020-11-05,17.9618,TQQQ,tiingo
2020-11-06,18.0225,TQQQ,tiingo
2020-11-09,16.9225,TQQQ,tiingo
2020-11-10,16.0095,TQQQ,tiingo
2020-11-11,17.0856,TQQQ,tiingo
2020-11-12,16.8357,TQQQ,tiingo
2020-11-13,17.2773,TQQQ,tiingo
2020-11-16,17.6749,TQQQ,tiingo
2020-11-17,17.5118,TQQQ,tiingo
2020-11-18,17.1059,TQQQ,tiingo
2020-11-19,17.5296,TQQQ,tiingo
2020-11-20,17.1737,TQQQ,tiingo
2020-11-23,17.1773,TQQQ,tiingo
2020-11-24,17.8796,TQQQ,tiingo
2020-11-25,18.2166,TQQQ,tiingo
2020-11-27,18.7141,TQQQ,tiingo
2020-11-30,18.8105,TQQQ,tiingo
2020-12-01,19.5497,TQQQ,tiingo
2020-12-02,19.6284,TQQQ,tiingo
2020-12-03,19.7081,TQQQ,tiingo
2020-12-04,19.9497,TQQQ,tiingo
2020-12-07,20.2878,TQQQ,tiingo
2020-12-08,20.4735,TQQQ,tiingo
2020-12-09,19.1022,TQQQ,tiingo
2020-12-10,19.3366,TQQQ,tiingo
2020-12-11,19.201,TQQQ,tiingo
2020-12-14,19.6105,TQQQ,tiingo
2020-12-15,20.22,TQQQ,tiingo
2020-12-16,20.5592,TQQQ,tiingo
2020-12-17,20.9806,TQQQ,tiingo
2020-12-18,20.752,TQQQ,tiingo
2020-12-21,20.6747,TQQQ,tiingo
2020-12-22,20.8378,TQQQ,tiingo
2020-12-23,20.5235,TQQQ,tiingo
2020-12-24,20.7902,TQQQ,tiingo
2020-12-28,21.4139,TQQQ,tiingo
2020-12-29,21.477,TQQQ,tiingo
2020-12-30,21.4735,TQQQ,tiingo
2020-12-31,21.6413,TQQQ,tiingo
2021-01-04,20.695,TQQQ,tiingo
2021-01-05,21.2139,TQQQ,tiingo
2021-01-06,20.3367,TQQQ,tiingo
2021-01-07,21.8056,TQQQ,tiingo
2021-01-08,22.6508,TQQQ,tiingo
2021-01-11,21.6497,TQQQ,tiingo
2021-01-12,21.5556,TQQQ,tiingo
2021-01-13,21.9746,TQQQ,tiingo
2021-01-14,21.6401,TQQQ,tiingo
2021-01-15,21.1139,TQQQ,tiingo
2021-01-19,22.0294,TQQQ,tiingo
2021-01-20,23.565,TQQQ,tiingo
2021-01-21,24.1507,TQQQ,tiingo
2021-01-22,23.9316,TQQQ,tiingo
2021-01-25,24.5958,TQQQ,tiingo
2021-01-26,24.6221,TQQQ,tiingo
2021-01-27,22.6365,TQQQ,tiingo
2021-01-28,22.9697,TQQQ,tiingo
2021-01-29,21.539,TQQQ,tiingo
2021-02-01,23.1221,TQQQ,tiingo
2021-02-02,24.2411,TQQQ,tiingo
2021-02-03,23.9626,TQQQ,tiingo
2021-02-04,24.8101,TQQQ,tiingo
2021-02-05,25.0697,TQQQ,tiingo
2021-02-08,25.5601,TQQQ,tiingo
2021-02-09,25.5481,TQQQ,tiingo
2021-02-10,25.3672,TQQQ,tiingo
2021-02-11,25.7767,TQQQ,tiingo
2021-02-12,26.2148,TQQQ,tiingo
2021-02-16,25.9957,TQQQ,tiingo
2021-02-17,25.6339,TQQQ,tiingo
2021-02-18,25.2886,TQQQ,tiingo
2021-02-19,24.9554,TQQQ,tiingo
2021-02-22,23.0221,TQQQ,tiingo
2021-02-23,22.8174,TQQQ,tiingo
2021-02-24,23.3674,TQQQ,tiingo
2021-02-25,20.9271,TQQQ,tiingo
2021-02-26,21.2414,TQQQ,tiingo
2021-03-01,23.0936,TQQQ,tiingo
2021-03-02,21.9865,TQQQ,tiingo
2021-03-03,20.0795,TQQQ,tiingo
2021-03-04,19.0867,TQQQ,tiingo
2021-03-05,19.9414,TQQQ,tiingo
2021-03-08,18.2368,TQQQ,tiingo
2021-03-09,20.3843,TQQQ,tiingo
2021-03-10,20.2104,TQQQ,tiingo
2021-03-11,21.6127,TQQQ,tiingo
2021-03-12,21.0747,TQQQ,tiingo
2021-03-15,21.7485,TQQQ,tiingo
2021-03-16,22.1056,TQQQ,tiingo
2021-03-17,22.3841,TQQQ,tiingo
2021-03-18,20.3295,TQQQ,tiingo
2021-03-19,20.589,TQQQ,tiingo
2021-03-22,21.6866,TQQQ,tiingo
2021-03-23,21.4032,TQQQ,tiingo
2021-03-24,20.3224,TQQQ,tiingo
2021-03-25,20.2128,TQQQ,tiingo
2021-03-26,21.1056,TQQQ,tiingo
2021-03-29,21.0938,TQQQ,tiingo
2021-03-30,20.7938,TQQQ,tiingo
2021-03-31,21.727,TQQQ,tiingo
2021-04-01,22.8317,TQQQ,tiingo
2021-04-05,24.203,TQQQ,tiingo
2021-04-06,24.1459,TQQQ,tiingo
2021-04-07,24.3245,TQQQ,tiingo
2021-04-08,25.0839,TQQQ,tiingo
2021-04-09,25.5386,TQQQ,tiingo
2021-04-12,25.4386,TQQQ,tiingo
2021-04-13,26.31,TQQQ,tiingo
2021-04-14,25.3862,TQQQ,tiingo
2021-04-15,26.5076,TQQQ,tiingo
2021-04-16,26.6195,TQQQ,tiingo
2021-04-19,25.8933,TQQQ,tiingo
2021-04-20,25.3268,TQQQ,tiingo
2021-04-21,25.9672,TQQQ,tiingo
2021-04-22,25.022,TQQQ,tiingo
2021-04-23,25.9648,TQQQ,tiingo
2021-04-26,26.4791,TQQQ,tiingo
2021-04-27,26.1315,TQQQ,tiingo
2021-04-28,25.8624,TQQQ,tiingo
2021-04-29,26.1219,TQQQ,tiingo
2021-04-30,25.6315,TQQQ,tiingo
2021-05-03,25.2125,TQQQ,tiingo
2021-05-04,23.884,TQQQ,tiingo
2021-05-05,23.6055,TQQQ,tiingo
2021-05-06,24.1221,TQQQ,tiingo
2021-05-07,24.7125,TQQQ,tiingo
2021-05-10,22.8555,TQQQ,tiingo
2021-05-11,22.7412,TQQQ,tiingo
2021-05-12,21.0104,TQQQ,tiingo
2021-05-13,21.4533,TQQQ,tiingo
2021-05-14,22.8484,TQQQ,tiingo
2021-05-17,22.4626,TQQQ,tiingo
2021-05-18,21.9913,TQQQ,tiingo
2021-05-19,22.0722,TQQQ,tiingo
2021-05-20,23.3483,TQQQ,tiingo
2021-05-21,22.9627,TQQQ,tiingo
2021-05-24,24.1126,TQQQ,tiingo
2021-05-25,24.2292,TQQQ,tiingo
2021-05-26,24.4745,TQQQ,tiingo
2021-05-27,24.1887,TQQQ,tiingo
2021-05-28,24.4245,TQQQ,tiingo
2021-06-01,24.1863,TQQQ,tiingo
2021-06-02,24.3126,TQQQ,tiingo
2021-06-03,23.5483,TQQQ,tiingo
2021-06-04,24.7554,TQQQ,tiingo
2021-06-07,24.9744,TQQQ,tiingo
2021-06-08,25.003,TQQQ,tiingo
2021-06-09,25.0316,TQQQ,tiingo
2021-06-10,25.7981,TQQQ,tiingo
2021-06-11,26.0029,TQQQ,tiingo
2021-06-14,26.7314,TQQQ,tiingo
2021-06-15,26.2363,TQQQ,tiingo
2021-06-16,25.9553,TQQQ,tiingo
2021-06-17,26.9243,TQQQ,tiingo
2021-06-18,26.2815,TQQQ,tiingo
2021-06-21,26.7623,TQQQ,tiingo
2021-06-22,27.5099,TQQQ,tiingo
2021-06-23,27.5575,TQQQ,tiingo
2021-06-24,28.0646,TQQQ,tiingo
2021-06-25,27.9766,TQQQ,tiingo
2021-06-28,28.9669,TQQQ,tiingo
2021-06-29,29.2931,TQQQ,tiingo
2021-06-30,29.1646,TQQQ,tiingo
2021-07-01,29.1788,TQQQ,tiingo
2021-07-02,30.1693,TQQQ,tiingo
2021-07-06,30.574,TQQQ,tiingo
2021-07-07,30.7693,TQQQ,tiingo
2021-07-08,30.2359,TQQQ,tiingo
2021-07-09,30.7478,TQQQ,tiingo
2021-07-12,31.1335,TQQQ,tiingo
2021-07-13,31.1168,TQQQ,tiingo
2021-07-14,31.2858,TQQQ,tiingo
2021-07-15,30.6382,TQQQ,tiingo
2021-07-16,29.8859,TQQQ,tiingo
2021-07-19,29.1693,TQQQ,tiingo
2021-07-20,30.1311,TQQQ,tiingo
2021-07-21,30.8192,TQQQ,tiingo
2021-07-22,31.4668,TQQQ,tiingo
2021-07-23,32.5119,TQQQ,tiingo
2021-07-26,32.6476,TQQQ,tiingo
2021-07-27,31.5811,TQQQ,tiingo
2021-07-28,31.9263,TQQQ,tiingo
2021-07-29,32.0834,TQQQ,tiingo
2021-07-30,31.6025,TQQQ,tiingo
2021-08-02,31.5929,TQQQ,tiingo
2021-08-03,32.1429,TQQQ,tiingo
2021-08-04,32.3024,TQQQ,tiingo
2021-08-05,32.9095,TQQQ,tiingo
2021-08-06,32.481,TQQQ,tiingo
2021-08-09,32.6548,TQQQ,tiingo
2021-08-10,32.1667,TQQQ,tiingo
2021-08-11,31.9929,TQQQ,tiingo
2021-08-12,32.3263,TQQQ,tiingo
2021-08-13,32.65,TQQQ,tiingo
2021-08-16,32.7072,TQQQ,tiingo
2021-08-17,31.8477,TQQQ,tiingo
2021-08-18,30.9216,TQQQ,tiingo
2021-08-19,31.362,TQQQ,tiingo
2021-08-20,32.331,TQQQ,tiingo
2021-08-23,33.7714,TQQQ,tiingo
2021-08-24,34.1047,TQQQ,tiingo
2021-08-25,34.1428,TQQQ,tiingo
2021-08-26,33.5642,TQQQ,tiingo
2021-08-27,34.5452,TQQQ,tiingo
2021-08-30,35.6903,TQQQ,tiingo
2021-08-31,35.5903,TQQQ,tiingo
2021-09-01,35.7855,TQQQ,tiingo
2021-09-02,35.7355,TQQQ,tiingo
2021-09-03,36.057,TQQQ,tiingo
2021-09-07,36.2046,TQQQ,tiingo
2021-09-08,35.8331,TQQQ,tiingo
2021-09-09,35.4499,TQQQ,tiingo
2021-09-10,34.6523,TQQQ,tiingo
2021-09-13,34.5737,TQQQ,tiingo
2021-09-14,34.2761,TQQQ,tiingo
2021-09-15,35.0356,TQQQ,tiingo
2021-09-16,35.1047,TQQQ,tiingo
2021-09-17,33.8642,TQQQ,tiingo
2021-09-20,31.7811,TQQQ,tiingo
2021-09-21,31.8215,TQQQ,tiingo
2021-09-22,32.7524,TQQQ,tiingo
2021-09-23,33.6618,TQQQ,tiingo
2021-09-24,33.7571,TQQQ,tiingo
2021-09-27,32.9429,TQQQ,tiingo
2021-09-28,30.1954,TQQQ,tiingo
2021-09-29,29.9955,TQQQ,tiingo
2021-09-30,29.6574,TQQQ,tiingo
2021-10-01,30.1978,TQQQ,tiingo
2021-10-04,28.3408,TQQQ,tiingo
2021-10-05,29.4312,TQQQ,tiingo
2021-10-06,30.0122,TQQQ,tiingo
2021-10-07,30.824,TQQQ,tiingo
2021-10-08,30.3502,TQQQ,tiingo
2021-10-11,29.6764,TQQQ,tiingo
2021-10-12,29.374,TQQQ,tiingo
2021-10-13,30.0622,TQQQ,tiingo
2021-10-14,31.7216,TQQQ,tiingo
2021-10-15,32.3096,TQQQ,tiingo
2021-10-18,33.2786,TQQQ,tiingo
2021-10-19,34.0094,TQQQ,tiingo
2021-10-20,33.9024,TQQQ,tiingo
2021-10-21,34.5095,TQQQ,tiingo
2021-10-22,33.6357,TQQQ,tiingo
2021-10-25,34.6452,TQQQ,tiingo
2021-10-26,34.9689,TQQQ,tiingo
2021-10-27,35.2451,TQQQ,tiingo
2021-10-28,36.4022,TQQQ,tiingo
2021-10-29,36.9402,TQQQ,tiingo
2021-11-01,37.3045,TQQQ,tiingo
2021-11-02,37.802,TQQQ,tiingo
2021-11-03,39.0019,TQQQ,tiingo
2021-11-04,40.4567,TQQQ,tiingo
2021-11-05,40.6067,TQQQ,tiingo
2021-11-08,40.44,TQQQ,tiingo
2021-11-09,39.6066,TQQQ,tiingo
2021-11-10,37.8711,TQQQ,tiingo
2021-11-11,38.1782,TQQQ,tiingo
2021-11-12,39.3901,TQQQ,tiingo
2021-11-15,39.3781,TQQQ,tiingo
2021-11-16,40.1924,TQQQ,tiingo
2021-11-17,40.24,TQQQ,tiingo
2021-11-18,41.4708,TQQQ,tiingo
2021-11-19,42.1732,TQQQ,tiingo
2021-11-22,40.7114,TQQQ,tiingo
2021-11-23,40.1567,TQQQ,tiingo
2021-11-24,40.528,TQQQ,tiingo
2021-11-26,38.2925,TQQQ,tiingo
2021-11-29,40.6709,TQQQ,tiingo
2021-11-30,38.9234,TQQQ,tiingo
2021-12-01,36.926,TQQQ,tiingo
2021-12-02,37.6211,TQQQ,tiingo
2021-12-03,35.7307,TQQQ,tiingo
2021-12-06,36.5665,TQQQ,tiingo
2021-12-07,39.8638,TQQQ,tiingo
2021-12-08,40.4185,TQQQ,tiingo
2021-12-09,38.6734,TQQQ,tiingo
2021-12-10,39.8709,TQQQ,tiingo
2021-12-13,38.1568,TQQQ,tiingo
2021-12-14,37.0212,TQQQ,tiingo
2021-12-15,39.471,TQQQ,tiingo
2021-12-16,36.4593,TQQQ,tiingo
2021-12-17,35.9022,TQQQ,tiingo
2021-12-20,34.8284,TQQQ,tiingo
2021-12-21,37.1569,TQQQ,tiingo
2021-12-22,38.483,TQQQ,tiingo
2021-12-23,39.3972,TQQQ,tiingo
2021-12-27,41.2804,TQQQ,tiingo
2021-12-28,40.7947,TQQQ,tiingo
2021-12-29,40.7304,TQQQ,tiingo
2021-12-30,40.3495,TQQQ,tiingo
2021-12-31,39.5996,TQQQ,tiingo
2022-01-03,40.7424,TQQQ,tiingo
2022-01-04,39.1591,TQQQ,tiingo
2022-01-05,35.557,TQQQ,tiingo
2022-01-06,35.4594,TQQQ,tiingo
2022-01-07,34.3,TQQQ,tiingo
2022-01-10,34.4261,TQQQ,tiingo
2022-01-11,35.9403,TQQQ,tiingo
2022-01-12,36.3498,TQQQ,tiingo
2022-01-13,33.7119,TQQQ,tiingo
2022-01-14,34.2214,TQQQ,tiingo
2022-01-18,31.7549,TQQQ,tiingo
2022-01-19,30.6502,TQQQ,tiingo
2022-01-20,29.4646,TQQQ,tiingo
2022-01-21,26.9838,TQQQ,tiingo
2022-01-24,27.3742,TQQQ,tiingo
2022-01-25,25.3553,TQQQ,tiingo
2022-01-26,25.3077,TQQQ,tiingo
2022-01-27,24.5506,TQQQ,tiingo
2022-01-28,26.841,TQQQ,tiingo
2022-01-31,29.4408,TQQQ,tiingo
2022-02-01,30.0026,TQQQ,tiingo
2022-02-02,30.7121,TQQQ,tiingo
2022-02-03,27.0171,TQQQ,tiingo
2022-02-04,27.9504,TQQQ,tiingo
2022-02-07,27.3171,TQQQ,tiingo
2022-02-08,28.2456,TQQQ,tiingo
2022-02-09,29.9979,TQQQ,tiingo
2022-02-10,28.0076,TQQQ,tiingo
2022-02-11,25.3696,TQQQ,tiingo
2022-02-14,25.441,TQQQ,tiingo
2022-02-15,27.2838,TQQQ,tiingo
2022-02-16,27.279,TQQQ,tiingo
2022-02-17,24.8601,TQQQ,tiingo
2022-02-18,24.0174,TQQQ,tiingo
2022-02-22,23.2745,TQQQ,tiingo
2022-02-23,21.4937,TQQQ,tiingo
2022-02-24,23.5983,TQQQ,tiingo
2022-02-25,24.7173,TQQQ,tiingo
2022-02-28,24.9792,TQQQ,tiingo
2022-03-01,23.8268,TQQQ,tiingo
2022-03-02,24.9649,TQQQ,tiingo
2022-03-03,23.9222,TQQQ,tiingo
2022-03-04,22.8984,TQQQ,tiingo
2022-03-07,20.3415,TQQQ,tiingo
2022-03-08,20.0605,TQQQ,tiingo
2022-03-09,22.208,TQQQ,tiingo
2022-03-10,21.4937,TQQQ,tiingo
2022-03-11,20.1605,TQQQ,tiingo
2022-03-14,18.9797,TQQQ,tiingo
2022-03-15,20.7367,TQQQ,tiingo
2022-03-16,23.0651,TQQQ,tiingo
2022-03-17,23.8364,TQQQ,tiingo
2022-03-18,25.3173,TQQQ,tiingo
2022-03-21,25.1363,TQQQ,tiingo
2022-03-22,26.6219,TQQQ,tiingo
2022-03-23,25.4982,TQQQ,tiingo
2022-03-24,27.1505,TQQQ,tiingo
2022-03-25,27.1076,TQQQ,tiingo
2022-03-28,28.3409,TQQQ,tiingo
2022-03-29,29.7931,TQQQ,tiingo
2022-03-30,28.898,TQQQ,tiingo
2022-03-31,27.7028,TQQQ,tiingo
2022-04-01,27.5838,TQQQ,tiingo
2022-04-04,29.3075,TQQQ,tiingo
2022-04-05,27.3695,TQQQ,tiingo
2022-04-06,25.5696,TQQQ,tiingo
2022-04-07,25.7363,TQQQ,tiingo
2022-04-08,24.6839,TQQQ,tiingo
2022-04-11,22.9317,TQQQ,tiingo
2022-04-12,22.6365,TQQQ,tiingo
2022-04-13,23.9935,TQQQ,tiingo
2022-04-14,22.3794,TQQQ,tiingo
2022-04-18,22.4413,TQQQ,tiingo
2022-04-19,23.884,TQQQ,tiingo
2022-04-20,22.8079,TQQQ,tiingo
2022-04-21,21.4699,TQQQ,tiingo
2022-04-22,19.7653,TQQQ,tiingo
2022-04-25,20.4985,TQQQ,tiingo
2022-04-26,18.1939,TQQQ,tiingo
2022-04-27,18.113,TQQQ,tiingo
2022-04-28,20.0272,TQQQ,tiingo
2022-04-29,17.394,TQQQ,tiingo
2022-05-02,18.213,TQQQ,tiingo
2022-05-03,18.2559,TQQQ,tiingo
2022-05-04,20.0652,TQQQ,tiingo
2022-05-05,17.0749,TQQQ,tiingo
2022-05-06,16.4798,TQQQ,tiingo
2022-05-09,14.5323,TQQQ,tiingo
2022-05-10,15.0323,TQQQ,tiingo
2022-05-11,13.6942,TQQQ,tiingo
2022-05-12,13.5848,TQQQ,tiingo
2022-05-13,15.0608,TQQQ,tiingo
2022-05-16,14.5942,TQQQ,tiingo
2022-05-17,15.6942,TQQQ,tiingo
2022-05-18,13.4038,TQQQ,tiingo
2022-05-19,13.1324,TQQQ,tiingo
2022-05-20,13.0181,TQQQ,tiingo
2022-05-23,13.6609,TQQQ,tiingo
2022-05-24,12.8086,TQQQ,tiingo
2022-05-25,13.3229,TQQQ,tiingo
2022-05-26,14.4371,TQQQ,tiingo
2022-05-27,15.8513,TQQQ,tiingo
2022-05-31,15.737,TQQQ,tiingo
2022-06-01,15.3703,TQQQ,tiingo
2022-06-02,16.6178,TQQQ,tiingo
2022-06-03,15.3036,TQQQ,tiingo
2022-06-06,15.4942,TQQQ,tiingo
2022-06-07,15.8703,TQQQ,tiingo
2022-06-08,15.5466,TQQQ,tiingo
2022-06-09,14.28,TQQQ,tiingo
2022-06-10,12.7562,TQQQ,tiingo
2022-06-13,10.9897,TQQQ,tiingo
2022-06-14,11.0612,TQQQ,tiingo
2022-06-15,11.8563,TQQQ,tiingo
2022-06-16,10.4088,TQQQ,tiingo
2022-06-17,10.7945,TQQQ,tiingo
2022-06-21,11.6087,TQQQ,tiingo
2022-06-22,11.5659,TQQQ,tiingo
2022-06-23,12.0611,TQQQ,tiingo
2022-06-24,13.3229,TQQQ,tiingo
2022-06-27,13.0086,TQQQ,tiingo
2022-06-28,11.823,TQQQ,tiingo
2022-06-29,11.8468,TQQQ,tiingo
2022-06-30,11.4277,TQQQ,tiingo
2022-07-01,11.6135,TQQQ,tiingo
2022-07-05,12.2134,TQQQ,tiingo
2022-07-06,12.4467,TQQQ,tiingo
2022-07-07,13.2181,TQQQ,tiingo
2022-07-08,13.28,TQQQ,tiingo
2022-07-11,12.4324,TQQQ,tiingo
2022-07-12,12.0706,TQQQ,tiingo
2022-07-13,11.9944,TQQQ,tiingo
2022-07-14,12.1182,TQQQ,tiingo
2022-07-15,12.7562,TQQQ,tiingo
2022-07-18,12.461,TQQQ,tiingo
2022-07-19,13.5514,TQQQ,tiingo
2022-07-20,14.2324,TQQQ,tiingo
2022-07-21,14.8371,TQQQ,tiingo
2022-07-22,14.0609,TQQQ,tiingo
2022-07-25,13.8514,TQQQ,tiingo
2022-07-26,13.0134,TQQQ,tiingo
2022-07-27,14.6371,TQQQ,tiingo
2022-07-28,15.056,TQQQ,tiingo
2022-07-29,15.8846,TQQQ,tiingo
2022-08-01,15.8607,TQQQ,tiingo
2022-08-02,15.7131,TQQQ,tiingo
2022-08-03,16.9702,TQQQ,tiingo
2022-08-04,17.2131,TQQQ,tiingo
2022-08-05,16.8036,TQQQ,tiingo
2022-08-08,16.6321,TQQQ,tiingo
2022-08-09,16.0607,TQQQ,tiingo
2022-08-10,17.3797,TQQQ,tiingo
2022-08-11,17.1178,TQQQ,tiingo
2022-08-12,18.0844,TQQQ,tiingo
2022-08-15,18.5178,TQQQ,tiingo
2022-08-16,18.3987,TQQQ,tiingo
2022-08-17,17.7607,TQQQ,tiingo
2022-08-18,17.8796,TQQQ,tiingo
2022-08-19,16.8321,TQQQ,tiingo
2022-08-22,15.5084,TQQQ,tiingo
2022-08-23,15.456,TQQQ,tiingo
2022-08-24,15.5751,TQQQ,tiingo
2022-08-25,16.3941,TQQQ,tiingo
2022-08-26,14.3989,TQQQ,tiingo
2022-08-29,13.9561,TQQQ,tiingo
2022-08-30,13.4895,TQQQ,tiingo
2022-08-31,13.2419,TQQQ,tiingo
2022-09-01,13.2562,TQQQ,tiingo
2022-09-02,12.7039,TQQQ,tiingo
2022-09-06,12.4134,TQQQ,tiingo
2022-09-07,13.1467,TQQQ,tiingo
2022-09-08,13.361,TQQQ,tiingo
2022-09-09,14.2085,TQQQ,tiingo
2022-09-12,14.7275,TQQQ,tiingo
2022-09-13,12.3039,TQQQ,tiingo
2022-09-14,12.58,TQQQ,tiingo
2022-09-15,11.9468,TQQQ,tiingo
2022-09-16,11.7135,TQQQ,tiingo
2022-09-19,11.9944,TQQQ,tiingo
2022-09-20,11.7087,TQQQ,tiingo
2022-09-21,11.0659,TQQQ,tiingo
2022-09-22,10.6564,TQQQ,tiingo
2022-09-23,10.1469,TQQQ,tiingo
2022-09-26,10.0088,TQQQ,tiingo
2022-09-27,10.0183,TQQQ,tiingo
2022-09-28,10.604,TQQQ,tiingo
2022-09-29,9.70883,TQQQ,tiingo
2022-09-30,9.19934,TQQQ,tiingo
2022-10-03,9.8374,TQQQ,tiingo
2022-10-04,10.7516,TQQQ,tiingo
2022-10-05,10.7516,TQQQ,tiingo
2022-10-06,10.4802,TQQQ,tiingo
2022-10-07,9.28505,TQQQ,tiingo
2022-10-10,8.9946,TQQQ,tiingo
2022-10-11,8.63748,TQQQ,tiingo
2022-10-12,8.61844,TQQQ,tiingo
2022-10-13,9.19458,TQQQ,tiingo
2022-10-14,8.36608,TQQQ,tiingo
2022-10-17,9.18982,TQQQ,tiingo
2022-10-18,9.41838,TQQQ,tiingo
2022-10-19,9.30411,TQQQ,tiingo
2022-10-20,9.14697,TQQQ,tiingo
2022-10-21,9.79454,TQQQ,tiingo
2022-10-24,10.1278,TQQQ,tiingo
2022-10-25,10.7373,TQQQ,tiingo
2022-10-26,10.0278,TQQQ,tiingo
2022-10-27,9.47552,TQQQ,tiingo
2022-10-28,10.3326,TQQQ,tiingo
2022-10-31,9.97548,TQQQ,tiingo
2022-11-01,9.66598,TQQQ,tiingo
2022-11-02,8.66605,TQQQ,tiingo
2022-11-03,8.16608,TQQQ,tiingo
2022-11-04,8.54701,TQQQ,tiingo
2022-11-07,8.81842,TQQQ,tiingo
2022-11-08,9.00888,TQQQ,tiingo
2022-11-09,8.38036,TQQQ,tiingo
2022-11-10,10.2135,TQQQ,tiingo
2022-11-11,10.7945,TQQQ,tiingo
2022-11-14,10.5088,TQQQ,tiingo
2022-11-15,10.9325,TQQQ,tiingo
2022-11-16,10.4897,TQQQ,tiingo
2022-11-17,10.4088,TQQQ,tiingo
2022-11-18,10.3993,TQQQ,tiingo
2022-11-21,10.085,TQQQ,tiingo
2022-11-22,10.5088,TQQQ,tiingo
2022-11-23,10.823,TQQQ,tiingo
2022-11-25,10.5993,TQQQ,tiingo
2022-11-28,10.1326,TQQQ,tiingo
2022-11-29,9.88977,TQQQ,tiingo
2022-11-30,11.2183,TQQQ,tiingo
2022-12-01,11.2801,TQQQ,tiingo
2022-12-02,11.1468,TQQQ,tiingo
2022-12-05,10.585,TQQQ,tiingo
2022-12-06,9.91359,TQQQ,tiingo
2022-12-07,9.79454,TQQQ,tiingo
2022-12-08,10.1422,TQQQ,tiingo
2022-12-09,9.94691,TQQQ,tiingo
2022-12-12,10.3088,TQQQ,tiingo
2022-12-13,10.6326,TQQQ,tiingo
2022-12-14,10.3802,TQQQ,tiingo
2022-12-15,9.35172,TQQQ,tiingo
2022-12-16,9.07555,TQQQ,tiingo
2022-12-19,8.69939,TQQQ,tiingo
2022-12-20,8.66129,TQQQ,tiingo
2022-12-21,9.03746,TQQQ,tiingo
2022-12-22,8.39841,TQQQ,tiingo
2022-12-23,8.42236,TQQQ,tiingo
2022-12-27,8.06325,TQQQ,tiingo
2022-12-28,7.73765,TQQQ,tiingo
2022-12-29,8.2835,TQQQ,tiingo
2022-12-30,8.2835,TQQQ,tiingo
2023-01-03,8.09676,TQQQ,tiingo
2023-01-04,8.22125,TQQQ,tiingo
2023-01-05,7.83341,TQQQ,tiingo
2023-01-06,8.4463,TQQQ,tiingo
2023-01-09,8.62346,TQQQ,tiingo
2023-01-10,8.85329,TQQQ,tiingo
2023-01-11,9.2938,TQQQ,tiingo
2023-01-12,9.43744,TQQQ,tiingo
2023-01-13,9.62418,TQQQ,tiingo
2023-01-17,9.67685,TQQQ,tiingo
2023-01-18,9.31774,TQQQ,tiingo
2023-01-19,9.02566,TQQQ,tiingo
2023-01-20,9.76304,TQQQ,tiingo
2023-01-23,10.4047,TQQQ,tiingo
2023-01-24,10.3424,TQQQ,tiingo
2023-01-25,10.2658,TQQQ,tiingo
2023-01-26,10.8596,TQQQ,tiingo
2023-01-27,11.1707,TQQQ,tiingo
2023-01-30,10.5004,TQQQ,tiingo
2023-01-31,10.9696,TQQQ,tiingo
2023-02-01,11.6783,TQQQ,tiingo
2023-02-02,12.8849,TQQQ,tiingo
2023-02-03,12.2194,TQQQ,tiingo
2023-02-06,11.9081,TQQQ,tiingo
2023-02-07,12.6455,TQQQ,tiingo
2023-02-08,11.9656,TQQQ,tiingo
2023-02-09,11.6448,TQQQ,tiingo
2023-02-10,11.4054,TQQQ,tiingo
2023-02-13,11.9464,TQQQ,tiingo
2023-02-14,12.205,TQQQ,tiingo
2023-02-15,12.478,TQQQ,tiingo
2023-02-16,11.7645,TQQQ,tiingo
2023-02-17,11.5107,TQQQ,tiingo
2023-02-21,10.7015,TQQQ,tiingo
2023-02-22,10.7111,TQQQ,tiingo
2023-02-23,10.9792,TQQQ,tiingo
2023-02-24,10.4238,TQQQ,tiingo
2023-02-27,10.6489,TQQQ,tiingo
2023-02-28,10.5962,TQQQ,tiingo
2023-03-01,10.3376,TQQQ,tiingo
2023-03-02,10.5866,TQQQ,tiingo
2023-03-03,11.233,TQQQ,tiingo
2023-03-06,11.2809,TQQQ,tiingo
2023-03-07,10.8596,TQQQ,tiingo
2023-03-08,11.008,TQQQ,tiingo
2023-03-09,10.4286,TQQQ,tiingo
2023-03-10,9.99767,TQQQ,tiingo
2023-03-13,10.2131,TQQQ,tiingo
2023-03-14,10.9074,TQQQ,tiingo
2023-03-15,11.0655,TQQQ,tiingo
2023-03-16,11.9416,TQQQ,tiingo
2023-03-17,11.7645,TQQQ,tiingo
2023-03-20,11.889,TQQQ,tiingo
2023-03-21,12.3917,TQQQ,tiingo
2023-03-22,11.8889,TQQQ,tiingo
2023-03-23,12.3128,TQQQ,tiingo
2023-03-24,12.438,TQQQ,tiingo
2023-03-27,12.1827,TQQQ,tiingo
2023-03-28,11.9804,TQQQ,tiingo
2023-03-29,12.6355,TQQQ,tiingo
2023-03-30,12.9776,TQQQ,tiingo
2023-03-31,13.6134,TQQQ,tiingo
2023-04-03,13.5171,TQQQ,tiingo
2023-04-04,13.3823,TQQQ,tiingo
2023-04-05,12.9535,TQQQ,tiingo
2023-04-06,13.2136,TQQQ,tiingo
2023-04-10,13.1847,TQQQ,tiingo
2023-04-11,12.9294,TQQQ,tiingo
2023-04-12,12.5873,TQQQ,tiingo
2023-04-13,13.31,TQQQ,tiingo
2023-04-14,13.2329,TQQQ,tiingo
2023-04-17,13.2473,TQQQ,tiingo
2023-04-18,13.257,TQQQ,tiingo
2023-04-19,13.2281,TQQQ,tiingo
2023-04-20,12.9198,TQQQ,tiingo
2023-04-21,12.9438,TQQQ,tiingo
2023-04-24,12.8668,TQQQ,tiingo
2023-04-25,12.1393,TQQQ,tiingo
2023-04-26,12.3417,TQQQ,tiingo
2023-04-27,13.3388,TQQQ,tiingo
2023-04-28,13.6086,TQQQ,tiingo
2023-05-01,13.5701,TQQQ,tiingo
2023-05-02,13.2088,TQQQ,tiingo
2023-05-03,12.9486,TQQQ,tiingo
2023-05-04,12.8041,TQQQ,tiingo
2023-05-05,13.5893,TQQQ,tiingo
2023-05-08,13.7001,TQQQ,tiingo
2023-05-09,13.4352,TQQQ,tiingo
2023-05-10,13.8688,TQQQ,tiingo
2023-05-11,13.9844,TQQQ,tiingo
2023-05-12,13.8399,TQQQ,tiingo
2023-05-15,14.0518,TQQQ,tiingo
2023-05-16,14.1048,TQQQ,tiingo
2023-05-17,14.6106,TQQQ,tiingo
2023-05-18,15.3958,TQQQ,tiingo
2023-05-19,15.2899,TQQQ,tiingo
2023-05-22,15.4488,TQQQ,tiingo
2023-05-23,14.8514,TQQQ,tiingo
2023-05-24,14.6106,TQQQ,tiingo
2023-05-25,15.6655,TQQQ,tiingo
2023-05-26,16.8506,TQQQ,tiingo
2023-05-30,17.0866,TQQQ,tiingo
2023-05-31,16.7398,TQQQ,tiingo
2023-06-01,17.3468,TQQQ,tiingo
2023-06-02,17.737,TQQQ,tiingo
2023-06-05,17.7755,TQQQ,tiingo
2023-06-06,17.7563,TQQQ,tiingo
2023-06-07,16.8506,TQQQ,tiingo
2023-06-08,17.4286,TQQQ,tiingo
2023-06-09,17.6406,TQQQ,tiingo
2023-06-12,18.5414,TQQQ,tiingo
2023-06-13,18.9557,TQQQ,tiingo
2023-06-14,19.3604,TQQQ,tiingo
2023-06-15,20.0396,TQQQ,tiingo
2023-06-16,19.6542,TQQQ,tiingo
2023-06-20,19.5579,TQQQ,tiingo
2023-06-21,18.7764,TQQQ,tiingo
2023-06-22,19.3998,TQQQ,tiingo
2023-06-23,18.8247,TQQQ,tiingo
2023-06-26,18.0803,TQQQ,tiingo
2023-06-27,18.9745,TQQQ,tiingo
2023-06-28,19.0904,TQQQ,tiingo
2023-06-29,18.96,TQQQ,tiingo
2023-06-30,19.8154,TQQQ,tiingo
2023-07-03,19.9507,TQQQ,tiingo
2023-07-05,19.9363,TQQQ,tiingo
2023-07-06,19.4675,TQQQ,tiingo
2023-07-07,19.2693,TQQQ,tiingo
2023-07-10,19.2838,TQQQ,tiingo
2023-07-11,19.5593,TQQQ,tiingo
2023-07-12,20.2843,TQQQ,tiingo
2023-07-13,21.2944,TQQQ,tiingo
2023-07-14,21.275,TQQQ,tiingo
2023-07-17,21.8646,TQQQ,tiingo
2023-07-18,22.3866,TQQQ,tiingo
2023-07-19,22.3866,TQQQ,tiingo
2023-07-20,20.8158,TQQQ,tiingo
2023-07-21,20.6322,TQQQ,tiingo
2023-07-24,20.7144,TQQQ,tiingo
2023-07-25,21.13,TQQQ,tiingo
2023-07-26,20.9125,TQQQ,tiingo
2023-07-27,20.7337,TQQQ,tiingo
2023-07-28,21.855,TQQQ,tiingo
2023-07-31,21.8985,TQQQ,tiingo
2023-08-01,21.7293,TQQQ,tiingo
2023-08-02,20.3084,TQQQ,tiingo
2023-08-03,20.1634,TQQQ,tiingo
2023-08-04,19.8831,TQQQ,tiingo
2023-08-07,20.3761,TQQQ,tiingo
2023-08-08,19.8541,TQQQ,tiingo
2023-08-09,19.1919,TQQQ,tiingo
2023-08-10,19.279,TQQQ,tiingo
2023-08-11,18.8923,TQQQ,tiingo
2023-08-14,19.5206,TQQQ,tiingo
2023-08-15,18.9213,TQQQ,tiingo
2023-08-16,18.293,TQQQ,tiingo
2023-08-17,17.6743,TQQQ,tiingo
2023-08-18,17.5922,TQQQ,tiingo
2023-08-21,18.4428,TQQQ,tiingo
2023-08-22,18.3607,TQQQ,tiingo
2023-08-23,19.2258,TQQQ,tiingo
2023-08-24,17.9596,TQQQ,tiingo
2023-08-25,18.3848,TQQQ,tiingo
2023-08-28,18.7956,TQQQ,tiingo
2023-08-29,19.9942,TQQQ,tiingo
2023-08-30,20.3277,TQQQ,tiingo
2023-08-31,20.5114,TQQQ,tiingo
2023-09-01,20.4389,TQQQ,tiingo
2023-09-05,20.4921,TQQQ,tiingo
2023-09-06,19.9507,TQQQ,tiingo
2023-09-07,19.5158,TQQQ,tiingo
2023-09-08,19.5738,TQQQ,tiingo
2023-09-11,20.2408,TQQQ,tiingo
2023-09-12,19.5931,TQQQ,tiingo
2023-09-13,19.7865,TQQQ,tiingo
2023-09-14,20.2504,TQQQ,tiingo
2023-09-15,19.2113,TQQQ,tiingo
2023-09-18,19.2548,TQQQ,tiingo
2023-09-19,19.1388,TQQQ,tiingo
2023-09-20,18.3117,TQQQ,tiingo
2023-09-21,17.2687,TQQQ,tiingo
2023-09-22,17.2809,TQQQ,tiingo
2023-09-25,17.5114,TQQQ,tiingo
2023-09-26,16.7303,TQQQ,tiingo
2023-09-27,16.8322,TQQQ,tiingo
2023-09-28,17.2397,TQQQ,tiingo
2023-09-29,17.2785,TQQQ,tiingo
2023-10-02,17.6908,TQQQ,tiingo
2023-10-03,16.7546,TQQQ,tiingo
2023-10-04,17.4337,TQQQ,tiingo
2023-10-05,17.2494,TQQQ,tiingo
2023-10-06,18.1177,TQQQ,tiingo
2023-10-09,18.3844,TQQQ,tiingo
2023-10-10,18.6852,TQQQ,tiingo
2023-10-11,19.083,TQQQ,tiingo
2023-10-12,18.8598,TQQQ,tiingo
2023-10-13,18.1468,TQQQ,tiingo
2023-10-16,18.758,TQQQ,tiingo
2023-10-17,18.5785,TQQQ,tiingo
2023-10-18,17.7927,TQQQ,tiingo
2023-10-19,17.3173,TQQQ,tiingo
2023-10-20,16.5363,TQQQ,tiingo
2023-10-23,16.6818,TQQQ,tiingo
2023-10-24,17.1524,TQQQ,tiingo
2023-10-25,15.896,TQQQ,tiingo
2023-10-26,14.9695,TQQQ,tiingo
2023-10-27,15.183,TQQQ,tiingo
2023-10-30,15.6729,TQQQ,tiingo
2023-10-31,15.9009,TQQQ,tiingo
2023-11-01,16.7206,TQQQ,tiingo
2023-11-02,17.6084,TQQQ,tiingo
2023-11-03,18.2292,TQQQ,tiingo
2023-11-06,18.4378,TQQQ,tiingo
2023-11-07,18.9569,TQQQ,tiingo
2023-11-08,18.9908,TQQQ,tiingo
2023-11-09,18.5397,TQQQ,tiingo
2023-11-10,19.7767,TQQQ,tiingo
2023-11-13,19.5971,TQQQ,tiingo
2023-11-14,20.8293,TQQQ,tiingo
2023-11-15,20.8875,TQQQ,tiingo
2023-11-16,20.9214,TQQQ,tiingo
2023-11-17,20.936,TQQQ,tiingo
2023-11-20,21.683,TQQQ,tiingo
2023-11-21,21.2901,TQQQ,tiingo
2023-11-22,21.5375,TQQQ,tiingo
2023-11-24,21.4308,TQQQ,tiingo
2023-11-27,21.3677,TQQQ,tiingo
2023-11-28,21.5375,TQQQ,tiingo
2023-11-29,21.4598,TQQQ,tiingo
2023-11-30,21.2804,TQQQ,tiingo
2023-12-01,21.4598,TQQQ,tiingo
2023-12-04,20.8486,TQQQ,tiingo
2023-12-05,20.9991,TQQQ,tiingo
2023-12-06,20.6255,TQQQ,tiingo
2023-12-07,21.489,TQQQ,tiingo
2023-12-08,21.7461,TQQQ,tiingo
2023-12-11,22.2991,TQQQ,tiingo
2023-12-12,22.8375,TQQQ,tiingo
2023-12-13,23.6427,TQQQ,tiingo
2023-12-14,23.6039,TQQQ,tiingo
2023-12-15,23.8852,TQQQ,tiingo
2023-12-18,24.3848,TQQQ,tiingo
2023-12-19,24.7487,TQQQ,tiingo
2023-12-20,23.6541,TQQQ,tiingo
2023-12-21,24.4362,TQQQ,tiingo
2023-12-22,24.5361,TQQQ,tiingo
2023-12-26,24.9844,TQQQ,tiingo
2023-12-27,25.116,TQQQ,tiingo
2023-12-28,25.0527,TQQQ,tiingo
2023-12-29,24.7067,TQQQ,tiingo
2024-01-02,23.4543,TQQQ,tiingo
2024-01-03,22.7039,TQQQ,tiingo
2024-01-04,22.3237,TQQQ,tiingo
2024-01-05,22.4066,TQQQ,tiingo
2024-01-08,23.7564,TQQQ,tiingo
2024-01-09,23.9124,TQQQ,tiingo
2024-01-10,24.385,TQQQ,tiingo
2024-01-11,24.502,TQQQ,tiingo
2024-01-12,24.5312,TQQQ,tiingo
2024-01-16,24.5166,TQQQ,tiingo
2024-01-17,24.0926,TQQQ,tiingo
2024-01-18,25.1258,TQQQ,tiingo
2024-01-19,26.578,TQQQ,tiingo
2024-01-22,26.6852,TQQQ,tiingo
2024-01-23,27.0019,TQQQ,tiingo
2024-01-24,27.4454,TQQQ,tiingo
2024-01-25,27.5233,TQQQ,tiingo
2024-01-26,27.0165,TQQQ,tiingo
2024-01-29,27.8108,TQQQ,tiingo
2024-01-30,27.2553,TQQQ,tiingo
2024-01-31,25.652,TQQQ,tiingo
2024-02-01,26.5584,TQQQ,tiingo
2024-02-02,27.8937,TQQQ,tiingo
2024-02-05,27.7524,TQQQ,tiingo
2024-02-06,27.5916,TQQQ,tiingo
2024-02-07,28.4151,TQQQ,tiingo
2024-02-08,28.5321,TQQQ,tiingo
2024-02-09,29.3702,TQQQ,tiingo
2024-02-12,29.0242,TQQQ,tiingo
2024-02-13,27.6501,TQQQ,tiingo
2024-02-14,28.5272,TQQQ,tiingo
2024-02-15,28.7659,TQQQ,tiingo
2024-02-16,27.9765,TQQQ,tiingo
2024-02-20,27.3284,TQQQ,tiingo
2024-02-21,26.9873,TQQQ,tiingo
2024-02-22,29.3215,TQQQ,tiingo
2024-02-23,29.0535,TQQQ,tiingo
2024-02-26,29.0145,TQQQ,tiingo
2024-02-27,29.1948,TQQQ,tiingo
2024-02-28,28.7221,TQQQ,tiingo
2024-02-29,29.4141,TQQQ,tiingo
2024-03-01,30.764,TQQQ,tiingo
2024-03-04,30.3985,TQQQ,tiingo
2024-03-05,28.7708,TQQQ,tiingo
2024-03-06,29.302,TQQQ,tiingo
2024-03-07,30.608,TQQQ,tiingo
2024-03-08,29.268,TQQQ,tiingo
2024-03-11,28.9268,TQQQ,tiingo
2024-03-12,30.1548,TQQQ,tiingo
2024-03-13,29.4531,TQQQ,tiingo
2024-03-14,29.2143,TQQQ,tiingo
2024-03-15,28.1471,TQQQ,tiingo
2024-03-18,28.9414,TQQQ,tiingo
2024-03-19,29.1412,TQQQ,tiingo
2024-03-20,30.172,TQQQ,tiingo
2024-03-21,30.5632,TQQQ,tiingo
2024-03-22,30.6268,TQQQ,tiingo
2024-03-25,30.3138,TQQQ,tiingo
2024-03-26,30.0301,TQQQ,tiingo
2024-03-27,30.2942,TQQQ,tiingo
2024-03-28,30.1035,TQQQ,tiingo
2024-04-01,30.2893,TQQQ,tiingo
2024-04-02,29.4775,TQQQ,tiingo
2024-04-03,29.6731,TQQQ,tiingo
2024-04-04,28.2746,TQQQ,tiingo
2024-04-05,29.2721,TQQQ,tiingo
2024-04-08,29.2917,TQQQ,tiingo
2024-04-09,29.5949,TQQQ,tiingo
2024-04-10,28.8173,TQQQ,tiingo
2024-04-11,30.172,TQQQ,tiingo
2024-04-12,28.7146,TQQQ,tiingo
2024-04-15,27.2721,TQQQ,tiingo
2024-04-16,27.277,TQQQ,tiingo
2024-04-17,26.2647,TQQQ,tiingo
2024-04-18,25.7953,TQQQ,tiingo
2024-04-19,24.1962,TQQQ,tiingo
2024-04-22,24.9004,TQQQ,tiingo
2024-04-23,26.0104,TQQQ,tiingo
2024-04-24,26.2647,TQQQ,tiingo
2024-04-25,25.8442,TQQQ,tiingo
2024-04-26,27.0325,TQQQ,tiingo
2024-04-29,27.3552,TQQQ,tiingo
2024-04-30,25.788,TQQQ,tiingo
2024-05-01,25.233,TQQQ,tiingo
2024-05-02,26.1669,TQQQ,tiingo
2024-05-03,27.7269,TQQQ,tiingo
2024-05-06,28.6364,TQQQ,tiingo
2024-05-07,28.6364,TQQQ,tiingo
2024-05-08,28.5826,TQQQ,tiingo
2024-05-09,28.7391,TQQQ,tiingo
2024-05-10,28.9347,TQQQ,tiingo
2024-05-13,29.1254,TQQQ,tiingo
2024-05-14,29.6683,TQQQ,tiingo
2024-05-15,31.0374,TQQQ,tiingo
2024-05-16,30.8468,TQQQ,tiingo
2024-05-17,30.7784,TQQQ,tiingo
2024-05-20,31.414,TQQQ,tiingo
2024-05-21,31.5754,TQQQ,tiingo
2024-05-22,31.5558,TQQQ,tiingo
2024-05-23,31.0863,TQQQ,tiingo
2024-05-24,31.9568,TQQQ,tiingo
2024-05-28,32.304,TQQQ,tiingo
2024-05-29,31.6292,TQQQ,tiingo
2024-05-30,30.6121,TQQQ,tiingo
2024-05-31,30.5779,TQQQ,tiingo
2024-06-03,30.8762,TQQQ,tiingo
2024-06-04,31.1059,TQQQ,tiingo
2024-06-05,32.9838,TQQQ,tiingo
2024-06-06,32.9447,TQQQ,tiingo
2024-06-07,32.8224,TQQQ,tiingo
2024-06-10,33.1696,TQQQ,tiingo
2024-06-11,33.8542,TQQQ,tiingo
2024-06-12,35.1892,TQQQ,tiingo
2024-06-13,35.7516,TQQQ,tiingo
2024-06-14,36.2699,TQQQ,tiingo
2024-06-17,37.5854,TQQQ,tiingo
2024-06-18,37.6049,TQQQ,tiingo
2024-06-20,36.7198,TQQQ,tiingo
2024-06-21,36.3823,TQQQ,tiingo
2024-06-24,35.1501,TQQQ,tiingo
2024-06-25,36.3237,TQQQ,tiingo
2024-06-26,36.55,TQQQ,tiingo
2024-06-27,36.8151,TQQQ,tiingo
2024-06-28,36.2358,TQQQ,tiingo
2024-07-01,36.8298,TQQQ,tiingo
2024-07-02,37.9588,TQQQ,tiingo
2024-07-03,38.8915,TQQQ,tiingo
2024-07-05,40.0695,TQQQ,tiingo
2024-07-08,40.3346,TQQQ,tiingo
2024-07-09,40.4229,TQQQ,tiingo
2024-07-10,41.6894,TQQQ,tiingo
2024-07-11,38.9503,TQQQ,tiingo
2024-07-12,39.5836,TQQQ,tiingo
2024-07-15,39.8781,TQQQ,tiingo
2024-07-16,39.9075,TQQQ,tiingo
2024-07-17,36.3978,TQQQ,tiingo
2024-07-18,35.853,TQQQ,tiingo
2024-07-19,34.881,TQQQ,tiingo
2024-07-22,36.4027,TQQQ,tiingo
2024-07-23,36.0101,TQQQ,tiingo
2024-07-24,32.1273,TQQQ,tiingo
2024-07-25,31.0572,TQQQ,tiingo
2024-07-26,31.9456,TQQQ,tiingo
2024-07-29,32.1322,TQQQ,tiingo
2024-07-30,30.8216,TQQQ,tiingo
2024-07-31,33.5164,TQQQ,tiingo
2024-08-01,31.1013,TQQQ,tiingo
2024-08-02,28.8335,TQQQ,tiingo
2024-08-05,26.3203,TQQQ,tiingo
2024-08-06,26.9781,TQQQ,tiingo
2024-08-07,26.1092,TQQQ,tiingo
2024-08-08,28.4998,TQQQ,tiingo
2024-08-09,28.8875,TQQQ,tiingo
2024-08-12,29.0839,TQQQ,tiingo
2024-08-13,31.1995,TQQQ,tiingo
2024-08-14,31.2535,TQQQ,tiingo
2024-08-15,33.6047,TQQQ,tiingo
2024-08-16,33.6932,TQQQ,tiingo
2024-08-19,34.9989,TQQQ,tiingo
2024-08-20,34.7829,TQQQ,tiingo
2024-08-21,35.259,TQQQ,tiingo
2024-08-22,33.5655,TQQQ,tiingo
2024-08-23,34.6208,TQQQ,tiingo
2024-08-26,33.6047,TQQQ,tiingo
2024-08-27,33.8895,TQQQ,tiingo
2024-08-28,32.7409,TQQQ,tiingo
2024-08-29,32.5691,TQQQ,tiingo
2024-08-30,33.6784,TQQQ,tiingo
2024-09-03,30.6056,TQQQ,tiingo
2024-09-04,30.3454,TQQQ,tiingo
2024-09-05,30.4436,TQQQ,tiingo
2024-09-06,27.9745,TQQQ,tiingo
2024-09-09,29.0152,TQQQ,tiingo
2024-09-10,29.7956,TQQQ,tiingo
2024-09-11,31.6953,TQQQ,tiingo
2024-09-12,32.6329,TQQQ,tiingo
2024-09-13,33.0599,TQQQ,tiingo
2024-09-16,32.6181,TQQQ,tiingo
2024-09-17,32.6378,TQQQ,tiingo
2024-09-18,32.2107,TQQQ,tiingo
2024-09-19,34.6454,TQQQ,tiingo
2024-09-20,34.4245,TQQQ,tiingo
2024-09-23,34.6798,TQQQ,tiingo
2024-09-24,35.1706,TQQQ,tiingo
2024-09-25,35.2935,TQQQ,tiingo
2024-09-26,36.042,TQQQ,tiingo
2024-09-27,35.4215,TQQQ,tiingo
2024-09-30,35.6973,TQQQ,tiingo
2024-10-01,34.1855,TQQQ,tiingo
2024-10-02,34.3135,TQQQ,tiingo
2024-10-03,34.2347,TQQQ,tiingo
2024-10-04,35.4412,TQQQ,tiingo
2024-10-07,34.2741,TQQQ,tiingo
2024-10-08,35.7613,TQQQ,tiingo
2024-10-09,36.6231,TQQQ,tiingo
2024-10-10,36.495,TQQQ,tiingo
2024-10-11,36.5886,TQQQ,tiingo
2024-10-14,37.5243,TQQQ,tiingo
2024-10-15,36.0272,TQQQ,tiingo
2024-10-16,36.0075,TQQQ,tiingo
2024-10-17,36.1159,TQQQ,tiingo
2024-10-18,36.756,TQQQ,tiingo
2024-10-21,36.9579,TQQQ,tiingo
2024-10-22,37.0663,TQQQ,tiingo
2024-10-23,35.3526,TQQQ,tiingo
2024-10-24,36.1946,TQQQ,tiingo
2024-10-25,36.8053,TQQQ,tiingo
2024-10-28,36.8397,TQQQ,tiingo
2024-10-29,37.8591,TQQQ,tiingo
2024-10-30,37.017,TQQQ,tiingo
2024-10-31,34.2003,TQQQ,tiingo
2024-11-01,34.929,TQQQ,tiingo
2024-11-04,34.6041,TQQQ,tiingo
2024-11-05,35.9189,TQQQ,tiingo
2024-11-06,38.8342,TQQQ,tiingo
2024-11-07,40.6513,TQQQ,tiingo
2024-11-08,40.7498,TQQQ,tiingo
2024-11-11,40.6759,TQQQ,tiingo
2024-11-12,40.4543,TQQQ,tiingo
2024-11-13,40.277,TQQQ,tiingo
2024-11-14,39.4251,TQQQ,tiingo
2024-11-15,36.5739,TQQQ,tiingo
2024-11-18,37.3125,TQQQ,tiingo
2024-11-19,38.061,TQQQ,tiingo
2024-11-20,38.0167,TQQQ,tiingo
2024-11-21,38.391,TQQQ,tiingo
2024-11-22,38.5338,TQQQ,tiingo
2024-11-25,38.711,TQQQ,tiingo
2024-11-26,39.3118,TQQQ,tiingo
2024-11-27,38.3614,TQQQ,tiingo
2024-11-29,39.3414,TQQQ,tiingo
2024-12-02,40.6168,TQQQ,tiingo
2024-12-03,40.9763,TQQQ,tiingo
2024-12-04,42.4734,TQQQ,tiingo
2024-12-05,42.1237,TQQQ,tiingo
2024-12-06,43.207,TQQQ,tiingo
2024-12-09,42.1975,TQQQ,tiingo
2024-12-10,41.7396,TQQQ,tiingo
2024-12-11,43.9704,TQQQ,tiingo
2024-12-12,43.0987,TQQQ,tiingo
2024-12-13,44.0245,TQQQ,tiingo
2024-12-16,45.9401,TQQQ,tiingo
2024-12-17,45.3246,TQQQ,tiingo
2024-12-18,40.4247,TQQQ,tiingo
2024-12-19,39.8536,TQQQ,tiingo
2024-12-20,40.8876,TQQQ,tiingo
2024-12-23,42.023,TQQQ,tiingo
2024-12-24,43.6927,TQQQ,tiingo
2024-12-26,43.5989,TQQQ,tiingo
2024-12-27,41.8253,TQQQ,tiingo
2024-12-30,40.1456,TQQQ,tiingo
2024-12-31,39.0933,TQQQ,tiingo
2025-01-02,38.8463,TQQQ,tiingo
2025-01-03,40.7088,TQQQ,tiingo
2025-01-06,42.097,TQQQ,tiingo
2025-01-07,39.8294,TQQQ,tiingo
2025-01-08,39.859,TQQQ,tiingo
2025-01-10,37.957,TQQQ,tiingo
2025-01-13,37.5618,TQQQ,tiingo
2025-01-14,37.4284,TQQQ,tiingo
2025-01-15,39.9578,TQQQ,tiingo
2025-01-16,39.1427,TQQQ,tiingo
2025-01-17,41.0743,TQQQ,tiingo
2025-01-21,41.7562,TQQQ,tiingo
2025-01-22,43.3766,TQQQ,tiingo
2025-01-23,43.6433,TQQQ,tiingo
2025-01-24,42.8579,TQQQ,tiingo
2025-01-27,39.0983,TQQQ,tiingo
2025-01-28,40.8323,TQQQ,tiingo
2025-01-29,40.5803,TQQQ,tiingo
2025-01-30,41.0892,TQQQ,tiingo
2025-01-31,40.8668,TQQQ,tiingo
2025-02-03,39.8788,TQQQ,tiingo
2025-02-04,41.3263,TQQQ,tiingo
2025-02-05,41.8649,TQQQ,tiingo
2025-02-06,42.4922,TQQQ,tiingo
2025-02-07,40.8718,TQQQ,tiingo
2025-02-10,42.3095,TQQQ,tiingo
2025-02-11,42.0081,TQQQ,tiingo
2025-02-12,42.0921,TQQQ,tiingo
2025-02-13,43.8657,TQQQ,tiingo
2025-02-14,44.3795,TQQQ,tiingo
2025-02-18,44.6561,TQQQ,tiingo
2025-02-19,44.6611,TQQQ,tiingo
2025-02-20,44.1177,TQQQ,tiingo
2025-02-21,41.356,TQQQ,tiingo
2025-02-24,39.8689,TQQQ,tiingo
2025-02-25,38.3472,TQQQ,tiingo
2025-02-26,38.5943,TQQQ,tiingo
2025-02-27,35.3929,TQQQ,tiingo
2025-02-28,37.0134,TQQQ,tiingo
2025-03-03,34.6222,TQQQ,tiingo
2025-03-04,34.2418,TQQQ,tiingo
2025-03-05,35.5757,TQQQ,tiingo
2025-03-06,32.6263,TQQQ,tiingo
2025-03-07,33.3031,TQQQ,tiingo
2025-03-10,29.5485,TQQQ,tiingo
2025-03-11,29.2026,TQQQ,tiingo
2025-03-12,30.2006,TQQQ,tiingo
2025-03-13,28.5505,TQQQ,tiingo
2025-03-14,30.5761,TQQQ,tiingo
2025-03-17,31.1689,TQQQ,tiingo
2025-03-18,29.5979,TQQQ,tiingo
2025-03-19,30.749,TQQQ,tiingo
2025-03-20,30.4327,TQQQ,tiingo
2025-03-21,30.7194,TQQQ,tiingo
2025-03-24,32.6708,TQQQ,tiingo
2025-03-25,33.2537,TQQQ,tiingo
2025-03-26,31.4099,TQQQ,tiingo
2025-03-27,30.8747,TQQQ,tiingo
2025-03-28,28.4165,TQQQ,tiingo
2025-03-31,28.3967,TQQQ,tiingo
2025-04-01,29.0509,TQQQ,tiingo
2025-04-02,29.7001,TQQQ,tiingo
2025-04-03,24.9277,TQQQ,tiingo
2025-04-04,20.3634,TQQQ,tiingo
2025-04-07,20.4427,TQQQ,tiingo
2025-04-08,19.2781,TQQQ,tiingo
2025-04-09,26.0725,TQQQ,tiingo
2025-04-10,22.866,TQQQ,tiingo
2025-04-11,24.0752,TQQQ,tiingo
2025-04-14,24.5807,TQQQ,tiingo
2025-04-15,24.675,TQQQ,tiingo
2025-04-16,22.4448,TQQQ,tiingo
2025-04-17,22.3804,TQQQ,tiingo
2025-04-21,20.745,TQQQ,tiingo
2025-04-22,22.3308,TQQQ,tiingo
2025-04-23,23.8126,TQQQ,tiingo
2025-04-24,25.8396,TQQQ,tiingo
2025-04-25,26.692,TQQQ,tiingo
2025-04-28,26.6721,TQQQ,tiingo
2025-04-29,27.1925,TQQQ,tiingo
2025-04-30,27.1975,TQQQ,tiingo
2025-05-01,28.1341,TQQQ,tiingo
2025-05-02,29.4523,TQQQ,tiingo
2025-05-05,28.9419,TQQQ,tiingo
2025-05-06,28.1192,TQQQ,tiingo
2025-05-07,28.4463,TQQQ,tiingo
2025-05-08,29.2937,TQQQ,tiingo
2025-05-09,29.2243,TQQQ,tiingo
2025-05-12,32.7628,TQQQ,tiingo
2025-05-13,34.2644,TQQQ,tiingo
2025-05-14,34.869,TQQQ,tiingo
2025-05-15,34.978,TQQQ,tiingo
2025-05-16,35.4092,TQQQ,tiingo
2025-05-19,35.5034,TQQQ,tiingo
2025-05-20,35.1316,TQQQ,tiingo
2025-05-21,33.6697,TQQQ,tiingo
2025-05-22,33.8432,TQQQ,tiingo
2025-05-23,32.8668,TQQQ,tiingo
2025-05-27,35.1565,TQQQ,tiingo
2025-05-28,34.7055,TQQQ,tiingo
2025-05-29,34.8739,TQQQ,tiingo
2025-05-30,34.6906,TQQQ,tiingo
2025-06-02,35.4885,TQQQ,tiingo
2025-06-03,36.3161,TQQQ,tiingo
2025-06-04,36.6085,TQQQ,tiingo
2025-06-05,35.7561,TQQQ,tiingo
2025-06-06,36.777,TQQQ,tiingo
2025-06-09,36.9405,TQQQ,tiingo
2025-06-10,37.6541,TQQQ,tiingo
2025-06-11,37.2676,TQQQ,tiingo
2025-06-12,37.5104,TQQQ,tiingo
2025-06-13,36.0931,TQQQ,tiingo
2025-06-16,37.565,TQQQ,tiingo
2025-06-17,36.4549,TQQQ,tiingo
2025-06-18,36.4053,TQQQ,tiingo
2025-06-20,35.9048,TQQQ,tiingo
2025-06-23,37.0198,TQQQ,tiingo
2025-06-24,38.7048,TQQQ,tiingo
2025-06-25,39.0013,TQQQ,tiingo
2025-06-26,40.0697,TQQQ,tiingo
2025-06-27,40.4623,TQQQ,tiingo
2025-06-30,41.2476,TQQQ,tiingo
2025-07-01,40.199,TQQQ,tiingo
2025-07-02,40.9991,TQQQ,tiingo
2025-07-03,42.147,TQQQ,tiingo
2025-07-07,41.2078,TQQQ,tiingo
2025-07-08,41.2625,TQQQ,tiingo
2025-07-09,42.1173,TQQQ,tiingo
2025-07-10,41.9235,TQQQ,tiingo
2025-07-11,41.6054,TQQQ,tiingo
2025-07-14,42.0477,TQQQ,tiingo
2025-07-15,42.157,TQQQ,tiingo
2025-07-16,42.2763,TQQQ,tiingo
2025-07-17,43.2602,TQQQ,tiingo
2025-07-18,43.1112,TQQQ,tiingo
2025-07-21,43.7671,TQQQ,tiingo
2025-07-22,43.0863,TQQQ,tiingo
2025-07-23,43.6528,TQQQ,tiingo
2025-07-24,43.941,TQQQ,tiingo
2025-07-25,44.1896,TQQQ,tiingo
2025-07-28,44.6194,TQQQ,tiingo
2025-07-29,44.4182,TQQQ,tiingo
2025-07-30,44.5722,TQQQ,tiingo
2025-07-31,43.8368,TQQQ,tiingo
2025-08-01,41.2078,TQQQ,tiingo
2025-08-04,43.464,TQQQ,tiingo
2025-08-05,42.5595,TQQQ,tiingo
2025-08-06,44.1498,TQQQ,tiingo
2025-08-07,44.597,TQQQ,tiingo
2025-08-08,45.7997,TQQQ,tiingo
2025-08-11,45.3972,TQQQ,tiingo
2025-08-12,47.0719,TQQQ,tiingo
2025-08-13,47.1415,TQQQ,tiingo
2025-08-14,47.0123,TQQQ,tiingo
2025-08-15,46.3464,TQQQ,tiingo
2025-08-18,46.2867,TQQQ,tiingo
2025-08-19,44.3982,TQQQ,tiingo
2025-08-20,43.5882,TQQQ,tiingo
2025-08-21,42.982,TQQQ,tiingo
2025-08-22,44.9151,TQQQ,tiingo
2025-08-25,44.5225,TQQQ,tiingo
2025-08-26,45.0394,TQQQ,tiingo
2025-08-27,45.2431,TQQQ,tiingo
2025-08-28,46.068,TQQQ,tiingo
2025-08-29,44.4082,TQQQ,tiingo
2025-09-02,43.2752,TQQQ,tiingo
2025-09-03,44.284,TQQQ,tiingo
2025-09-04,45.4817,TQQQ,tiingo
2025-09-05,45.6307,TQQQ,tiingo
2025-09-08,46.2817,TQQQ,tiingo
2025-09-09,46.6595,TQQQ,tiingo
2025-09-10,46.7092,TQQQ,tiingo
2025-09-11,47.4943,TQQQ,tiingo
2025-09-12,48.0857,TQQQ,tiingo
2025-09-15,49.3132,TQQQ,tiingo
2025-09-16,49.1791,TQQQ,tiingo
2025-09-17,48.866,TQQQ,tiingo
2025-09-18,50.1829,TQQQ,tiingo
2025-09-19,51.1768,TQQQ,tiingo
2025-09-22,52.0415,TQQQ,tiingo
2025-09-23,50.993,TQQQ,tiingo
2025-09-24,50.4451,TQQQ,tiingo
2025-09-25,49.7687,TQQQ,tiingo
2025-09-26,50.3656,TQQQ,tiingo
2025-09-29,51.0371,TQQQ,tiingo
2025-09-30,51.4351,TQQQ,tiingo
2025-10-01,52.1613,TQQQ,tiingo
2025-10-02,52.7981,TQQQ,tiingo
2025-10-03,52.0817,TQQQ,tiingo
2025-10-06,53.2458,TQQQ,tiingo
2025-10-07,52.3852,TQQQ,tiingo
2025-10-08,54.1611,TQQQ,tiingo
2025-10-09,53.9471,TQQQ,tiingo
2025-10-10,48.2863,TQQQ,tiingo
2025-10-13,51.3506,TQQQ,tiingo
2025-10-14,50.3059,TQQQ,tiingo
2025-10-15,51.3356,TQQQ,tiingo
2025-10-16,50.7635,TQQQ,tiingo
2025-10-17,51.7286,TQQQ,tiingo
2025-10-20,53.6686,TQQQ,tiingo
2025-10-21,53.6089,TQQQ,tiingo
2025-10-22,52.032,TQQQ,tiingo
2025-10-23,53.3353,TQQQ,tiingo
2025-10-24,54.9967,TQQQ,tiingo
2025-10-27,57.9167,TQQQ,tiingo
2025-10-28,59.2399,TQQQ,tiingo
2025-10-29,59.996,TQQQ,tiingo
2025-10-30,57.2502,TQQQ,tiingo
2025-10-31,58.0609,TQQQ,tiingo
2025-11-03,58.8569,TQQQ,tiingo
2025-11-04,55.2554,TQQQ,tiingo
2025-11-05,56.3299,TQQQ,tiingo
2025-11-06,53.1711,TQQQ,tiingo
2025-11-07,52.6189,TQQQ,tiingo
2025-11-10,56.0662,TQQQ,tiingo
2025-11-11,55.6036,TQQQ,tiingo
2025-11-12,55.4891,TQQQ,tiingo
2025-11-13,52.0618,TQQQ,tiingo
2025-11-14,52.1017,TQQQ,tiingo
2025-11-17,50.7635,TQQQ,tiingo
2025-11-18,48.928,TQQQ,tiingo
2025-11-19,49.7687,TQQQ,tiingo
2025-11-20,46.2119,TQQQ,tiingo
2025-11-21,47.2367,TQQQ,tiingo
2025-11-24,50.8182,TQQQ,tiingo
2025-11-25,51.7435,TQQQ,tiingo
2025-11-26,53.0965,TQQQ,tiingo
2025-11-28,54.2605,TQQQ,tiingo
2025-12-01,53.773,TQQQ,tiingo
2025-12-02,55.0166,TQQQ,tiingo
2025-12-03,55.4046,TQQQ,tiingo
2025-12-04,55.2256,TQQQ,tiingo
2025-12-05,55.8623,TQQQ,tiingo
2025-12-08,55.5141,TQQQ,tiingo
2025-12-09,55.723,TQQQ,tiingo
2025-12-10,56.3597,TQQQ,tiingo
2025-12-11,55.8225,TQQQ,tiingo
2025-12-12,52.5494,TQQQ,tiingo
2025-12-15,51.7535,TQQQ,tiingo
2025-12-16,52.0618,TQQQ,tiingo
2025-12-17,49.1468,TQQQ,tiingo
2025-12-18,51.2461,TQQQ,tiingo
2025-12-19,53.2458,TQQQ,tiingo
2025-12-22,53.9721,TQQQ,tiingo
2025-12-23,54.7282,TQQQ,tiingo
2025-12-24,55.1614,TQQQ,tiingo
2025-12-26,55.1116,TQQQ,tiingo
2025-12-29,54.2945,TQQQ,tiingo
2025-12-30,53.906,TQQQ,tiingo
2025-12-31,52.5309,TQQQ,tiingo
2026-01-02,52.1622,TQQQ,tiingo
2026-01-05,53.4078,TQQQ,tiingo
2026-01-06,54.8127,TQQQ,tiingo
2026-01-07,54.9721,TQQQ,tiingo
2026-01-08,53.9956,TQQQ,tiingo
2026-01-09,55.56,TQQQ,tiingo
2026-01-12,55.6895,TQQQ,tiingo
2026-01-13,55.4005,TQQQ,tiingo
2026-01-14,53.6369,TQQQ,tiingo
2026-01-15,54.1849,TQQQ,tiingo
2026-01-16,53.9458,TQQQ,tiingo
2026-01-20,50.548,TQQQ,tiingo
2026-01-21,52.5409,TQQQ,tiingo
2026-01-22,53.7067,TQQQ,tiingo
2026-01-23,54.1849,TQQQ,tiingo
2026-01-26,54.8824,TQQQ,tiingo
2026-01-27,56.3372,TQQQ,tiingo
2026-01-28,56.8553,TQQQ,tiingo
2026-01-29,55.839,TQQQ,tiingo
2026-01-30,53.8063,TQQQ,tiingo
2026-02-02,54.9023,TQQQ,tiingo
2026-02-03,52.3316,TQQQ,tiingo
2026-02-04,49.5815,TQQQ,tiingo
2026-02-05,47.4692,TQQQ,tiingo
2026-02-06,50.4085,TQQQ,tiingo
2026-02-09,51.5544,TQQQ,tiingo
2026-02-10,50.837,TQQQ,tiingo
2026-02-11,51.2156,TQQQ,tiingo
2026-02-12,48.0869,TQQQ,tiingo
2026-02-13,48.2961,TQQQ,tiingo
2026-02-17,48.1765,TQQQ,tiingo
2026-02-18,49.2128,TQQQ,tiingo
2026-02-19,48.6548,TQQQ,tiingo
2026-02-20,49.8805,TQQQ,tiingo
2026-02-23,48.067,TQQQ,tiingo
2026-02-24,49.6014,TQQQ,tiingo
2026-02-25,51.684,TQQQ,tiingo
2026-02-26,49.8705,TQQQ,tiingo
2026-02-27,49.3423,TQQQ,tiingo
2026-03-02,49.5217,TQQQ,tiingo
2026-03-03,47.9274,TQQQ,tiingo
2026-03-04,50.0797,TQQQ,tiingo
2026-03-05,49.6214,TQQQ,tiingo
2026-03-06,47.3694,TQQQ,tiingo
2026-03-09,49.2128,TQQQ,tiingo
2026-03-10,49.2228,TQQQ,tiingo
2026-03-11,49.173,TQQQ,tiingo
2026-03-12,46.6621,TQQQ,tiingo
2026-03-13,45.7652,TQQQ,tiingo
2026-03-16,47.2898,TQQQ,tiingo
2026-03-17,47.9872,TQQQ,tiingo
2026-03-18,45.9346,TQQQ,tiingo
2026-03-19,45.5261,TQQQ,tiingo
2026-03-20,42.9255,TQQQ,tiingo
2026-03-23,44.4101,TQQQ,tiingo
2026-03-24,43.4635,TQQQ,tiingo
2026-03-25,44.3021,TQQQ,tiingo
2026-03-26,41.1484,TQQQ,tiingo
2026-03-27,38.7032,TQQQ,tiingo
2026-03-30,37.815,TQQQ,tiingo
2026-03-31,41.5975,TQQQ,tiingo
2026-04-01,43.1444,TQQQ,tiingo
2026-04-02,43.2442,TQQQ,tiingo
2026-04-06,44.0127,TQQQ,tiingo
2026-04-07,44.0626,TQQQ,tiingo
2026-04-08,47.905,TQQQ,tiingo
2026-04-09,48.8631,TQQQ,tiingo
2026-04-10,49.0727,TQQQ,tiingo
2026-04-13,50.5597,TQQQ,tiingo
2026-04-14,53.3043,TQQQ,tiingo
2026-04-15,55.5398,TQQQ,tiingo
2026-04-16,56.3183,TQQQ,tiingo
2026-04-17,58.474,TQQQ,tiingo
2026-04-20,57.965,TQQQ,tiingo
2026-04-21,57.2864,TQQQ,tiingo
2026-04-22,60.0908,TQQQ,tiingo
2026-04-23,59.1028,TQQQ,tiingo
2026-04-24,62.4362,TQQQ,tiingo
2026-04-27,62.516,TQQQ,tiingo
2026-04-28,60.6198,TQQQ,tiingo
2026-04-29,61.7376,TQQQ,tiingo
2026-04-30,63.4142,TQQQ,tiingo
2026-05-01,65.1707,TQQQ,tiingo
2026-05-04,64.7815,TQQQ,tiingo
2026-05-05,67.2566,TQQQ,tiingo
2026-05-06,71.4283,TQQQ,tiingo
2026-05-07,71.1988,TQQQ,tiingo
2026-05-08,76.129,TQQQ,tiingo
2026-05-11,76.8077,TQQQ,tiingo
2026-05-12,74.8116,TQQQ,tiingo
2026-05-13,77.0871,TQQQ,tiingo
2026-05-14,78.7937,TQQQ,tiingo
2026-05-15,75.1909,TQQQ,tiingo
2026-05-18,74.1729,TQQQ,tiingo
2026-05-19,72.7856,TQQQ,tiingo
2026-05-20,76.3586,TQQQ,tiingo
2026-05-21,76.7977,TQQQ,tiingo
2026-05-22,77.6859,TQQQ,tiingo
2026-05-26,81.7878,TQQQ,tiingo
2026-05-27,81.5083,TQQQ,tiingo
2026-05-28,83.5144,TQQQ,tiingo
2026-05-29,84.3926,TQQQ,tiingo
2026-06-01,85.8697,TQQQ,tiingo
2026-06-02,87.0474,TQQQ,tiingo
2026-06-03,86.3887,TQQQ,tiingo
2026-06-04,85.0513,TQQQ,tiingo
2026-06-05,72.9054,TQQQ,tiingo
2026-06-08,76.119,TQQQ,tiingo
2026-06-09,73.5741,TQQQ,tiingo
2026-06-10,69.1329,TQQQ,tiingo
2026-06-11,75.8595,TQQQ,tiingo
2026-06-12,77.3666,TQQQ,tiingo
2026-06-15,84.4226,TQQQ,tiingo
2026-06-16,79.7718,TQQQ,tiingo
2026-06-17,77.3865,TQQQ,tiingo
2026-06-18,82.706,TQQQ,tiingo
2026-06-22,82.4165,TQQQ,tiingo
2026-06-23,74.2927,TQQQ,tiingo
2026-06-24,73.1549,TQQQ,tiingo
2026-06-25,74.8016,TQQQ,tiingo
2026-06-26,71.6878,TQQQ,tiingo
2026-06-29,77.0372,TQQQ,tiingo
2026-06-30,80.8397,TQQQ,tiingo
2026-07-01,77.3067,TQQQ,tiingo
2026-07-02,73.2048,TQQQ,tiingo
2026-07-06,76.2687,TQQQ,tiingo
2026-07-07,72.087,TQQQ,tiingo
2026-07-08,72.5761,TQQQ,tiingo
2026-07-09,76.1889,TQQQ,tiingo
2026-07-10,76.8775,TQQQ,tiingo
2026-07-13,72.4962,TQQQ,tiingo
2026-07-14,74.8715,TQQQ,tiingo
2026-07-15,74.2927,TQQQ,tiingo
2026-07-16,70.6,TQQQ,tiingo
2026-07-17,67.3963,TQQQ,tiingo
2026-07-20,67.5161,TQQQ,tiingo
2026-07-21,71.2287,TQQQ,tiingo
2026-07-22,70.1409,TQQQ,tiingo
2026-07-23,66.1688,TQQQ,tiingo
2026-07-24,63.8733,TQQQ,tiingo
2026-07-27,63.2745,TQQQ,tiingo
2026-07-28,61.4381,TQQQ,tiingo
2026-07-29,57.6357,TQQQ,tiingo
2026-07-30,63.1747,TQQQ,tiingo
2026-07-31,64.4921,TQQQ,tiingo
2026-08-03,67.8255,TQQQ,tiingo
2026-08-04,74.6719,TQQQ,tiingo
2026-08-05,72.6958,TQQQ,tiingo
2026-08-06,71.8874,TQQQ,tiingo
2026-08-07,74.3226,TQQQ,tiingo
2026-08-10,73.6539,TQQQ,tiingo
2026-08-11,72.9154,TQQQ,tiingo
2026-08-12,74.4523,TQQQ,tiingo
2026-08-13,76.9973,TQQQ,tiingo
2026-08-14,76.638,TQQQ,tiingo
2026-08-17,76.2488,TQQQ,tiingo
2026-08-18,72.3864,TQQQ,tiingo
2026-08-19,71.9174,TQQQ,tiingo
2026-08-20,70.3405,TQQQ,tiingo
2026-08-21,71.0291,TQQQ,tiingo
2026-08-24,68.8734,TQQQ,tiingo
2026-08-25,70.1309,TQQQ,tiingo
2026-08-26,70.3305,TQQQ,tiingo
2026-08-27,73.1549,TQQQ,tiingo
2026-08-28,71.7078,TQQQ,tiingo
2026-08-31,71.7776,TQQQ,tiingo
2026-09-01,69.0131,TQQQ,tiingo
2026-09-02,69.4622,TQQQ,tiingo
2026-09-03,71.8874,TQQQ,tiingo
2026-09-04,72.2267,TQQQ,tiingo
2026-09-08,72.0172,TQQQ,tiingo
2026-09-09,71.4084,TQQQ,tiingo
2026-09-10,69.073,TQQQ,tiingo
2026-09-11,70.8395,TQQQ,tiingo
2026-09-14,69.1329,TQQQ,tiingo
2026-09-15,67.7656,TQQQ,tiingo
2026-09-16,67.7955,TQQQ,tiingo
2026-09-17,71.2387,TQQQ,tiingo
2026-09-18,72.4962,TQQQ,tiingo
2026-09-21,78.7538,TQQQ,tiingo
2026-09-22,80.67,TQQQ,tiingo
2026-09-23,78.66,TQQQ,tiingo
2026-09-24,78.58,TQQQ,tiingo
2026-09-25,79.6,TQQQ,tiingo