date,adj_open,adj_close,name,source
1885-01,,0.425055,XAU/USD,datahub-io+er
1885-02,,0.42502,XAU/USD,datahub-io+er
1885-03,,0.424985,XAU/USD,datahub-io+er
1885-04,,0.424949,XAU/USD,datahub-io+er
1885-05,,0.424914,XAU/USD,datahub-io+er
1885-06,,0.424878,XAU/USD,datahub-io+er
1885-07,,0.424843,XAU/USD,datahub-io+er
1885-08,,0.424808,XAU/USD,datahub-io+er
1885-09,,0.424772,XAU/USD,datahub-io+er
1885-10,,0.424737,XAU/USD,datahub-io+er
1885-11,,0.424701,XAU/USD,datahub-io+er
1885-12,,0.424666,XAU/USD,datahub-io+er
1886-01,,0.424631,XAU/USD,datahub-io+er
1886-02,,0.424595,XAU/USD,datahub-io+er
1886-03,,0.42456,XAU/USD,datahub-io+er
1886-04,,0.424524,XAU/USD,datahub-io+er
1886-05,,0.424489,XAU/USD,datahub-io+er
1886-06,,0.424454,XAU/USD,datahub-io+er
1886-07,,0.424418,XAU/USD,datahub-io+er
1886-08,,0.424383,XAU/USD,datahub-io+er
1886-09,,0.424348,XAU/USD,datahub-io+er
1886-10,,0.424312,XAU/USD,datahub-io+er
1886-11,,0.424277,XAU/USD,datahub-io+er
1886-12,,0.424241,XAU/USD,datahub-io+er
1887-01,,0.424206,XAU/USD,datahub-io+er
1887-02,,0.424171,XAU/USD,datahub-io+er
1887-03,,0.424135,XAU/USD,datahub-io+er
1887-04,,0.4241,XAU/USD,datahub-io+er
1887-05,,0.424065,XAU/USD,datahub-io+er
1887-06,,0.424029,XAU/USD,datahub-io+er
1887-07,,0.423994,XAU/USD,datahub-io+er
1887-08,,0.423959,XAU/USD,datahub-io+er
1887-09,,0.423923,XAU/USD,datahub-io+er
1887-10,,0.423888,XAU/USD,datahub-io+er
1887-11,,0.423853,XAU/USD,datahub-io+er
1887-12,,0.423817,XAU/USD,datahub-io+er
1888-01,,0.423782,XAU/USD,datahub-io+er
1888-02,,0.423747,XAU/USD,datahub-io+er
1888-03,,0.423711,XAU/USD,datahub-io+er
1888-04,,0.423676,XAU/USD,datahub-io+er
1888-05,,0.423641,XAU/USD,datahub-io+er
1888-06,,0.423606,XAU/USD,datahub-io+er
1888-07,,0.42357,XAU/USD,datahub-io+er
1888-08,,0.423535,XAU/USD,datahub-io+er
1888-09,,0.4235,XAU/USD,datahub-io+er
1888-10,,0.423464,XAU/USD,datahub-io+er
1888-11,,0.423429,XAU/USD,datahub-io+er
1888-12,,0.423394,XAU/USD,datahub-io+er
1889-01,,0.423135,XAU/USD,datahub-io+er
1889-02,,0.4231,XAU/USD,datahub-io+er
1889-03,,0.423064,XAU/USD,datahub-io+er
1889-04,,0.423029,XAU/USD,datahub-io+er
1889-05,,0.422994,XAU/USD,datahub-io+er
1889-06,,0.422959,XAU/USD,datahub-io+er
1889-07,,0.422923,XAU/USD,datahub-io+er
1889-08,,0.422888,XAU/USD,datahub-io+er
1889-09,,0.422853,XAU/USD,datahub-io+er
1889-10,,0.422818,XAU/USD,datahub-io+er
1889-11,,0.422782,XAU/USD,datahub-io+er
1889-12,,0.422747,XAU/USD,datahub-io+er
1890-01,,0.422935,XAU/USD,datahub-io+er
1890-02,,0.4229,XAU/USD,datahub-io+er
1890-03,,0.422865,XAU/USD,datahub-io+er
1890-04,,0.42283,XAU/USD,datahub-io+er
1890-05,,0.422794,XAU/USD,datahub-io+er
1890-06,,0.422759,XAU/USD,datahub-io+er
1890-07,,0.422724,XAU/USD,datahub-io+er
1890-08,,0.422689,XAU/USD,datahub-io+er
1890-09,,0.422653,XAU/USD,datahub-io+er
1890-10,,0.422618,XAU/USD,datahub-io+er
1890-11,,0.422583,XAU/USD,datahub-io+er
1890-12,,0.422548,XAU/USD,datahub-io+er
1891-01,,0.422959,XAU/USD,datahub-io+er
1891-02,,0.422924,XAU/USD,datahub-io+er
1891-03,,0.422888,XAU/USD,datahub-io+er
1891-04,,0.422853,XAU/USD,datahub-io+er
1891-05,,0.422818,XAU/USD,datahub-io+er
1891-06,,0.422783,XAU/USD,datahub-io+er
1891-07,,0.422747,XAU/USD,datahub-io+er
1891-08,,0.422712,XAU/USD,datahub-io+er
1891-09,,0.422677,XAU/USD,datahub-io+er
1891-10,,0.422642,XAU/USD,datahub-io+er
1891-11,,0.422606,XAU/USD,datahub-io+er
1891-12,,0.422571,XAU/USD,datahub-io+er
1892-01,,0.422536,XAU/USD,datahub-io+er
1892-02,,0.422501,XAU/USD,datahub-io+er
1892-03,,0.422466,XAU/USD,datahub-io+er
1892-04,,0.42243,XAU/USD,datahub-io+er
1892-05,,0.422395,XAU/USD,datahub-io+er
1892-06,,0.42236,XAU/USD,datahub-io+er
1892-07,,0.422325,XAU/USD,datahub-io+er
1892-08,,0.42229,XAU/USD,datahub-io+er
1892-09,,0.422254,XAU/USD,datahub-io+er
1892-10,,0.422219,XAU/USD,datahub-io+er
1892-11,,0.422184,XAU/USD,datahub-io+er
1892-12,,0.422149,XAU/USD,datahub-io+er
1893-01,,0.422114,XAU/USD,datahub-io+er
1893-02,,0.422079,XAU/USD,datahub-io+er
1893-03,,0.422043,XAU/USD,datahub-io+er
1893-04,,0.422008,XAU/USD,datahub-io+er
1893-05,,0.421973,XAU/USD,datahub-io+er
1893-06,,0.421938,XAU/USD,datahub-io+er
1893-07,,0.421903,XAU/USD,datahub-io+er
1893-08,,0.421868,XAU/USD,datahub-io+er
1893-09,,0.421832,XAU/USD,datahub-io+er
1893-10,,0.421797,XAU/USD,datahub-io+er
1893-11,,0.421762,XAU/USD,datahub-io+er
1893-12,,0.421727,XAU/USD,datahub-io+er
1894-01,,0.421247,XAU/USD,datahub-io+er
1894-02,,0.421212,XAU/USD,datahub-io+er
1894-03,,0.421177,XAU/USD,datahub-io+er
1894-04,,0.421142,XAU/USD,datahub-io+er
1894-05,,0.421107,XAU/USD,datahub-io+er
1894-06,,0.421071,XAU/USD,datahub-io+er
1894-07,,0.421036,XAU/USD,datahub-io+er
1894-08,,0.421001,XAU/USD,datahub-io+er
1894-09,,0.420966,XAU/USD,datahub-io+er
1894-10,,0.420931,XAU/USD,datahub-io+er
1894-11,,0.420896,XAU/USD,datahub-io+er
1894-12,,0.420861,XAU/USD,datahub-io+er
1895-01,,0.420604,XAU/USD,datahub-io+er
1895-02,,0.420569,XAU/USD,datahub-io+er
1895-03,,0.420534,XAU/USD,datahub-io+er
1895-04,,0.420499,XAU/USD,datahub-io+er
1895-05,,0.420463,XAU/USD,datahub-io+er
1895-06,,0.420428,XAU/USD,datahub-io+er
1895-07,,0.420393,XAU/USD,datahub-io+er
1895-08,,0.420358,XAU/USD,datahub-io+er
1895-09,,0.420323,XAU/USD,datahub-io+er
1895-10,,0.420288,XAU/USD,datahub-io+er
1895-11,,0.420253,XAU/USD,datahub-io+er
1895-12,,0.420218,XAU/USD,datahub-io+er
1896-01,,0.421293,XAU/USD,datahub-io+er
1896-02,,0.421258,XAU/USD,datahub-io+er
1896-03,,0.421223,XAU/USD,datahub-io+er
1896-04,,0.421188,XAU/USD,datahub-io+er
1896-05,,0.421153,XAU/USD,datahub-io+er
1896-06,,0.421118,XAU/USD,datahub-io+er
1896-07,,0.421083,XAU/USD,datahub-io+er
1896-08,,0.421047,XAU/USD,datahub-io+er
1896-09,,0.421012,XAU/USD,datahub-io+er
1896-10,,0.420977,XAU/USD,datahub-io+er
1896-11,,0.420942,XAU/USD,datahub-io+er
1896-12,,0.420907,XAU/USD,datahub-io+er
1897-01,,0.420872,XAU/USD,datahub-io+er
1897-02,,0.420837,XAU/USD,datahub-io+er
1897-03,,0.420802,XAU/USD,datahub-io+er
1897-04,,0.420767,XAU/USD,datahub-io+er
1897-05,,0.420732,XAU/USD,datahub-io+er
1897-06,,0.420697,XAU/USD,datahub-io+er
1897-07,,0.420662,XAU/USD,datahub-io+er
1897-08,,0.420627,XAU/USD,datahub-io+er
1897-09,,0.420592,XAU/USD,datahub-io+er
1897-10,,0.420557,XAU/USD,datahub-io+er
1897-11,,0.420521,XAU/USD,datahub-io+er
1897-12,,0.420486,XAU/USD,datahub-io+er
1898-01,,0.420451,XAU/USD,datahub-io+er
1898-02,,0.420416,XAU/USD,datahub-io+er
1898-03,,0.420381,XAU/USD,datahub-io+er
1898-04,,0.420346,XAU/USD,datahub-io+er
1898-05,,0.420311,XAU/USD,datahub-io+er
1898-06,,0.420276,XAU/USD,datahub-io+er
1898-07,,0.420241,XAU/USD,datahub-io+er
1898-08,,0.420206,XAU/USD,datahub-io+er
1898-09,,0.420171,XAU/USD,datahub-io+er
1898-10,,0.420136,XAU/USD,datahub-io+er
1898-11,,0.420101,XAU/USD,datahub-io+er
1898-12,,0.420066,XAU/USD,datahub-io+er
1899-01,,0.419146,XAU/USD,datahub-io+er
1899-02,,0.419111,XAU/USD,datahub-io+er
1899-03,,0.419076,XAU/USD,datahub-io+er
1899-04,,0.419041,XAU/USD,datahub-io+er
1899-05,,0.419006,XAU/USD,datahub-io+er
1899-06,,0.418971,XAU/USD,datahub-io+er
1899-07,,0.418936,XAU/USD,datahub-io+er
1899-08,,0.418901,XAU/USD,datahub-io+er
1899-09,,0.418866,XAU/USD,datahub-io+er
1899-10,,0.418832,XAU/USD,datahub-io+er
1899-11,,0.418797,XAU/USD,datahub-io+er
1899-12,,0.418762,XAU/USD,datahub-io+er
1900-01,,0.419169,XAU/USD,datahub-io+er
1900-02,,0.419134,XAU/USD,datahub-io+er
1900-03,,0.419099,XAU/USD,datahub-io+er
1900-04,,0.419064,XAU/USD,datahub-io+er
1900-05,,0.419029,XAU/USD,datahub-io+er
1900-06,,0.418994,XAU/USD,datahub-io+er
1900-07,,0.41896,XAU/USD,datahub-io+er
1900-08,,0.418925,XAU/USD,datahub-io+er
1900-09,,0.41889,XAU/USD,datahub-io+er
1900-10,,0.418855,XAU/USD,datahub-io+er
1900-11,,0.41882,XAU/USD,datahub-io+er
1900-12,,0.418785,XAU/USD,datahub-io+er
1901-01,,0.419192,XAU/USD,datahub-io+er
1901-02,,0.419157,XAU/USD,datahub-io+er
1901-03,,0.419122,XAU/USD,datahub-io+er
1901-04,,0.419087,XAU/USD,datahub-io+er
1901-05,,0.419052,XAU/USD,datahub-io+er
1901-06,,0.419017,XAU/USD,datahub-io+er
1901-07,,0.418982,XAU/USD,datahub-io+er
1901-08,,0.418947,XAU/USD,datahub-io+er
1901-09,,0.418912,XAU/USD,datahub-io+er
1901-10,,0.418878,XAU/USD,datahub-io+er
1901-11,,0.418843,XAU/USD,datahub-io+er
1901-12,,0.418808,XAU/USD,datahub-io+er
1902-01,,0.418552,XAU/USD,datahub-io+er
1902-02,,0.418517,XAU/USD,datahub-io+er
1902-03,,0.418482,XAU/USD,datahub-io+er
1902-04,,0.418448,XAU/USD,datahub-io+er
1902-05,,0.418413,XAU/USD,datahub-io+er
1902-06,,0.418378,XAU/USD,datahub-io+er
1902-07,,0.418343,XAU/USD,datahub-io+er
1902-08,,0.418308,XAU/USD,datahub-io+er
1902-09,,0.418273,XAU/USD,datahub-io+er
1902-10,,0.418238,XAU/USD,datahub-io+er
1902-11,,0.418204,XAU/USD,datahub-io+er
1902-12,,0.418169,XAU/USD,datahub-io+er
1903-01,,0.417693,XAU/USD,datahub-io+er
1903-02,,0.417658,XAU/USD,datahub-io+er
1903-03,,0.417623,XAU/USD,datahub-io+er
1903-04,,0.417589,XAU/USD,datahub-io+er
1903-05,,0.417554,XAU/USD,datahub-io+er
1903-06,,0.417519,XAU/USD,datahub-io+er
1903-07,,0.417484,XAU/USD,datahub-io+er
1903-08,,0.417449,XAU/USD,datahub-io+er
1903-09,,0.417415,XAU/USD,datahub-io+er
1903-10,,0.41738,XAU/USD,datahub-io+er
1903-11,,0.417345,XAU/USD,datahub-io+er
1903-12,,0.41731,XAU/USD,datahub-io+er
1904-01,,0.417496,XAU/USD,datahub-io+er
1904-02,,0.417461,XAU/USD,datahub-io+er
1904-03,,0.417426,XAU/USD,datahub-io+er
1904-04,,0.417391,XAU/USD,datahub-io+er
1904-05,,0.417357,XAU/USD,datahub-io+er
1904-06,,0.417322,XAU/USD,datahub-io+er
1904-07,,0.417287,XAU/USD,datahub-io+er
1904-08,,0.417252,XAU/USD,datahub-io+er
1904-09,,0.417217,XAU/USD,datahub-io+er
1904-10,,0.417183,XAU/USD,datahub-io+er
1904-11,,0.417148,XAU/USD,datahub-io+er
1904-12,,0.417113,XAU/USD,datahub-io+er
1905-01,,0.416198,XAU/USD,datahub-io+er
1905-02,,0.416164,XAU/USD,datahub-io+er
1905-03,,0.416129,XAU/USD,datahub-io+er
1905-04,,0.416094,XAU/USD,datahub-io+er
1905-05,,0.41606,XAU/USD,datahub-io+er
1905-06,,0.416025,XAU/USD,datahub-io+er
1905-07,,0.41599,XAU/USD,datahub-io+er
1905-08,,0.415956,XAU/USD,datahub-io+er
1905-09,,0.415921,XAU/USD,datahub-io+er
1905-10,,0.415886,XAU/USD,datahub-io+er
1905-11,,0.415852,XAU/USD,datahub-io+er
1905-12,,0.415817,XAU/USD,datahub-io+er
1906-01,,0.415343,XAU/USD,datahub-io+er
1906-02,,0.415308,XAU/USD,datahub-io+er
1906-03,,0.415274,XAU/USD,datahub-io+er
1906-04,,0.415239,XAU/USD,datahub-io+er
1906-05,,0.415204,XAU/USD,datahub-io+er
1906-06,,0.41517,XAU/USD,datahub-io+er
1906-07,,0.415135,XAU/USD,datahub-io+er
1906-08,,0.415101,XAU/USD,datahub-io+er
1906-09,,0.415066,XAU/USD,datahub-io+er
1906-10,,0.415031,XAU/USD,datahub-io+er
1906-11,,0.414997,XAU/USD,datahub-io+er
1906-12,,0.414962,XAU/USD,datahub-io+er
1907-01,,0.415806,XAU/USD,datahub-io+er
1907-02,,0.415771,XAU/USD,datahub-io+er
1907-03,,0.415737,XAU/USD,datahub-io+er
1907-04,,0.415702,XAU/USD,datahub-io+er
1907-05,,0.415667,XAU/USD,datahub-io+er
1907-06,,0.415633,XAU/USD,datahub-io+er
1907-07,,0.415598,XAU/USD,datahub-io+er
1907-08,,0.415563,XAU/USD,datahub-io+er
1907-09,,0.415529,XAU/USD,datahub-io+er
1907-10,,0.415494,XAU/USD,datahub-io+er
1907-11,,0.41546,XAU/USD,datahub-io+er
1907-12,,0.415425,XAU/USD,datahub-io+er
1908-01,,0.41561,XAU/USD,datahub-io+er
1908-02,,0.415575,XAU/USD,datahub-io+er
1908-03,,0.41554,XAU/USD,datahub-io+er
1908-04,,0.415506,XAU/USD,datahub-io+er
1908-05,,0.415471,XAU/USD,datahub-io+er
1908-06,,0.415436,XAU/USD,datahub-io+er
1908-07,,0.415402,XAU/USD,datahub-io+er
1908-08,,0.415367,XAU/USD,datahub-io+er
1908-09,,0.415333,XAU/USD,datahub-io+er
1908-10,,0.415298,XAU/USD,datahub-io+er
1908-11,,0.415263,XAU/USD,datahub-io+er
1908-12,,0.415229,XAU/USD,datahub-io+er
1909-01,,0.415413,XAU/USD,datahub-io+er
1909-02,,0.415379,XAU/USD,datahub-io+er
1909-03,,0.415344,XAU/USD,datahub-io+er
1909-04,,0.415309,XAU/USD,datahub-io+er
1909-05,,0.415275,XAU/USD,datahub-io+er
1909-06,,0.41524,XAU/USD,datahub-io+er
1909-07,,0.415206,XAU/USD,datahub-io+er
1909-08,,0.415171,XAU/USD,datahub-io+er
1909-09,,0.415136,XAU/USD,datahub-io+er
1909-10,,0.415102,XAU/USD,datahub-io+er
1909-11,,0.415067,XAU/USD,datahub-io+er
1909-12,,0.415033,XAU/USD,datahub-io+er
1910-01,,0.414123,XAU/USD,datahub-io+er
1910-02,,0.414088,XAU/USD,datahub-io+er
1910-03,,0.414054,XAU/USD,datahub-io+er
1910-04,,0.414019,XAU/USD,datahub-io+er
1910-05,,0.413984,XAU/USD,datahub-io+er
1910-06,,0.41395,XAU/USD,datahub-io+er
1910-07,,0.413916,XAU/USD,datahub-io+er
1910-08,,0.413881,XAU/USD,datahub-io+er
1910-09,,0.413847,XAU/USD,datahub-io+er
1910-10,,0.413812,XAU/USD,datahub-io+er
1910-11,,0.413778,XAU/USD,datahub-io+er
1910-12,,0.413743,XAU/USD,datahub-io+er
1911-01,,0.413709,XAU/USD,datahub-io+er
1911-02,,0.413674,XAU/USD,datahub-io+er
1911-03,,0.41364,XAU/USD,datahub-io+er
1911-04,,0.413605,XAU/USD,datahub-io+er
1911-05,,0.413571,XAU/USD,datahub-io+er
1911-06,,0.413536,XAU/USD,datahub-io+er
1911-07,,0.413502,XAU/USD,datahub-io+er
1911-08,,0.413467,XAU/USD,datahub-io+er
1911-09,,0.413433,XAU/USD,datahub-io+er
1911-10,,0.413398,XAU/USD,datahub-io+er
1911-11,,0.413364,XAU/USD,datahub-io+er
1911-12,,0.41333,XAU/USD,datahub-io+er
1912-01,,0.413514,XAU/USD,datahub-io+er
1912-02,,0.413479,XAU/USD,datahub-io+er
1912-03,,0.413445,XAU/USD,datahub-io+er
1912-04,,0.41341,XAU/USD,datahub-io+er
1912-05,,0.413376,XAU/USD,datahub-io+er
1912-06,,0.413341,XAU/USD,datahub-io+er
1912-07,,0.413307,XAU/USD,datahub-io+er
1912-08,,0.413272,XAU/USD,datahub-io+er
1912-09,,0.413238,XAU/USD,datahub-io+er
1912-10,,0.413203,XAU/USD,datahub-io+er
1912-11,,0.413169,XAU/USD,datahub-io+er
1912-12,,0.413135,XAU/USD,datahub-io+er
1913-01,,0.412882,XAU/USD,datahub-io+er
1913-02,,0.412848,XAU/USD,datahub-io+er
1913-03,,0.412813,XAU/USD,datahub-io+er
1913-04,,0.412779,XAU/USD,datahub-io+er
1913-05,,0.412744,XAU/USD,datahub-io+er
1913-06,,0.41271,XAU/USD,datahub-io+er
1913-07,,0.412676,XAU/USD,datahub-io+er
1913-08,,0.412641,XAU/USD,datahub-io+er
1913-09,,0.412607,XAU/USD,datahub-io+er
1913-10,,0.412572,XAU/USD,datahub-io+er
1913-11,,0.412538,XAU/USD,datahub-io+er
1913-12,,0.412504,XAU/USD,datahub-io+er
1914-01,,0.413995,XAU/USD,datahub-io+er
1914-02,,0.413961,XAU/USD,datahub-io+er
1914-03,,0.413926,XAU/USD,datahub-io+er
1914-04,,0.413892,XAU/USD,datahub-io+er
1914-05,,0.413857,XAU/USD,datahub-io+er
1914-06,,0.413823,XAU/USD,datahub-io+er
1914-07,,0.413788,XAU/USD,datahub-io+er
1914-08,,0.413754,XAU/USD,datahub-io+er
1914-09,,0.41372,XAU/USD,datahub-io+er
1914-10,,0.413685,XAU/USD,datahub-io+er
1914-11,,0.413651,XAU/USD,datahub-io+er
1914-12,,0.413616,XAU/USD,datahub-io+er
1915-01,,0.413582,XAU/USD,datahub-io+er
1915-02,,0.413547,XAU/USD,datahub-io+er
1915-03,,0.413513,XAU/USD,datahub-io+er
1915-04,,0.413478,XAU/USD,datahub-io+er
1915-05,,0.413444,XAU/USD,datahub-io+er
1915-06,,0.413409,XAU/USD,datahub-io+er
1915-07,,0.413375,XAU/USD,datahub-io+er
1915-08,,0.41334,XAU/USD,datahub-io+er
1915-09,,0.413306,XAU/USD,datahub-io+er
1915-10,,0.413272,XAU/USD,datahub-io+er
1915-11,,0.413237,XAU/USD,datahub-io+er
1915-12,,0.413203,XAU/USD,datahub-io+er
1916-01,,0.413168,XAU/USD,datahub-io+er
1916-02,,0.413134,XAU/USD,datahub-io+er
1916-03,,0.413099,XAU/USD,datahub-io+er
1916-04,,0.413065,XAU/USD,datahub-io+er
1916-05,,0.413031,XAU/USD,datahub-io+er
1916-06,,0.412996,XAU/USD,datahub-io+er
1916-07,,0.412962,XAU/USD,datahub-io+er
1916-08,,0.412927,XAU/USD,datahub-io+er
1916-09,,0.412893,XAU/USD,datahub-io+er
1916-10,,0.412858,XAU/USD,datahub-io+er
1916-11,,0.412824,XAU/USD,datahub-io+er
1916-12,,0.41279,XAU/USD,datahub-io+er
1917-01,,0.412755,XAU/USD,datahub-io+er
1917-02,,0.412721,XAU/USD,datahub-io+er
1917-03,,0.412686,XAU/USD,datahub-io+er
1917-04,,0.412652,XAU/USD,datahub-io+er
1917-05,,0.412618,XAU/USD,datahub-io+er
1917-06,,0.412583,XAU/USD,datahub-io+er
1917-07,,0.412549,XAU/USD,datahub-io+er
1917-08,,0.412515,XAU/USD,datahub-io+er
1917-09,,0.41248,XAU/USD,datahub-io+er
1917-10,,0.412446,XAU/USD,datahub-io+er
1917-11,,0.412411,XAU/USD,datahub-io+er
1917-12,,0.412377,XAU/USD,datahub-io+er
1918-01,,0.412343,XAU/USD,datahub-io+er
1918-02,,0.412308,XAU/USD,datahub-io+er
1918-03,,0.412274,XAU/USD,datahub-io+er
1918-04,,0.41224,XAU/USD,datahub-io+er
1918-05,,0.412205,XAU/USD,datahub-io+er
1918-06,,0.412171,XAU/USD,datahub-io+er
1918-07,,0.412137,XAU/USD,datahub-io+er
1918-08,,0.412102,XAU/USD,datahub-io+er
1918-09,,0.412068,XAU/USD,datahub-io+er
1918-10,,0.412034,XAU/USD,datahub-io+er
1918-11,,0.411999,XAU/USD,datahub-io+er
1918-12,,0.411965,XAU/USD,datahub-io+er
1919-01,,0.432757,XAU/USD,datahub-io+er
1919-02,,0.432721,XAU/USD,datahub-io+er
1919-03,,0.432684,XAU/USD,datahub-io+er
1919-04,,0.432648,XAU/USD,datahub-io+er
1919-05,,0.432612,XAU/USD,datahub-io+er
1919-06,,0.432576,XAU/USD,datahub-io+er
1919-07,,0.43254,XAU/USD,datahub-io+er
1919-08,,0.432504,XAU/USD,datahub-io+er
1919-09,,0.432468,XAU/USD,datahub-io+er
1919-10,,0.432432,XAU/USD,datahub-io+er
1919-11,,0.432396,XAU/USD,datahub-io+er
1919-12,,0.43236,XAU/USD,datahub-io+er
1920-01,,0.448145,XAU/USD,datahub-io+er
1920-02,,0.448107,XAU/USD,datahub-io+er
1920-03,,0.44807,XAU/USD,datahub-io+er
1920-04,,0.448033,XAU/USD,datahub-io+er
1920-05,,0.447995,XAU/USD,datahub-io+er
1920-06,,0.447958,XAU/USD,datahub-io+er
1920-07,,0.447921,XAU/USD,datahub-io+er
1920-08,,0.447883,XAU/USD,datahub-io+er
1920-09,,0.447846,XAU/USD,datahub-io+er
1920-10,,0.447809,XAU/USD,datahub-io+er
1920-11,,0.447771,XAU/USD,datahub-io+er
1920-12,,0.447734,XAU/USD,datahub-io+er
1921-01,,0.445532,XAU/USD,datahub-io+er
1921-02,,0.445495,XAU/USD,datahub-io+er
1921-03,,0.445457,XAU/USD,datahub-io+er
1921-04,,0.44542,XAU/USD,datahub-io+er
1921-05,,0.445383,XAU/USD,datahub-io+er
1921-06,,0.445346,XAU/USD,datahub-io+er
1921-07,,0.445309,XAU/USD,datahub-io+er
1921-08,,0.445272,XAU/USD,datahub-io+er
1921-09,,0.445235,XAU/USD,datahub-io+er
1921-10,,0.445198,XAU/USD,datahub-io+er
1921-11,,0.445161,XAU/USD,datahub-io+er
1921-12,,0.445123,XAU/USD,datahub-io+er
1922-01,,0.446817,XAU/USD,datahub-io+er
1922-02,,0.446779,XAU/USD,datahub-io+er
1922-03,,0.446742,XAU/USD,datahub-io+er
1922-04,,0.446705,XAU/USD,datahub-io+er
1922-05,,0.446668,XAU/USD,datahub-io+er
1922-06,,0.446631,XAU/USD,datahub-io+er
1922-07,,0.446593,XAU/USD,datahub-io+er
1922-08,,0.446556,XAU/USD,datahub-io+er
1922-09,,0.446519,XAU/USD,datahub-io+er
1922-10,,0.446482,XAU/USD,datahub-io+er
1922-11,,0.446444,XAU/USD,datahub-io+er
1922-12,,0.446407,XAU/USD,datahub-io+er
1923-01,,0.460631,XAU/USD,datahub-io+er
1923-02,,0.460593,XAU/USD,datahub-io+er
1923-03,,0.460554,XAU/USD,datahub-io+er
1923-04,,0.460516,XAU/USD,datahub-io+er
1923-05,,0.460477,XAU/USD,datahub-io+er
1923-06,,0.460439,XAU/USD,datahub-io+er
1923-07,,0.460401,XAU/USD,datahub-io+er
1923-08,,0.460362,XAU/USD,datahub-io+er
1923-09,,0.460324,XAU/USD,datahub-io+er
1923-10,,0.460286,XAU/USD,datahub-io+er
1923-11,,0.460247,XAU/USD,datahub-io+er
1923-12,,0.460209,XAU/USD,datahub-io+er
1924-01,,0.446571,XAU/USD,datahub-io+er
1924-02,,0.446534,XAU/USD,datahub-io+er
1924-03,,0.446497,XAU/USD,datahub-io+er
1924-04,,0.44646,XAU/USD,datahub-io+er
1924-05,,0.446423,XAU/USD,datahub-io+er
1924-06,,0.446385,XAU/USD,datahub-io+er
1924-07,,0.446348,XAU/USD,datahub-io+er
1924-08,,0.446311,XAU/USD,datahub-io+er
1924-09,,0.446274,XAU/USD,datahub-io+er
1924-10,,0.446237,XAU/USD,datahub-io+er
1924-11,,0.446199,XAU/USD,datahub-io+er
1924-12,,0.446162,XAU/USD,datahub-io+er
1925-01,,0.445047,XAU/USD,datahub-io+er
1925-02,,0.44501,XAU/USD,datahub-io+er
1925-03,,0.444973,XAU/USD,datahub-io+er
1925-04,,0.444936,XAU/USD,datahub-io+er
1925-05,,0.444899,XAU/USD,datahub-io+er
1925-06,,0.444861,XAU/USD,datahub-io+er
1925-07,,0.444824,XAU/USD,datahub-io+er
1925-08,,0.444787,XAU/USD,datahub-io+er
1925-09,,0.44475,XAU/USD,datahub-io+er
1925-10,,0.444713,XAU/USD,datahub-io+er
1925-11,,0.444676,XAU/USD,datahub-io+er
1925-12,,0.444639,XAU/USD,datahub-io+er
1926-01,,0.444387,XAU/USD,datahub-io+er
1926-02,,0.44435,XAU/USD,datahub-io+er
1926-03,,0.444313,XAU/USD,datahub-io+er
1926-04,,0.444276,XAU/USD,datahub-io+er
1926-05,,0.444239,XAU/USD,datahub-io+er
1926-06,,0.444201,XAU/USD,datahub-io+er
1926-07,,0.444164,XAU/USD,datahub-io+er
1926-08,,0.444127,XAU/USD,datahub-io+er
1926-09,,0.44409,XAU/USD,datahub-io+er
1926-10,,0.444053,XAU/USD,datahub-io+er
1926-11,,0.444016,XAU/USD,datahub-io+er
1926-12,,0.443979,XAU/USD,datahub-io+er
1927-01,,0.444158,XAU/USD,datahub-io+er
1927-02,,0.444121,XAU/USD,datahub-io+er
1927-03,,0.444084,XAU/USD,datahub-io+er
1927-04,,0.444047,XAU/USD,datahub-io+er
1927-05,,0.44401,XAU/USD,datahub-io+er
1927-06,,0.443973,XAU/USD,datahub-io+er
1927-07,,0.443936,XAU/USD,datahub-io+er
1927-08,,0.443899,XAU/USD,datahub-io+er
1927-09,,0.443862,XAU/USD,datahub-io+er
1927-10,,0.443825,XAU/USD,datahub-io+er
1927-11,,0.443788,XAU/USD,datahub-io+er
1927-12,,0.443751,XAU/USD,datahub-io+er
1928-01,,0.444144,XAU/USD,datahub-io+er
1928-02,,0.444107,XAU/USD,datahub-io+er
1928-03,,0.44407,XAU/USD,datahub-io+er
1928-04,,0.444033,XAU/USD,datahub-io+er
1928-05,,0.443996,XAU/USD,datahub-io+er
1928-06,,0.443959,XAU/USD,datahub-io+er
1928-07,,0.443922,XAU/USD,datahub-io+er
1928-08,,0.443885,XAU/USD,datahub-io+er
1928-09,,0.443848,XAU/USD,datahub-io+er
1928-10,,0.443811,XAU/USD,datahub-io+er
1928-11,,0.443774,XAU/USD,datahub-io+er
1928-12,,0.443737,XAU/USD,datahub-io+er
1929-01,,0.443055,XAU/USD,datahub-io+er
1929-02,,0.443018,XAU/USD,datahub-io+er
1929-03,,0.442982,XAU/USD,datahub-io+er
1929-04,,0.442945,XAU/USD,datahub-io+er
1929-05,,0.442908,XAU/USD,datahub-io+er
1929-06,,0.442871,XAU/USD,datahub-io+er
1929-07,,0.442834,XAU/USD,datahub-io+er
1929-08,,0.442797,XAU/USD,datahub-io+er
1929-09,,0.44276,XAU/USD,datahub-io+er
1929-10,,0.442723,XAU/USD,datahub-io+er
1929-11,,0.442686,XAU/USD,datahub-io+er
1929-12,,0.442649,XAU/USD,datahub-io+er
1930-01,,0.443042,XAU/USD,datahub-io+er
1930-02,,0.443005,XAU/USD,datahub-io+er
1930-03,,0.442968,XAU/USD,datahub-io+er
1930-04,,0.442931,XAU/USD,datahub-io+er
1930-05,,0.442894,XAU/USD,datahub-io+er
1930-06,,0.442857,XAU/USD,datahub-io+er
1930-07,,0.44282,XAU/USD,datahub-io+er
1930-08,,0.442783,XAU/USD,datahub-io+er
1930-09,,0.442746,XAU/USD,datahub-io+er
1930-10,,0.44271,XAU/USD,datahub-io+er
1930-11,,0.442673,XAU/USD,datahub-io+er
1930-12,,0.442636,XAU/USD,datahub-io+er
1931-01,,0.365647,XAU/USD,datahub-io+er
1931-02,,0.365616,XAU/USD,datahub-io+er
1931-03,,0.365586,XAU/USD,datahub-io+er
1931-04,,0.365555,XAU/USD,datahub-io+er
1931-05,,0.365525,XAU/USD,datahub-io+er
1931-06,,0.365494,XAU/USD,datahub-io+er
1931-07,,0.365464,XAU/USD,datahub-io+er
1931-08,,0.365433,XAU/USD,datahub-io+er
1931-09,,0.365403,XAU/USD,datahub-io+er
1931-10,,0.365373,XAU/USD,datahub-io+er
1931-11,,0.365342,XAU/USD,datahub-io+er
1931-12,,0.365312,XAU/USD,datahub-io+er
1932-01,,0.443012,XAU/USD,datahub-io+er
1932-02,,0.442975,XAU/USD,datahub-io+er
1932-03,,0.442938,XAU/USD,datahub-io+er
1932-04,,0.442901,XAU/USD,datahub-io+er
1932-05,,0.442864,XAU/USD,datahub-io+er
1932-06,,0.442827,XAU/USD,datahub-io+er
1932-07,,0.44279,XAU/USD,datahub-io+er
1932-08,,0.442753,XAU/USD,datahub-io+er
1932-09,,0.442716,XAU/USD,datahub-io+er
1932-10,,0.442679,XAU/USD,datahub-io+er
1932-11,,0.442643,XAU/USD,datahub-io+er
1932-12,,0.442606,XAU/USD,datahub-io+er
1933-01,,0.563221,XAU/USD,datahub-io+er
1933-02,,0.563174,XAU/USD,datahub-io+er
1933-03,,0.563127,XAU/USD,datahub-io+er
1933-04,,0.56308,XAU/USD,datahub-io+er
1933-05,,0.563033,XAU/USD,datahub-io+er
1933-06,,0.562986,XAU/USD,datahub-io+er
1933-07,,0.56294,XAU/USD,datahub-io+er
1933-08,,0.562893,XAU/USD,datahub-io+er
1933-09,,0.562846,XAU/USD,datahub-io+er
1933-10,,0.562799,XAU/USD,datahub-io+er
1933-11,,0.562752,XAU/USD,datahub-io+er
1933-12,,0.562705,XAU/USD,datahub-io+er
1934-01,,0.741322,XAU/USD,datahub-io+er
1934-02,,0.74126,XAU/USD,datahub-io+er
1934-03,,0.741198,XAU/USD,datahub-io+er
1934-04,,0.741137,XAU/USD,datahub-io+er
1934-05,,0.741075,XAU/USD,datahub-io+er
1934-06,,0.741013,XAU/USD,datahub-io+er
1934-07,,0.740951,XAU/USD,datahub-io+er
1934-08,,0.740889,XAU/USD,datahub-io+er
1934-09,,0.740828,XAU/USD,datahub-io+er
1934-10,,0.740766,XAU/USD,datahub-io+er
1934-11,,0.740704,XAU/USD,datahub-io+er
1934-12,,0.740643,XAU/USD,datahub-io+er
1935-01,,0.743783,XAU/USD,datahub-io+er
1935-02,,0.743721,XAU/USD,datahub-io+er
1935-03,,0.743659,XAU/USD,datahub-io+er
1935-04,,0.743597,XAU/USD,datahub-io+er
1935-05,,0.743535,XAU/USD,datahub-io+er
1935-06,,0.743474,XAU/USD,datahub-io+er
1935-07,,0.743412,XAU/USD,datahub-io+er
1935-08,,0.74335,XAU/USD,datahub-io+er
1935-09,,0.743288,XAU/USD,datahub-io+er
1935-10,,0.743226,XAU/USD,datahub-io+er
1935-11,,0.743164,XAU/USD,datahub-io+er
1935-12,,0.743102,XAU/USD,datahub-io+er
1936-01,,0.74368,XAU/USD,datahub-io+er
1936-02,,0.743618,XAU/USD,datahub-io+er
1936-03,,0.743556,XAU/USD,datahub-io+er
1936-04,,0.743494,XAU/USD,datahub-io+er
1936-05,,0.743432,XAU/USD,datahub-io+er
1936-06,,0.74337,XAU/USD,datahub-io+er
1936-07,,0.743308,XAU/USD,datahub-io+er
1936-08,,0.743246,XAU/USD,datahub-io+er
1936-09,,0.743184,XAU/USD,datahub-io+er
1936-10,,0.743122,XAU/USD,datahub-io+er
1936-11,,0.74306,XAU/USD,datahub-io+er
1936-12,,0.742998,XAU/USD,datahub-io+er
1937-01,,0.741232,XAU/USD,datahub-io+er
1937-02,,0.74117,XAU/USD,datahub-io+er
1937-03,,0.741108,XAU/USD,datahub-io+er
1937-04,,0.741047,XAU/USD,datahub-io+er
1937-05,,0.740985,XAU/USD,datahub-io+er
1937-06,,0.740923,XAU/USD,datahub-io+er
1937-07,,0.740861,XAU/USD,datahub-io+er
1937-08,,0.7408,XAU/USD,datahub-io+er
1937-09,,0.740738,XAU/USD,datahub-io+er
1937-10,,0.740676,XAU/USD,datahub-io+er
1937-11,,0.740614,XAU/USD,datahub-io+er
1937-12,,0.740553,XAU/USD,datahub-io+er
1938-01,,0.741768,XAU/USD,datahub-io+er
1938-02,,0.741706,XAU/USD,datahub-io+er
1938-03,,0.741645,XAU/USD,datahub-io+er
1938-04,,0.741583,XAU/USD,datahub-io+er
1938-05,,0.741521,XAU/USD,datahub-io+er
1938-06,,0.741459,XAU/USD,datahub-io+er
1938-07,,0.741397,XAU/USD,datahub-io+er
1938-08,,0.741336,XAU/USD,datahub-io+er
1938-09,,0.741274,XAU/USD,datahub-io+er
1938-10,,0.741212,XAU/USD,datahub-io+er
1938-11,,0.74115,XAU/USD,datahub-io+er
1938-12,,0.741088,XAU/USD,datahub-io+er
1939-01,,0.731883,XAU/USD,datahub-io+er
1939-02,,0.731822,XAU/USD,datahub-io+er
1939-03,,0.731761,XAU/USD,datahub-io+er
1939-04,,0.7317,XAU/USD,datahub-io+er
1939-05,,0.731639,XAU/USD,datahub-io+er
1939-06,,0.731578,XAU/USD,datahub-io+er
1939-07,,0.731517,XAU/USD,datahub-io+er
1939-08,,0.731456,XAU/USD,datahub-io+er
1939-09,,0.731395,XAU/USD,datahub-io+er
1939-10,,0.731334,XAU/USD,datahub-io+er
1939-11,,0.731273,XAU/USD,datahub-io+er
1939-12,,0.731212,XAU/USD,datahub-io+er
1940-01,,0.719042,XAU/USD,datahub-io+er
1940-02,,0.718982,XAU/USD,datahub-io+er
1940-03,,0.718922,XAU/USD,datahub-io+er
1940-04,,0.718862,XAU/USD,datahub-io+er
1940-05,,0.718803,XAU/USD,datahub-io+er
1940-06,,0.718743,XAU/USD,datahub-io+er
1940-07,,0.718683,XAU/USD,datahub-io+er
1940-08,,0.718623,XAU/USD,datahub-io+er
1940-09,,0.718563,XAU/USD,datahub-io+er
1940-10,,0.718503,XAU/USD,datahub-io+er
1940-11,,0.718443,XAU/USD,datahub-io+er
1940-12,,0.718383,XAU/USD,datahub-io+er
1941-01,,0.718324,XAU/USD,datahub-io+er
1941-02,,0.718264,XAU/USD,datahub-io+er
1941-03,,0.718204,XAU/USD,datahub-io+er
1941-04,,0.718144,XAU/USD,datahub-io+er
1941-05,,0.718084,XAU/USD,datahub-io+er
1941-06,,0.718024,XAU/USD,datahub-io+er
1941-07,,0.717964,XAU/USD,datahub-io+er
1941-08,,0.717905,XAU/USD,datahub-io+er
1941-09,,0.717845,XAU/USD,datahub-io+er
1941-10,,0.717785,XAU/USD,datahub-io+er
1941-11,,0.717725,XAU/USD,datahub-io+er
1941-12,,0.717665,XAU/USD,datahub-io+er
1942-01,,0.717606,XAU/USD,datahub-io+er
1942-02,,0.717546,XAU/USD,datahub-io+er
1942-03,,0.717486,XAU/USD,datahub-io+er
1942-04,,0.717426,XAU/USD,datahub-io+er
1942-05,,0.717366,XAU/USD,datahub-io+er
1942-06,,0.717307,XAU/USD,datahub-io+er
1942-07,,0.717247,XAU/USD,datahub-io+er
1942-08,,0.717187,XAU/USD,datahub-io+er
1942-09,,0.717127,XAU/USD,datahub-io+er
1942-10,,0.717067,XAU/USD,datahub-io+er
1942-11,,0.717008,XAU/USD,datahub-io+er
1942-12,,0.716948,XAU/USD,datahub-io+er
1943-01,,0.716888,XAU/USD,datahub-io+er
1943-02,,0.716828,XAU/USD,datahub-io+er
1943-03,,0.716769,XAU/USD,datahub-io+er
1943-04,,0.716709,XAU/USD,datahub-io+er
1943-05,,0.716649,XAU/USD,datahub-io+er
1943-06,,0.71659,XAU/USD,datahub-io+er
1943-07,,0.71653,XAU/USD,datahub-io+er
1943-08,,0.71647,XAU/USD,datahub-io+er
1943-09,,0.71641,XAU/USD,datahub-io+er
1943-10,,0.716351,XAU/USD,datahub-io+er
1943-11,,0.716291,XAU/USD,datahub-io+er
1943-12,,0.716231,XAU/USD,datahub-io+er
1944-01,,0.716172,XAU/USD,datahub-io+er
1944-02,,0.716112,XAU/USD,datahub-io+er
1944-03,,0.716052,XAU/USD,datahub-io+er
1944-04,,0.715993,XAU/USD,datahub-io+er
1944-05,,0.715933,XAU/USD,datahub-io+er
1944-06,,0.715873,XAU/USD,datahub-io+er
1944-07,,0.715814,XAU/USD,datahub-io+er
1944-08,,0.715754,XAU/USD,datahub-io+er
1944-09,,0.715694,XAU/USD,datahub-io+er
1944-10,,0.715635,XAU/USD,datahub-io+er
1944-11,,0.715575,XAU/USD,datahub-io+er
1944-12,,0.715515,XAU/USD,datahub-io+er
1945-01,,0.733634,XAU/USD,datahub-io+er
1945-02,,0.733573,XAU/USD,datahub-io+er
1945-03,,0.733512,XAU/USD,datahub-io+er
1945-04,,0.733451,XAU/USD,datahub-io+er
1945-05,,0.73339,XAU/USD,datahub-io+er
1945-06,,0.733329,XAU/USD,datahub-io+er
1945-07,,0.733268,XAU/USD,datahub-io+er
1945-08,,0.733207,XAU/USD,datahub-io+er
1945-09,,0.733145,XAU/USD,datahub-io+er
1945-10,,0.733084,XAU/USD,datahub-io+er
1945-11,,0.733023,XAU/USD,datahub-io+er
1945-12,,0.732962,XAU/USD,datahub-io+er
1946-01,,0.732901,XAU/USD,datahub-io+er
1946-02,,0.73284,XAU/USD,datahub-io+er
1946-03,,0.732779,XAU/USD,datahub-io+er
1946-04,,0.732718,XAU/USD,datahub-io+er
1946-05,,0.732657,XAU/USD,datahub-io+er
1946-06,,0.732596,XAU/USD,datahub-io+er
1946-07,,0.732535,XAU/USD,datahub-io+er
1946-08,,0.732474,XAU/USD,datahub-io+er
1946-09,,0.732413,XAU/USD,datahub-io+er
1946-10,,0.732352,XAU/USD,datahub-io+er
1946-11,,0.732291,XAU/USD,datahub-io+er
1946-12,,0.73223,XAU/USD,datahub-io+er
1947-01,,0.732168,XAU/USD,datahub-io+er
1947-02,,0.732107,XAU/USD,datahub-io+er
1947-03,,0.732046,XAU/USD,datahub-io+er
1947-04,,0.731985,XAU/USD,datahub-io+er
1947-05,,0.731924,XAU/USD,datahub-io+er
1947-06,,0.731863,XAU/USD,datahub-io+er
1947-07,,0.731802,XAU/USD,datahub-io+er
1947-08,,0.731742,XAU/USD,datahub-io+er
1947-09,,0.731681,XAU/USD,datahub-io+er
1947-10,,0.73162,XAU/USD,datahub-io+er
1947-11,,0.731559,XAU/USD,datahub-io+er
1947-12,,0.731498,XAU/USD,datahub-io+er
1948-01,,0.731437,XAU/USD,datahub-io+er
1948-02,,0.731376,XAU/USD,datahub-io+er
1948-03,,0.731315,XAU/USD,datahub-io+er
1948-04,,0.731254,XAU/USD,datahub-io+er
1948-05,,0.731193,XAU/USD,datahub-io+er
1948-06,,0.731132,XAU/USD,datahub-io+er
1948-07,,0.731071,XAU/USD,datahub-io+er
1948-08,,0.73101,XAU/USD,datahub-io+er
1948-09,,0.730949,XAU/USD,datahub-io+er
1948-10,,0.730888,XAU/USD,datahub-io+er
1948-11,,0.730827,XAU/USD,datahub-io+er
1948-12,,0.730766,XAU/USD,datahub-io+er
1949-01,,0.667124,XAU/USD,datahub-io+er
1949-02,,0.667068,XAU/USD,datahub-io+er
1949-03,,0.667013,XAU/USD,datahub-io+er
1949-04,,0.666957,XAU/USD,datahub-io+er
1949-05,,0.666902,XAU/USD,datahub-io+er
1949-06,,0.666846,XAU/USD,datahub-io+er
1949-07,,0.666791,XAU/USD,datahub-io+er
1949-08,,0.666735,XAU/USD,datahub-io+er
1949-09,,0.666679,XAU/USD,datahub-io+er
1949-10,,0.666624,XAU/USD,datahub-io+er
1949-11,,0.666568,XAU/USD,datahub-io+er
1949-12,,0.666513,XAU/USD,datahub-io+er
1950-01,,0.730185,XAU/USD,datahub-io+er
1950-02,,0.730124,XAU/USD,datahub-io+er
1950-03,,0.730063,XAU/USD,datahub-io+er
1950-04,,0.730002,XAU/USD,datahub-io+er
1950-05,,0.729942,XAU/USD,datahub-io+er
1950-06,,0.729881,XAU/USD,datahub-io+er
1950-07,,0.72982,XAU/USD,datahub-io+er
1950-08,,0.729759,XAU/USD,datahub-io+er
1950-09,,0.729698,XAU/USD,datahub-io+er
1950-10,,0.729638,XAU/USD,datahub-io+er
1950-11,,0.729577,XAU/USD,datahub-io+er
1950-12,,0.729516,XAU/USD,datahub-io+er
1951-01,,0.729455,XAU/USD,datahub-io+er
1951-02,,0.729394,XAU/USD,datahub-io+er
1951-03,,0.729334,XAU/USD,datahub-io+er
1951-04,,0.729273,XAU/USD,datahub-io+er
1951-05,,0.729212,XAU/USD,datahub-io+er
1951-06,,0.729151,XAU/USD,datahub-io+er
1951-07,,0.729091,XAU/USD,datahub-io+er
1951-08,,0.72903,XAU/USD,datahub-io+er
1951-09,,0.728969,XAU/USD,datahub-io+er
1951-10,,0.728908,XAU/USD,datahub-io+er
1951-11,,0.728848,XAU/USD,datahub-io+er
1951-12,,0.728787,XAU/USD,datahub-io+er
1952-01,,0.726207,XAU/USD,datahub-io+er
1952-02,,0.726147,XAU/USD,datahub-io+er
1952-03,,0.726086,XAU/USD,datahub-io+er
1952-04,,0.726026,XAU/USD,datahub-io+er
1952-05,,0.725965,XAU/USD,datahub-io+er
1952-06,,0.725905,XAU/USD,datahub-io+er
1952-07,,0.725844,XAU/USD,datahub-io+er
1952-08,,0.725784,XAU/USD,datahub-io+er
1952-09,,0.725723,XAU/USD,datahub-io+er
1952-10,,0.725663,XAU/USD,datahub-io+er
1952-11,,0.725602,XAU/USD,datahub-io+er
1952-12,,0.725542,XAU/USD,datahub-io+er
1953-01,,0.730514,XAU/USD,datahub-io+er
1953-02,,0.730453,XAU/USD,datahub-io+er
1953-03,,0.730392,XAU/USD,datahub-io+er
1953-04,,0.730331,XAU/USD,datahub-io+er
1953-05,,0.730271,XAU/USD,datahub-io+er
1953-06,,0.73021,XAU/USD,datahub-io+er
1953-07,,0.730149,XAU/USD,datahub-io+er
1953-08,,0.730088,XAU/USD,datahub-io+er
1953-09,,0.730027,XAU/USD,datahub-io+er
1953-10,,0.729966,XAU/USD,datahub-io+er
1953-11,,0.729905,XAU/USD,datahub-io+er
1953-12,,0.729845,XAU/USD,datahub-io+er
1954-01,,0.733973,XAU/USD,datahub-io+er
1954-02,,0.733912,XAU/USD,datahub-io+er
1954-03,,0.733851,XAU/USD,datahub-io+er
1954-04,,0.73379,XAU/USD,datahub-io+er
1954-05,,0.733729,XAU/USD,datahub-io+er
1954-06,,0.733668,XAU/USD,datahub-io+er
1954-07,,0.733607,XAU/USD,datahub-io+er
1954-08,,0.733545,XAU/USD,datahub-io+er
1954-09,,0.733484,XAU/USD,datahub-io+er
1954-10,,0.733423,XAU/USD,datahub-io+er
1954-11,,0.733362,XAU/USD,datahub-io+er
1954-12,,0.733301,XAU/USD,datahub-io+er
1955-01,,0.733031,XAU/USD,datahub-io+er
1955-02,,0.732969,XAU/USD,datahub-io+er
1955-03,,0.732908,XAU/USD,datahub-io+er
1955-04,,0.732847,XAU/USD,datahub-io+er
1955-05,,0.732786,XAU/USD,datahub-io+er
1955-06,,0.732725,XAU/USD,datahub-io+er
1955-07,,0.732664,XAU/USD,datahub-io+er
1955-08,,0.732603,XAU/USD,datahub-io+er
1955-09,,0.732542,XAU/USD,datahub-io+er
1955-10,,0.732481,XAU/USD,datahub-io+er
1955-11,,0.73242,XAU/USD,datahub-io+er
1955-12,,0.732359,XAU/USD,datahub-io+er
1956-01,,0.731462,XAU/USD,datahub-io+er
1956-02,,0.731401,XAU/USD,datahub-io+er
1956-03,,0.73134,XAU/USD,datahub-io+er
1956-04,,0.731279,XAU/USD,datahub-io+er
1956-05,,0.731218,XAU/USD,datahub-io+er
1956-06,,0.731157,XAU/USD,datahub-io+er
1956-07,,0.731096,XAU/USD,datahub-io+er
1956-08,,0.731035,XAU/USD,datahub-io+er
1956-09,,0.730974,XAU/USD,datahub-io+er
1956-10,,0.730913,XAU/USD,datahub-io+er
1956-11,,0.730852,XAU/USD,datahub-io+er
1956-12,,0.730791,XAU/USD,datahub-io+er
1957-01,,0.729895,XAU/USD,datahub-io+er
1957-02,,0.729834,XAU/USD,datahub-io+er
1957-03,,0.729773,XAU/USD,datahub-io+er
1957-04,,0.729713,XAU/USD,datahub-io+er
1957-05,,0.729652,XAU/USD,datahub-io+er
1957-06,,0.729591,XAU/USD,datahub-io+er
1957-07,,0.72953,XAU/USD,datahub-io+er
1957-08,,0.729469,XAU/USD,datahub-io+er
1957-09,,0.729409,XAU/USD,datahub-io+er
1957-10,,0.729348,XAU/USD,datahub-io+er
1957-11,,0.729287,XAU/USD,datahub-io+er
1957-12,,0.729226,XAU/USD,datahub-io+er
1958-01,,0.732295,XAU/USD,datahub-io+er
1958-02,,0.732234,XAU/USD,datahub-io+er
1958-03,,0.732173,XAU/USD,datahub-io+er
1958-04,,0.732112,XAU/USD,datahub-io+er
1958-05,,0.732051,XAU/USD,datahub-io+er
1958-06,,0.73199,XAU/USD,datahub-io+er
1958-07,,0.731929,XAU/USD,datahub-io+er
1958-08,,0.731868,XAU/USD,datahub-io+er
1958-09,,0.731807,XAU/USD,datahub-io+er
1958-10,,0.731746,XAU/USD,datahub-io+er
1958-11,,0.731685,XAU/USD,datahub-io+er
1958-12,,0.731624,XAU/USD,datahub-io+er
1959-01,,0.731563,XAU/USD,datahub-io+er
1959-02,,0.731502,XAU/USD,datahub-io+er
1959-03,,0.731441,XAU/USD,datahub-io+er
1959-04,,0.73138,XAU/USD,datahub-io+er
1959-05,,0.731319,XAU/USD,datahub-io+er
1959-06,,0.731259,XAU/USD,datahub-io+er
1959-07,,0.731198,XAU/USD,datahub-io+er
1959-08,,0.731137,XAU/USD,datahub-io+er
1959-09,,0.731076,XAU/USD,datahub-io+er
1959-10,,0.731015,XAU/USD,datahub-io+er
1959-11,,0.730954,XAU/USD,datahub-io+er
1959-12,,0.730893,XAU/USD,datahub-io+er
1960-01,,0.734372,XAU/USD,datahub-io+er
1960-02,,0.734311,XAU/USD,datahub-io+er
1960-03,,0.73425,XAU/USD,datahub-io+er
1960-04,,0.734188,XAU/USD,datahub-io+er
1960-05,,0.734127,XAU/USD,datahub-io+er
1960-06,,0.734066,XAU/USD,datahub-io+er
1960-07,,0.734005,XAU/USD,datahub-io+er
1960-08,,0.733944,XAU/USD,datahub-io+er
1960-09,,0.733883,XAU/USD,datahub-io+er
1960-10,,0.733821,XAU/USD,datahub-io+er
1960-11,,0.73376,XAU/USD,datahub-io+er
1960-12,,0.733699,XAU/USD,datahub-io+er
1961-01,,0.733222,XAU/USD,datahub-io+er
1961-02,,0.733161,XAU/USD,datahub-io+er
1961-03,,0.7331,XAU/USD,datahub-io+er
1961-04,,0.733039,XAU/USD,datahub-io+er
1961-05,,0.732978,XAU/USD,datahub-io+er
1961-06,,0.732916,XAU/USD,datahub-io+er
1961-07,,0.732855,XAU/USD,datahub-io+er
1961-08,,0.732794,XAU/USD,datahub-io+er
1961-09,,0.732733,XAU/USD,datahub-io+er
1961-10,,0.732672,XAU/USD,datahub-io+er
1961-11,,0.732611,XAU/USD,datahub-io+er
1961-12,,0.73255,XAU/USD,datahub-io+er
1962-01,,0.732073,XAU/USD,datahub-io+er
1962-02,,0.732012,XAU/USD,datahub-io+er
1962-03,,0.731951,XAU/USD,datahub-io+er
1962-04,,0.73189,XAU/USD,datahub-io+er
1962-05,,0.731829,XAU/USD,datahub-io+er
1962-06,,0.731768,XAU/USD,datahub-io+er
1962-07,,0.731707,XAU/USD,datahub-io+er
1962-08,,0.731646,XAU/USD,datahub-io+er
1962-09,,0.731585,XAU/USD,datahub-io+er
1962-10,,0.731525,XAU/USD,datahub-io+er
1962-11,,0.731464,XAU/USD,datahub-io+er
1962-12,,0.731403,XAU/USD,datahub-io+er
1963-01,,0.728435,XAU/USD,datahub-io+er
1963-02,,0.728374,XAU/USD,datahub-io+er
1963-03,,0.728314,XAU/USD,datahub-io+er
1963-04,,0.728253,XAU/USD,datahub-io+er
1963-05,,0.728192,XAU/USD,datahub-io+er
1963-06,,0.728132,XAU/USD,datahub-io+er
1963-07,,0.728071,XAU/USD,datahub-io+er
1963-08,,0.72801,XAU/USD,datahub-io+er
1963-09,,0.72795,XAU/USD,datahub-io+er
1963-10,,0.727889,XAU/USD,datahub-io+er
1963-11,,0.727828,XAU/USD,datahub-io+er
1963-12,,0.727768,XAU/USD,datahub-io+er
1964-01,,0.727914,XAU/USD,datahub-io+er
1964-02,,0.727854,XAU/USD,datahub-io+er
1964-03,,0.727793,XAU/USD,datahub-io+er
1964-04,,0.727732,XAU/USD,datahub-io+er
1964-05,,0.727672,XAU/USD,datahub-io+er
1964-06,,0.727611,XAU/USD,datahub-io+er
1964-07,,0.727551,XAU/USD,datahub-io+er
1964-08,,0.72749,XAU/USD,datahub-io+er
1964-09,,0.727429,XAU/USD,datahub-io+er
1964-10,,0.727369,XAU/USD,datahub-io+er
1964-11,,0.727308,XAU/USD,datahub-io+er
1964-12,,0.727247,XAU/USD,datahub-io+er
1965-01,,0.727601,XAU/USD,datahub-io+er
1965-02,,0.727541,XAU/USD,datahub-io+er
1965-03,,0.72748,XAU/USD,datahub-io+er
1965-04,,0.727419,XAU/USD,datahub-io+er
1965-05,,0.727359,XAU/USD,datahub-io+er
1965-06,,0.727298,XAU/USD,datahub-io+er
1965-07,,0.727238,XAU/USD,datahub-io+er
1965-08,,0.727177,XAU/USD,datahub-io+er
1965-09,,0.727116,XAU/USD,datahub-io+er
1965-10,,0.727056,XAU/USD,datahub-io+er
1965-11,,0.726995,XAU/USD,datahub-io+er
1965-12,,0.726935,XAU/USD,datahub-io+er
1966-01,,0.727081,XAU/USD,datahub-io+er
1966-02,,0.72702,XAU/USD,datahub-io+er
1966-03,,0.72696,XAU/USD,datahub-io+er
1966-04,,0.726899,XAU/USD,datahub-io+er
1966-05,,0.726839,XAU/USD,datahub-io+er
1966-06,,0.726778,XAU/USD,datahub-io+er
1966-07,,0.726717,XAU/USD,datahub-io+er
1966-08,,0.726657,XAU/USD,datahub-io+er
1966-09,,0.726596,XAU/USD,datahub-io+er
1966-10,,0.726536,XAU/USD,datahub-io+er
1966-11,,0.726475,XAU/USD,datahub-io+er
1966-12,,0.726415,XAU/USD,datahub-io+er
1967-01,,0.722632,XAU/USD,datahub-io+er
1967-02,,0.722572,XAU/USD,datahub-io+er
1967-03,,0.722512,XAU/USD,datahub-io+er
1967-04,,0.722452,XAU/USD,datahub-io+er
1967-05,,0.722391,XAU/USD,datahub-io+er
1967-06,,0.722331,XAU/USD,datahub-io+er
1967-07,,0.722271,XAU/USD,datahub-io+er
1967-08,,0.722211,XAU/USD,datahub-io+er
1967-09,,0.722151,XAU/USD,datahub-io+er
1967-10,,0.72209,XAU/USD,datahub-io+er
1967-11,,0.72203,XAU/USD,datahub-io+er
1967-12,,0.72197,XAU/USD,datahub-io+er
1968-01,,0.733271,XAU/USD,datahub-io+er
1968-02,,0.743538,XAU/USD,datahub-io+er
1968-03,,0.76413,XAU/USD,datahub-io+er
1968-04,,0.781827,XAU/USD,datahub-io+er
1968-05,,0.840409,XAU/USD,datahub-io+er
1968-06,,0.849425,XAU/USD,datahub-io+er
1968-07,,0.814667,XAU/USD,datahub-io+er
1968-08,,0.809025,XAU/USD,datahub-io+er
1968-09,,0.829394,XAU/USD,datahub-io+er
1968-10,,0.809303,XAU/USD,datahub-io+er
1968-11,,0.821,XAU/USD,datahub-io+er
1968-12,,0.847762,XAU/USD,datahub-io+er
1969-01,,0.872868,XAU/USD,datahub-io+er
1969-02,,0.878986,XAU/USD,datahub-io+er
1969-03,,0.890467,XAU/USD,datahub-io+er
1969-04,,0.893488,XAU/USD,datahub-io+er
1969-05,,0.896508,XAU/USD,datahub-io+er
1969-06,,0.854764,XAU/USD,datahub-io+er
1969-07,,0.861293,XAU/USD,datahub-io+er
1969-08,,0.847403,XAU/USD,datahub-io+er
1969-09,,0.842795,XAU/USD,datahub-io+er
1969-10,,0.833858,XAU/USD,datahub-io+er
1969-11,,0.771104,XAU/USD,datahub-io+er
1969-12,,0.725063,XAU/USD,datahub-io+er
1970-01,,0.720261,XAU/USD,datahub-io+er
1970-02,,0.721231,XAU/USD,datahub-io+er
1970-03,,0.723232,XAU/USD,datahub-io+er
1970-04,,0.734096,XAU/USD,datahub-io+er
1970-05,,0.740836,XAU/USD,datahub-io+er
1970-06,,0.729852,XAU/USD,datahub-io+er
1970-07,,0.727731,XAU/USD,datahub-io+er
1970-08,,0.728906,XAU/USD,datahub-io+er
1970-09,,0.745533,XAU/USD,datahub-io+er
1970-10,,0.77287,XAU/USD,datahub-io+er
1970-11,,0.771157,XAU/USD,datahub-io+er
1970-12,,0.771093,XAU/USD,datahub-io+er
1971-01,,0.780091,XAU/USD,datahub-io+er
1971-02,,0.797737,XAU/USD,datahub-io+er
1971-03,,0.800347,XAU/USD,datahub-io+er
1971-04,,0.803163,XAU/USD,datahub-io+er
1971-05,,0.834185,XAU/USD,datahub-io+er
1971-06,,0.825469,XAU/USD,datahub-io+er
1971-07,,0.842898,XAU/USD,datahub-io+er
1971-08,,0.879054,XAU/USD,datahub-io+er
1971-09,,0.864985,XAU/USD,datahub-io+er
1971-10,,0.874586,XAU/USD,datahub-io+er
1971-11,,0.881921,XAU/USD,datahub-io+er
1971-12,,0.894606,XAU/USD,datahub-io+er
1972-01,,0.941237,XAU/USD,datahub-io+er
1972-02,,0.992797,XAU/USD,datahub-io+er
1972-03,,0.994155,XAU/USD,datahub-io+er
1972-04,,1.00847,XAU/USD,datahub-io+er
1972-05,,1.12336,XAU/USD,datahub-io+er
1972-06,,1.27691,XAU/USD,datahub-io+er
1972-07,,1.35022,XAU/USD,datahub-io+er
1972-08,,1.37828,XAU/USD,datahub-io+er
1972-09,,1.34588,XAU/USD,datahub-io+er
1972-10,,1.33343,XAU/USD,datahub-io+er
1972-11,,1.29323,XAU/USD,datahub-io+er
1972-12,,1.31368,XAU/USD,datahub-io+er
1973-01,,1.33885,XAU/USD,datahub-io+er
1973-02,,1.52496,XAU/USD,datahub-io+er
1973-03,,1.73384,XAU/USD,datahub-io+er
1973-04,,1.85967,XAU/USD,datahub-io+er
1973-05,,2.09501,XAU/USD,datahub-io+er
1973-06,,2.46797,XAU/USD,datahub-io+er
1973-07,,2.4688,XAU/USD,datahub-io+er
1973-08,,2.19309,XAU/USD,datahub-io+er
1973-09,,2.11505,XAU/USD,datahub-io+er
1973-10,,2.05552,XAU/USD,datahub-io+er
1973-11,,1.94937,XAU/USD,datahub-io+er
1973-12,,2.19154,XAU/USD,datahub-io+er
1974-01,,2.65279,XAU/USD,datahub-io+er
1974-02,,3.08255,XAU/USD,datahub-io+er
1974-03,,3.45783,XAU/USD,datahub-io+er
1974-04,,3.53597,XAU/USD,datahub-io+er
1974-05,,3.35153,XAU/USD,datahub-io+er
1974-06,,3.16301,XAU/USD,datahub-io+er
1974-07,,2.9345,XAU/USD,datahub-io+er
1974-08,,3.17357,XAU/USD,datahub-io+er
1974-09,,3.11399,XAU/USD,datahub-io+er
1974-10,,3.25799,XAU/USD,datahub-io+er
1974-11,,3.72719,XAU/USD,datahub-io+er
1974-12,,3.77038,XAU/USD,datahub-io+er
1975-01,,3.61599,XAU/USD,datahub-io+er
1975-02,,3.684,XAU/USD,datahub-io+er
1975-03,,3.65416,XAU/USD,datahub-io+er
1975-04,,3.4832,XAU/USD,datahub-io+er
1975-05,,3.43267,XAU/USD,datahub-io+er
1975-06,,3.36778,XAU/USD,datahub-io+er
1975-07,,3.38657,XAU/USD,datahub-io+er
1975-08,,3.3418,XAU/USD,datahub-io+er
1975-09,,2.95547,XAU/USD,datahub-io+er
1975-10,,2.92693,XAU/USD,datahub-io+er
1975-11,,2.91911,XAU/USD,datahub-io+er
1975-12,,2.85491,XAU/USD,datahub-io+er
1976-01,,2.6856,XAU/USD,datahub-io+er
1976-02,,2.68558,XAU/USD,datahub-io+er
1976-03,,2.72019,XAU/USD,datahub-io+er
1976-04,,2.6212,XAU/USD,datahub-io+er
1976-05,,2.60009,XAU/USD,datahub-io+er
1976-06,,2.57508,XAU/USD,datahub-io+er
1976-07,,2.4114,XAU/USD,datahub-io+er
1976-08,,2.25144,XAU/USD,datahub-io+er
1976-09,,2.33768,XAU/USD,datahub-io+er
1976-10,,2.37844,XAU/USD,datahub-io+er
1976-11,,2.67127,XAU/USD,datahub-io+er
1976-12,,2.7421,XAU/USD,datahub-io+er
1977-01,,2.70768,XAU/USD,datahub-io+er
1977-02,,2.78894,XAU/USD,datahub-io+er
1977-03,,3.03415,XAU/USD,datahub-io+er
1977-04,,3.05314,XAU/USD,datahub-io+er
1977-05,,3.00048,XAU/USD,datahub-io+er
1977-06,,2.88092,XAU/USD,datahub-io+er
1977-07,,2.93409,XAU/USD,datahub-io+er
1977-08,,2.96556,XAU/USD,datahub-io+er
1977-09,,3.05923,XAU/USD,datahub-io+er
1977-10,,3.2517,XAU/USD,datahub-io+er
1977-11,,3.31587,XAU/USD,datahub-io+er
1977-12,,3.28184,XAU/USD,datahub-io+er
1978-01,,3.54195,XAU/USD,datahub-io+er
1978-02,,3.64309,XAU/USD,datahub-io+er
1978-03,,3.75466,XAU/USD,datahub-io+er
1978-04,,3.584,XAU/USD,datahub-io+er
1978-05,,3.60476,XAU/USD,datahub-io+er
1978-06,,3.75658,XAU/USD,datahub-io+er
1978-07,,3.85808,XAU/USD,datahub-io+er
1978-08,,4.21693,XAU/USD,datahub-io+er
1978-09,,4.33472,XAU/USD,datahub-io+er
1978-10,,4.64831,XAU/USD,datahub-io+er
1978-11,,4.21383,XAU/USD,datahub-io+er
1978-12,,4.24719,XAU/USD,datahub-io+er
1979-01,,4.64387,XAU/USD,datahub-io+er
1979-02,,5.01924,XAU/USD,datahub-io+er
1979-03,,4.94486,XAU/USD,datahub-io+er
1979-04,,4.88438,XAU/USD,datahub-io+er
1979-05,,5.26147,XAU/USD,datahub-io+er
1979-06,,5.69978,XAU/USD,datahub-io+er
1979-07,,6.01935,XAU/USD,datahub-io+er
1979-08,,6.14302,XAU/USD,datahub-io+er
1979-09,,7.24789,XAU/USD,datahub-io+er
1979-10,,7.99689,XAU/USD,datahub-io+er
1979-11,,8.00296,XAU/USD,datahub-io+er
1979-12,,9.29035,XAU/USD,datahub-io+er
1980-01,,13.7855,XAU/USD,datahub-io+er
1980-02,,13.5804,XAU/USD,datahub-io+er
1980-03,,11.2985,XAU/USD,datahub-io+er
1980-04,,10.5593,XAU/USD,datahub-io+er
1980-05,,10.4848,XAU/USD,datahub-io+er
1980-06,,12.2576,XAU/USD,datahub-io+er
1980-07,,13.1248,XAU/USD,datahub-io+er
1980-08,,12.7948,XAU/USD,datahub-io+er
1980-09,,13.742,XAU/USD,datahub-io+er
1980-10,,13.4863,XAU/USD,datahub-io+er
1980-11,,12.7431,XAU/USD,datahub-io+er
1980-12,,10.9775,XAU/USD,datahub-io+er
1981-01,,11.3667,XAU/USD,datahub-io+er
1981-02,,10.1906,XAU/USD,datahub-io+er
1981-03,,10.1765,XAU/USD,datahub-io+er
1981-04,,10.1081,XAU/USD,datahub-io+er
1981-05,,9.77904,XAU/USD,datahub-io+er
1981-06,,9.39885,XAU/USD,datahub-io+er
1981-07,,8.33769,XAU/USD,datahub-io+er
1981-08,,8.35921,XAU/USD,datahub-io+er
1981-09,,9.04309,XAU/USD,datahub-io+er
1981-10,,8.92027,XAU/USD,datahub-io+er
1981-11,,8.42253,XAU/USD,datahub-io+er
1981-12,,8.355,XAU/USD,datahub-io+er
1982-01,,7.82561,XAU/USD,datahub-io+er
1982-02,,7.62103,XAU/USD,datahub-io+er
1982-03,,6.72656,XAU/USD,datahub-io+er
1982-04,,7.13438,XAU/USD,datahub-io+er
1982-05,,6.79591,XAU/USD,datahub-io+er
1982-06,,6.41391,XAU/USD,datahub-io+er
1982-07,,6.90188,XAU/USD,datahub-io+er
1982-08,,7.41563,XAU/USD,datahub-io+er
1982-09,,8.90291,XAU/USD,datahub-io+er
1982-10,,8.59353,XAU/USD,datahub-io+er
1982-11,,8.44503,XAU/USD,datahub-io+er
1982-12,,9.04703,XAU/USD,datahub-io+er
1983-01,,9.79507,XAU/USD,datahub-io+er
1983-02,,9.9937,XAU/USD,datahub-io+er
1983-03,,8.54008,XAU/USD,datahub-io+er
1983-04,,8.80756,XAU/USD,datahub-io+er
1983-05,,8.9112,XAU/USD,datahub-io+er
1983-06,,8.39838,XAU/USD,datahub-io+er
1983-07,,8.19568,XAU/USD,datahub-io+er
1983-08,,8.46533,XAU/USD,datahub-io+er
1983-09,,8.37513,XAU/USD,datahub-io+er
1983-10,,8.00428,XAU/USD,datahub-io+er
1983-11,,7.76161,XAU/USD,datahub-io+er
1983-12,,7.89599,XAU/USD,datahub-io+er
1984-01,,7.54052,XAU/USD,datahub-io+er
1984-02,,7.84628,XAU/USD,datahub-io+er
1984-03,,8.01436,XAU/USD,datahub-io+er
1984-04,,7.75167,XAU/USD,datahub-io+er
1984-05,,7.67033,XAU/USD,datahub-io+er
1984-06,,7.67579,XAU/USD,datahub-io+er
1984-07,,7.06568,XAU/USD,datahub-io+er
1984-08,,7.06489,XAU/USD,datahub-io+er
1984-09,,6.91191,XAU/USD,datahub-io+er
1984-10,,6.92758,XAU/USD,datahub-io+er
1984-11,,6.94732,XAU/USD,datahub-io+er
1984-12,,6.4905,XAU/USD,datahub-io+er
1985-01,,6.14973,XAU/USD,datahub-io+er
1985-02,,6.07427,XAU/USD,datahub-io+er
1985-03,,6.36621,XAU/USD,datahub-io+er
1985-04,,6.63576,XAU/USD,datahub-io+er
1985-05,,6.41591,XAU/USD,datahub-io+er
1985-06,,6.42553,XAU/USD,datahub-io+er
1985-07,,6.4392,XAU/USD,datahub-io+er
1985-08,,6.70663,XAU/USD,datahub-io+er
1985-09,,6.56296,XAU/USD,datahub-io+er
1985-10,,6.61316,XAU/USD,datahub-io+er
1985-11,,6.52432,XAU/USD,datahub-io+er
1985-12,,6.5319,XAU/USD,datahub-io+er
1986-01,,7.05041,XAU/USD,datahub-io+er
1986-02,,6.87554,XAU/USD,datahub-io+er
1986-03,,7.01313,XAU/USD,datahub-io+er
1986-04,,6.90583,XAU/USD,datahub-io+er
1986-05,,6.94502,XAU/USD,datahub-io+er
1986-06,,6.95052,XAU/USD,datahub-io+er
1986-07,,7.06433,XAU/USD,datahub-io+er
1986-08,,7.63807,XAU/USD,datahub-io+er
1986-09,,8.47027,XAU/USD,datahub-io+er
1986-10,,8.58677,XAU/USD,datahub-io+er
1986-11,,8.05991,XAU/USD,datahub-io+er
1986-12,,7.92462,XAU/USD,datahub-io+er
1987-01,,8.27547,XAU/USD,datahub-io+er
1987-02,,8.13005,XAU/USD,datahub-io+er
1987-03,,8.28727,XAU/USD,datahub-io+er
1987-04,,8.88323,XAU/USD,datahub-io+er
1987-05,,9.32589,XAU/USD,datahub-io+er
1987-06,,9.10951,XAU/USD,datahub-io+er
1987-07,,9.12759,XAU/USD,datahub-io+er
1987-08,,9.3422,XAU/USD,datahub-io+er
1987-09,,9.32582,XAU/USD,datahub-io+er
1987-10,,9.42572,XAU/USD,datahub-io+er
1987-11,,9.4699,XAU/USD,datahub-io+er
1987-12,,9.84724,XAU/USD,datahub-io+er
1988-01,,9.65079,XAU/USD,datahub-io+er
1988-02,,8.95115,XAU/USD,datahub-io+er
1988-03,,8.98159,XAU/USD,datahub-io+er
1988-04,,9.1416,XAU/USD,datahub-io+er
1988-05,,9.13112,XAU/USD,datahub-io+er
1988-06,,9.13562,XAU/USD,datahub-io+er
1988-07,,8.85755,XAU/USD,datahub-io+er
1988-08,,8.72829,XAU/USD,datahub-io+er
1988-09,,8.36692,XAU/USD,datahub-io+er
1988-10,,8.23105,XAU/USD,datahub-io+er
1988-11,,8.5013,XAU/USD,datahub-io+er
1988-12,,8.47793,XAU/USD,datahub-io+er
1989-01,,8.17295,XAU/USD,datahub-io+er
1989-02,,7.83848,XAU/USD,datahub-io+er
1989-03,,7.89123,XAU/USD,datahub-io+er
1989-04,,7.77427,XAU/USD,datahub-io+er
1989-05,,7.50362,XAU/USD,datahub-io+er
1989-06,,7.43323,XAU/USD,datahub-io+er
1989-07,,7.58306,XAU/USD,datahub-io+er
1989-08,,7.38225,XAU/USD,datahub-io+er
1989-09,,7.3131,XAU/USD,datahub-io+er
1989-10,,7.4162,XAU/USD,datahub-io+er
1989-11,,7.96904,XAU/USD,datahub-io+er
1989-12,,8.2742,XAU/USD,datahub-io+er
1990-01,,8.28806,XAU/USD,datahub-io+er
1990-02,,8.42277,XAU/USD,datahub-io+er
1990-03,,7.94214,XAU/USD,datahub-io+er
1990-04,,7.5612,XAU/USD,datahub-io+er
1990-05,,7.45571,XAU/USD,datahub-io+er
1990-06,,7.1173,XAU/USD,datahub-io+er
1990-07,,7.32276,XAU/USD,datahub-io+er
1990-08,,7.97256,XAU/USD,datahub-io+er
1990-09,,7.86262,XAU/USD,datahub-io+er
1990-10,,7.68869,XAU/USD,datahub-io+er
1990-11,,7.70804,XAU/USD,datahub-io+er
1990-12,,7.61088,XAU/USD,datahub-io+er
1991-01,,7.74532,XAU/USD,datahub-io+er
1991-02,,7.34473,XAU/USD,datahub-io+er
1991-03,,7.33423,XAU/USD,datahub-io+er
1991-04,,7.23349,XAU/USD,datahub-io+er
1991-05,,7.20403,XAU/USD,datahub-io+er
1991-06,,7.40061,XAU/USD,datahub-io+er
1991-07,,7.41957,XAU/USD,datahub-io+er
1991-08,,7.18931,XAU/USD,datahub-io+er
1991-09,,7.03597,XAU/USD,datahub-io+er
1991-10,,7.23613,XAU/USD,datahub-io+er
1991-11,,7.26539,XAU/USD,datahub-io+er
1991-12,,7.29625,XAU/USD,datahub-io+er
1992-01,,7.1488,XAU/USD,datahub-io+er
1992-02,,7.13731,XAU/USD,datahub-io+er
1992-03,,6.94372,XAU/USD,datahub-io+er
1992-04,,6.8278,XAU/USD,datahub-io+er
1992-05,,6.7994,XAU/USD,datahub-io+er
1992-06,,6.87081,XAU/USD,datahub-io+er
1992-07,,7.11035,XAU/USD,datahub-io+er
1992-08,,6.91502,XAU/USD,datahub-io+er
1992-09,,6.96222,XAU/USD,datahub-io+er
1992-10,,6.94048,XAU/USD,datahub-io+er
1992-11,,6.75126,XAU/USD,datahub-io+er
1992-12,,6.74667,XAU/USD,datahub-io+er
1993-01,,6.62903,XAU/USD,datahub-io+er
1993-02,,6.63453,XAU/USD,datahub-io+er
1993-03,,6.64949,XAU/USD,datahub-io+er
1993-04,,6.89208,XAU/USD,datahub-io+er
1993-05,,7.3957,XAU/USD,datahub-io+er
1993-06,,7.48995,XAU/USD,datahub-io+er
1993-07,,7.89817,XAU/USD,datahub-io+er
1993-08,,7.62866,XAU/USD,datahub-io+er
1993-09,,7.1536,XAU/USD,datahub-io+er
1993-10,,7.33221,XAU/USD,datahub-io+er
1993-11,,7.52589,XAU/USD,datahub-io+er
1993-12,,7.71591,XAU/USD,datahub-io+er
1994-01,,7.78733,XAU/USD,datahub-io+er
1994-02,,7.68664,XAU/USD,datahub-io+er
1994-03,,7.73068,XAU/USD,datahub-io+er
1994-04,,7.59198,XAU/USD,datahub-io+er
1994-05,,7.67506,XAU/USD,datahub-io+er
1994-06,,7.75914,XAU/USD,datahub-io+er
1994-07,,7.75547,XAU/USD,datahub-io+er
1994-08,,7.65162,XAU/USD,datahub-io+er
1994-09,,7.87669,XAU/USD,datahub-io+er
1994-10,,7.83963,XAU/USD,datahub-io+er
1994-11,,7.73076,XAU/USD,datahub-io+er
1994-12,,7.62755,XAU/USD,datahub-io+er
1995-01,,7.61203,XAU/USD,datahub-io+er
1995-02,,7.57299,XAU/USD,datahub-io+er
1995-03,,7.68254,XAU/USD,datahub-io+er
1995-04,,7.86104,XAU/USD,datahub-io+er
1995-05,,7.74358,XAU/USD,datahub-io+er
1995-06,,7.78998,XAU/USD,datahub-io+er
1995-07,,7.76259,XAU/USD,datahub-io+er
1995-08,,7.71049,XAU/USD,datahub-io+er
1995-09,,7.69759,XAU/USD,datahub-io+er
1995-10,,7.69856,XAU/USD,datahub-io+er
1995-11,,7.74152,XAU/USD,datahub-io+er
1995-12,,7.78367,XAU/USD,datahub-io+er
1996-01,,8.0243,XAU/USD,datahub-io+er
1996-02,,8.1303,XAU/USD,datahub-io+er
1996-03,,7.95788,XAU/USD,datahub-io+er
1996-04,,7.88973,XAU/USD,datahub-io+er
1996-05,,7.8706,XAU/USD,datahub-io+er
1996-06,,7.7362,XAU/USD,datahub-io+er
1996-07,,7.69941,XAU/USD,datahub-io+er
1996-08,,7.77667,XAU/USD,datahub-io+er
1996-09,,7.6915,XAU/USD,datahub-io+er
1996-10,,7.64931,XAU/USD,datahub-io+er
1996-11,,7.58403,XAU/USD,datahub-io+er
1996-12,,7.40577,XAU/USD,datahub-io+er
1997-01,,7.12638,XAU/USD,datahub-io+er
1997-02,,6.95461,XAU/USD,datahub-io+er
1997-03,,7.05898,XAU/USD,datahub-io+er
1997-04,,6.91111,XAU/USD,datahub-io+er
1997-05,,6.8979,XAU/USD,datahub-io+er
1997-06,,6.83553,XAU/USD,datahub-io+er
1997-07,,6.50077,XAU/USD,datahub-io+er
1997-08,,6.49842,XAU/USD,datahub-io+er
1997-09,,6.47401,XAU/USD,datahub-io+er
1997-10,,6.51459,XAU/USD,datahub-io+er
1997-11,,6.13645,XAU/USD,datahub-io+er
1997-12,,5.78905,XAU/USD,datahub-io+er
1998-01,,5.79579,XAU/USD,datahub-io+er
1998-02,,5.9635,XAU/USD,datahub-io+er
1998-03,,5.93193,XAU/USD,datahub-io+er
1998-04,,6.17899,XAU/USD,datahub-io+er
1998-05,,5.99428,XAU/USD,datahub-io+er
1998-06,,5.8579,XAU/USD,datahub-io+er
1998-07,,5.86844,XAU/USD,datahub-io+er
1998-08,,5.69242,XAU/USD,datahub-io+er
1998-09,,5.78952,XAU/USD,datahub-io+er
1998-10,,5.92827,XAU/USD,datahub-io+er
1998-11,,5.89152,XAU/USD,datahub-io+er
1998-12,,5.84215,XAU/USD,datahub-io+er
1999-01,,5.74953,XAU/USD,datahub-io+er
1999-02,,5.75406,XAU/USD,datahub-io+er
1999-03,,5.72614,XAU/USD,datahub-io+er
1999-04,,5.65879,XAU/USD,datahub-io+er
1999-05,,5.53458,XAU/USD,datahub-io+er
1999-06,,5.2312,XAU/USD,datahub-io+er
1999-07,,5.12606,XAU/USD,datahub-io+er
1999-08,,5.13785,XAU/USD,datahub-io+er
1999-09,,5.29854,XAU/USD,datahub-io+er
1999-10,,6.21835,XAU/USD,datahub-io+er
1999-11,,5.86681,XAU/USD,datahub-io+er
1999-12,,5.66401,XAU/USD,datahub-io+er
2000-01,,5.68855,XAU/USD,datahub-io+er
2000-02,,5.999,XAU/USD,datahub-io+er
2000-03,,5.72901,XAU/USD,datahub-io+er
2000-04,,5.59451,XAU/USD,datahub-io+er
2000-05,,5.50403,XAU/USD,datahub-io+er
2000-06,,5.71438,XAU/USD,datahub-io+er
2000-07,,5.63111,XAU/USD,datahub-io+er
2000-08,,5.48826,XAU/USD,datahub-io+er
2000-09,,5.472,XAU/USD,datahub-io+er
2000-10,,5.39797,XAU/USD,datahub-io+er
2000-11,,5.31775,XAU/USD,datahub-io+er
2000-12,,5.42605,XAU/USD,datahub-io+er
2001-01,,5.30647,XAU/USD,datahub-io+er
2001-02,,5.23367,XAU/USD,datahub-io+er
2001-03,,5.25642,XAU/USD,datahub-io+er
2001-04,,5.20502,XAU/USD,datahub-io+er
2001-05,,5.44198,XAU/USD,datahub-io+er
2001-06,,5.39897,XAU/USD,datahub-io+er
2001-07,,5.34457,XAU/USD,datahub-io+er
2001-08,,5.44122,XAU/USD,datahub-io+er
2001-09,,5.6611,XAU/USD,datahub-io+er
2001-10,,5.65343,XAU/USD,datahub-io+er
2001-11,,5.51515,XAU/USD,datahub-io+er
2001-12,,5.5085,XAU/USD,datahub-io+er
2002-01,,5.62107,XAU/USD,datahub-io+er
2002-02,,5.89995,XAU/USD,datahub-io+er
2002-03,,5.8707,XAU/USD,datahub-io+er
2002-04,,6.04231,XAU/USD,datahub-io+er
2002-05,,6.27756,XAU/USD,datahub-io+er
2002-06,,6.41058,XAU/USD,datahub-io+er
2002-07,,6.25256,XAU/USD,datahub-io+er
2002-08,,6.19157,XAU/USD,datahub-io+er
2002-09,,6.36827,XAU/USD,datahub-io+er
2002-10,,6.31625,XAU/USD,datahub-io+er
2002-11,,6.36581,XAU/USD,datahub-io+er
2002-12,,6.62165,XAU/USD,datahub-io+er
2003-01,,7.11862,XAU/USD,datahub-io+er
2003-02,,7.16014,XAU/USD,datahub-io+er
2003-03,,6.79213,XAU/USD,datahub-io+er
2003-04,,6.54485,XAU/USD,datahub-io+er
2003-05,,7.09279,XAU/USD,datahub-io+er
2003-06,,7.10554,XAU/USD,datahub-io+er
2003-07,,6.99863,XAU/USD,datahub-io+er
2003-08,,7.17246,XAU/USD,datahub-io+er
2003-09,,7.55419,XAU/USD,datahub-io+er
2003-10,,7.55306,XAU/USD,datahub-io+er
2003-11,,7.77149,XAU/USD,datahub-io+er
2003-12,,8.11054,XAU/USD,datahub-io+er
2004-01,,8.24608,XAU/USD,datahub-io+er
2004-02,,8.06783,XAU/USD,datahub-io+er
2004-03,,8.10281,XAU/USD,datahub-io+er
2004-04,,8.03425,XAU/USD,datahub-io+er
2004-05,,7.64546,XAU/USD,datahub-io+er
2004-06,,7.81603,XAU/USD,datahub-io+er
2004-07,,7.92928,XAU/USD,datahub-io+er
2004-08,,7.9768,XAU/USD,datahub-io+er
2004-09,,8.07104,XAU/USD,datahub-io+er
2004-10,,8.37285,XAU/USD,datahub-io+er
2004-11,,8.74874,XAU/USD,datahub-io+er
2004-12,,8.80185,XAU/USD,datahub-io+er
2005-01,,8.44176,XAU/USD,datahub-io+er
2005-02,,8.42752,XAU/USD,datahub-io+er
2005-03,,8.63583,XAU/USD,datahub-io+er
2005-04,,8.54321,XAU/USD,datahub-io+er
2005-05,,8.39601,XAU/USD,datahub-io+er
2005-06,,8.57013,XAU/USD,datahub-io+er
2005-07,,8.44647,XAU/USD,datahub-io+er
2005-08,,8.71342,XAU/USD,datahub-io+er
2005-09,,9.07319,XAU/USD,datahub-io+er
2005-10,,9.34798,XAU/USD,datahub-io+er
2005-11,,9.48184,XAU/USD,datahub-io+er
2005-12,,10.1461,XAU/USD,datahub-io+er
2006-01,,10.9362,XAU/USD,datahub-io+er
2006-02,,11.0373,XAU/USD,datahub-io+er
2006-03,,11.0781,XAU/USD,datahub-io+er
2006-04,,12.1423,XAU/USD,datahub-io+er
2006-05,,13.4286,XAU/USD,datahub-io+er
2006-06,,11.8518,XAU/USD,datahub-io+er
2006-07,,12.5976,XAU/USD,datahub-io+er
2006-08,,12.5744,XAU/USD,datahub-io+er
2006-09,,11.8894,XAU/USD,datahub-io+er
2006-10,,11.6418,XAU/USD,datahub-io+er
2006-11,,12.4765,XAU/USD,datahub-io+er
2006-12,,12.5145,XAU/USD,datahub-io+er
2007-01,,12.5408,XAU/USD,datahub-io+er
2007-02,,13.2069,XAU/USD,datahub-io+er
2007-03,,13.0101,XAU/USD,datahub-io+er
2007-04,,13.4952,XAU/USD,datahub-io+er
2007-05,,13.2546,XAU/USD,datahub-io+er
2007-06,,13.0221,XAU/USD,datahub-io+er
2007-07,,13.214,XAU/USD,datahub-io+er
2007-08,,13.2135,XAU/USD,datahub-io+er
2007-09,,14.1506,XAU/USD,datahub-io+er
2007-10,,14.9824,XAU/USD,datahub-io+er
2007-11,,16.0065,XAU/USD,datahub-io+er
2007-12,,15.9447,XAU/USD,datahub-io+er
2008-01,,17.6584,XAU/USD,datahub-io+er
2008-02,,18.3061,XAU/USD,datahub-io+er
2008-03,,19.2203,XAU/USD,datahub-io+er
2008-04,,18.0531,XAU/USD,datahub-io+er
2008-05,,17.634,XAU/USD,datahub-io+er
2008-06,,17.6489,XAU/USD,datahub-io+er
2008-07,,18.6451,XAU/USD,datahub-io+er
2008-08,,16.6448,XAU/USD,datahub-io+er
2008-09,,16.463,XAU/USD,datahub-io+er
2008-10,,15.9992,XAU/USD,datahub-io+er
2008-11,,15.0903,XAU/USD,datahub-io+er
2008-12,,16.1844,XAU/USD,datahub-io+er
2009-01,,17.0278,XAU/USD,datahub-io+er
2009-02,,18.6983,XAU/USD,datahub-io+er
2009-03,,18.3254,XAU/USD,datahub-io+er
2009-04,,17.6483,XAU/USD,datahub-io+er
2009-05,,18.409,XAU/USD,datahub-io+er
2009-06,,18.7449,XAU/USD,datahub-io+er
2009-07,,18.5166,XAU/USD,datahub-io+er
2009-08,,18.8153,XAU/USD,datahub-io+er
2009-09,,19.7494,XAU/USD,datahub-io+er
2009-10,,20.6706,XAU/USD,datahub-io+er
2009-11,,22.331,XAU/USD,datahub-io+er
2009-12,,22.4814,XAU/USD,datahub-io+er
2010-01,,22.1475,XAU/USD,datahub-io+er
2010-02,,21.6989,XAU/USD,datahub-io+er
2010-03,,22.0522,XAU/USD,datahub-io+er
2010-04,,22.7505,XAU/USD,datahub-io+er
2010-05,,23.8725,XAU/USD,datahub-io+er
2010-06,,24.4149,XAU/USD,datahub-io+er
2010-07,,23.6216,XAU/USD,datahub-io+er
2010-08,,24.072,XAU/USD,datahub-io+er
2010-09,,25.1623,XAU/USD,datahub-io+er
2010-10,,26.5667,XAU/USD,datahub-io+er
2010-11,,27.1161,XAU/USD,datahub-io+er
2010-12,,27.5229,XAU/USD,datahub-io+er
2011-01,,26.925,XAU/USD,datahub-io+er
2011-02,,27.2042,XAU/USD,datahub-io+er
2011-03,,28.1633,XAU/USD,datahub-io+er
2011-04,,29.3013,XAU/USD,datahub-io+er
2011-05,,29.9259,XAU/USD,datahub-io+er
2011-06,,30.2554,XAU/USD,datahub-io+er
2011-07,,31.1112,XAU/USD,datahub-io+er
2011-08,,34.7931,XAU/USD,datahub-io+er
2011-09,,35.0499,XAU/USD,datahub-io+er
2011-10,,32.9563,XAU/USD,datahub-io+er
2011-11,,34.3887,XAU/USD,datahub-io+er
2011-12,,32.4275,XAU/USD,datahub-io+er
2012-01,,32.7032,XAU/USD,datahub-io+er
2012-02,,34.4952,XAU/USD,datahub-io+er
2012-03,,33.1307,XAU/USD,datahub-io+er
2012-04,,32.5992,XAU/USD,datahub-io+er
2012-05,,31.4073,XAU/USD,datahub-io+er
2012-06,,31.5968,XAU/USD,datahub-io+er
2012-07,,31.5058,XAU/USD,datahub-io+er
2012-08,,32.215,XAU/USD,datahub-io+er
2012-09,,34.4748,XAU/USD,datahub-io+er
2012-10,,34.5069,XAU/USD,datahub-io+er
2012-11,,34.0113,XAU/USD,datahub-io+er
2012-12,,33.28,XAU/USD,datahub-io+er
2013-01,,33.0221,XAU/USD,datahub-io+er
2013-02,,32.1448,XAU/USD,datahub-io+er
2013-03,,31.461,XAU/USD,datahub-io+er
2013-04,,29.3803,XAU/USD,datahub-io+er
2013-05,,27.9199,XAU/USD,datahub-io+er
2013-06,,26.5221,XAU/USD,datahub-io+er
2013-07,,25.3781,XAU/USD,datahub-io+er
2013-08,,26.6833,XAU/USD,datahub-io+er
2013-09,,26.6191,XAU/USD,datahub-io+er
2013-10,,25.9849,XAU/USD,datahub-io+er
2013-11,,25.179,XAU/USD,datahub-io+er
2013-12,,24.1044,XAU/USD,datahub-io+er
2014-01,,24.5514,XAU/USD,datahub-io+er
2014-02,,25.6408,XAU/USD,datahub-io+er
2014-03,,26.3588,XAU/USD,datahub-io+er
2014-04,,25.6142,XAU/USD,datahub-io+er
2014-05,,25.4205,XAU/USD,datahub-io+er
2014-06,,25.2282,XAU/USD,datahub-io+er
2014-07,,25.8472,XAU/USD,datahub-io+er
2014-08,,25.5402,XAU/USD,datahub-io+er
2014-09,,24.3828,XAU/USD,datahub-io+er
2014-10,,24.1036,XAU/USD,datahub-io+er
2014-11,,23.1717,XAU/USD,datahub-io+er
2014-12,,23.6684,XAU/USD,datahub-io+er
2015-01,,24.6546,XAU/USD,datahub-io+er
2015-02,,24.186,XAU/USD,datahub-io+er
2015-03,,23.229,XAU/USD,datahub-io+er
2015-04,,23.6272,XAU/USD,datahub-io+er
2015-05,,23.6193,XAU/USD,datahub-io+er
2015-06,,23.2798,XAU/USD,datahub-io+er
2015-07,,22.2298,XAU/USD,datahub-io+er
2015-08,,22.0234,XAU/USD,datahub-io+er
2015-09,,22.1564,XAU/USD,datahub-io+er
2015-10,,22.8337,XAU/USD,datahub-io+er
2015-11,,21.3977,XAU/USD,datahub-io+er
2015-12,,21.1852,XAU/USD,datahub-io+er
2016-01,,21.62,XAU/USD,datahub-io+er
2016-02,,23.6187,XAU/USD,datahub-io+er
2016-03,,24.5154,XAU/USD,datahub-io+er
2016-04,,24.4567,XAU/USD,datahub-io+er
2016-05,,24.8226,XAU/USD,datahub-io+er
2016-06,,25.1247,XAU/USD,datahub-io+er
2016-07,,26.3087,XAU/USD,datahub-io+er
2016-08,,26.3756,XAU/USD,datahub-io+er
2016-09,,26.1065,XAU/USD,datahub-io+er
2016-10,,24.9224,XAU/USD,datahub-io+er
2016-11,,24.3655,XAU/USD,datahub-io+er
2016-12,,22.7699,XAU/USD,datahub-io+er
2017-01,,23.4515,XAU/USD,datahub-io+er
2017-02,,24.2777,XAU/USD,datahub-io+er
2017-03,,24.221,XAU/USD,datahub-io+er
2017-04,,24.9165,XAU/USD,datahub-io+er
2017-05,,24.5045,XAU/USD,datahub-io+er
2017-06,,24.7821,XAU/USD,datahub-io+er
2017-07,,24.3195,XAU/USD,datahub-io+er
2017-08,,25.2259,XAU/USD,datahub-io+er
2017-09,,25.8339,XAU/USD,datahub-io+er
2017-10,,25.1523,XAU/USD,datahub-io+er
2017-11,,25.1972,XAU/USD,datahub-io+er
2017-12,,24.8521,XAU/USD,datahub-io+er
2018-01,,26.1639,XAU/USD,datahub-io+er
2018-02,,26.1505,XAU/USD,datahub-io+er
2018-03,,26.0291,XAU/USD,datahub-io+er
2018-04,,26.2254,XAU/USD,datahub-io+er
2018-05,,25.608,XAU/USD,datahub-io+er
2018-06-26,25.2,25.176,GLDM,tiingo
2018-06-27,25.12,25.04,GLDM,tiingo
2018-06-28,25.24,24.972,GLDM,tiingo
2018-06-29,25.04,25.05,GLDM,tiingo
2018-07-02,24.98,24.82,GLDM,tiingo
2018-07-03,,25.08,GLDM,tiingo
2018-07-05,25.12,25.16,GLDM,tiingo
2018-07-06,25.14,25.114,GLDM,tiingo
2018-07-09,25.28,25.18,GLDM,tiingo
2018-07-10,25.14,25.12,GLDM,tiingo
2018-07-11,25.02,24.86,GLDM,tiingo
2018-07-12,24.92,24.94,GLDM,tiingo
2018-07-13,24.84,24.82,GLDM,tiingo
2018-07-16,,24.84,GLDM,tiingo
2018-07-17,24.66,24.58,GLDM,tiingo
2018-07-18,,24.54,GLDM,tiingo
2018-07-19,24.32,24.44,GLDM,tiingo
2018-07-20,,24.6,GLDM,tiingo
2018-07-23,24.56,24.5,GLDM,tiingo
2018-07-24,24.54,24.48,GLDM,tiingo
2018-07-25,24.68,24.64,GLDM,tiingo
2018-07-26,24.56,24.46,GLDM,tiingo
2018-07-27,24.48,24.46,GLDM,tiingo
2018-07-30,24.46,24.44,GLDM,tiingo
2018-07-31,24.4,24.5,GLDM,tiingo
2018-08-01,24.42,24.33,GLDM,tiingo
2018-08-02,24.34,24.18,GLDM,tiingo
2018-08-03,24.32,24.28,GLDM,tiingo
2018-08-06,24.22,24.14,GLDM,tiingo
2018-08-07,24.28,24.2,GLDM,tiingo
2018-08-08,24.24,24.26,GLDM,tiingo
2018-08-09,24.3,24.24,GLDM,tiingo
2018-08-10,24.24,24.22,GLDM,tiingo
2018-08-13,24.02,23.88,GLDM,tiingo
2018-08-14,23.94,23.88,GLDM,tiingo
2018-08-15,23.7,23.48,GLDM,tiingo
2018-08-16,23.54,23.472,GLDM,tiingo
2018-08-17,23.6,23.66,GLDM,tiingo
2018-08-20,23.74,23.792,GLDM,tiingo
2018-08-21,23.82,23.86,GLDM,tiingo
2018-08-22,23.96,23.92,GLDM,tiingo
2018-08-23,23.82,23.7,GLDM,tiingo
2018-08-24,23.94,24.12,GLDM,tiingo
2018-08-27,24.12,24.2,GLDM,tiingo
2018-08-28,24.24,24.02,GLDM,tiingo
2018-08-29,,24.12,GLDM,tiingo
2018-08-30,24.06,24.02,GLDM,tiingo
2018-08-31,24.04,24,GLDM,tiingo
2018-09-04,23.82,23.86,GLDM,tiingo
2018-09-05,23.96,23.91,GLDM,tiingo
2018-09-06,24.06,23.98,GLDM,tiingo
2018-09-07,23.94,23.92,GLDM,tiingo
2018-09-10,23.92,23.898,GLDM,tiingo
2018-09-11,23.82,23.92,GLDM,tiingo
2018-09-12,23.9,24.114,GLDM,tiingo
2018-09-13,24.24,24,GLDM,tiingo
2018-09-14,24.06,23.88,GLDM,tiingo
2018-09-17,,24.02,GLDM,tiingo
2018-09-18,24.04,23.96,GLDM,tiingo
2018-09-19,24.08,24.06,GLDM,tiingo
2018-09-20,,24.14,GLDM,tiingo
2018-09-21,23.86,23.96,GLDM,tiingo
2018-09-24,24.02,23.96,GLDM,tiingo
2018-09-25,,24.02,GLDM,tiingo
2018-09-26,23.92,23.9,GLDM,tiingo
2018-09-27,23.7,23.68,GLDM,tiingo
2018-09-28,23.7,23.82,GLDM,tiingo
2018-10-01,23.76,23.8,GLDM,tiingo
2018-10-02,24.02,24.06,GLDM,tiingo
2018-10-03,24.06,23.98,GLDM,tiingo
2018-10-04,24.06,24,GLDM,tiingo
2018-10-05,,24.06,GLDM,tiingo
2018-10-08,23.74,23.78,GLDM,tiingo
2018-10-09,23.76,23.8,GLDM,tiingo
2018-10-10,23.78,23.84,GLDM,tiingo
2018-10-11,24.14,24.44,GLDM,tiingo
2018-10-12,24.44,24.34,GLDM,tiingo
2018-10-15,24.54,24.48,GLDM,tiingo
2018-10-16,24.62,24.48,GLDM,tiingo
2018-10-17,24.5,24.48,GLDM,tiingo
2018-10-18,24.46,24.5,GLDM,tiingo
2018-10-19,24.58,24.52,GLDM,tiingo
2018-10-22,24.42,24.46,GLDM,tiingo
2018-10-23,24.76,24.6,GLDM,tiingo
2018-10-24,24.6,24.64,GLDM,tiingo
2018-10-25,24.64,24.58,GLDM,tiingo
2018-10-26,24.7,24.68,GLDM,tiingo
2018-10-29,24.62,24.58,GLDM,tiingo
2018-10-30,24.5,24.44,GLDM,tiingo
2018-10-31,24.3,24.32,GLDM,tiingo
2018-11-01,24.6,24.66,GLDM,tiingo
2018-11-02,24.66,24.64,GLDM,tiingo
2018-11-05,24.58,24.6,GLDM,tiingo
2018-11-06,24.62,24.52,GLDM,tiingo
2018-11-07,24.58,24.52,GLDM,tiingo
2018-11-08,24.48,24.46,GLDM,tiingo
2018-11-09,24.22,24.18,GLDM,tiingo
2018-11-12,24.06,24,GLDM,tiingo
2018-11-13,24.04,24.02,GLDM,tiingo
2018-11-14,24,24.22,GLDM,tiingo
2018-11-15,24.28,24.24,GLDM,tiingo
2018-11-16,24.48,24.42,GLDM,tiingo
2018-11-19,24.42,24.46,GLDM,tiingo
2018-11-20,24.52,24.44,GLDM,tiingo
2018-11-21,24.52,24.5,GLDM,tiingo
2018-11-23,24.48,24.44,GLDM,tiingo
2018-11-26,24.5,24.44,GLDM,tiingo
2018-11-27,24.42,24.28,GLDM,tiingo
2018-11-28,24.24,24.4,GLDM,tiingo
2018-11-29,24.52,24.46,GLDM,tiingo
2018-11-30,24.4,24.44,GLDM,tiingo
2018-12-03,24.64,24.58,GLDM,tiingo
2018-12-04,24.82,24.76,GLDM,tiingo
2018-12-06,24.84,24.76,GLDM,tiingo
2018-12-07,24.84,24.94,GLDM,tiingo
2018-12-10,,24.88,GLDM,tiingo
2018-12-11,24.88,24.86,GLDM,tiingo
2018-12-12,24.86,24.9,GLDM,tiingo
2018-12-13,24.86,24.84,GLDM,tiingo
2018-12-14,24.66,24.74,GLDM,tiingo
2018-12-17,24.82,24.92,GLDM,tiingo
2018-12-18,24.92,24.96,GLDM,tiingo
2018-12-19,24.98,24.84,GLDM,tiingo
2018-12-20,25.18,25.2,GLDM,tiingo
2018-12-21,25.2,25.1,GLDM,tiingo
2018-12-24,25.28,25.4,GLDM,tiingo
2018-12-26,25.52,25.3,GLDM,tiingo
2018-12-27,,25.48,GLDM,tiingo
2018-12-28,25.56,25.58,GLDM,tiingo
2018-12-31,25.6,25.64,GLDM,tiingo
2019-01-02,,25.66,GLDM,tiingo
2019-01-03,25.76,25.88,GLDM,tiingo
2019-01-04,25.66,25.68,GLDM,tiingo
2019-01-07,25.86,25.78,GLDM,tiingo
2019-01-08,25.6,25.7,GLDM,tiingo
2019-01-09,25.68,25.86,GLDM,tiingo
2019-01-10,25.8,25.72,GLDM,tiingo
2019-01-11,25.76,25.74,GLDM,tiingo
2019-01-14,25.84,25.82,GLDM,tiingo
2019-01-15,25.86,25.74,GLDM,tiingo
2019-01-16,25.82,25.84,GLDM,tiingo
2019-01-17,,25.8,GLDM,tiingo
2019-01-18,25.64,25.58,GLDM,tiingo
2019-01-22,25.62,25.66,GLDM,tiingo
2019-01-23,25.58,25.62,GLDM,tiingo
2019-01-24,,25.6,GLDM,tiingo
2019-01-25,25.82,25.98,GLDM,tiingo
2019-01-28,25.96,26.06,GLDM,tiingo
2019-01-29,26.16,26.2,GLDM,tiingo
2019-01-30,26.18,26.34,GLDM,tiingo
2019-01-31,26.48,26.37,GLDM,tiingo
2019-02-01,26.38,26.32,GLDM,tiingo
2019-02-04,,26.22,GLDM,tiingo
2019-02-05,26.3,26.26,GLDM,tiingo
2019-02-06,26.26,26.1,GLDM,tiingo
2019-02-07,26.2,26.16,GLDM,tiingo
2019-02-08,,26.24,GLDM,tiingo
2019-02-11,26.04,26.12,GLDM,tiingo
2019-02-12,26.22,26.2,GLDM,tiingo
2019-02-13,26.2,26.1,GLDM,tiingo
2019-02-14,26.2,26.22,GLDM,tiingo
2019-02-15,26.36,26.39,GLDM,tiingo
2019-02-19,26.66,26.7886,GLDM,tiingo
2019-02-20,26.86,26.76,GLDM,tiingo
2019-02-21,26.66,26.44,GLDM,tiingo
2019-02-22,26.56,26.54,GLDM,tiingo
2019-02-25,26.6,26.52,GLDM,tiingo
2019-02-26,26.52,26.54,GLDM,tiingo
2019-02-27,26.48,26.38,GLDM,tiingo
2019-02-28,26.38,26.24,GLDM,tiingo
2019-03-01,26.12,25.78,GLDM,tiingo
2019-03-04,25.7,25.72,GLDM,tiingo
2019-03-05,25.68,25.74,GLDM,tiingo
2019-03-06,25.68,25.7,GLDM,tiingo
2019-03-07,25.64,25.7,GLDM,tiingo
2019-03-08,,25.96,GLDM,tiingo
2019-03-11,25.92,25.84,GLDM,tiingo
2019-03-12,25.92,26,GLDM,tiingo
2019-03-13,26.14,26.18,GLDM,tiingo
2019-03-14,25.88,25.9,GLDM,tiingo
2019-03-15,26.04,26.02,GLDM,tiingo
2019-03-18,26.08,26.04,GLDM,tiingo
2019-03-19,26.16,26.1,GLDM,tiingo
2019-03-20,26.16,26.26,GLDM,tiingo
2019-03-21,26.3,26.14,GLDM,tiingo
2019-03-22,26.2,26.22,GLDM,tiingo
2019-03-25,26.36,26.4,GLDM,tiingo
2019-03-26,26.34,26.28,GLDM,tiingo
2019-03-27,26.3,26.16,GLDM,tiingo
2019-03-28,25.86,25.78,GLDM,tiingo
2019-03-29,25.96,25.82,GLDM,tiingo
2019-04-01,25.9,25.72,GLDM,tiingo
2019-04-02,25.76,25.8,GLDM,tiingo
2019-04-03,,25.76,GLDM,tiingo
2019-04-04,25.62,25.84,GLDM,tiingo
2019-04-05,25.78,25.8,GLDM,tiingo
2019-04-08,26.02,25.92,GLDM,tiingo
2019-04-09,26.08,26.06,GLDM,tiingo
2019-04-10,26.08,26.12,GLDM,tiingo
2019-04-11,25.92,25.8,GLDM,tiingo
2019-04-12,25.8,25.77,GLDM,tiingo
2019-04-15,25.64,25.74,GLDM,tiingo
2019-04-16,,25.48,GLDM,tiingo
2019-04-17,25.48,25.46,GLDM,tiingo
2019-04-18,25.44,25.48,GLDM,tiingo
2019-04-22,,25.48,GLDM,tiingo
2019-04-23,25.3,25.4,GLDM,tiingo
2019-04-24,25.4,25.48,GLDM,tiingo
2019-04-25,25.54,25.5,GLDM,tiingo
2019-04-26,25.64,25.66,GLDM,tiingo
2019-04-29,,25.58,GLDM,tiingo
2019-04-30,25.58,25.64,GLDM,tiingo
2019-05-01,25.62,25.48,GLDM,tiingo
2019-05-02,25.32,25.38,GLDM,tiingo
2019-05-03,25.52,25.54,GLDM,tiingo
2019-05-06,25.52,25.58,GLDM,tiingo
2019-05-07,25.58,25.64,GLDM,tiingo
2019-05-08,25.72,25.58,GLDM,tiingo
2019-05-09,25.6,25.66,GLDM,tiingo
2019-05-10,,25.7,GLDM,tiingo
2019-05-13,25.94,25.96,GLDM,tiingo
2019-05-14,25.94,25.9,GLDM,tiingo
2019-05-15,25.94,25.9,GLDM,tiingo
2019-05-16,25.8,25.7,GLDM,tiingo
2019-05-17,25.62,25.54,GLDM,tiingo
2019-05-20,25.5,25.54,GLDM,tiingo
2019-05-21,25.4,25.44,GLDM,tiingo
2019-05-22,25.48,25.42,GLDM,tiingo
2019-05-23,25.54,25.62,GLDM,tiingo
2019-05-24,25.64,25.66,GLDM,tiingo
2019-05-28,25.54,25.56,GLDM,tiingo
2019-05-29,25.62,25.56,GLDM,tiingo
2019-05-30,25.58,25.74,GLDM,tiingo
2019-05-31,25.94,26.08,GLDM,tiingo
2019-06-03,26.26,26.46,GLDM,tiingo
2019-06-04,26.42,26.48,GLDM,tiingo
2019-06-05,26.7,26.54,GLDM,tiingo
2019-06-06,26.66,26.62,GLDM,tiingo
2019-06-07,26.82,26.78,GLDM,tiingo
2019-06-10,26.56,26.54,GLDM,tiingo
2019-06-11,26.42,26.48,GLDM,tiingo
2019-06-12,26.56,26.6,GLDM,tiingo
2019-06-13,26.66,26.78,GLDM,tiingo
2019-06-14,26.92,26.78,GLDM,tiingo
2019-06-17,26.82,26.76,GLDM,tiingo
2019-06-18,27,26.86,GLDM,tiingo
2019-06-19,26.84,27.04,GLDM,tiingo
2019-06-20,27.6,27.76,GLDM,tiingo
2019-06-21,27.9,27.94,GLDM,tiingo
2019-06-24,28.1,28.34,GLDM,tiingo
2019-06-25,28.56,28.4,GLDM,tiingo
2019-06-26,,28.14,GLDM,tiingo
2019-06-27,28.02,28.12,GLDM,tiingo
2019-06-28,28.16,28.18,GLDM,tiingo
2019-07-01,27.82,27.62,GLDM,tiingo
2019-07-02,27.8,28.24,GLDM,tiingo
2019-07-03,28.28,28.3,GLDM,tiingo
2019-07-05,27.82,27.98,GLDM,tiingo
2019-07-08,27.98,27.8,GLDM,tiingo
2019-07-09,27.8,27.89,GLDM,tiingo
2019-07-10,28.14,28.3,GLDM,tiingo
2019-07-11,28.24,28.08,GLDM,tiingo
2019-07-12,28.12,28.24,GLDM,tiingo
2019-07-15,28.2,28.24,GLDM,tiingo
2019-07-16,28.2,28.04,GLDM,tiingo
2019-07-17,28.16,28.47,GLDM,tiingo
2019-07-18,28.34,28.86,GLDM,tiingo
2019-07-19,28.68,28.46,GLDM,tiingo
2019-07-22,28.48,28.44,GLDM,tiingo
2019-07-23,28.46,28.28,GLDM,tiingo
2019-07-24,28.5,28.42,GLDM,tiingo
2019-07-25,28.42,28.24,GLDM,tiingo
2019-07-26,28.42,28.3,GLDM,tiingo
2019-07-29,28.38,28.48,GLDM,tiingo
2019-07-30,28.54,28.56,GLDM,tiingo
2019-07-31,28.56,28.196,GLDM,tiingo
2019-08-01,28.04,28.86,GLDM,tiingo
2019-08-02,28.66,28.76,GLDM,tiingo
2019-08-05,29.2,29.18,GLDM,tiingo
2019-08-06,29.28,29.4,GLDM,tiingo
2019-08-07,29.9,29.84,GLDM,tiingo
2019-08-08,29.82,30,GLDM,tiingo
2019-08-09,29.92,29.9,GLDM,tiingo
2019-08-12,29.98,30.16,GLDM,tiingo
2019-08-13,30.3,30,GLDM,tiingo
2019-08-14,30.26,30.24,GLDM,tiingo
2019-08-15,30.28,30.4,GLDM,tiingo
2019-08-16,,30.22,GLDM,tiingo
2019-08-19,29.92,29.86,GLDM,tiingo
2019-08-20,30.02,30.1,GLDM,tiingo
2019-08-21,29.98,30,GLDM,tiingo
2019-08-22,,29.92,GLDM,tiingo
2019-08-23,30.04,30.52,GLDM,tiingo
2019-08-26,30.58,30.5,GLDM,tiingo
2019-08-27,30.56,30.78,GLDM,tiingo
2019-08-28,30.78,30.72,GLDM,tiingo
2019-08-29,30.8,30.52,GLDM,tiingo
2019-08-30,30.46,30.4,GLDM,tiingo
2019-09-03,30.7,30.86,GLDM,tiingo
2019-09-04,30.8,31.02,GLDM,tiingo
2019-09-05,30.7,30.32,GLDM,tiingo
2019-09-06,30.4,30.04,GLDM,tiingo
2019-09-09,30.12,29.94,GLDM,tiingo
2019-09-10,29.9,29.66,GLDM,tiingo
2019-09-11,29.72,29.86,GLDM,tiingo
2019-09-12,30.22,29.92,GLDM,tiingo
2019-09-13,30.02,29.68,GLDM,tiingo
2019-09-16,29.98,29.92,GLDM,tiingo
2019-09-17,30.02,30,GLDM,tiingo
2019-09-18,30.04,29.78,GLDM,tiingo
2019-09-19,29.98,29.92,GLDM,tiingo
2019-09-20,29.98,30.26,GLDM,tiingo
2019-09-23,30.32,30.42,GLDM,tiingo
2019-09-24,30.32,30.6,GLDM,tiingo
2019-09-25,30.5,30.04,GLDM,tiingo
2019-09-26,30.12,30.04,GLDM,tiingo
2019-09-27,29.72,29.88,GLDM,tiingo
2019-09-30,29.6,29.4,GLDM,tiingo
2019-10-01,29.24,29.54,GLDM,tiingo
2019-10-02,29.82,29.9,GLDM,tiingo
2019-10-03,29.92,30.04,GLDM,tiingo
2019-10-04,29.96,30.04,GLDM,tiingo
2019-10-07,29.9,29.8,GLDM,tiingo
2019-10-08,30.06,30.04,GLDM,tiingo
2019-10-09,30.12,30.08,GLDM,tiingo
2019-10-10,29.98,29.82,GLDM,tiingo
2019-10-11,,29.64,GLDM,tiingo
2019-10-14,29.76,29.78,GLDM,tiingo
2019-10-15,29.7,29.54,GLDM,tiingo
2019-10-16,29.68,29.74,GLDM,tiingo
2019-10-17,,29.76,GLDM,tiingo
2019-10-18,,29.76,GLDM,tiingo
2019-10-21,29.8,29.6,GLDM,tiingo
2019-10-22,29.68,29.7,GLDM,tiingo
2019-10-23,,29.78,GLDM,tiingo
2019-10-24,29.86,29.96,GLDM,tiingo
2019-10-25,30.24,30.02,GLDM,tiingo
2019-10-28,29.92,29.8,GLDM,tiingo
2019-10-29,29.66,29.7,GLDM,tiingo
2019-10-30,29.76,29.86,GLDM,tiingo
2019-10-31,30.06,30.18,GLDM,tiingo
2019-11-01,30.12,30.18,GLDM,tiingo
2019-11-04,30.12,30.08,GLDM,tiingo
2019-11-05,29.8,29.62,GLDM,tiingo
2019-11-06,29.68,29.76,GLDM,tiingo
2019-11-07,29.68,29.28,GLDM,tiingo
2019-11-08,29.18,29.1,GLDM,tiingo
2019-11-11,29.14,29.02,GLDM,tiingo
2019-11-12,29.04,29.1,GLDM,tiingo
2019-11-13,29.2,29.22,GLDM,tiingo
2019-11-14,29.32,29.34,GLDM,tiingo
2019-11-15,29.22,29.28,GLDM,tiingo
2019-11-18,29.34,29.38,GLDM,tiingo
2019-11-19,29.26,29.36,GLDM,tiingo
2019-11-20,29.34,29.4,GLDM,tiingo
2019-11-21,29.32,29.24,GLDM,tiingo
2019-11-22,29.32,29.18,GLDM,tiingo
2019-11-25,29.08,29.02,GLDM,tiingo
2019-11-26,29.032,29.18,GLDM,tiingo
2019-11-27,29.04,29.02,GLDM,tiingo
2019-11-29,29.04,29.22,GLDM,tiingo
2019-12-02,29.1,29.2,GLDM,tiingo
2019-12-03,29.44,29.48,GLDM,tiingo
2019-12-04,29.48,29.42,GLDM,tiingo
2019-12-05,29.38,29.46,GLDM,tiingo
2019-12-06,29.18,29.14,GLDM,tiingo
2019-12-09,29.2,29.14,GLDM,tiingo
2019-12-10,29.29,29.22,GLDM,tiingo
2019-12-11,29.28,29.44,GLDM,tiingo
2019-12-12,29.62,29.32,GLDM,tiingo
2019-12-13,29.36,29.46,GLDM,tiingo
2019-12-16,29.5,29.44,GLDM,tiingo
2019-12-17,29.46,29.44,GLDM,tiingo
2019-12-18,,29.42,GLDM,tiingo
2019-12-19,29.46,29.51,GLDM,tiingo
2019-12-20,29.54,29.48,GLDM,tiingo
2019-12-23,29.56,29.62,GLDM,tiingo
2019-12-24,29.76,29.92,GLDM,tiingo
2019-12-26,30.1,30.16,GLDM,tiingo
2019-12-27,,30.14,GLDM,tiingo
2019-12-30,30.22,30.24,GLDM,tiingo
2019-12-31,30.34,30.28,GLDM,tiingo
2020-01-02,30.48,30.5,GLDM,tiingo
2020-01-03,30.88,30.9,GLDM,tiingo
2020-01-06,31.42,31.24,GLDM,tiingo
2020-01-07,31.28,31.36,GLDM,tiingo
2020-01-08,31.46,31.12,GLDM,tiingo
2020-01-09,30.96,30.92,GLDM,tiingo
2020-01-10,31,31.14,GLDM,tiingo
2020-01-13,31.02,30.9,GLDM,tiingo
2020-01-14,30.82,30.86,GLDM,tiingo
2020-01-15,30.96,31.04,GLDM,tiingo
2020-01-16,30.98,31,GLDM,tiingo
2020-01-17,,31.04,GLDM,tiingo
2020-01-21,30.9,31.1,GLDM,tiingo
2020-01-22,,31.08,GLDM,tiingo
2020-01-23,31.08,31.18,GLDM,tiingo
2020-01-24,31.12,31.34,GLDM,tiingo
2020-01-27,31.62,31.56,GLDM,tiingo
2020-01-28,31.42,31.28,GLDM,tiingo
2020-01-29,31.3,31.44,GLDM,tiingo
2020-01-30,31.5,31.46,GLDM,tiingo
2020-01-31,31.54,31.66,GLDM,tiingo
2020-02-03,31.5,31.44,GLDM,tiingo
2020-02-04,31.14,31,GLDM,tiingo
2020-02-05,31,31.04,GLDM,tiingo
2020-02-06,31.2,31.22,GLDM,tiingo
2020-02-07,,31.32,GLDM,tiingo
2020-02-10,31.42,31.4,GLDM,tiingo
2020-02-11,31.38,31.28,GLDM,tiingo
2020-02-12,,31.24,GLDM,tiingo
2020-02-13,,31.42,GLDM,tiingo
2020-02-14,31.52,31.58,GLDM,tiingo
2020-02-18,31.76,31.98,GLDM,tiingo
2020-02-19,32,32.16,GLDM,tiingo
2020-02-20,32.22,32.28,GLDM,tiingo
2020-02-21,32.72,32.8,GLDM,tiingo
2020-02-24,33.56,33.1,GLDM,tiingo
2020-02-25,32.88,32.52,GLDM,tiingo
2020-02-26,32.62,32.66,GLDM,tiingo
2020-02-27,32.98,32.64,GLDM,tiingo
2020-02-28,32.36,31.48,GLDM,tiingo
2020-03-02,31.78,31.62,GLDM,tiingo
2020-03-03,31.98,32.62,GLDM,tiingo
2020-03-04,32.72,32.66,GLDM,tiingo
2020-03-05,33.08,33.36,GLDM,tiingo
2020-03-06,33.56,33.38,GLDM,tiingo
2020-03-09,33.62,33.48,GLDM,tiingo
2020-03-10,33.12,32.76,GLDM,tiingo
2020-03-11,33.14,32.64,GLDM,tiingo
2020-03-12,32.1,31.32,GLDM,tiingo
2020-03-13,31.66,30.38,GLDM,tiingo
2020-03-16,29.18,30.08,GLDM,tiingo
2020-03-17,29.7,30.48,GLDM,tiingo
2020-03-18,30.02,29.82,GLDM,tiingo
2020-03-19,29.46,29.28,GLDM,tiingo
2020-03-20,29.82,29.72,GLDM,tiingo
2020-03-23,30.22,31,GLDM,tiingo
2020-03-24,32.74,32.5,GLDM,tiingo
2020-03-25,32.24,32.1,GLDM,tiingo
2020-03-26,32.66,32.56,GLDM,tiingo
2020-03-27,32.42,32.34,GLDM,tiingo
2020-03-30,32.34,32.38,GLDM,tiingo
2020-03-31,32.08,31.44,GLDM,tiingo
2020-04-01,31.46,31.68,GLDM,tiingo
2020-04-02,31.98,32.22,GLDM,tiingo
2020-04-03,32.26,32.42,GLDM,tiingo
2020-04-06,32.66,33.22,GLDM,tiingo
2020-04-07,32.92,33.14,GLDM,tiingo
2020-04-08,32.96,32.82,GLDM,tiingo
2020-04-09,33.44,33.58,GLDM,tiingo
2020-04-13,33.7,34.28,GLDM,tiingo
2020-04-14,34.5,34.48,GLDM,tiingo
2020-04-15,34.3,34.42,GLDM,tiingo
2020-04-16,34.32,34.3,GLDM,tiingo
2020-04-17,33.88,33.58,GLDM,tiingo
2020-04-20,33.66,33.84,GLDM,tiingo
2020-04-21,33.36,33.62,GLDM,tiingo
2020-04-22,34.04,34.24,GLDM,tiingo
2020-04-23,34.44,34.54,GLDM,tiingo
2020-04-24,34.6,34.5,GLDM,tiingo
2020-04-27,34.32,34.3,GLDM,tiingo
2020-04-28,34.14,34.1,GLDM,tiingo
2020-04-29,33.96,34.24,GLDM,tiingo
2020-04-30,33.94,33.68,GLDM,tiingo
2020-05-01,33.44,33.92,GLDM,tiingo
2020-05-04,34,33.98,GLDM,tiingo
2020-05-05,33.96,34.14,GLDM,tiingo
2020-05-06,33.7,33.72,GLDM,tiingo
2020-05-07,33.84,34.22,GLDM,tiingo
2020-05-08,34.16,34.04,GLDM,tiingo
2020-05-11,34,33.84,GLDM,tiingo
2020-05-12,34,33.94,GLDM,tiingo
2020-05-13,34.1,34.24,GLDM,tiingo
2020-05-14,34.26,34.56,GLDM,tiingo
2020-05-15,34.76,34.8,GLDM,tiingo
2020-05-18,34.84,34.54,GLDM,tiingo
2020-05-19,34.7,34.82,GLDM,tiingo
2020-05-20,34.88,34.9,GLDM,tiingo
2020-05-21,34.68,34.42,GLDM,tiingo
2020-05-22,34.54,34.62,GLDM,tiingo
2020-05-26,34.46,34.14,GLDM,tiingo
2020-05-27,33.8,34.16,GLDM,tiingo
2020-05-28,34.36,34.3,GLDM,tiingo
2020-05-29,34.5,34.54,GLDM,tiingo
2020-06-01,34.54,34.68,GLDM,tiingo
2020-06-02,34.76,34.48,GLDM,tiingo
2020-06-03,34.02,33.86,GLDM,tiingo
2020-06-04,34.18,34.22,GLDM,tiingo
2020-06-05,33.62,33.5,GLDM,tiingo
2020-06-08,33.7,33.84,GLDM,tiingo
2020-06-09,34.14,34.18,GLDM,tiingo
2020-06-10,34.38,34.68,GLDM,tiingo
2020-06-11,34.64,34.46,GLDM,tiingo
2020-06-12,34.66,34.52,GLDM,tiingo
2020-06-15,34.52,34.4,GLDM,tiingo
2020-06-16,34.32,34.4,GLDM,tiingo
2020-06-17,34.38,34.48,GLDM,tiingo
2020-06-18,34.42,34.4,GLDM,tiingo
2020-06-19,34.52,34.78,GLDM,tiingo
2020-06-22,35,35.02,GLDM,tiingo
2020-06-23,35.16,35.28,GLDM,tiingo
2020-06-24,35.2,35.22,GLDM,tiingo
2020-06-25,35.2,35.18,GLDM,tiingo
2020-06-26,34.96,35.3,GLDM,tiingo
2020-06-29,35.34,35.32,GLDM,tiingo
2020-06-30,35.28,35.52,GLDM,tiingo
2020-07-01,35.44,35.34,GLDM,tiingo
2020-07-02,35.26,35.42,GLDM,tiingo
2020-07-06,,35.6,GLDM,tiingo
2020-07-07,35.52,35.84,GLDM,tiingo
2020-07-08,36.14,36.1,GLDM,tiingo
2020-07-09,36.18,35.98,GLDM,tiingo
2020-07-10,36.06,35.9,GLDM,tiingo
2020-07-13,36.14,35.9,GLDM,tiingo
2020-07-14,35.84,36.1,GLDM,tiingo
2020-07-15,35.98,36.12,GLDM,tiingo
2020-07-16,36.02,35.8,GLDM,tiingo
2020-07-17,36.06,36.08,GLDM,tiingo
2020-07-20,36.22,36.28,GLDM,tiingo
2020-07-21,36.6,36.7,GLDM,tiingo
2020-07-22,36.94,37.28,GLDM,tiingo
2020-07-23,37.38,37.58,GLDM,tiingo
2020-07-24,38,37.96,GLDM,tiingo
2020-07-27,38.58,38.66,GLDM,tiingo
2020-07-28,38.62,39,GLDM,tiingo
2020-07-29,39.06,39.3,GLDM,tiingo
2020-07-30,38.9,38.96,GLDM,tiingo
2020-07-31,39.16,39.38,GLDM,tiingo
2020-08-03,39.26,39.4,GLDM,tiingo
2020-08-04,39.38,40.22,GLDM,tiingo
2020-08-05,40.66,40.62,GLDM,tiingo
2020-08-06,41.1,41.14,GLDM,tiingo
2020-08-07,40.88,40.46,GLDM,tiingo
2020-08-10,40.58,40.34,GLDM,tiingo
2020-08-11,38.94,38.2,GLDM,tiingo
2020-08-12,38.76,38.04,GLDM,tiingo
2020-08-13,38.54,38.92,GLDM,tiingo
2020-08-14,38.92,38.74,GLDM,tiingo
2020-08-17,39.2,39.56,GLDM,tiingo
2020-08-18,40.14,39.94,GLDM,tiingo
2020-08-19,39.74,38.68,GLDM,tiingo
2020-08-20,38.46,38.92,GLDM,tiingo
2020-08-21,,38.62,GLDM,tiingo
2020-08-24,38.78,38.38,GLDM,tiingo
2020-08-25,38.38,38.42,GLDM,tiingo
2020-08-26,38.22,38.92,GLDM,tiingo
2020-08-27,39.26,38.44,GLDM,tiingo
2020-08-28,39.04,39.12,GLDM,tiingo
2020-08-31,,39.22,GLDM,tiingo
2020-09-01,39.68,39.26,GLDM,tiingo
2020-09-02,39,38.72,GLDM,tiingo
2020-09-03,38.68,38.46,GLDM,tiingo
2020-09-04,38.4,38.56,GLDM,tiingo
2020-09-08,38.1,38.48,GLDM,tiingo
2020-09-09,38.72,38.82,GLDM,tiingo
2020-09-10,39.1,38.7,GLDM,tiingo
2020-09-11,38.84,38.68,GLDM,tiingo
2020-09-14,38.96,39,GLDM,tiingo
2020-09-15,39.12,38.9,GLDM,tiingo
2020-09-16,39.24,39.02,GLDM,tiingo
2020-09-17,38.6,38.8,GLDM,tiingo
2020-09-18,38.82,38.84,GLDM,tiingo
2020-09-21,38.16,38.1,GLDM,tiingo
2020-09-22,38.14,37.9,GLDM,tiingo
2020-09-23,37.56,37.08,GLDM,tiingo
2020-09-24,37,37.24,GLDM,tiingo
2020-09-25,37.02,37.12,GLDM,tiingo
2020-09-28,37.32,37.5,GLDM,tiingo
2020-09-29,37.62,37.82,GLDM,tiingo
2020-09-30,37.72,37.6,GLDM,tiingo
2020-10-01,37.92,37.94,GLDM,tiingo
2020-10-02,37.94,37.88,GLDM,tiingo
2020-10-05,37.98,38.08,GLDM,tiingo
2020-10-06,38.24,37.62,GLDM,tiingo
2020-10-07,37.58,37.6,GLDM,tiingo
2020-10-08,37.78,37.74,GLDM,tiingo
2020-10-09,38.22,38.42,GLDM,tiingo
2020-10-12,,38.32,GLDM,tiingo
2020-10-13,37.9,37.72,GLDM,tiingo
2020-10-14,37.98,37.8,GLDM,tiingo
2020-10-15,37.72,37.98,GLDM,tiingo
2020-10-16,38.0202,37.86,GLDM,tiingo
2020-10-19,38.06,37.84,GLDM,tiingo
2020-10-20,37.9,38.04,GLDM,tiingo
2020-10-21,38.32,38.34,GLDM,tiingo
2020-10-22,,37.96,GLDM,tiingo
2020-10-23,38.02,37.92,GLDM,tiingo
2020-10-26,37.94,37.9,GLDM,tiingo
2020-10-27,37.94,38.02,GLDM,tiingo
2020-10-28,37.46,37.38,GLDM,tiingo
2020-10-29,37.16,37.24,GLDM,tiingo
2020-10-30,37.58,37.42,GLDM,tiingo
2020-11-02,37.66,37.76,GLDM,tiingo
2020-11-03,37.97,37.98,GLDM,tiingo
2020-11-04,38,37.96,GLDM,tiingo
2020-11-05,38.4,38.84,GLDM,tiingo
2020-11-06,38.92,38.9,GLDM,tiingo
2020-11-09,37.44,37.18,GLDM,tiingo
2020-11-10,37.52,37.3,GLDM,tiingo
2020-11-11,37.08,37.14,GLDM,tiingo
2020-11-12,,37.36,GLDM,tiingo
2020-11-13,37.7,37.58,GLDM,tiingo
2020-11-16,,37.6,GLDM,tiingo
2020-11-17,37.62,37.48,GLDM,tiingo
2020-11-18,37.4,37.26,GLDM,tiingo
2020-11-19,37,37.2,GLDM,tiingo
2020-11-20,37.38,37.32,GLDM,tiingo
2020-11-23,37.16,36.56,GLDM,tiingo
2020-11-24,35.94,36,GLDM,tiingo
2020-11-25,36.06,35.98,GLDM,tiingo
2020-11-27,35.43,35.62,GLDM,tiingo
2020-11-30,35.36,35.4,GLDM,tiingo
2020-12-01,36.04,36.14,GLDM,tiingo
2020-12-02,36.2,36.42,GLDM,tiingo
2020-12-03,36.64,36.66,GLDM,tiingo
2020-12-04,36.68,36.58,GLDM,tiingo
2020-12-07,36.64,37.14,GLDM,tiingo
2020-12-08,37.28,37.26,GLDM,tiingo
2020-12-09,36.94,36.62,GLDM,tiingo
2020-12-10,36.7,36.58,GLDM,tiingo
2020-12-11,36.58,36.64,GLDM,tiingo
2020-12-14,36.5,36.42,GLDM,tiingo
2020-12-15,36.82,36.94,GLDM,tiingo
2020-12-16,36.96,37.12,GLDM,tiingo
2020-12-17,37.6,37.54,GLDM,tiingo
2020-12-18,37.52,37.48,GLDM,tiingo
2020-12-21,37.44,37.36,GLDM,tiingo
2020-12-22,37.4,37.08,GLDM,tiingo
2020-12-23,37.18,37.3,GLDM,tiingo
2020-12-24,37.24,37.46,GLDM,tiingo
2020-12-28,37.66,37.3,GLDM,tiingo
2020-12-29,,37.44,GLDM,tiingo
2020-12-30,37.46,37.72,GLDM,tiingo
2020-12-31,37.8,37.88,GLDM,tiingo
2021-01-04,38.64,38.72,GLDM,tiingo
2021-01-05,,38.82,GLDM,tiingo
2021-01-06,38.54,38.22,GLDM,tiingo
2021-01-07,38.16,38.12,GLDM,tiingo
2021-01-08,37.54,36.8,GLDM,tiingo
2021-01-11,36.56,36.76,GLDM,tiingo
2021-01-12,36.76,36.98,GLDM,tiingo
2021-01-13,36.9,36.82,GLDM,tiingo
2021-01-14,36.82,36.8,GLDM,tiingo
2021-01-15,36.7,36.34,GLDM,tiingo
2021-01-19,36.7,36.64,GLDM,tiingo
2021-01-20,37.02,37.24,GLDM,tiingo
2021-01-21,37.2,37.24,GLDM,tiingo
2021-01-22,36.72,36.92,GLDM,tiingo
2021-01-25,37.14,36.96,GLDM,tiingo
2021-01-26,36.96,36.88,GLDM,tiingo
2021-01-27,36.72,36.66,GLDM,tiingo
2021-01-28,37.02,36.68,GLDM,tiingo
2021-01-29,37.14,36.68,GLDM,tiingo
2021-02-01,37.18,37.02,GLDM,tiingo
2021-02-02,36.64,36.56,GLDM,tiingo
2021-02-03,36.6,36.5,GLDM,tiingo
2021-02-04,35.74,35.72,GLDM,tiingo
2021-02-05,35.86,36.04,GLDM,tiingo
2021-02-08,36.54,36.44,GLDM,tiingo
2021-02-09,36.66,36.54,GLDM,tiingo
2021-02-10,36.78,36.68,GLDM,tiingo
2021-02-11,36.7,36.36,GLDM,tiingo
2021-02-12,36.18,36.26,GLDM,tiingo
2021-02-16,,35.72,GLDM,tiingo
2021-02-17,35.46,35.34,GLDM,tiingo
2021-02-18,35.46,35.34,GLDM,tiingo
2021-02-19,35.42,35.48,GLDM,tiingo
2021-02-22,35.78,36,GLDM,tiingo
2021-02-23,35.98,35.94,GLDM,tiingo
2021-02-24,35.62,35.9,GLDM,tiingo
2021-02-25,35.46,35.24,GLDM,tiingo
2021-02-26,35.06,34.38,GLDM,tiingo
2021-03-01,34.64,34.32,GLDM,tiingo
2021-03-02,34.38,34.5,GLDM,tiingo
2021-03-03,,34.14,GLDM,tiingo
2021-03-04,34.1,33.8,GLDM,tiingo
2021-03-05,33.92,33.78,GLDM,tiingo
2021-03-08,33.7,33.46,GLDM,tiingo
2021-03-09,34.14,34.16,GLDM,tiingo
2021-03-10,34.2,34.36,GLDM,tiingo
2021-03-11,34.3,34.32,GLDM,tiingo
2021-03-12,33.9,34.32,GLDM,tiingo
2021-03-15,34.48,34.46,GLDM,tiingo
2021-03-16,34.5,34.48,GLDM,tiingo
2021-03-17,34.48,34.74,GLDM,tiingo
2021-03-18,34.24,34.54,GLDM,tiingo
2021-03-19,34.54,34.7,GLDM,tiingo
2021-03-22,34.48,34.64,GLDM,tiingo
2021-03-23,34.52,34.4,GLDM,tiingo
2021-03-24,34.44,34.5,GLDM,tiingo
2021-03-25,34.62,34.38,GLDM,tiingo
2021-03-26,34.36,34.48,GLDM,tiingo
2021-03-29,34.3,34.06,GLDM,tiingo
2021-03-30,33.56,33.48,GLDM,tiingo
2021-03-31,33.6,34,GLDM,tiingo
2021-04-01,34.34,34.42,GLDM,tiingo
2021-04-05,34.32,34.4,GLDM,tiingo
2021-04-06,34.58,34.68,GLDM,tiingo
2021-04-07,34.6,34.58,GLDM,tiingo
2021-04-08,34.88,34.96,GLDM,tiingo
2021-04-09,34.6,34.7,GLDM,tiingo
2021-04-12,34.58,34.48,GLDM,tiingo
2021-04-13,34.66,34.7,GLDM,tiingo
2021-04-14,34.6,34.58,GLDM,tiingo
2021-04-15,34.86,35.12,GLDM,tiingo
2021-04-16,,35.32,GLDM,tiingo
2021-04-19,35.26,35.22,GLDM,tiingo
2021-04-20,35.2,35.38,GLDM,tiingo
2021-04-21,35.52,35.72,GLDM,tiingo
2021-04-22,35.52,35.5,GLDM,tiingo
2021-04-23,35.58,35.36,GLDM,tiingo
2021-04-26,35.42,35.46,GLDM,tiingo
2021-04-27,35.48,35.36,GLDM,tiingo
2021-04-28,35.22,35.44,GLDM,tiingo
2021-04-29,35.2,35.32,GLDM,tiingo
2021-04-30,35.26,35.2,GLDM,tiingo
2021-05-03,35.62,35.64,GLDM,tiingo
2021-05-04,35.64,35.4,GLDM,tiingo
2021-05-05,35.42,35.52,GLDM,tiingo
2021-05-06,35.7,36.12,GLDM,tiingo
2021-05-07,36.46,36.44,GLDM,tiingo
2021-05-10,36.72,36.56,GLDM,tiingo
2021-05-11,36.26,36.58,GLDM,tiingo
2021-05-12,36.44,36.2,GLDM,tiingo
2021-05-13,36.2,36.38,GLDM,tiingo
2021-05-14,36.58,36.7,GLDM,tiingo
2021-05-17,36.84,37.14,GLDM,tiingo
2021-05-18,37.2,37.18,GLDM,tiingo
2021-05-19,,37.22,GLDM,tiingo
2021-05-20,37.26,37.4,GLDM,tiingo
2021-05-21,37.5,37.42,GLDM,tiingo
2021-05-24,37.44,37.46,GLDM,tiingo
2021-05-25,37.44,37.82,GLDM,tiingo
2021-05-26,37.92,37.76,GLDM,tiingo
2021-05-27,37.72,37.74,GLDM,tiingo
2021-05-28,37.72,37.86,GLDM,tiingo
2021-06-01,37.98,37.82,GLDM,tiingo
2021-06-02,37.88,37.98,GLDM,tiingo
2021-06-03,37.38,37.22,GLDM,tiingo
2021-06-04,37.52,37.64,GLDM,tiingo
2021-06-07,37.6,37.78,GLDM,tiingo
2021-06-08,37.64,37.66,GLDM,tiingo
2021-06-09,37.68,37.6,GLDM,tiingo
2021-06-10,37.54,37.78,GLDM,tiingo
2021-06-11,37.48,37.34,GLDM,tiingo
2021-06-14,36.78,37.14,GLDM,tiingo
2021-06-15,37.16,37,GLDM,tiingo
2021-06-16,36.98,36.38,GLDM,tiingo
2021-06-17,35.5,35.26,GLDM,tiingo
2021-06-18,35.3,35.06,GLDM,tiingo
2021-06-21,35.38,35.48,GLDM,tiingo
2021-06-22,35.36,35.34,GLDM,tiingo
2021-06-23,35.5,35.32,GLDM,tiingo
2021-06-24,35.52,35.28,GLDM,tiingo
2021-06-25,35.6,35.38,GLDM,tiingo
2021-06-28,35.44,35.38,GLDM,tiingo
2021-06-29,34.94,35.06,GLDM,tiingo
2021-06-30,34.98,35.22,GLDM,tiingo
2021-07-01,35.44,35.32,GLDM,tiingo
2021-07-02,35.6,35.56,GLDM,tiingo
2021-07-06,35.98,35.76,GLDM,tiingo
2021-07-07,35.86,35.88,GLDM,tiingo
2021-07-08,36.12,35.86,GLDM,tiingo
2021-07-09,35.9,35.98,GLDM,tiingo
2021-07-12,35.88,35.92,GLDM,tiingo
2021-07-13,36.04,35.98,GLDM,tiingo
2021-07-14,,36.34,GLDM,tiingo
2021-07-15,36.34,36.38,GLDM,tiingo
2021-07-16,36.28,36.02,GLDM,tiingo
2021-07-19,,36.04,GLDM,tiingo
2021-07-20,36.26,36.02,GLDM,tiingo
2021-07-21,35.8,35.88,GLDM,tiingo
2021-07-22,35.8,35.96,GLDM,tiingo
2021-07-23,,35.82,GLDM,tiingo
2021-07-26,35.84,35.74,GLDM,tiingo
2021-07-27,35.88,35.8,GLDM,tiingo
2021-07-28,35.78,35.98,GLDM,tiingo
2021-07-29,36.3,36.4,GLDM,tiingo
2021-07-30,36.28,36.08,GLDM,tiingo
2021-08-02,36,36.08,GLDM,tiingo
2021-08-03,36.04,36.02,GLDM,tiingo
2021-08-04,36.4,36.06,GLDM,tiingo
2021-08-05,36.02,35.88,GLDM,tiingo
2021-08-06,35.26,35.02,GLDM,tiingo
2021-08-09,34.66,34.4,GLDM,tiingo
2021-08-10,34.32,34.4,GLDM,tiingo
2021-08-11,34.7,34.86,GLDM,tiingo
2021-08-12,34.8,34.9,GLDM,tiingo
2021-08-13,35.1,35.36,GLDM,tiingo
2021-08-16,35.46,35.54,GLDM,tiingo
2021-08-17,35.56,35.5,GLDM,tiingo
2021-08-18,35.54,35.52,GLDM,tiingo
2021-08-19,35.58,35.44,GLDM,tiingo
2021-08-20,35.48,35.46,GLDM,tiingo
2021-08-23,,35.88,GLDM,tiingo
2021-08-24,35.94,35.84,GLDM,tiingo
2021-08-25,35.7,35.6,GLDM,tiingo
2021-08-26,35.58,35.64,GLDM,tiingo
2021-08-27,35.64,36.16,GLDM,tiingo
2021-08-30,36.08,36.02,GLDM,tiingo
2021-08-31,35.98,36.12,GLDM,tiingo
2021-09-01,36.14,36.08,GLDM,tiingo
2021-09-02,36.06,36,GLDM,tiingo
2021-09-03,36.26,36.38,GLDM,tiingo
2021-09-07,36.06,35.68,GLDM,tiingo
2021-09-08,35.74,35.56,GLDM,tiingo
2021-09-09,35.78,35.7,GLDM,tiingo
2021-09-10,35.7,35.54,GLDM,tiingo
2021-09-13,35.62,35.68,GLDM,tiingo
2021-09-14,35.78,35.88,GLDM,tiingo
2021-09-15,35.76,35.66,GLDM,tiingo
2021-09-16,34.96,34.88,GLDM,tiingo
2021-09-17,34.86,34.84,GLDM,tiingo
2021-09-20,34.94,35.08,GLDM,tiingo
2021-09-21,35.26,35.3,GLDM,tiingo
2021-09-22,35.28,35.16,GLDM,tiingo
2021-09-23,34.9,34.76,GLDM,tiingo
2021-09-24,34.68,34.72,GLDM,tiingo
2021-09-27,34.84,34.82,GLDM,tiingo
2021-09-28,34.62,34.46,GLDM,tiingo
2021-09-29,34.52,34.32,GLDM,tiingo
2021-09-30,34.6,34.92,GLDM,tiingo
2021-10-01,34.94,34.98,GLDM,tiingo
2021-10-04,34.82,35.18,GLDM,tiingo
2021-10-05,34.88,35,GLDM,tiingo
2021-10-06,34.9,35.06,GLDM,tiingo
2021-10-07,34.9,34.92,GLDM,tiingo
2021-10-08,35.38,34.94,GLDM,tiingo
2021-10-11,34.9,34.86,GLDM,tiingo
2021-10-12,,35.02,GLDM,tiingo
2021-10-13,35.16,35.62,GLDM,tiingo
2021-10-14,35.78,35.74,GLDM,tiingo
2021-10-15,35.18,35.14,GLDM,tiingo
2021-10-18,35.2,35.06,GLDM,tiingo
2021-10-19,35.4,35.2,GLDM,tiingo
2021-10-20,35.36,35.5,GLDM,tiingo
2021-10-21,35.46,35.48,GLDM,tiingo
2021-10-22,35.88,35.68,GLDM,tiingo
2021-10-25,35.88,35.92,GLDM,tiingo
2021-10-26,35.72,35.66,GLDM,tiingo
2021-10-27,35.68,35.76,GLDM,tiingo
2021-10-28,35.94,35.76,GLDM,tiingo
2021-10-29,35.38,35.46,GLDM,tiingo
2021-11-01,35.6,35.64,GLDM,tiingo
2021-11-02,35.62,35.54,GLDM,tiingo
2021-11-03,35.18,35.24,GLDM,tiingo
2021-11-04,,35.64,GLDM,tiingo
2021-11-05,35.84,36.14,GLDM,tiingo
2021-11-08,,36.26,GLDM,tiingo
2021-11-09,36.3,36.44,GLDM,tiingo
2021-11-10,36.92,36.84,GLDM,tiingo
2021-11-11,37.02,37.04,GLDM,tiingo
2021-11-12,36.92,37.1,GLDM,tiingo
2021-11-15,37.04,37.06,GLDM,tiingo
2021-11-16,37.02,36.8,GLDM,tiingo
2021-11-17,37.06,37.1,GLDM,tiingo
2021-11-18,37.02,37,GLDM,tiingo
2021-11-19,36.96,36.74,GLDM,tiingo
2021-11-22,36.14,35.9,GLDM,tiingo
2021-11-23,35.5802,35.6,GLDM,tiingo
2021-11-24,35.44,35.56,GLDM,tiingo
2021-11-26,35.88,35.5,GLDM,tiingo
2021-11-29,35.5,35.46,GLDM,tiingo
2021-11-30,35.7,35.22,GLDM,tiingo
2021-12-01,35.5,35.36,GLDM,tiingo
2021-12-02,35.3,35.14,GLDM,tiingo
2021-12-03,35.2,35.46,GLDM,tiingo
2021-12-06,35.34,35.38,GLDM,tiingo
2021-12-07,35.38,35.5,GLDM,tiingo
2021-12-08,35.44,35.5,GLDM,tiingo
2021-12-09,35.44,35.3,GLDM,tiingo
2021-12-10,35.48,35.42,GLDM,tiingo
2021-12-13,35.52,35.54,GLDM,tiingo
2021-12-14,35.18,35.2,GLDM,tiingo
2021-12-15,35.18,35.36,GLDM,tiingo
2021-12-16,35.52,35.76,GLDM,tiingo
2021-12-17,35.9,35.7,GLDM,tiingo
2021-12-20,35.72,35.56,GLDM,tiingo
2021-12-21,35.7,35.54,GLDM,tiingo
2021-12-22,35.68,35.9,GLDM,tiingo
2021-12-23,35.92,35.96,GLDM,tiingo
2021-12-27,35.94,36.02,GLDM,tiingo
2021-12-28,36,35.9,GLDM,tiingo
2021-12-29,35.62,35.88,GLDM,tiingo
2021-12-30,35.82,36.12,GLDM,tiingo
2021-12-31,36.28,36.36,GLDM,tiingo
2022-01-03,35.92,35.8,GLDM,tiingo
2022-01-04,35.96,36.08,GLDM,tiingo
2022-01-05,36.32,35.96,GLDM,tiingo
2022-01-06,35.58,35.54,GLDM,tiingo
2022-01-07,35.64,35.68,GLDM,tiingo
2022-01-10,35.6,35.8,GLDM,tiingo
2022-01-11,35.86,36.24,GLDM,tiingo
2022-01-12,36.2,36.32,GLDM,tiingo
2022-01-13,36.2,36.22,GLDM,tiingo
2022-01-14,36.22,36.12,GLDM,tiingo
2022-01-18,36.08,36.06,GLDM,tiingo
2022-01-19,36.24,36.64,GLDM,tiingo
2022-01-20,36.68,36.52,GLDM,tiingo
2022-01-21,36.62,36.42,GLDM,tiingo
2022-01-24,36.56,36.58,GLDM,tiingo
2022-01-25,36.6,36.74,GLDM,tiingo
2022-01-26,36.48,36.14,GLDM,tiingo
2022-01-27,35.76,35.68,GLDM,tiingo
2022-01-28,35.46,35.56,GLDM,tiingo
2022-01-31,35.72,35.76,GLDM,tiingo
2022-02-01,35.86,35.78,GLDM,tiingo
2022-02-02,35.84,35.94,GLDM,tiingo
2022-02-03,35.84,35.88,GLDM,tiingo
2022-02-04,35.76,35.94,GLDM,tiingo
2022-02-07,36.08,36.22,GLDM,tiingo
2022-02-08,36.22,36.3,GLDM,tiingo
2022-02-09,36.34,36.44,GLDM,tiingo
2022-02-10,36.3,36.32,GLDM,tiingo
2022-02-11,36.32,37,GLDM,tiingo
2022-02-14,37,37.18,GLDM,tiingo
2022-02-15,36.82,36.84,GLDM,tiingo
2022-02-16,36.92,37.22,GLDM,tiingo
2022-02-17,37.6,37.72,GLDM,tiingo
2022-02-18,,37.68,GLDM,tiingo
2022-02-22,37.8,37.76,GLDM,tiingo
2022-02-23,37.7653,37.95,GLDM,tiingo
2022-02-24,38.86,37.72,GLDM,tiingo
2022-02-25,37.56,37.57,GLDM,tiingo
2022-02-28,38.07,37.96,GLDM,tiingo
2022-03-01,38.12,38.67,GLDM,tiingo
2022-03-02,38.35,38.25,GLDM,tiingo
2022-03-03,38.31,38.48,GLDM,tiingo
2022-03-04,38.77,39.1,GLDM,tiingo
2022-03-07,39.25,39.68,GLDM,tiingo
2022-03-08,40.08,40.77,GLDM,tiingo
2022-03-09,39.61,39.56,GLDM,tiingo
2022-03-10,39.79,39.68,GLDM,tiingo
2022-03-11,39.12,39.39,GLDM,tiingo
2022-03-14,38.95,38.81,GLDM,tiingo
2022-03-15,38.11,38.08,GLDM,tiingo
2022-03-16,38.12,38.33,GLDM,tiingo
2022-03-17,38.57,38.5,GLDM,tiingo
2022-03-18,38.29,38.15,GLDM,tiingo
2022-03-21,38.19,38.46,GLDM,tiingo
2022-03-22,38.22,38.18,GLDM,tiingo
2022-03-23,38.39,38.69,GLDM,tiingo
2022-03-24,38.83,38.99,GLDM,tiingo
2022-03-25,38.71,38.84,GLDM,tiingo
2022-03-28,38.4,38.14,GLDM,tiingo
2022-03-29,37.68,38.14,GLDM,tiingo
2022-03-30,38.28,38.43,GLDM,tiingo
2022-03-31,38.5,38.47,GLDM,tiingo
2022-04-01,38.24,38.2,GLDM,tiingo
2022-04-04,38.38,38.41,GLDM,tiingo
2022-04-05,38.52,38.17,GLDM,tiingo
2022-04-06,38.28,38.25,GLDM,tiingo
2022-04-07,38.29,38.39,GLDM,tiingo
2022-04-08,38.43,38.64,GLDM,tiingo
2022-04-11,39.01,38.81,GLDM,tiingo
2022-04-12,39.17,39.12,GLDM,tiingo
2022-04-13,39.27,39.31,GLDM,tiingo
2022-04-14,39.25,39.18,GLDM,tiingo
2022-04-18,39.61,39.31,GLDM,tiingo
2022-04-19,39.01,38.71,GLDM,tiingo
2022-04-20,38.68,38.91,GLDM,tiingo
2022-04-21,38.71,38.77,GLDM,tiingo
2022-04-22,38.49,38.39,GLDM,tiingo
2022-04-25,37.74,37.71,GLDM,tiingo
2022-04-26,37.9,37.78,GLDM,tiingo
2022-04-27,37.59,37.48,GLDM,tiingo
2022-04-28,37.45,37.67,GLDM,tiingo
2022-04-29,37.91,37.67,GLDM,tiingo
2022-05-02,,36.98,GLDM,tiingo
2022-05-03,37.04,37.07,GLDM,tiingo
2022-05-04,37.14,37.44,GLDM,tiingo
2022-05-05,37.81,37.3,GLDM,tiingo
2022-05-06,37.36,37.37,GLDM,tiingo
2022-05-09,37.1,36.83,GLDM,tiingo
2022-05-10,37.01,36.48,GLDM,tiingo
2022-05-11,36.75,36.82,GLDM,tiingo
2022-05-12,36.66,36.23,GLDM,tiingo
2022-05-13,35.86,35.96,GLDM,tiingo
2022-05-16,35.88,36.29,GLDM,tiingo
2022-05-17,36.31,36.06,GLDM,tiingo
2022-05-18,36.01,36.09,GLDM,tiingo
2022-05-19,36.54,36.61,GLDM,tiingo
2022-05-20,36.58,36.63,GLDM,tiingo
2022-05-23,36.89,36.82,GLDM,tiingo
2022-05-24,36.95,37.1,GLDM,tiingo
2022-05-25,36.81,36.86,GLDM,tiingo
2022-05-26,36.68,36.8,GLDM,tiingo
2022-05-27,36.95,36.83,GLDM,tiingo
2022-05-31,36.8,36.46,GLDM,tiingo
2022-06-01,36.67,36.7,GLDM,tiingo
2022-06-02,37.01,37.14,GLDM,tiingo
2022-06-03,36.97,36.75,GLDM,tiingo
2022-06-06,36.83,36.6,GLDM,tiingo
2022-06-07,36.66,36.83,GLDM,tiingo
2022-06-08,36.83,36.8,GLDM,tiingo
2022-06-09,36.73,36.68,GLDM,tiingo
2022-06-10,36.41,37.19,GLDM,tiingo
2022-06-13,36.48,36.2,GLDM,tiingo
2022-06-14,36.13,35.93,GLDM,tiingo
2022-06-15,36.31,36.38,GLDM,tiingo
2022-06-16,36.32,36.8,GLDM,tiingo
2022-06-17,36.68,36.5,GLDM,tiingo
2022-06-21,36.44,36.37,GLDM,tiingo
2022-06-22,36.57,36.51,GLDM,tiingo
2022-06-23,36.52,36.29,GLDM,tiingo
2022-06-24,36.28,36.22,GLDM,tiingo
2022-06-27,36.36,36.19,GLDM,tiingo
2022-06-28,36.23,36.15,GLDM,tiingo
2022-06-29,36.34,36.12,GLDM,tiingo
2022-06-30,36.11,35.88,GLDM,tiingo
2022-07-01,35.6,35.87,GLDM,tiingo
2022-07-05,35.63,35.11,GLDM,tiingo
2022-07-06,35.01,34.55,GLDM,tiingo
2022-07-07,34.6,34.58,GLDM,tiingo
2022-07-08,34.6,34.59,GLDM,tiingo
2022-07-11,34.52,34.4,GLDM,tiingo
2022-07-12,34.35,34.27,GLDM,tiingo
2022-07-13,34.11,34.44,GLDM,tiingo
2022-07-14,33.87,33.95,GLDM,tiingo
2022-07-15,33.89,33.88,GLDM,tiingo
2022-07-18,34.11,33.92,GLDM,tiingo
2022-07-19,33.98,34.01,GLDM,tiingo
2022-07-20,34.03,33.69,GLDM,tiingo
2022-07-21,33.73,34.16,GLDM,tiingo
2022-07-22,34.2,34.25,GLDM,tiingo
2022-07-25,34.24,34.15,GLDM,tiingo
2022-07-26,34.15,34.13,GLDM,tiingo
2022-07-27,34.11,34.46,GLDM,tiingo
2022-07-28,34.82,34.87,GLDM,tiingo
2022-07-29,34.94,34.99,GLDM,tiingo
2022-08-01,35.16,35.17,GLDM,tiingo
2022-08-02,35.32,34.97,GLDM,tiingo
2022-08-03,35.13,35.07,GLDM,tiingo
2022-08-04,35.29,35.63,GLDM,tiingo
2022-08-05,35.17,35.22,GLDM,tiingo
2022-08-08,35.39,35.53,GLDM,tiingo
2022-08-09,35.7,35.62,GLDM,tiingo
2022-08-10,35.67,35.56,GLDM,tiingo
2022-08-11,35.62,35.47,GLDM,tiingo
2022-08-12,35.64,35.78,GLDM,tiingo
2022-08-15,35.37,35.34,GLDM,tiingo
2022-08-16,35.25,35.27,GLDM,tiingo
2022-08-17,35.21,35.04,GLDM,tiingo
2022-08-18,35.1,34.96,GLDM,tiingo
2022-08-19,34.9,34.69,GLDM,tiingo
2022-08-22,34.45,34.46,GLDM,tiingo
2022-08-23,34.54,34.71,GLDM,tiingo
2022-08-24,34.62,34.8,GLDM,tiingo
2022-08-25,34.94,34.9,GLDM,tiingo
2022-08-26,34.78,34.5,GLDM,tiingo
2022-08-29,34.5,34.52,GLDM,tiingo
2022-08-30,34.4,34.23,GLDM,tiingo
2022-08-31,34,33.97,GLDM,tiingo
2022-09-01,33.73,33.66,GLDM,tiingo
2022-09-02,,33.96,GLDM,tiingo
2022-09-06,33.94,33.77,GLDM,tiingo
2022-09-07,33.73,34.09,GLDM,tiingo
2022-09-08,34,33.9,GLDM,tiingo
2022-09-09,34.06,34.07,GLDM,tiingo
2022-09-12,34.34,34.25,GLDM,tiingo
2022-09-13,33.8,33.81,GLDM,tiingo
2022-09-14,33.83,33.68,GLDM,tiingo
2022-09-15,33.43,33.05,GLDM,tiingo
2022-09-16,32.97,33.23,GLDM,tiingo
2022-09-19,33.02,33.26,GLDM,tiingo
2022-09-20,,33.07,GLDM,tiingo
2022-09-21,33.27,33.22,GLDM,tiingo
2022-09-22,33.31,33.2,GLDM,tiingo
2022-09-23,32.83,32.62,GLDM,tiingo
2022-09-26,32.66,32.24,GLDM,tiingo
2022-09-27,32.46,32.32,GLDM,tiingo
2022-09-28,32.68,32.97,GLDM,tiingo
2022-09-29,32.86,32.99,GLDM,tiingo
2022-09-30,33.05,32.98,GLDM,tiingo
2022-10-03,33.14,33.77,GLDM,tiingo
2022-10-04,33.94,34.26,GLDM,tiingo
2022-10-05,33.97,34.07,GLDM,tiingo
2022-10-06,34,34.05,GLDM,tiingo
2022-10-07,33.79,33.66,GLDM,tiingo
2022-10-10,33.25,33.15,GLDM,tiingo
2022-10-11,33.14,33.08,GLDM,tiingo
2022-10-12,33.16,33.27,GLDM,tiingo
2022-10-13,32.72,33.03,GLDM,tiingo
2022-10-14,32.85,32.63,GLDM,tiingo
2022-10-17,33.03,32.73,GLDM,tiingo
2022-10-18,32.86,32.8,GLDM,tiingo
2022-10-19,32.44,32.36,GLDM,tiingo
2022-10-20,32.41,32.3,GLDM,tiingo
2022-10-21,32.41,32.87,GLDM,tiingo
2022-10-24,32.73,32.78,GLDM,tiingo
2022-10-25,32.83,32.85,GLDM,tiingo
2022-10-26,33.01,33.06,GLDM,tiingo
2022-10-27,32.99,33.01,GLDM,tiingo
2022-10-28,32.63,32.67,GLDM,tiingo
2022-10-31,32.46,32.41,GLDM,tiingo
2022-11-01,32.82,32.72,GLDM,tiingo
2022-11-02,32.89,32.49,GLDM,tiingo
2022-11-03,32.14,32.39,GLDM,tiingo
2022-11-04,33.04,33.38,GLDM,tiingo
2022-11-07,33.32,33.25,GLDM,tiingo
2022-11-08,33.29,34.01,GLDM,tiingo
2022-11-09,33.99,33.85,GLDM,tiingo
2022-11-10,34.54,34.87,GLDM,tiingo
2022-11-11,34.98,35.09,GLDM,tiingo
2022-11-14,35.04,35.18,GLDM,tiingo
2022-11-15,35.26,35.31,GLDM,tiingo
2022-11-16,35.28,35.23,GLDM,tiingo
2022-11-17,34.93,34.98,GLDM,tiingo
2022-11-18,34.86,34.73,GLDM,tiingo
2022-11-21,34.64,34.53,GLDM,tiingo
2022-11-22,34.63,34.56,GLDM,tiingo
2022-11-23,34.48,34.77,GLDM,tiingo
2022-11-25,34.73,34.82,GLDM,tiingo
2022-11-28,34.76,34.55,GLDM,tiingo
2022-11-29,34.72,34.73,GLDM,tiingo
2022-11-30,34.92,35.14,GLDM,tiingo
2022-12-01,35.73,35.81,GLDM,tiingo
2022-12-02,35.45,35.69,GLDM,tiingo
2022-12-05,35.53,35.08,GLDM,tiingo
2022-12-06,35.24,35.18,GLDM,tiingo
2022-12-07,35.29,35.49,GLDM,tiingo
2022-12-08,35.53,35.52,GLDM,tiingo
2022-12-09,35.69,35.64,GLDM,tiingo
2022-12-12,35.51,35.35,GLDM,tiingo
2022-12-13,36.1,35.94,GLDM,tiingo
2022-12-14,35.93,35.86,GLDM,tiingo
2022-12-15,35.37,35.29,GLDM,tiingo
2022-12-16,35.43,35.59,GLDM,tiingo
2022-12-19,35.56,35.49,GLDM,tiingo
2022-12-20,35.87,36.09,GLDM,tiingo
2022-12-21,36.07,36.01,GLDM,tiingo
2022-12-22,35.81,35.58,GLDM,tiingo
2022-12-23,35.6,35.68,GLDM,tiingo
2022-12-27,35.82,35.99,GLDM,tiingo
2022-12-28,35.86,35.83,GLDM,tiingo
2022-12-29,35.96,36.02,GLDM,tiingo
2022-12-30,36.11,36.19,GLDM,tiingo
2023-01-03,36.55,36.5,GLDM,tiingo
2023-01-04,36.88,36.85,GLDM,tiingo
2023-01-05,36.47,36.4,GLDM,tiingo
2023-01-06,36.66,37.07,GLDM,tiingo
2023-01-09,37.24,37.16,GLDM,tiingo
2023-01-10,37.26,37.28,GLDM,tiingo
2023-01-11,37.29,37.26,GLDM,tiingo
2023-01-12,37.56,37.7,GLDM,tiingo
2023-01-13,37.77,38.14,GLDM,tiingo
2023-01-17,38.021,37.91,GLDM,tiingo
2023-01-18,38.16,37.78,GLDM,tiingo
2023-01-19,38.07,38.4,GLDM,tiingo
2023-01-20,38.22,38.27,GLDM,tiingo
2023-01-23,38.08,38.33,GLDM,tiingo
2023-01-24,38.33,38.48,GLDM,tiingo
2023-01-25,38.28,38.66,GLDM,tiingo
2023-01-26,38.45,38.31,GLDM,tiingo
2023-01-27,38.28,38.26,GLDM,tiingo
2023-01-30,38.25,38.16,GLDM,tiingo
2023-01-31,38.17,38.28,GLDM,tiingo
2023-02-01,38.37,38.79,GLDM,tiingo
2023-02-02,38.65,37.96,GLDM,tiingo
2023-02-03,37.34,37.03,GLDM,tiingo
2023-02-06,37.15,37.1,GLDM,tiingo
2023-02-07,37.07,37.14,GLDM,tiingo
2023-02-08,37.35,37.23,GLDM,tiingo
2023-02-09,37.45,36.93,GLDM,tiingo
2023-02-10,37.08,37.01,GLDM,tiingo
2023-02-13,36.86,36.82,GLDM,tiingo
2023-02-14,36.71,36.85,GLDM,tiingo
2023-02-15,36.42,36.48,GLDM,tiingo
2023-02-16,36.35,36.46,GLDM,tiingo
2023-02-17,36.25,36.56,GLDM,tiingo
2023-02-21,36.54,36.43,GLDM,tiingo
2023-02-22,36.46,36.22,GLDM,tiingo
2023-02-23,36.27,36.21,GLDM,tiingo
2023-02-24,,35.95,GLDM,tiingo
2023-02-27,36.05,36.08,GLDM,tiingo
2023-02-28,36.03,36.24,GLDM,tiingo
2023-03-01,36.5,36.48,GLDM,tiingo
2023-03-02,36.39,36.45,GLDM,tiingo
2023-03-03,36.61,36.83,GLDM,tiingo
2023-03-06,36.79,36.66,GLDM,tiingo
2023-03-07,36.38,36.01,GLDM,tiingo
2023-03-08,36,35.99,GLDM,tiingo
2023-03-09,36.24,36.34,GLDM,tiingo
2023-03-10,36.72,37.13,GLDM,tiingo
2023-03-13,37.71,37.97,GLDM,tiingo
2023-03-14,37.88,37.77,GLDM,tiingo
2023-03-15,38.17,38.04,GLDM,tiingo
2023-03-16,38.33,38.12,GLDM,tiingo
2023-03-17,38.66,39.24,GLDM,tiingo
2023-03-20,39.33,39.25,GLDM,tiingo
2023-03-21,39.01,38.5,GLDM,tiingo
2023-03-22,38.52,39.17,GLDM,tiingo
2023-03-23,39.27,39.66,GLDM,tiingo
2023-03-24,39.63,39.21,GLDM,tiingo
2023-03-27,38.69,38.85,GLDM,tiingo
2023-03-28,38.92,39.16,GLDM,tiingo
2023-03-29,38.98,38.96,GLDM,tiingo
2023-03-30,39.03,39.32,GLDM,tiingo
2023-03-31,39.32,39.11,GLDM,tiingo
2023-04-03,39.26,39.41,GLDM,tiingo
2023-04-04,39.45,40.14,GLDM,tiingo
2023-04-05,40.23,40.1,GLDM,tiingo
2023-04-06,39.91,39.83,GLDM,tiingo
2023-04-10,39.55,39.53,GLDM,tiingo
2023-04-11,39.69,39.78,GLDM,tiingo
2023-04-12,40.06,39.98,GLDM,tiingo
2023-04-13,40.52,40.5,GLDM,tiingo
2023-04-14,40.18,39.79,GLDM,tiingo
2023-04-17,39.69,39.63,GLDM,tiingo
2023-04-18,39.57,39.79,GLDM,tiingo
2023-04-19,39.38,39.59,GLDM,tiingo
2023-04-20,39.77,39.76,GLDM,tiingo
2023-04-21,39.51,39.35,GLDM,tiingo
2023-04-24,39.31,39.48,GLDM,tiingo
2023-04-25,39.49,39.68,GLDM,tiingo
2023-04-26,39.87,39.46,GLDM,tiingo
2023-04-27,39.28,39.45,GLDM,tiingo
2023-04-28,39.45,39.49,GLDM,tiingo
2023-05-01,39.75,39.3,GLDM,tiingo
2023-05-02,39.45,40.07,GLDM,tiingo
2023-05-03,40.07,40.39,GLDM,tiingo
2023-05-04,40.34,40.67,GLDM,tiingo
2023-05-05,39.85,40.05,GLDM,tiingo
2023-05-08,40.13,40.1,GLDM,tiingo
2023-05-09,40.2,40.38,GLDM,tiingo
2023-05-10,40.37,40.31,GLDM,tiingo
2023-05-11,40.25,39.98,GLDM,tiingo
2023-05-12,40.05,39.9,GLDM,tiingo
2023-05-15,40.02,39.99,GLDM,tiingo
2023-05-16,39.85,39.49,GLDM,tiingo
2023-05-17,39.38,39.36,GLDM,tiingo
2023-05-18,38.91,38.85,GLDM,tiingo
2023-05-19,38.94,39.23,GLDM,tiingo
2023-05-22,,39.15,GLDM,tiingo
2023-05-23,39.07,39.19,GLDM,tiingo
2023-05-24,39.22,38.88,GLDM,tiingo
2023-05-25,38.71,38.51,GLDM,tiingo
2023-05-26,38.68,38.66,GLDM,tiingo
2023-05-30,38.81,38.91,GLDM,tiingo
2023-05-31,38.97,38.95,GLDM,tiingo
2023-06-01,39.06,39.25,GLDM,tiingo
2023-06-02,39.21,38.68,GLDM,tiingo
2023-06-05,38.63,38.91,GLDM,tiingo
2023-06-06,,38.96,GLDM,tiingo
2023-06-07,38.88,38.5,GLDM,tiingo
2023-06-08,38.89,39,GLDM,tiingo
2023-06-09,38.97,38.9,GLDM,tiingo
2023-06-12,38.83,38.86,GLDM,tiingo
2023-06-13,38.89,38.57,GLDM,tiingo
2023-06-14,38.81,38.6,GLDM,tiingo
2023-06-15,38.51,38.87,GLDM,tiingo
2023-06-16,38.88,38.8,GLDM,tiingo
2023-06-20,38.48,38.42,GLDM,tiingo
2023-06-21,38.29,38.37,GLDM,tiingo
2023-06-22,38.12,37.98,GLDM,tiingo
2023-06-23,38.37,38.08,GLDM,tiingo
2023-06-26,38.25,38.16,GLDM,tiingo
2023-06-27,38.26,37.97,GLDM,tiingo
2023-06-28,,37.88,GLDM,tiingo
2023-06-29,37.58,37.86,GLDM,tiingo
2023-06-30,37.96,38.09,GLDM,tiingo
2023-07-03,38.16,38.15,GLDM,tiingo
2023-07-05,38.33,38.01,GLDM,tiingo
2023-07-06,37.94,37.91,GLDM,tiingo
2023-07-07,38.11,38.19,GLDM,tiingo
2023-07-10,38.12,38.22,GLDM,tiingo
2023-07-11,38.35,38.34,GLDM,tiingo
2023-07-12,38.71,38.87,GLDM,tiingo
2023-07-13,,38.89,GLDM,tiingo
2023-07-14,38.82,38.77,GLDM,tiingo
2023-07-17,38.69,38.8,GLDM,tiingo
2023-07-18,39.06,39.25,GLDM,tiingo
2023-07-19,39.21,39.25,GLDM,tiingo
2023-07-20,39.28,39.06,GLDM,tiingo
2023-07-21,38.91,38.95,GLDM,tiingo
2023-07-24,38.96,38.78,GLDM,tiingo
2023-07-25,38.85,38.97,GLDM,tiingo
2023-07-26,39.04,39.19,GLDM,tiingo
2023-07-27,38.82,38.58,GLDM,tiingo
2023-07-28,38.78,38.88,GLDM,tiingo
2023-07-31,38.99,38.98,GLDM,tiingo
2023-08-01,38.66,38.58,GLDM,tiingo
2023-08-02,38.61,38.4,GLDM,tiingo
2023-08-03,38.37,38.38,GLDM,tiingo
2023-08-04,38.53,38.51,GLDM,tiingo
2023-08-07,38.5,38.42,GLDM,tiingo
2023-08-08,,38.19,GLDM,tiingo
2023-08-09,38.2,38.005,GLDM,tiingo
2023-08-10,38.09,37.97,GLDM,tiingo
2023-08-11,37.98,37.97,GLDM,tiingo
2023-08-14,37.81,37.86,GLDM,tiingo
2023-08-15,37.78,37.75,GLDM,tiingo
2023-08-16,37.75,37.55,GLDM,tiingo
2023-08-17,37.74,37.48,GLDM,tiingo
2023-08-18,37.59,37.49,GLDM,tiingo
2023-08-21,37.6,37.58,GLDM,tiingo
2023-08-22,37.58,37.64,GLDM,tiingo
2023-08-23,37.92,38.03,GLDM,tiingo
2023-08-24,37.97,38.02,GLDM,tiingo
2023-08-25,,37.97,GLDM,tiingo
2023-08-28,37.98,38.09,GLDM,tiingo
2023-08-29,38.06,38.46,GLDM,tiingo
2023-08-30,38.61,38.56,GLDM,tiingo
2023-08-31,38.55,38.48,GLDM,tiingo
2023-09-01,38.66,38.51,GLDM,tiingo
2023-09-05,38.35,38.2,GLDM,tiingo
2023-09-06,38.14,38.02,GLDM,tiingo
2023-09-07,38.12,38.06,GLDM,tiingo
2023-09-08,38.14,38.07,GLDM,tiingo
2023-09-11,38.27,38.14,GLDM,tiingo
2023-09-12,37.86,37.95,GLDM,tiingo
2023-09-13,37.96,37.86,GLDM,tiingo
2023-09-14,37.73,37.88,GLDM,tiingo
2023-09-15,38.18,38.13,GLDM,tiingo
2023-09-18,38.24,38.36,GLDM,tiingo
2023-09-19,38.4,38.32,GLDM,tiingo
2023-09-20,38.36,38.355,GLDM,tiingo
2023-09-21,38.04,38.08,GLDM,tiingo
2023-09-22,38.2,38.21,GLDM,tiingo
2023-09-25,38.16,38.01,GLDM,tiingo
2023-09-26,37.81,37.69,GLDM,tiingo
2023-09-27,37.49,37.24,GLDM,tiingo
2023-09-28,37.19,37.05,GLDM,tiingo
2023-09-29,37.2,36.66,GLDM,tiingo
2023-10-02,36.41,36.28,GLDM,tiingo
2023-10-03,,36.17,GLDM,tiingo
2023-10-04,36.19,36.18,GLDM,tiingo
2023-10-05,36.08,36.11,GLDM,tiingo
2023-10-06,36.18,36.3,GLDM,tiingo
2023-10-09,36.62,36.97,GLDM,tiingo
2023-10-10,36.81,36.91,GLDM,tiingo
2023-10-11,37.14,37.16,GLDM,tiingo
2023-10-12,37.23,37.06,GLDM,tiingo
2023-10-13,37.85,38.26,GLDM,tiingo
2023-10-16,38.04,38.06,GLDM,tiingo
2023-10-17,,38.14,GLDM,tiingo
2023-10-18,38.7,38.68,GLDM,tiingo
2023-10-19,38.72,39.17,GLDM,tiingo
2023-10-20,39.25,39.26,GLDM,tiingo
2023-10-23,39.25,39.14,GLDM,tiingo
2023-10-24,38.95,39.12,GLDM,tiingo
2023-10-25,39.24,39.29,GLDM,tiingo
2023-10-26,39.22,39.36,GLDM,tiingo
2023-10-27,39.32,39.81,GLDM,tiingo
2023-10-30,39.7,39.58,GLDM,tiingo
2023-10-31,39.6,39.37,GLDM,tiingo
2023-11-01,39.35,39.24,GLDM,tiingo
2023-11-02,39.4,39.39,GLDM,tiingo
2023-11-03,39.47,39.52,GLDM,tiingo
2023-11-06,39.38,39.22,GLDM,tiingo
2023-11-07,39,39.05,GLDM,tiingo
2023-11-08,38.93,38.67,GLDM,tiingo
2023-11-09,38.72,38.83,GLDM,tiingo
2023-11-10,38.63,38.4,GLDM,tiingo
2023-11-13,38.37,38.61,GLDM,tiingo
2023-11-14,38.87,38.96,GLDM,tiingo
2023-11-15,38.95,38.87,GLDM,tiingo
2023-11-16,39.11,39.3,GLDM,tiingo
2023-11-17,39.36,39.3,GLDM,tiingo
2023-11-20,39.01,39.22,GLDM,tiingo
2023-11-21,39.69,39.65,GLDM,tiingo
2023-11-22,39.69,39.48,GLDM,tiingo
2023-11-24,,39.7,GLDM,tiingo
2023-11-27,39.91,39.97,GLDM,tiingo
2023-11-28,40.2,40.48,GLDM,tiingo
2023-11-29,40.48,40.56,GLDM,tiingo
2023-11-30,40.43,40.38,GLDM,tiingo
2023-12-01,40.39,41.07,GLDM,tiingo
2023-12-04,40.58,40.19,GLDM,tiingo
2023-12-05,40.14,40.05,GLDM,tiingo
2023-12-06,40.31,40.21,GLDM,tiingo
2023-12-07,40.32,40.25,GLDM,tiingo
2023-12-08,39.78,39.73,GLDM,tiingo
2023-12-11,39.49,39.29,GLDM,tiingo
2023-12-12,39.34,39.27,GLDM,tiingo
2023-12-13,39.33,40.14,GLDM,tiingo
2023-12-14,40.41,40.4,GLDM,tiingo
2023-12-15,40.35,40.02,GLDM,tiingo
2023-12-18,40.13,40.2,GLDM,tiingo
2023-12-19,40.28,40.48,GLDM,tiingo
2023-12-20,40.38,40.26,GLDM,tiingo
2023-12-21,40.5,40.55,GLDM,tiingo
2023-12-22,41,40.71,GLDM,tiingo
2023-12-26,40.87,41.03,GLDM,tiingo
2023-12-27,41.04,41.23,GLDM,tiingo
2023-12-28,41.17,40.99,GLDM,tiingo
2023-12-29,40.87,40.91,GLDM,tiingo
2024-01-02,40.98,40.81,GLDM,tiingo
2024-01-03,40.41,40.47,GLDM,tiingo
2024-01-04,40.47,40.52,GLDM,tiingo
2024-01-05,40.6,40.52,GLDM,tiingo
2024-01-08,40.06,40.2,GLDM,tiingo
2024-01-09,40.39,40.23,GLDM,tiingo
2024-01-10,40.27,40.12,GLDM,tiingo
2024-01-11,40.24,40.21,GLDM,tiingo
2024-01-12,40.82,40.61,GLDM,tiingo
2024-01-16,40.48,40.22,GLDM,tiingo
2024-01-17,40.1,39.79,GLDM,tiingo
2024-01-18,39.88,40.1,GLDM,tiingo
2024-01-19,40.31,40.23,GLDM,tiingo
2024-01-22,,40.08,GLDM,tiingo
2024-01-23,40.13,40.22,GLDM,tiingo
2024-01-24,40.33,39.9,GLDM,tiingo
2024-01-25,40.1,40.07,GLDM,tiingo
2024-01-26,40.09,40.04,GLDM,tiingo
2024-01-29,40.31,40.32,GLDM,tiingo
2024-01-30,40.61,40.37,GLDM,tiingo
2024-01-31,40.54,40.34,GLDM,tiingo
2024-02-01,40.61,40.75,GLDM,tiingo
2024-02-02,40.26,40.37,GLDM,tiingo
2024-02-05,40.01,40.16,GLDM,tiingo
2024-02-06,40.24,40.38,GLDM,tiingo
2024-02-07,40.36,40.34,GLDM,tiingo
2024-02-08,40.23,40.32,GLDM,tiingo
2024-02-09,,40.15,GLDM,tiingo
2024-02-12,39.96,40.06,GLDM,tiingo
2024-02-13,39.7,39.51,GLDM,tiingo
2024-02-14,39.45,39.49,GLDM,tiingo
2024-02-15,39.73,39.75,GLDM,tiingo
2024-02-16,39.61,39.9,GLDM,tiingo
2024-02-20,40.24,40.15,GLDM,tiingo
2024-02-21,40.24,40.15,GLDM,tiingo
2024-02-22,40.16,40.14,GLDM,tiingo
2024-02-23,40.17,40.38,GLDM,tiingo
2024-02-26,40.22,40.31,GLDM,tiingo
2024-02-27,40.38,40.25,GLDM,tiingo
2024-02-28,,40.34,GLDM,tiingo
2024-02-29,40.62,40.54,GLDM,tiingo
2024-03-01,40.75,41.3,GLDM,tiingo
2024-03-04,41.58,41.96,GLDM,tiingo
2024-03-05,42.27,42.22,GLDM,tiingo
2024-03-06,42.43,42.56,GLDM,tiingo
2024-03-07,42.74,42.82,GLDM,tiingo
2024-03-08,43.01,43.18,GLDM,tiingo
2024-03-11,43.2,43.26,GLDM,tiingo
2024-03-12,42.93,42.79,GLDM,tiingo
2024-03-13,42.92,43.07,GLDM,tiingo
2024-03-14,42.91,42.9,GLDM,tiingo
2024-03-15,42.82,42.77,GLDM,tiingo
2024-03-18,42.77,42.84,GLDM,tiingo
2024-03-19,42.76,42.79,GLDM,tiingo
2024-03-20,42.66,43.28,GLDM,tiingo
2024-03-21,43.667,43.26,GLDM,tiingo
2024-03-22,43.13,42.91,GLDM,tiingo
2024-03-25,43.08,43.04,GLDM,tiingo
2024-03-26,43.41,43.18,GLDM,tiingo
2024-03-27,43.34,43.5,GLDM,tiingo
2024-03-28,43.81,44.05,GLDM,tiingo
2024-04-01,44.69,44.52,GLDM,tiingo
2024-04-02,44.79,45.16,GLDM,tiingo
2024-04-03,45.11,45.57,GLDM,tiingo
2024-04-04,45.4,45.31,GLDM,tiingo
2024-04-05,45.51,46.06,GLDM,tiingo
2024-04-08,46.24,46.37,GLDM,tiingo
2024-04-09,46.64,46.61,GLDM,tiingo
2024-04-10,46.14,46.18,GLDM,tiingo
2024-04-11,46.45,47.06,GLDM,tiingo
2024-04-12,47.53,46.45,GLDM,tiingo
2024-04-15,46.68,47.31,GLDM,tiingo
2024-04-16,47.17,47.39,GLDM,tiingo
2024-04-17,47.34,47.05,GLDM,tiingo
2024-04-18,47.4,47.19,GLDM,tiingo
2024-04-19,47.24,47.35,GLDM,tiingo
2024-04-22,46.35,46.17,GLDM,tiingo
2024-04-23,45.84,46.04,GLDM,tiingo
2024-04-24,,45.99,GLDM,tiingo
2024-04-25,45.94,46.25,GLDM,tiingo
2024-04-26,46.44,46.38,GLDM,tiingo
2024-04-29,46.29,46.3,GLDM,tiingo
2024-04-30,45.72,45.4,GLDM,tiingo
2024-05-01,45.63,45.8,GLDM,tiingo
2024-05-02,45.41,45.66,GLDM,tiingo
2024-05-03,,45.62,GLDM,tiingo
2024-05-06,,46.09,GLDM,tiingo
2024-05-07,45.95,45.89,GLDM,tiingo
2024-05-08,45.76,45.77,GLDM,tiingo
2024-05-09,45.96,46.47,GLDM,tiingo
2024-05-10,46.97,46.86,GLDM,tiingo
2024-05-13,46.51,46.35,GLDM,tiingo
2024-05-14,46.56,46.72,GLDM,tiingo
2024-05-15,46.94,47.32,GLDM,tiingo
2024-05-16,,47.16,GLDM,tiingo
2024-05-17,47.6,47.92,GLDM,tiingo
2024-05-20,47.955,48.11,GLDM,tiingo
2024-05-21,48.15,48.04,GLDM,tiingo
2024-05-22,47.8,47.16,GLDM,tiingo
2024-05-23,46.88,46.22,GLDM,tiingo
2024-05-24,46.49,46.28,GLDM,tiingo
2024-05-28,46.8,46.74,GLDM,tiingo
2024-05-29,46.49,46.31,GLDM,tiingo
2024-05-30,46.44,46.41,GLDM,tiingo
2024-05-31,46.67,46.13,GLDM,tiingo
2024-06-03,46.26,46.53,GLDM,tiingo
2024-06-04,46.34,46.12,GLDM,tiingo
2024-06-05,46.42,46.67,GLDM,tiingo
2024-06-06,46.79,47.02,GLDM,tiingo
2024-06-07,46.1,45.36,GLDM,tiingo
2024-06-10,45.67,45.77,GLDM,tiingo
2024-06-11,45.85,45.89,GLDM,tiingo
2024-06-12,46.39,46.02,GLDM,tiingo
2024-06-13,45.94,45.64,GLDM,tiingo
2024-06-14,46.14,46.24,GLDM,tiingo
2024-06-17,46.05,45.98,GLDM,tiingo
2024-06-18,45.95,46.18,GLDM,tiingo
2024-06-20,46.35,46.75,GLDM,tiingo
2024-06-21,46.69,46.02,GLDM,tiingo
2024-06-24,46.19,46.22,GLDM,tiingo
2024-06-25,46.07,45.98,GLDM,tiingo
2024-06-26,45.53,45.58,GLDM,tiingo
2024-06-27,46.01,46.08,GLDM,tiingo
2024-06-28,46.22,46.09,GLDM,tiingo
2024-07-01,46.14,46.21,GLDM,tiingo
2024-07-02,46.15,46.2,GLDM,tiingo
2024-07-03,46.58,46.73,GLDM,tiingo
2024-07-05,47.07,47.34,GLDM,tiingo
2024-07-08,47.08,46.77,GLDM,tiingo
2024-07-09,46.86,46.85,GLDM,tiingo
2024-07-10,47.19,47.01,GLDM,tiingo
2024-07-11,47.72,47.85,GLDM,tiingo
2024-07-12,47.6,47.83,GLDM,tiingo
2024-07-15,47.88,47.98,GLDM,tiingo
2024-07-16,48.33,48.94,GLDM,tiingo
2024-07-17,49.04,48.71,GLDM,tiingo
2024-07-18,48.81,48.41,GLDM,tiingo
2024-07-19,47.49,47.55,GLDM,tiingo
2024-07-22,47.49,47.55,GLDM,tiingo
2024-07-23,47.66,47.71,GLDM,tiingo
2024-07-24,47.91,47.54,GLDM,tiingo
2024-07-25,46.95,46.81,GLDM,tiingo
2024-07-26,47.16,47.3,GLDM,tiingo
2024-07-29,47.44,47.24,GLDM,tiingo
2024-07-30,47.47,47.71,GLDM,tiingo
2024-07-31,47.97,48.57,GLDM,tiingo
2024-08-01,48.62,48.4,GLDM,tiingo
2024-08-02,48.88,48.32,GLDM,tiingo
2024-08-05,47.3,47.72,GLDM,tiingo
2024-08-06,47.49,47.33,GLDM,tiingo
2024-08-07,47.59,47.29,GLDM,tiingo
2024-08-08,47.76,48.03,GLDM,tiingo
2024-08-09,48.19,48.15,GLDM,tiingo
2024-08-12,48.49,48.96,GLDM,tiingo
2024-08-13,48.91,48.9,GLDM,tiingo
2024-08-14,48.58,48.49,GLDM,tiingo
2024-08-15,48.56,48.65,GLDM,tiingo
2024-08-16,49.31,49.71,GLDM,tiingo
2024-08-19,49.35,49.66,GLDM,tiingo
2024-08-20,50.12,49.84,GLDM,tiingo
2024-08-21,49.67,49.78,GLDM,tiingo
2024-08-22,49.39,49.2,GLDM,tiingo
2024-08-23,49.55,49.76,GLDM,tiingo
2024-08-26,50.06,49.9,GLDM,tiingo
2024-08-27,49.68,50.04,GLDM,tiingo
2024-08-28,49.75,49.7,GLDM,tiingo
2024-08-29,49.74,49.95,GLDM,tiingo
2024-08-30,49.85,49.59,GLDM,tiingo
2024-09-03,49.41,49.38,GLDM,tiingo
2024-09-04,49.28,49.42,GLDM,tiingo
2024-09-05,49.89,49.83,GLDM,tiingo
2024-09-06,49.71,49.47,GLDM,tiingo
2024-09-09,49.6,49.65,GLDM,tiingo
2024-09-10,49.83,49.88,GLDM,tiingo
2024-09-11,49.7,49.8,GLDM,tiingo
2024-09-12,50.32,50.69,GLDM,tiingo
2024-09-13,51.07,51.19,GLDM,tiingo
2024-09-16,51.21,51.18,GLDM,tiingo
2024-09-17,51.07,50.9,GLDM,tiingo
2024-09-18,51.09,50.52,GLDM,tiingo
2024-09-19,51.09,51.29,GLDM,tiingo
2024-09-20,51.72,51.94,GLDM,tiingo
2024-09-23,52.12,52.05,GLDM,tiingo
2024-09-24,52.18,52.77,GLDM,tiingo
2024-09-25,52.81,52.71,GLDM,tiingo
2024-09-26,52.86,52.97,GLDM,tiingo
2024-09-27,52.84,52.56,GLDM,tiingo
2024-09-30,52.34,52.13,GLDM,tiingo
2024-10-01,52.6,52.69,GLDM,tiingo
2024-10-02,,52.68,GLDM,tiingo
2024-10-03,52.49,52.65,GLDM,tiingo
2024-10-04,52.55,52.54,GLDM,tiingo
2024-10-07,52.46,52.38,GLDM,tiingo
2024-10-08,52.29,51.98,GLDM,tiingo
2024-10-09,51.72,51.7,GLDM,tiingo
2024-10-10,51.86,52.09,GLDM,tiingo
2024-10-11,52.46,52.63,GLDM,tiingo
2024-10-14,52.58,52.57,GLDM,tiingo
2024-10-15,52.54,52.76,GLDM,tiingo
2024-10-16,53.13,53.01,GLDM,tiingo
2024-10-17,53.15,53.34,GLDM,tiingo
2024-10-18,53.64,53.9,GLDM,tiingo
2024-10-21,54.22,53.9,GLDM,tiingo
2024-10-22,54.29,54.47,GLDM,tiingo
2024-10-23,54.3,53.82,GLDM,tiingo
2024-10-24,54.34,54.21,GLDM,tiingo
2024-10-25,54.07,54.35,GLDM,tiingo
2024-10-28,54.28,54.35,GLDM,tiingo
2024-10-29,54.59,54.94,GLDM,tiingo
2024-10-30,55.09,55.23,GLDM,tiingo
2024-10-31,54.83,54.39,GLDM,tiingo
2024-11-01,54.57,54.17,GLDM,tiingo
2024-11-04,54.34,54.24,GLDM,tiingo
2024-11-05,54.45,54.36,GLDM,tiingo
2024-11-06,52.69,52.71,GLDM,tiingo
2024-11-07,53.27,53.57,GLDM,tiingo
2024-11-08,53.44,53.21,GLDM,tiingo
2024-11-11,52.07,51.96,GLDM,tiingo
2024-11-12,51.77,51.52,GLDM,tiingo
2024-11-13,51.79,51,GLDM,tiingo
2024-11-14,50.77,50.85,GLDM,tiingo
2024-11-15,50.98,50.76,GLDM,tiingo
2024-11-18,51.59,51.72,GLDM,tiingo
2024-11-19,52.09,52.18,GLDM,tiingo
2024-11-20,52.31,52.49,GLDM,tiingo
2024-11-21,52.85,52.93,GLDM,tiingo
2024-11-22,53.26,53.62,GLDM,tiingo
2024-11-25,52.43,52.04,GLDM,tiingo
2024-11-26,52.08,52.14,GLDM,tiingo
2024-11-27,52.55,52.24,GLDM,tiingo
2024-11-29,52.63,52.7,GLDM,tiingo
2024-12-02,52.47,52.25,GLDM,tiingo
2024-12-03,52.56,52.34,GLDM,tiingo
2024-12-04,52.56,52.5,GLDM,tiingo
2024-12-05,52.41,52.13,GLDM,tiingo
2024-12-06,52.11,52.15,GLDM,tiingo
2024-12-09,52.86,52.66,GLDM,tiingo
2024-12-10,53.2,53.34,GLDM,tiingo
2024-12-11,53.52,53.85,GLDM,tiingo
2024-12-12,53.19,53.1,GLDM,tiingo
2024-12-13,52.73,52.46,GLDM,tiingo
2024-12-16,52.66,52.56,GLDM,tiingo
2024-12-17,52.34,52.37,GLDM,tiingo
2024-12-18,52.29,51.37,GLDM,tiingo
2024-12-19,51.42,51.44,GLDM,tiingo
2024-12-20,51.82,51.98,GLDM,tiingo
2024-12-23,51.85,51.73,GLDM,tiingo
2024-12-24,51.83,51.84,GLDM,tiingo
2024-12-26,52.03,52.19,GLDM,tiingo
2024-12-27,51.83,51.81,GLDM,tiingo
2024-12-30,51.77,51.65,GLDM,tiingo
2024-12-31,51.74,51.99,GLDM,tiingo
2025-01-02,52.42,52.69,GLDM,tiingo
2025-01-03,52.49,52.28,GLDM,tiingo
2025-01-06,52.01,52.19,GLDM,tiingo
2025-01-07,52.72,52.5,GLDM,tiingo
2025-01-08,52.76,52.78,GLDM,tiingo
2025-01-10,53.28,53.7,GLDM,tiingo
2025-01-13,52.87,52.73,GLDM,tiingo
2025-01-14,52.73,53.03,GLDM,tiingo
2025-01-15,53.3,53.43,GLDM,tiingo
2025-01-16,,53.79,GLDM,tiingo
2025-01-17,53.63,53.53,GLDM,tiingo
2025-01-21,54.09,54.34,GLDM,tiingo
2025-01-22,54.6,54.62,GLDM,tiingo
2025-01-23,54.36,54.55,GLDM,tiingo
2025-01-24,54.97,54.91,GLDM,tiingo
2025-01-27,54.5,54.32,GLDM,tiingo
2025-01-28,54.56,54.77,GLDM,tiingo
2025-01-29,54.64,54.58,GLDM,tiingo
2025-01-30,55.19,55.39,GLDM,tiingo
2025-01-31,55.64,55.48,GLDM,tiingo
2025-02-03,55.77,55.81,GLDM,tiingo
2025-02-04,56.22,56.36,GLDM,tiingo
2025-02-05,56.77,56.73,GLDM,tiingo
2025-02-06,56.62,56.57,GLDM,tiingo
2025-02-07,56.94,56.69,GLDM,tiingo
2025-02-10,57.54,57.61,GLDM,tiingo
2025-02-11,57.49,57.41,GLDM,tiingo
2025-02-12,57.37,57.48,GLDM,tiingo
2025-02-13,57.62,58.03,GLDM,tiingo
2025-02-14,58,57.17,GLDM,tiingo
2025-02-18,57.91,58.12,GLDM,tiingo
2025-02-19,58.13,58.16,GLDM,tiingo
2025-02-20,58.02,58.19,GLDM,tiingo
2025-02-21,58.15,58.14,GLDM,tiingo
2025-02-24,58.28,58.46,GLDM,tiingo
2025-02-25,58.31,57.69,GLDM,tiingo
2025-02-26,57.37,57.78,GLDM,tiingo
2025-02-27,57.22,56.91,GLDM,tiingo
2025-02-28,56.4,56.54,GLDM,tiingo
2025-03-03,56.94,57.27,GLDM,tiingo
2025-03-04,,57.79,GLDM,tiingo
2025-03-05,57.55,57.9,GLDM,tiingo
2025-03-06,57.61,57.62,GLDM,tiingo
2025-03-07,57.8,57.65,GLDM,tiingo
2025-03-10,57.49,57.17,GLDM,tiingo
2025-03-11,57.66,57.82,GLDM,tiingo
2025-03-12,57.67,58.07,GLDM,tiingo
2025-03-13,58.34,59.08,GLDM,tiingo
2025-03-14,59.35,59.12,GLDM,tiingo
2025-03-17,59.18,59.44,GLDM,tiingo
2025-03-18,60.13,60.17,GLDM,tiingo
2025-03-19,60.11,60.4,GLDM,tiingo
2025-03-20,60.04,60.31,GLDM,tiingo
2025-03-21,60.015,59.83,GLDM,tiingo
2025-03-24,59.92,59.55,GLDM,tiingo
2025-03-25,59.9,59.83,GLDM,tiingo
2025-03-26,59.93,59.78,GLDM,tiingo
2025-03-27,60.3,60.56,GLDM,tiingo
2025-03-28,60.96,61.03,GLDM,tiingo
2025-03-31,61.77,61.89,GLDM,tiingo
2025-04-01,62.07,61.79,GLDM,tiingo
2025-04-02,61.92,61.87,GLDM,tiingo
2025-04-03,60.7,61.54,GLDM,tiingo
2025-04-04,60.93,60.15,GLDM,tiingo
2025-04-07,59.89,58.96,GLDM,tiingo
2025-04-08,59.6,59.11,GLDM,tiingo
2025-04-09,60.63,61.26,GLDM,tiingo
2025-04-10,62.05,62.8,GLDM,tiingo
2025-04-11,64,64.01,GLDM,tiingo
2025-04-14,63.5,63.63,GLDM,tiingo
2025-04-15,63.81,64,GLDM,tiingo
2025-04-16,65.44,66.08,GLDM,tiingo
2025-04-17,65.755,65.78,GLDM,tiingo
2025-04-21,67.69,67.82,GLDM,tiingo
2025-04-22,68.23,66.85,GLDM,tiingo
2025-04-23,65.35,65.26,GLDM,tiingo
2025-04-24,65.96,66.19,GLDM,tiingo
2025-04-25,64.82,65.44,GLDM,tiingo
2025-04-28,65.39,66.38,GLDM,tiingo
2025-04-29,65.71,65.77,GLDM,tiingo
2025-04-30,65.44,65.26,GLDM,tiingo
2025-05-01,63.91,63.92,GLDM,tiingo
2025-05-02,64.52,64.05,GLDM,tiingo
2025-05-05,65.74,65.92,GLDM,tiingo
2025-05-06,67.24,67.81,GLDM,tiingo
2025-05-07,67.09,66.8,GLDM,tiingo
2025-05-08,66.53,65.48,GLDM,tiingo
2025-05-09,66.16,65.93,GLDM,tiingo
2025-05-12,64.1,64.07,GLDM,tiingo
2025-05-13,64.24,64.34,GLDM,tiingo
2025-05-14,63.12,63,GLDM,tiingo
2025-05-15,63.19,64,GLDM,tiingo
2025-05-16,62.88,63.24,GLDM,tiingo
2025-05-19,64,64.02,GLDM,tiingo
2025-05-20,64.11,65.24,GLDM,tiingo
2025-05-21,65.44,65.72,GLDM,tiingo
2025-05-22,65.56,65.15,GLDM,tiingo
2025-05-23,66.38,66.57,GLDM,tiingo
2025-05-27,65.28,65.45,GLDM,tiingo
2025-05-28,65.46,65.31,GLDM,tiingo
2025-05-29,65.7,65.67,GLDM,tiingo
2025-05-30,65.26,65.24,GLDM,tiingo
2025-06-02,66.47,66.98,GLDM,tiingo
2025-06-03,66.53,66.4,GLDM,tiingo
2025-06-04,66.51,66.82,GLDM,tiingo
2025-06-05,66.9,66.48,GLDM,tiingo
2025-06-06,66.43,65.59,GLDM,tiingo
2025-06-09,65.64,65.9,GLDM,tiingo
2025-06-10,66.26,65.93,GLDM,tiingo
2025-06-11,66.11,66.27,GLDM,tiingo
2025-06-12,66.98,67.1,GLDM,tiingo
2025-06-13,68.195,67.97,GLDM,tiingo
2025-06-16,67.67,67.02,GLDM,tiingo
2025-06-17,67.21,67.05,GLDM,tiingo
2025-06-18,67.24,66.69,GLDM,tiingo
2025-06-20,66.485,66.66,GLDM,tiingo
2025-06-23,66.72,66.86,GLDM,tiingo
2025-06-24,65.58,65.82,GLDM,tiingo
2025-06-25,65.62,66.03,GLDM,tiingo
2025-06-26,65.72,65.96,GLDM,tiingo
2025-06-27,64.49,64.77,GLDM,tiingo
2025-06-30,65.01,65.52,GLDM,tiingo
2025-07-01,66.32,66.09,GLDM,tiingo
2025-07-02,66.22,66.47,GLDM,tiingo
2025-07-03,66,66.04,GLDM,tiingo
2025-07-07,65.59,66.09,GLDM,tiingo
2025-07-08,65.85,65.4,GLDM,tiingo
2025-07-09,65.26,65.65,GLDM,tiingo
2025-07-10,65.82,65.83,GLDM,tiingo
2025-07-11,66.39,66.48,GLDM,tiingo
2025-07-14,66.46,66.23,GLDM,tiingo
2025-07-15,66.17,65.95,GLDM,tiingo
2025-07-16,66.01,66.28,GLDM,tiingo
2025-07-17,65.68,66.11,GLDM,tiingo
2025-07-18,66.51,66.31,GLDM,tiingo
2025-07-21,67.08,67.31,GLDM,tiingo
2025-07-22,67.64,67.96,GLDM,tiingo
2025-07-23,67.52,67.13,GLDM,tiingo
2025-07-24,66.49,66.72,GLDM,tiingo
2025-07-25,66.18,66.09,GLDM,tiingo
2025-07-28,65.91,65.69,GLDM,tiingo
2025-07-29,65.77,65.85,GLDM,tiingo
2025-07-30,65.46,64.73,GLDM,tiingo
2025-07-31,65.5,65.15,GLDM,tiingo
2025-08-01,66.35,66.46,GLDM,tiingo
2025-08-04,66.83,66.85,GLDM,tiingo
2025-08-05,66.73,66.91,GLDM,tiingo
2025-08-06,66.72,66.77,GLDM,tiingo
2025-08-07,67.05,67.3,GLDM,tiingo
2025-08-08,67.17,67.3,GLDM,tiingo
2025-08-11,66.33,66.37,GLDM,tiingo
2025-08-12,66.29,66.27,GLDM,tiingo
2025-08-13,,66.49,GLDM,tiingo
2025-08-14,66.22,66.08,GLDM,tiingo
2025-08-15,66.11,66.13,GLDM,tiingo
2025-08-18,66.2,66.01,GLDM,tiingo
2025-08-19,65.97,65.65,GLDM,tiingo
2025-08-20,66.15,66.32,GLDM,tiingo
2025-08-21,66.2,66.1,GLDM,tiingo
2025-08-22,65.92,66.79,GLDM,tiingo
2025-08-25,66.62,66.64,GLDM,tiingo
2025-08-26,66.81,67.12,GLDM,tiingo
2025-08-27,66.97,67.25,GLDM,tiingo
2025-08-28,67.38,67.74,GLDM,tiingo
2025-08-29,67.655,68.4,GLDM,tiingo
2025-09-02,69.005,70.05,GLDM,tiingo
2025-09-03,70.5,70.58,GLDM,tiingo
2025-09-04,70.34,70.27,GLDM,tiingo
2025-09-05,70.88,71.18,GLDM,tiingo
2025-09-08,71.76,72.01,GLDM,tiingo
2025-09-09,72.48,71.87,GLDM,tiingo
2025-09-10,72.22,72.12,GLDM,tiingo
2025-09-11,71.7,72,GLDM,tiingo
2025-09-12,72.25,72.16,GLDM,tiingo
2025-09-15,72.35,72.89,GLDM,tiingo
2025-09-16,73.15,73.07,GLDM,tiingo
2025-09-17,72.82,72.49,GLDM,tiingo
2025-09-18,72.34,72.2,GLDM,tiingo
2025-09-19,72.38,72.95,GLDM,tiingo
2025-09-22,73.72,74.21,GLDM,tiingo
2025-09-23,74.91,74.54,GLDM,tiingo
2025-09-24,74.59,73.85,GLDM,tiingo
2025-09-25,74.07,74.17,GLDM,tiingo
2025-09-26,74.4,74.59,GLDM,tiingo
2025-09-29,75.67,75.82,GLDM,tiingo
2025-09-30,75.56,76.45,GLDM,tiingo
2025-10-01,76.63,76.56,GLDM,tiingo
2025-10-02,77.07,76.32,GLDM,tiingo
2025-10-03,76.85,76.92,GLDM,tiingo
2025-10-06,77.87,78.39,GLDM,tiingo
2025-10-07,78.85,78.82,GLDM,tiingo
2025-10-08,79.93,80.09,GLDM,tiingo
2025-10-09,80.27,78.62,GLDM,tiingo
2025-10-10,79.07,79.44,GLDM,tiingo
2025-10-13,81.01,81.36,GLDM,tiingo
2025-10-14,81.36,81.98,GLDM,tiingo
2025-10-15,83.04,83.37,GLDM,tiingo
2025-10-16,84.16,85.28,GLDM,tiingo
2025-10-17,85.44,83.7,GLDM,tiingo
2025-10-20,85.51,86.69,GLDM,tiingo
2025-10-21,83.18,81.32,GLDM,tiingo
2025-10-22,80.21,81.2,GLDM,tiingo
2025-10-23,82.08,81.49,GLDM,tiingo
2025-10-24,81.45,81.23,GLDM,tiingo
2025-10-27,79.83,78.97,GLDM,tiingo
2025-10-28,77.86,78.39,GLDM,tiingo
2025-10-29,79.55,78.09,GLDM,tiingo
2025-10-30,78.57,79.63,GLDM,tiingo
2025-10-31,79.705,79.19,GLDM,tiingo
2025-11-03,79.4,79.37,GLDM,tiingo
2025-11-04,78.22,77.96,GLDM,tiingo
2025-11-05,78.84,78.87,GLDM,tiingo
2025-11-06,79.01,78.79,GLDM,tiingo
2025-11-07,79.17,79.26,GLDM,tiingo
2025-11-10,80.9,81.42,GLDM,tiingo
2025-11-11,81.78,81.75,GLDM,tiingo
2025-11-12,81.78,83.05,GLDM,tiingo
2025-11-13,83.36,82.42,GLDM,tiingo
2025-11-14,80.22,80.9,GLDM,tiingo
2025-11-17,80.48,79.99,GLDM,tiingo
2025-11-18,80.65,80.57,GLDM,tiingo
2025-11-19,81.3,80.7,GLDM,tiingo
2025-11-20,80.77,80.69,GLDM,tiingo
2025-11-21,80.51,80.53,GLDM,tiingo
2025-11-24,80.67,81.81,GLDM,tiingo
2025-11-25,81.84,81.79,GLDM,tiingo
2025-11-26,82.01,82.43,GLDM,tiingo
2025-11-28,83.09,83.46,GLDM,tiingo
2025-12-01,84.08,83.86,GLDM,tiingo
2025-12-02,83.7,83.32,GLDM,tiingo
2025-12-03,83.6,83.27,GLDM,tiingo
2025-12-04,83.29,83.33,GLDM,tiingo
2025-12-05,83.76,83.19,GLDM,tiingo
2025-12-08,83.29,82.98,GLDM,tiingo
2025-12-09,83.01,83.37,GLDM,tiingo
2025-12-10,83.09,83.73,GLDM,tiingo
2025-12-11,83.74,84.63,GLDM,tiingo
2025-12-12,85.93,85.1,GLDM,tiingo
2025-12-15,85.63,85.21,GLDM,tiingo
2025-12-16,85.63,85.22,GLDM,tiingo
2025-12-17,85.68,85.92,GLDM,tiingo
2025-12-18,85.75,85.78,GLDM,tiingo
2025-12-19,85.67,85.9,GLDM,tiingo
2025-12-22,87.63,87.87,GLDM,tiingo
2025-12-23,88.34,89.01,GLDM,tiingo
2025-12-24,88.76,88.7,GLDM,tiingo
2025-12-26,89.8,89.71,GLDM,tiingo
2025-12-29,86.9,85.8,GLDM,tiingo
2025-12-30,86.89,85.9,GLDM,tiingo
2025-12-31,85.83,85.37,GLDM,tiingo
2026-01-02,86.46,85.74,GLDM,tiingo
2026-01-05,87.51,88,GLDM,tiingo
2026-01-06,88.43,88.96,GLDM,tiingo
2026-01-07,87.97,88.11,GLDM,tiingo
2026-01-08,87.59,88.58,GLDM,tiingo
2026-01-09,88.94,89.23,GLDM,tiingo
2026-01-12,90.77,90.9,GLDM,tiingo
2026-01-13,91.43,90.77,GLDM,tiingo
2026-01-14,91.74,91.71,GLDM,tiingo
2026-01-15,91.09,91.13,GLDM,tiingo
2026-01-16,91.04,90.71,GLDM,tiingo
2026-01-20,94.03,94.14,GLDM,tiingo
2026-01-21,96.19,95.54,GLDM,tiingo
2026-01-22,95.58,97.32,GLDM,tiingo
2026-01-23,97.76,98.61,GLDM,tiingo
2026-01-26,100.5,100.06,GLDM,tiingo
2026-01-27,100.15,102.51,GLDM,tiingo
2026-01-28,104.11,106.44,GLDM,tiingo
2026-01-29,109.7,106.77,GLDM,tiingo
2026-01-30,100.4,96.01,GLDM,tiingo
2026-02-02,93.455,91.99,GLDM,tiingo
2026-02-03,97.46,97.87,GLDM,tiingo
2026-02-04,99.59,97.72,GLDM,tiingo
2026-02-05,95.66,95.21,GLDM,tiingo
2026-02-06,97.1,98.06,GLDM,tiingo
2026-02-09,99.3,100.58,GLDM,tiingo
2026-02-10,100.36,99.58,GLDM,tiingo
2026-02-11,100.34,100.67,GLDM,tiingo
2026-02-12,100.12,97.25,GLDM,tiingo
2026-02-13,98.99,99.61,GLDM,tiingo
2026-02-17,96.915,96.55,GLDM,tiingo
2026-02-18,98.15,98.66,GLDM,tiingo
2026-02-19,98.52,98.97,GLDM,tiingo
2026-02-20,99.77,100.88,GLDM,tiingo
2026-02-23,102.22,103.64,GLDM,tiingo
2026-02-24,101.23,102.21,GLDM,tiingo
2026-02-25,102.47,101.96,GLDM,tiingo
2026-02-26,102.31,102.83,GLDM,tiingo
2026-02-27,103.52,104.14,GLDM,tiingo
2026-03-02,105.535,105.54,GLDM,tiingo
2026-03-03,101.86,100.88,GLDM,tiingo
2026-03-04,102.23,101.62,GLDM,tiingo
2026-03-05,101.31,100.38,GLDM,tiingo
2026-03-06,101.015,101.97,GLDM,tiingo
2026-03-09,100.8,101.76,GLDM,tiingo
2026-03-10,103.32,102.89,GLDM,tiingo
2026-03-11,102.56,102.59,GLDM,tiingo
2026-03-12,102.31,100.6,GLDM,tiingo
2026-03-13,101.09,99.28,GLDM,tiingo
2026-03-16,99.35,99.2,GLDM,tiingo
2026-03-17,99.2,98.96,GLDM,tiingo
2026-03-18,96.2,95.81,GLDM,tiingo
2026-03-19,90.55,91.86,GLDM,tiingo
2026-03-20,92.2,89.07,GLDM,tiingo
2026-03-23,87.25,87.04,GLDM,tiingo
2026-03-24,86.205,87.07,GLDM,tiingo
2026-03-25,90.42,89.67,GLDM,tiingo
2026-03-26,88.02,86.33,GLDM,tiingo
2026-03-27,87.54,89.34,GLDM,tiingo
2026-03-30,90.4,89.32,GLDM,tiingo
2026-03-31,90.51,92.69,GLDM,tiingo
2026-04-01,93.7,94.3,GLDM,tiingo
2026-04-02,91,92.48,GLDM,tiingo
2026-04-06,92.39,92.13,GLDM,tiingo
2026-04-07,92.2,93.04,GLDM,tiingo
2026-04-08,94.8,93.63,GLDM,tiingo
2026-04-09,94.03,94.38,GLDM,tiingo
2026-04-10,94.49,94.21,GLDM,tiingo
2026-04-13,93.68,93.84,GLDM,tiingo
2026-04-14,94.66,95.9,GLDM,tiingo
2026-04-15,95.41,94.91,GLDM,tiingo
2026-04-16,95.28,94.84,GLDM,tiingo
2026-04-17,96.03,96.04,GLDM,tiingo
2026-04-20,95.48,95.26,GLDM,tiingo
2026-04-21,94.5,92.58,GLDM,tiingo
2026-04-22,94,93.81,GLDM,tiingo
2026-04-23,93.56,92.89,GLDM,tiingo
2026-04-24,92.93,93.34,GLDM,tiingo
2026-04-27,93.026,92.63,GLDM,tiingo
2026-04-28,90.67,90.92,GLDM,tiingo
2026-04-29,89.78,89.97,GLDM,tiingo
2026-04-30,91.655,91.37,GLDM,tiingo
2026-05-01,90.81,91.21,GLDM,tiingo
2026-05-04,90.27,89.38,GLDM,tiingo
2026-05-05,90.54,90.13,GLDM,tiingo
2026-05-06,92.67,92.85,GLDM,tiingo
2026-05-07,93.89,93.05,GLDM,tiingo
2026-05-08,93.54,93.49,GLDM,tiingo
2026-05-11,93.56,93.69,GLDM,tiingo
2026-05-12,92.82,93.32,GLDM,tiingo
2026-05-13,92.79,92.78,GLDM,tiingo
2026-05-14,92.77,92.09,GLDM,tiingo
2026-05-15,90.01,89.98,GLDM,tiingo
2026-05-18,90.47,90.19,GLDM,tiingo
2026-05-19,88.9,88.7,GLDM,tiingo
2026-05-20,88.83,89.96,GLDM,tiingo
2026-05-21,89.04,89.87,GLDM,tiingo
2026-05-22,89.48,89.21,GLDM,tiingo
2026-05-26,89.48,89.21,GLDM,tiingo
2026-05-27,87.14,88.05,GLDM,tiingo
2026-05-28,87.61,88.97,GLDM,tiingo
2026-05-29,89.56,89.93,GLDM,tiingo
2026-06-01,88.36,88.65,GLDM,tiingo
2026-06-02,89.25,88.78,GLDM,tiingo
2026-06-03,88.025,87.93,GLDM,tiingo
2026-06-04,89.09,88.67,GLDM,tiingo
2026-06-05,87.16,85.42,GLDM,tiingo
2026-06-08,85.7,85.63,GLDM,tiingo
2026-06-09,85.69,84.26,GLDM,tiingo
2026-06-10,82.07,80.77,GLDM,tiingo
2026-06-11,80.59,83.23,GLDM,tiingo
2026-06-12,83.16,83.32,GLDM,tiingo
2026-06-15,86.14,85.51,GLDM,tiingo
2026-06-16,85.78,85.75,GLDM,tiingo
2026-06-17,85.76,83.78,GLDM,tiingo
2026-06-18,84.35,83.44,GLDM,tiingo
2026-06-22,82.83,82.92,GLDM,tiingo
2026-06-23,81.43,81.34,GLDM,tiingo
2026-06-24,78.64,78.89,GLDM,tiingo
2026-06-25,79.57,79.66,GLDM,tiingo
2026-06-26,80.27,80.61,GLDM,tiingo
2026-06-29,79.9,79.45,GLDM,tiingo
2026-06-30,79.56,79.42,GLDM,tiingo
2026-07-01,80.058,79.92,GLDM,tiingo
2026-07-02,81.38,81.54,GLDM,tiingo
2026-07-06,81.96,82.39,GLDM,tiingo
2026-07-07,82.43,81.41,GLDM,tiingo
2026-07-08,80.45,80.7,GLDM,tiingo
2026-07-09,81.62,81.54,GLDM,tiingo
2026-07-10,80.86,81.29,GLDM,tiingo
2026-07-13,80.35,79.17,GLDM,tiingo
2026-07-14,80.77,80.25,GLDM,tiingo
2026-07-15,,80.24,GLDM,tiingo
2026-07-16,79.21,78.72,GLDM,tiingo
2026-07-17,78.52,79.45,GLDM,tiingo
2026-07-20,79.32,79.27,GLDM,tiingo
2026-07-21,80.16,80.82,GLDM,tiingo
2026-07-22,81.84,81.74,GLDM,tiingo
2026-07-23,80.25,80.11,GLDM,tiingo
2026-07-24,80.05,80.19,GLDM,tiingo
2026-07-27,80.63,80.78,GLDM,tiingo
2026-07-28,79.71,79.66,GLDM,tiingo
2026-07-29,79.42,80.02,GLDM,tiingo
2026-07-30,80.71,81.33,GLDM,tiingo
2026-07-31,79.97,80.14,GLDM,tiingo
2026-08-03,79.8,80.14,GLDM,tiingo
2026-08-04,80.67,80.7,GLDM,tiingo
2026-08-05,83.02,84.03,GLDM,tiingo
2026-08-06,84,84.03,GLDM,tiingo
2026-08-07,86.18,85.95,GLDM,tiingo