date,adj_open,adj_close,name,source
1885-03,,0.592624,DGS2,github-csv+er
1885-04,,0.593981,DGS2,github-csv+er
1885-05,,0.595333,DGS2,github-csv+er
1885-06,,0.596683,DGS2,github-csv+er
1885-07,,0.598028,DGS2,github-csv+er
1885-08,,0.599369,DGS2,github-csv+er
1885-09,,0.600709,DGS2,github-csv+er
1885-10,,0.602045,DGS2,github-csv+er
1885-11,,0.603375,DGS2,github-csv+er
1885-12,,0.604705,DGS2,github-csv+er
1886-01,,0.605743,DGS2,github-csv+er
1886-02,,0.606774,DGS2,github-csv+er
1886-03,,0.607812,DGS2,github-csv+er
1886-04,,0.608859,DGS2,github-csv+er
1886-05,,0.609915,DGS2,github-csv+er
1886-06,,0.610977,DGS2,github-csv+er
1886-07,,0.612049,DGS2,github-csv+er
1886-08,,0.613129,DGS2,github-csv+er
1886-09,,0.614215,DGS2,github-csv+er
1886-10,,0.615314,DGS2,github-csv+er
1886-11,,0.616417,DGS2,github-csv+er
1886-12,,0.617531,DGS2,github-csv+er
1887-01,,0.618653,DGS2,github-csv+er
1887-02,,0.619783,DGS2,github-csv+er
1887-03,,0.620921,DGS2,github-csv+er
1887-04,,0.622069,DGS2,github-csv+er
1887-05,,0.623223,DGS2,github-csv+er
1887-06,,0.624388,DGS2,github-csv+er
1887-07,,0.62556,DGS2,github-csv+er
1887-08,,0.626743,DGS2,github-csv+er
1887-09,,0.627933,DGS2,github-csv+er
1887-10,,0.629133,DGS2,github-csv+er
1887-11,,0.630342,DGS2,github-csv+er
1887-12,,0.631558,DGS2,github-csv+er
1888-01,,0.633155,DGS2,github-csv+er
1888-02,,0.634765,DGS2,github-csv+er
1888-03,,0.636369,DGS2,github-csv+er
1888-04,,0.63797,DGS2,github-csv+er
1888-05,,0.639565,DGS2,github-csv+er
1888-06,,0.641152,DGS2,github-csv+er
1888-07,,0.642732,DGS2,github-csv+er
1888-08,,0.64431,DGS2,github-csv+er
1888-09,,0.645878,DGS2,github-csv+er
1888-10,,0.647445,DGS2,github-csv+er
1888-11,,0.649001,DGS2,github-csv+er
1888-12,,0.650553,DGS2,github-csv+er
1889-01,,0.651902,DGS2,github-csv+er
1889-02,,0.653243,DGS2,github-csv+er
1889-03,,0.654585,DGS2,github-csv+er
1889-04,,0.655927,DGS2,github-csv+er
1889-05,,0.657272,DGS2,github-csv+er
1889-06,,0.658619,DGS2,github-csv+er
1889-07,,0.659967,DGS2,github-csv+er
1889-08,,0.661315,DGS2,github-csv+er
1889-09,,0.662665,DGS2,github-csv+er
1889-10,,0.664017,DGS2,github-csv+er
1889-11,,0.66537,DGS2,github-csv+er
1889-12,,0.666725,DGS2,github-csv+er
1890-01,,0.667836,DGS2,github-csv+er
1890-02,,0.668948,DGS2,github-csv+er
1890-03,,0.67007,DGS2,github-csv+er
1890-04,,0.671203,DGS2,github-csv+er
1890-05,,0.672346,DGS2,github-csv+er
1890-06,,0.673503,DGS2,github-csv+er
1890-07,,0.674669,DGS2,github-csv+er
1890-08,,0.675847,DGS2,github-csv+er
1890-09,,0.67704,DGS2,github-csv+er
1890-10,,0.678239,DGS2,github-csv+er
1890-11,,0.679454,DGS2,github-csv+er
1890-12,,0.680676,DGS2,github-csv+er
1891-01,,0.68215,DGS2,github-csv+er
1891-02,,0.683638,DGS2,github-csv+er
1891-03,,0.68513,DGS2,github-csv+er
1891-04,,0.686622,DGS2,github-csv+er
1891-05,,0.688118,DGS2,github-csv+er
1891-06,,0.689616,DGS2,github-csv+er
1891-07,,0.691115,DGS2,github-csv+er
1891-08,,0.692618,DGS2,github-csv+er
1891-09,,0.694123,DGS2,github-csv+er
1891-10,,0.695629,DGS2,github-csv+er
1891-11,,0.697139,DGS2,github-csv+er
1891-12,,0.69865,DGS2,github-csv+er
1892-01,,0.699976,DGS2,github-csv+er
1892-02,,0.701302,DGS2,github-csv+er
1892-03,,0.702635,DGS2,github-csv+er
1892-04,,0.70398,DGS2,github-csv+er
1892-05,,0.705335,DGS2,github-csv+er
1892-06,,0.706699,DGS2,github-csv+er
1892-07,,0.708075,DGS2,github-csv+er
1892-08,,0.709459,DGS2,github-csv+er
1892-09,,0.710854,DGS2,github-csv+er
1892-10,,0.71226,DGS2,github-csv+er
1892-11,,0.713675,DGS2,github-csv+er
1892-12,,0.7151,DGS2,github-csv+er
1893-01,,0.716763,DGS2,github-csv+er
1893-02,,0.71844,DGS2,github-csv+er
1893-03,,0.720117,DGS2,github-csv+er
1893-04,,0.721794,DGS2,github-csv+er
1893-05,,0.723475,DGS2,github-csv+er
1893-06,,0.725158,DGS2,github-csv+er
1893-07,,0.726841,DGS2,github-csv+er
1893-08,,0.728526,DGS2,github-csv+er
1893-09,,0.730211,DGS2,github-csv+er
1893-10,,0.731897,DGS2,github-csv+er
1893-11,,0.733587,DGS2,github-csv+er
1893-12,,0.735276,DGS2,github-csv+er
1894-01,,0.737191,DGS2,github-csv+er
1894-02,,0.739106,DGS2,github-csv+er
1894-03,,0.741016,DGS2,github-csv+er
1894-04,,0.742919,DGS2,github-csv+er
1894-05,,0.744814,DGS2,github-csv+er
1894-06,,0.746701,DGS2,github-csv+er
1894-07,,0.74858,DGS2,github-csv+er
1894-08,,0.750455,DGS2,github-csv+er
1894-09,,0.752317,DGS2,github-csv+er
1894-10,,0.754175,DGS2,github-csv+er
1894-11,,0.756022,DGS2,github-csv+er
1894-12,,0.757862,DGS2,github-csv+er
1895-01,,0.759237,DGS2,github-csv+er
1895-02,,0.760598,DGS2,github-csv+er
1895-03,,0.76197,DGS2,github-csv+er
1895-04,,0.76335,DGS2,github-csv+er
1895-05,,0.76474,DGS2,github-csv+er
1895-06,,0.766142,DGS2,github-csv+er
1895-07,,0.767552,DGS2,github-csv+er
1895-08,,0.768972,DGS2,github-csv+er
1895-09,,0.770404,DGS2,github-csv+er
1895-10,,0.771844,DGS2,github-csv+er
1895-11,,0.773296,DGS2,github-csv+er
1895-12,,0.774756,DGS2,github-csv+er
1896-01,,0.776648,DGS2,github-csv+er
1896-02,,0.77855,DGS2,github-csv+er
1896-03,,0.780452,DGS2,github-csv+er
1896-04,,0.782344,DGS2,github-csv+er
1896-05,,0.784231,DGS2,github-csv+er
1896-06,,0.786111,DGS2,github-csv+er
1896-07,,0.787987,DGS2,github-csv+er
1896-08,,0.789854,DGS2,github-csv+er
1896-09,,0.791716,DGS2,github-csv+er
1896-10,,0.793569,DGS2,github-csv+er
1896-11,,0.795416,DGS2,github-csv+er
1896-12,,0.797259,DGS2,github-csv+er
1897-01,,0.798903,DGS2,github-csv+er
1897-02,,0.800538,DGS2,github-csv+er
1897-03,,0.802174,DGS2,github-csv+er
1897-04,,0.803809,DGS2,github-csv+er
1897-05,,0.805447,DGS2,github-csv+er
1897-06,,0.807084,DGS2,github-csv+er
1897-07,,0.808721,DGS2,github-csv+er
1897-08,,0.81036,DGS2,github-csv+er
1897-09,,0.811999,DGS2,github-csv+er
1897-10,,0.813638,DGS2,github-csv+er
1897-11,,0.815277,DGS2,github-csv+er
1897-12,,0.816918,DGS2,github-csv+er
1898-01,,0.818818,DGS2,github-csv+er
1898-02,,0.820719,DGS2,github-csv+er
1898-03,,0.822617,DGS2,github-csv+er
1898-04,,0.8245,DGS2,github-csv+er
1898-05,,0.826374,DGS2,github-csv+er
1898-06,,0.82824,DGS2,github-csv+er
1898-07,,0.830091,DGS2,github-csv+er
1898-08,,0.831938,DGS2,github-csv+er
1898-09,,0.833769,DGS2,github-csv+er
1898-10,,0.835591,DGS2,github-csv+er
1898-11,,0.837403,DGS2,github-csv+er
1898-12,,0.839207,DGS2,github-csv+er
1899-01,,0.840598,DGS2,github-csv+er
1899-02,,0.841974,DGS2,github-csv+er
1899-03,,0.843354,DGS2,github-csv+er
1899-04,,0.844741,DGS2,github-csv+er
1899-05,,0.846131,DGS2,github-csv+er
1899-06,,0.847527,DGS2,github-csv+er
1899-07,,0.84893,DGS2,github-csv+er
1899-08,,0.850336,DGS2,github-csv+er
1899-09,,0.851749,DGS2,github-csv+er
1899-10,,0.853167,DGS2,github-csv+er
1899-11,,0.85459,DGS2,github-csv+er
1899-12,,0.856019,DGS2,github-csv+er
1900-01,,0.857587,DGS2,github-csv+er
1900-02,,0.859163,DGS2,github-csv+er
1900-03,,0.86074,DGS2,github-csv+er
1900-04,,0.862316,DGS2,github-csv+er
1900-05,,0.863893,DGS2,github-csv+er
1900-06,,0.865469,DGS2,github-csv+er
1900-07,,0.867045,DGS2,github-csv+er
1900-08,,0.868621,DGS2,github-csv+er
1900-09,,0.870196,DGS2,github-csv+er
1900-10,,0.871772,DGS2,github-csv+er
1900-11,,0.873347,DGS2,github-csv+er
1900-12,,0.874923,DGS2,github-csv+er
1901-01,,0.876318,DGS2,github-csv+er
1901-02,,0.877712,DGS2,github-csv+er
1901-03,,0.87911,DGS2,github-csv+er
1901-04,,0.880516,DGS2,github-csv+er
1901-05,,0.881928,DGS2,github-csv+er
1901-06,,0.88335,DGS2,github-csv+er
1901-07,,0.884777,DGS2,github-csv+er
1901-08,,0.886214,DGS2,github-csv+er
1901-09,,0.887656,DGS2,github-csv+er
1901-10,,0.889104,DGS2,github-csv+er
1901-11,,0.890563,DGS2,github-csv+er
1901-12,,0.892026,DGS2,github-csv+er
1902-01,,0.893441,DGS2,github-csv+er
1902-02,,0.894864,DGS2,github-csv+er
1902-03,,0.896294,DGS2,github-csv+er
1902-04,,0.897734,DGS2,github-csv+er
1902-05,,0.899186,DGS2,github-csv+er
1902-06,,0.900647,DGS2,github-csv+er
1902-07,,0.902116,DGS2,github-csv+er
1902-08,,0.903599,DGS2,github-csv+er
1902-09,,0.905089,DGS2,github-csv+er
1902-10,,0.906589,DGS2,github-csv+er
1902-11,,0.908101,DGS2,github-csv+er
1902-12,,0.90962,DGS2,github-csv+er
1903-01,,0.91118,DGS2,github-csv+er
1903-02,,0.912752,DGS2,github-csv+er
1903-03,,0.91433,DGS2,github-csv+er
1903-04,,0.915919,DGS2,github-csv+er
1903-05,,0.917516,DGS2,github-csv+er
1903-06,,0.919123,DGS2,github-csv+er
1903-07,,0.920737,DGS2,github-csv+er
1903-08,,0.922363,DGS2,github-csv+er
1903-09,,0.923998,DGS2,github-csv+er
1903-10,,0.925641,DGS2,github-csv+er
1903-11,,0.927295,DGS2,github-csv+er
1903-12,,0.928955,DGS2,github-csv+er
1904-01,,0.930657,DGS2,github-csv+er
1904-02,,0.93237,DGS2,github-csv+er
1904-03,,0.934089,DGS2,github-csv+er
1904-04,,0.935816,DGS2,github-csv+er
1904-05,,0.937553,DGS2,github-csv+er
1904-06,,0.939296,DGS2,github-csv+er
1904-07,,0.941049,DGS2,github-csv+er
1904-08,,0.942812,DGS2,github-csv+er
1904-09,,0.944582,DGS2,github-csv+er
1904-10,,0.94636,DGS2,github-csv+er
1904-11,,0.94815,DGS2,github-csv+er
1904-12,,0.949943,DGS2,github-csv+er
1905-01,,0.951945,DGS2,github-csv+er
1905-02,,0.953955,DGS2,github-csv+er
1905-03,,0.95597,DGS2,github-csv+er
1905-04,,0.957983,DGS2,github-csv+er
1905-05,,0.959996,DGS2,github-csv+er
1905-06,,0.962013,DGS2,github-csv+er
1905-07,,0.964028,DGS2,github-csv+er
1905-08,,0.966047,DGS2,github-csv+er
1905-09,,0.968066,DGS2,github-csv+er
1905-10,,0.970083,DGS2,github-csv+er
1905-11,,0.972104,DGS2,github-csv+er
1905-12,,0.974123,DGS2,github-csv+er
1906-01,,0.975695,DGS2,github-csv+er
1906-02,,0.977269,DGS2,github-csv+er
1906-03,,0.978852,DGS2,github-csv+er
1906-04,,0.980459,DGS2,github-csv+er
1906-05,,0.982083,DGS2,github-csv+er
1906-06,,0.983728,DGS2,github-csv+er
1906-07,,0.985391,DGS2,github-csv+er
1906-08,,0.987072,DGS2,github-csv+er
1906-09,,0.988774,DGS2,github-csv+er
1906-10,,0.990503,DGS2,github-csv+er
1906-11,,0.992242,DGS2,github-csv+er
1906-12,,0.993991,DGS2,github-csv+er
1907-01,,0.99584,DGS2,github-csv+er
1907-02,,0.997703,DGS2,github-csv+er
1907-03,,0.999597,DGS2,github-csv+er
1907-04,,1.00148,DGS2,github-csv+er
1907-05,,1.00339,DGS2,github-csv+er
1907-06,,1.00534,DGS2,github-csv+er
1907-07,,1.00728,DGS2,github-csv+er
1907-08,,1.00927,DGS2,github-csv+er
1907-09,,1.01125,DGS2,github-csv+er
1907-10,,1.01323,DGS2,github-csv+er
1907-11,,1.01529,DGS2,github-csv+er
1907-12,,1.01731,DGS2,github-csv+er
1908-01,,1.01986,DGS2,github-csv+er
1908-02,,1.02244,DGS2,github-csv+er
1908-03,,1.02506,DGS2,github-csv+er
1908-04,,1.02763,DGS2,github-csv+er
1908-05,,1.0302,DGS2,github-csv+er
1908-06,,1.03277,DGS2,github-csv+er
1908-07,,1.03536,DGS2,github-csv+er
1908-08,,1.03794,DGS2,github-csv+er
1908-09,,1.04052,DGS2,github-csv+er
1908-10,,1.04308,DGS2,github-csv+er
1908-11,,1.04565,DGS2,github-csv+er
1908-12,,1.04823,DGS2,github-csv+er
1909-01,,1.05037,DGS2,github-csv+er
1909-02,,1.0525,DGS2,github-csv+er
1909-03,,1.05463,DGS2,github-csv+er
1909-04,,1.05679,DGS2,github-csv+er
1909-05,,1.05898,DGS2,github-csv+er
1909-06,,1.06116,DGS2,github-csv+er
1909-07,,1.06337,DGS2,github-csv+er
1909-08,,1.06559,DGS2,github-csv+er
1909-09,,1.06783,DGS2,github-csv+er
1909-10,,1.07008,DGS2,github-csv+er
1909-11,,1.07235,DGS2,github-csv+er
1909-12,,1.07463,DGS2,github-csv+er
1910-01,,1.07708,DGS2,github-csv+er
1910-02,,1.07952,DGS2,github-csv+er
1910-03,,1.08198,DGS2,github-csv+er
1910-04,,1.08447,DGS2,github-csv+er
1910-05,,1.08697,DGS2,github-csv+er
1910-06,,1.08945,DGS2,github-csv+er
1910-07,,1.09195,DGS2,github-csv+er
1910-08,,1.09448,DGS2,github-csv+er
1910-09,,1.09703,DGS2,github-csv+er
1910-10,,1.09957,DGS2,github-csv+er
1910-11,,1.10211,DGS2,github-csv+er
1910-12,,1.10468,DGS2,github-csv+er
1911-01,,1.10733,DGS2,github-csv+er
1911-02,,1.11,DGS2,github-csv+er
1911-03,,1.11266,DGS2,github-csv+er
1911-04,,1.11534,DGS2,github-csv+er
1911-05,,1.11802,DGS2,github-csv+er
1911-06,,1.12071,DGS2,github-csv+er
1911-07,,1.12342,DGS2,github-csv+er
1911-08,,1.12613,DGS2,github-csv+er
1911-09,,1.12886,DGS2,github-csv+er
1911-10,,1.13159,DGS2,github-csv+er
1911-11,,1.13433,DGS2,github-csv+er
1911-12,,1.13707,DGS2,github-csv+er
1912-01,,1.13909,DGS2,github-csv+er
1912-02,,1.14111,DGS2,github-csv+er
1912-03,,1.14316,DGS2,github-csv+er
1912-04,,1.14526,DGS2,github-csv+er
1912-05,,1.14739,DGS2,github-csv+er
1912-06,,1.14956,DGS2,github-csv+er
1912-07,,1.15178,DGS2,github-csv+er
1912-08,,1.15402,DGS2,github-csv+er
1912-09,,1.1563,DGS2,github-csv+er
1912-10,,1.15863,DGS2,github-csv+er
1912-11,,1.16102,DGS2,github-csv+er
1912-12,,1.16342,DGS2,github-csv+er
1913-01,,1.16722,DGS2,github-csv+er
1913-02,,1.17108,DGS2,github-csv+er
1913-03,,1.17492,DGS2,github-csv+er
1913-04,,1.17877,DGS2,github-csv+er
1913-05,,1.1826,DGS2,github-csv+er
1913-06,,1.18641,DGS2,github-csv+er
1913-07,,1.19022,DGS2,github-csv+er
1913-08,,1.194,DGS2,github-csv+er
1913-09,,1.19777,DGS2,github-csv+er
1913-10,,1.20155,DGS2,github-csv+er
1913-11,,1.2053,DGS2,github-csv+er
1913-12,,1.20904,DGS2,github-csv+er
1914-01,,1.21206,DGS2,github-csv+er
1914-02,,1.21506,DGS2,github-csv+er
1914-03,,1.21808,DGS2,github-csv+er
1914-04,,1.2211,DGS2,github-csv+er
1914-05,,1.22413,DGS2,github-csv+er
1914-06,,1.22718,DGS2,github-csv+er
1914-07,,1.22962,DGS2,github-csv+er
1914-12,,1.23271,DGS2,github-csv+er
1915-01,,1.23635,DGS2,github-csv+er
1915-02,,1.24002,DGS2,github-csv+er
1915-03,,1.24368,DGS2,github-csv+er
1915-04,,1.24735,DGS2,github-csv+er
1915-05,,1.25101,DGS2,github-csv+er
1915-06,,1.25467,DGS2,github-csv+er
1915-07,,1.25832,DGS2,github-csv+er
1915-08,,1.26195,DGS2,github-csv+er
1915-09,,1.26558,DGS2,github-csv+er
1915-10,,1.2692,DGS2,github-csv+er
1915-11,,1.27282,DGS2,github-csv+er
1915-12,,1.27645,DGS2,github-csv+er
1916-01,,1.2793,DGS2,github-csv+er
1916-02,,1.28213,DGS2,github-csv+er
1916-03,,1.28499,DGS2,github-csv+er
1916-04,,1.28787,DGS2,github-csv+er
1916-05,,1.29079,DGS2,github-csv+er
1916-06,,1.29372,DGS2,github-csv+er
1916-07,,1.29668,DGS2,github-csv+er
1916-08,,1.29965,DGS2,github-csv+er
1916-09,,1.30265,DGS2,github-csv+er
1916-10,,1.30566,DGS2,github-csv+er
1916-11,,1.30872,DGS2,github-csv+er
1916-12,,1.31179,DGS2,github-csv+er
1917-01,,1.31454,DGS2,github-csv+er
1917-02,,1.31734,DGS2,github-csv+er
1917-03,,1.32014,DGS2,github-csv+er
1917-04,,1.323,DGS2,github-csv+er
1917-05,,1.32588,DGS2,github-csv+er
1917-06,,1.32882,DGS2,github-csv+er
1917-07,,1.33178,DGS2,github-csv+er
1917-08,,1.33479,DGS2,github-csv+er
1917-09,,1.33783,DGS2,github-csv+er
1917-10,,1.34091,DGS2,github-csv+er
1917-11,,1.34403,DGS2,github-csv+er
1917-12,,1.34719,DGS2,github-csv+er
1918-01,,1.35126,DGS2,github-csv+er
1918-02,,1.3554,DGS2,github-csv+er
1918-03,,1.35951,DGS2,github-csv+er
1918-04,,1.36365,DGS2,github-csv+er
1918-05,,1.36781,DGS2,github-csv+er
1918-06,,1.37195,DGS2,github-csv+er
1918-07,,1.37612,DGS2,github-csv+er
1918-08,,1.38027,DGS2,github-csv+er
1918-09,,1.38444,DGS2,github-csv+er
1918-10,,1.38862,DGS2,github-csv+er
1918-11,,1.39279,DGS2,github-csv+er
1918-12,,1.39697,DGS2,github-csv+er
1919-01,,1.39998,DGS2,github-csv+er
1919-02,,1.40297,DGS2,github-csv+er
1919-03,,1.406,DGS2,github-csv+er
1919-04,,1.40908,DGS2,github-csv+er
1919-05,,1.41222,DGS2,github-csv+er
1919-06,,1.41541,DGS2,github-csv+er
1919-07,,1.41866,DGS2,github-csv+er
1919-08,,1.42196,DGS2,github-csv+er
1919-09,,1.42531,DGS2,github-csv+er
1919-10,,1.42872,DGS2,github-csv+er
1919-11,,1.4322,DGS2,github-csv+er
1919-12,,1.43571,DGS2,github-csv+er
1920-01,,1.44008,DGS2,github-csv+er
1920-02,,1.44453,DGS2,github-csv+er
1920-03,,1.44898,DGS2,github-csv+er
1920-04,,1.45348,DGS2,github-csv+er
1920-05,,1.45801,DGS2,github-csv+er
1920-06,,1.46253,DGS2,github-csv+er
1920-07,,1.46711,DGS2,github-csv+er
1920-08,,1.47171,DGS2,github-csv+er
1920-09,,1.47633,DGS2,github-csv+er
1920-10,,1.48098,DGS2,github-csv+er
1920-11,,1.48566,DGS2,github-csv+er
1920-12,,1.49035,DGS2,github-csv+er
1921-01,,1.49725,DGS2,github-csv+er
1921-02,,1.50418,DGS2,github-csv+er
1921-03,,1.51108,DGS2,github-csv+er
1921-04,,1.51793,DGS2,github-csv+er
1921-05,,1.52472,DGS2,github-csv+er
1921-06,,1.53146,DGS2,github-csv+er
1921-07,,1.53814,DGS2,github-csv+er
1921-08,,1.54479,DGS2,github-csv+er
1921-09,,1.55136,DGS2,github-csv+er
1921-10,,1.55786,DGS2,github-csv+er
1921-11,,1.56431,DGS2,github-csv+er
1921-12,,1.57072,DGS2,github-csv+er
1922-01,,1.57496,DGS2,github-csv+er
1922-02,,1.57907,DGS2,github-csv+er
1922-03,,1.58321,DGS2,github-csv+er
1922-04,,1.58739,DGS2,github-csv+er
1922-05,,1.59156,DGS2,github-csv+er
1922-06,,1.59575,DGS2,github-csv+er
1922-07,,1.59997,DGS2,github-csv+er
1922-08,,1.60421,DGS2,github-csv+er
1922-09,,1.60845,DGS2,github-csv+er
1922-10,,1.61274,DGS2,github-csv+er
1922-11,,1.61701,DGS2,github-csv+er
1922-12,,1.62131,DGS2,github-csv+er
1923-01,,1.62657,DGS2,github-csv+er
1923-02,,1.63185,DGS2,github-csv+er
1923-03,,1.63711,DGS2,github-csv+er
1923-04,,1.64236,DGS2,github-csv+er
1923-05,,1.64759,DGS2,github-csv+er
1923-06,,1.6528,DGS2,github-csv+er
1923-07,,1.65799,DGS2,github-csv+er
1923-08,,1.66318,DGS2,github-csv+er
1923-09,,1.66832,DGS2,github-csv+er
1923-10,,1.67346,DGS2,github-csv+er
1923-11,,1.67859,DGS2,github-csv+er
1923-12,,1.68368,DGS2,github-csv+er
1924-01,,1.6885,DGS2,github-csv+er
1924-02,,1.69328,DGS2,github-csv+er
1924-03,,1.69808,DGS2,github-csv+er
1924-04,,1.70283,DGS2,github-csv+er
1924-05,,1.70761,DGS2,github-csv+er
1924-06,,1.71235,DGS2,github-csv+er
1924-07,,1.71709,DGS2,github-csv+er
1924-08,,1.72181,DGS2,github-csv+er
1924-09,,1.72654,DGS2,github-csv+er
1924-10,,1.73123,DGS2,github-csv+er
1924-11,,1.73594,DGS2,github-csv+er
1924-12,,1.74061,DGS2,github-csv+er
1925-01,,1.74524,DGS2,github-csv+er
1925-02,,1.74984,DGS2,github-csv+er
1925-03,,1.75443,DGS2,github-csv+er
1925-04,,1.75902,DGS2,github-csv+er
1925-05,,1.76359,DGS2,github-csv+er
1925-06,,1.76816,DGS2,github-csv+er
1925-07,,1.7727,DGS2,github-csv+er
1925-08,,1.77726,DGS2,github-csv+er
1925-09,,1.78178,DGS2,github-csv+er
1925-10,,1.78631,DGS2,github-csv+er
1925-11,,1.79082,DGS2,github-csv+er
1925-12,,1.79532,DGS2,github-csv+er
1926-01,,1.80026,DGS2,github-csv+er
1926-02,,1.8052,DGS2,github-csv+er
1926-03,,1.81011,DGS2,github-csv+er
1926-04,,1.81501,DGS2,github-csv+er
1926-05,,1.81984,DGS2,github-csv+er
1926-06,,1.82468,DGS2,github-csv+er
1926-07,,1.82813,DGS2,github-csv+er
1926-08,,1.83188,DGS2,github-csv+er
1926-09,,1.83568,DGS2,github-csv+er
1926-10,,1.83948,DGS2,github-csv+er
1926-11,,1.84329,DGS2,github-csv+er
1926-12,,1.84709,DGS2,github-csv+er
1927-01,,1.85089,DGS2,github-csv+er
1927-02,,1.85472,DGS2,github-csv+er
1927-03,,1.85857,DGS2,github-csv+er
1927-04,,1.86242,DGS2,github-csv+er
1927-05,,1.86625,DGS2,github-csv+er
1927-06,,1.8701,DGS2,github-csv+er
1927-07,,1.87398,DGS2,github-csv+er
1927-08,,1.87785,DGS2,github-csv+er
1927-09,,1.88173,DGS2,github-csv+er
1927-10,,1.8856,DGS2,github-csv+er
1927-11,,1.88951,DGS2,github-csv+er
1927-12,,1.89342,DGS2,github-csv+er
1928-01,,1.89734,DGS2,github-csv+er
1928-02,,1.90125,DGS2,github-csv+er
1928-03,,1.90518,DGS2,github-csv+er
1928-04,,1.90912,DGS2,github-csv+er
1928-05,,1.91307,DGS2,github-csv+er
1928-06,,1.91701,DGS2,github-csv+er
1928-07,,1.92098,DGS2,github-csv+er
1928-08,,1.92495,DGS2,github-csv+er
1928-09,,1.92894,DGS2,github-csv+er
1928-10,,1.83569,DGS2,github-csv+er
1928-11,,1.84336,DGS2,github-csv+er
1928-12,,2.03683,DGS2,github-csv+er
1929-01,,1.93411,DGS2,github-csv+er
1929-02,,1.84063,DGS2,github-csv+er
1929-03,,1.94106,DGS2,github-csv+er
1929-04,,1.94507,DGS2,github-csv+er
1929-05,,1.85105,DGS2,github-csv+er
1929-06,,1.85879,DGS2,github-csv+er
1929-07,,1.96021,DGS2,github-csv+er
1929-08,,1.86547,DGS2,github-csv+er
1929-09,,1.96724,DGS2,github-csv+er
1929-10,,1.87218,DGS2,github-csv+er
1929-11,,1.87997,DGS2,github-csv+er
1929-12,,1.98256,DGS2,github-csv+er
1930-01,,1.98665,DGS2,github-csv+er
1930-02,,1.99076,DGS2,github-csv+er
1930-03,,1.99488,DGS2,github-csv+er
1930-04,,1.99898,DGS2,github-csv+er
1930-05,,2.00312,DGS2,github-csv+er
1930-06,,2.00727,DGS2,github-csv+er
1930-07,,2.01143,DGS2,github-csv+er
1930-08,,2.11695,DGS2,github-csv+er
1930-09,,2.01018,DGS2,github-csv+er
1930-10,,2.11564,DGS2,github-csv+er
1930-11,,2.00894,DGS2,github-csv+er
1930-12,,2.0131,DGS2,github-csv+er
1931-01,,2.01727,DGS2,github-csv+er
1931-02,,2.1231,DGS2,github-csv+er
1931-03,,2.12303,DGS2,github-csv+er
1931-04,,2.12296,DGS2,github-csv+er
1931-05,,2.12288,DGS2,github-csv+er
1931-06,,2.12281,DGS2,github-csv+er
1931-07,,2.12274,DGS2,github-csv+er
1931-08,,2.12267,DGS2,github-csv+er
1931-09,,2.1226,DGS2,github-csv+er
1931-10,,2.12253,DGS2,github-csv+er
1931-11,,2.01547,DGS2,github-csv+er
1931-12,,2.12124,DGS2,github-csv+er
1932-01,,2.01427,DGS2,github-csv+er
1932-02,,2.01841,DGS2,github-csv+er
1932-03,,2.02258,DGS2,github-csv+er
1932-04,,2.12869,DGS2,github-csv+er
1932-05,,2.12863,DGS2,github-csv+er
1932-06,,2.12856,DGS2,github-csv+er
1932-07,,2.12849,DGS2,github-csv+er
1932-08,,2.12841,DGS2,github-csv+er
1932-09,,2.12835,DGS2,github-csv+er
1932-10,,2.12828,DGS2,github-csv+er
1932-11,,2.12821,DGS2,github-csv+er
1932-12,,2.12814,DGS2,github-csv+er
1933-01,,2.12806,DGS2,github-csv+er
1933-02,,2.12799,DGS2,github-csv+er
1933-03,,2.12793,DGS2,github-csv+er
1933-04,,2.12786,DGS2,github-csv+er
1933-05,,2.12779,DGS2,github-csv+er
1933-06,,2.12772,DGS2,github-csv+er
1933-07,,2.12765,DGS2,github-csv+er
1933-08,,2.12758,DGS2,github-csv+er
1933-09,,2.12751,DGS2,github-csv+er
1933-10,,2.12744,DGS2,github-csv+er
1933-11,,2.12736,DGS2,github-csv+er
1933-12,,2.12729,DGS2,github-csv+er
1934-01,,2.12723,DGS2,github-csv+er
1934-02,,2.12716,DGS2,github-csv+er
1934-03,,2.12709,DGS2,github-csv+er
1934-04,,2.12701,DGS2,github-csv+er
1934-05,,2.12694,DGS2,github-csv+er
1934-06,,2.12687,DGS2,github-csv+er
1934-07,,2.1268,DGS2,github-csv+er
1934-08,,2.12673,DGS2,github-csv+er
1934-09,,2.12665,DGS2,github-csv+er
1934-10,,2.12658,DGS2,github-csv+er
1934-11,,2.12651,DGS2,github-csv+er
1934-12,,2.12644,DGS2,github-csv+er
1935-01,,2.12637,DGS2,github-csv+er
1935-02,,2.12629,DGS2,github-csv+er
1935-03,,2.12622,DGS2,github-csv+er
1935-04,,2.12615,DGS2,github-csv+er
1935-05,,2.12608,DGS2,github-csv+er
1935-06,,2.12601,DGS2,github-csv+er
1935-07,,2.12593,DGS2,github-csv+er
1935-08,,2.12586,DGS2,github-csv+er
1935-09,,2.12579,DGS2,github-csv+er
1935-10,,2.12572,DGS2,github-csv+er
1935-11,,2.12565,DGS2,github-csv+er
1935-12,,2.12557,DGS2,github-csv+er
1936-01,,2.1255,DGS2,github-csv+er
1936-02,,2.12543,DGS2,github-csv+er
1936-03,,2.12536,DGS2,github-csv+er
1936-04,,2.12529,DGS2,github-csv+er
1936-05,,2.12521,DGS2,github-csv+er
1936-06,,2.12516,DGS2,github-csv+er
1936-07,,2.12509,DGS2,github-csv+er
1936-08,,2.12502,DGS2,github-csv+er
1936-09,,2.12495,DGS2,github-csv+er
1936-10,,2.12487,DGS2,github-csv+er
1936-11,,2.1248,DGS2,github-csv+er
1936-12,,2.12473,DGS2,github-csv+er
1937-01,,2.12467,DGS2,github-csv+er
1937-02,,2.1246,DGS2,github-csv+er
1937-03,,2.12454,DGS2,github-csv+er
1937-04,,2.12446,DGS2,github-csv+er
1937-05,,2.12439,DGS2,github-csv+er
1937-06,,2.12432,DGS2,github-csv+er
1937-07,,2.12425,DGS2,github-csv+er
1937-08,,2.12418,DGS2,github-csv+er
1937-09,,2.12411,DGS2,github-csv+er
1937-10,,2.12404,DGS2,github-csv+er
1937-11,,2.12397,DGS2,github-csv+er
1937-12,,2.1239,DGS2,github-csv+er
1938-01,,2.12383,DGS2,github-csv+er
1938-02,,2.12375,DGS2,github-csv+er
1938-03,,2.12368,DGS2,github-csv+er
1938-04,,2.12361,DGS2,github-csv+er
1938-05,,2.12354,DGS2,github-csv+er
1938-06,,2.12347,DGS2,github-csv+er
1938-07,,2.12339,DGS2,github-csv+er
1938-08,,2.12332,DGS2,github-csv+er
1938-09,,2.12325,DGS2,github-csv+er
1938-10,,2.12318,DGS2,github-csv+er
1938-11,,2.12311,DGS2,github-csv+er
1938-12,,2.12304,DGS2,github-csv+er
1939-01,,2.12296,DGS2,github-csv+er
1939-02,,2.12289,DGS2,github-csv+er
1939-03,,2.12282,DGS2,github-csv+er
1939-04,,2.12275,DGS2,github-csv+er
1939-05,,2.12268,DGS2,github-csv+er
1939-06,,2.1226,DGS2,github-csv+er
1939-07,,2.12253,DGS2,github-csv+er
1939-08,,2.12246,DGS2,github-csv+er
1939-09,,2.12239,DGS2,github-csv+er
1939-10,,2.12232,DGS2,github-csv+er
1939-11,,2.12225,DGS2,github-csv+er
1939-12,,2.12217,DGS2,github-csv+er
1940-01,,2.1221,DGS2,github-csv+er
1940-02,,2.12203,DGS2,github-csv+er
1940-03,,2.12197,DGS2,github-csv+er
1940-04,,2.1219,DGS2,github-csv+er
1940-05,,2.12182,DGS2,github-csv+er
1940-06,,2.12176,DGS2,github-csv+er
1940-07,,2.12169,DGS2,github-csv+er
1940-08,,2.12162,DGS2,github-csv+er
1940-09,,2.12155,DGS2,github-csv+er
1940-10,,2.12148,DGS2,github-csv+er
1940-11,,2.12142,DGS2,github-csv+er
1940-12,,2.12135,DGS2,github-csv+er
1941-01,,2.12128,DGS2,github-csv+er
1941-02,,2.12121,DGS2,github-csv+er
1941-03,,2.12114,DGS2,github-csv+er
1941-04,,2.12106,DGS2,github-csv+er
1941-05,,2.121,DGS2,github-csv+er
1941-06,,2.12093,DGS2,github-csv+er
1941-07,,2.12086,DGS2,github-csv+er
1941-08,,2.12079,DGS2,github-csv+er
1941-09,,2.12072,DGS2,github-csv+er
1941-10,,2.12064,DGS2,github-csv+er
1941-11,,2.12057,DGS2,github-csv+er
1941-12,,2.1205,DGS2,github-csv+er
1942-01,,2.12043,DGS2,github-csv+er
1942-02,,2.12036,DGS2,github-csv+er
1942-03,,2.12028,DGS2,github-csv+er
1942-04,,2.12021,DGS2,github-csv+er
1942-05,,2.12014,DGS2,github-csv+er
1942-06,,2.12007,DGS2,github-csv+er
1942-07,,2.12,DGS2,github-csv+er
1942-08,,2.11993,DGS2,github-csv+er
1942-09,,2.11985,DGS2,github-csv+er
1942-10,,2.11978,DGS2,github-csv+er
1942-11,,2.11971,DGS2,github-csv+er
1942-12,,2.11964,DGS2,github-csv+er
1943-01,,2.11957,DGS2,github-csv+er
1943-02,,2.11949,DGS2,github-csv+er
1943-03,,2.11942,DGS2,github-csv+er
1943-04,,2.11935,DGS2,github-csv+er
1943-05,,2.11928,DGS2,github-csv+er
1943-06,,2.11921,DGS2,github-csv+er
1943-07,,2.11914,DGS2,github-csv+er
1943-08,,2.11906,DGS2,github-csv+er
1943-09,,2.11899,DGS2,github-csv+er
1943-10,,2.11892,DGS2,github-csv+er
1943-11,,2.11886,DGS2,github-csv+er
1943-12,,2.11879,DGS2,github-csv+er
1944-01,,2.11872,DGS2,github-csv+er
1944-02,,2.11864,DGS2,github-csv+er
1944-03,,2.11857,DGS2,github-csv+er
1944-04,,2.1185,DGS2,github-csv+er
1944-05,,2.11843,DGS2,github-csv+er
1944-06,,2.11836,DGS2,github-csv+er
1944-07,,2.1183,DGS2,github-csv+er
1944-08,,2.11824,DGS2,github-csv+er
1944-09,,2.11817,DGS2,github-csv+er
1944-10,,2.1181,DGS2,github-csv+er
1944-11,,2.11803,DGS2,github-csv+er
1944-12,,2.11796,DGS2,github-csv+er
1945-01,,2.1179,DGS2,github-csv+er
1945-02,,2.11782,DGS2,github-csv+er
1945-03,,2.11775,DGS2,github-csv+er
1945-04,,2.11768,DGS2,github-csv+er
1945-05,,2.11761,DGS2,github-csv+er
1945-06,,2.11754,DGS2,github-csv+er
1945-07,,2.11747,DGS2,github-csv+er
1945-08,,2.11739,DGS2,github-csv+er
1945-09,,2.11732,DGS2,github-csv+er
1945-10,,2.11725,DGS2,github-csv+er
1945-11,,2.11718,DGS2,github-csv+er
1945-12,,2.11711,DGS2,github-csv+er
1946-01,,2.11704,DGS2,github-csv+er
1946-02,,2.11696,DGS2,github-csv+er
1946-03,,2.11689,DGS2,github-csv+er
1946-04,,2.11682,DGS2,github-csv+er
1946-05,,2.11675,DGS2,github-csv+er
1946-06,,2.11668,DGS2,github-csv+er
1946-07,,2.11661,DGS2,github-csv+er
1946-08,,2.11653,DGS2,github-csv+er
1946-09,,2.11646,DGS2,github-csv+er
1946-10,,2.11639,DGS2,github-csv+er
1946-11,,2.11632,DGS2,github-csv+er
1946-12,,2.11625,DGS2,github-csv+er
1947-01,,2.11618,DGS2,github-csv+er
1947-02,,2.1161,DGS2,github-csv+er
1947-03,,2.11603,DGS2,github-csv+er
1947-04,,2.11596,DGS2,github-csv+er
1947-05,,2.11589,DGS2,github-csv+er
1947-06,,2.11582,DGS2,github-csv+er
1947-07,,2.11575,DGS2,github-csv+er
1947-08,,2.11568,DGS2,github-csv+er
1947-09,,2.11561,DGS2,github-csv+er
1947-10,,2.11554,DGS2,github-csv+er
1947-11,,2.11547,DGS2,github-csv+er
1947-12,,2.1154,DGS2,github-csv+er
1948-01,,2.11533,DGS2,github-csv+er
1948-02,,2.11525,DGS2,github-csv+er
1948-03,,2.11518,DGS2,github-csv+er
1948-04,,2.11512,DGS2,github-csv+er
1948-05,,2.11505,DGS2,github-csv+er
1948-06,,2.11499,DGS2,github-csv+er
1948-07,,2.11492,DGS2,github-csv+er
1948-08,,2.11485,DGS2,github-csv+er
1948-09,,2.11479,DGS2,github-csv+er
1948-10,,2.11472,DGS2,github-csv+er
1948-11,,2.11465,DGS2,github-csv+er
1948-12,,2.11458,DGS2,github-csv+er
1949-01,,2.11451,DGS2,github-csv+er
1949-02,,2.11444,DGS2,github-csv+er
1949-03,,2.11436,DGS2,github-csv+er
1949-04,,2.11429,DGS2,github-csv+er
1949-05,,2.11422,DGS2,github-csv+er
1949-06,,2.11415,DGS2,github-csv+er
1949-07,,2.11408,DGS2,github-csv+er
1949-08,,2.11401,DGS2,github-csv+er
1949-09,,2.11393,DGS2,github-csv+er
1949-10,,2.11386,DGS2,github-csv+er
1949-11,,2.11379,DGS2,github-csv+er
1949-12,,2.11372,DGS2,github-csv+er
1950-01,,2.11365,DGS2,github-csv+er
1950-02,,2.11358,DGS2,github-csv+er
1950-03,,2.1135,DGS2,github-csv+er
1950-04,,2.11343,DGS2,github-csv+er
1950-05,,2.11336,DGS2,github-csv+er
1950-06,,2.11329,DGS2,github-csv+er
1950-07,,2.11322,DGS2,github-csv+er
1950-08,,2.11315,DGS2,github-csv+er
1950-09,,2.00658,DGS2,github-csv+er
1950-10,,2.11185,DGS2,github-csv+er
1950-11,,2.11178,DGS2,github-csv+er
1950-12,,2.11172,DGS2,github-csv+er
1951-01,,2.11166,DGS2,github-csv+er
1951-02,,2.11159,DGS2,github-csv+er
1951-03,,2.11151,DGS2,github-csv+er
1951-04,,2.00502,DGS2,github-csv+er
1951-05,,2.11021,DGS2,github-csv+er
1951-06,,2.00379,DGS2,github-csv+er
1951-07,,2.00795,DGS2,github-csv+er
1951-08,,2.01206,DGS2,github-csv+er
1951-09,,2.01623,DGS2,github-csv+er
1951-10,,2.02041,DGS2,github-csv+er
1951-11,,2.12641,DGS2,github-csv+er
1951-12,,2.12634,DGS2,github-csv+er
1952-01,,2.01909,DGS2,github-csv+er
1952-02,,2.02328,DGS2,github-csv+er
1952-03,,2.12942,DGS2,github-csv+er
1952-04,,2.12935,DGS2,github-csv+er
1952-05,,2.02196,DGS2,github-csv+er
1952-06,,2.02614,DGS2,github-csv+er
1952-07,,2.03034,DGS2,github-csv+er
1952-08,,2.03452,DGS2,github-csv+er
1952-09,,2.03874,DGS2,github-csv+er
1952-10,,2.04295,DGS2,github-csv+er
1952-11,,2.04715,DGS2,github-csv+er
1952-12,,2.0514,DGS2,github-csv+er
1953-01,,2.05565,DGS2,github-csv+er
1953-02,,2.05989,DGS2,github-csv+er
1953-03,,2.06414,DGS2,github-csv+er
1953-04,,2.0684,DGS2,github-csv+er
1953-05,,2.07269,DGS2,github-csv+er
1953-06,,2.07698,DGS2,github-csv+er
1953-07,,2.08125,DGS2,github-csv+er
1953-08,,2.08556,DGS2,github-csv+er
1953-09,,2.08988,DGS2,github-csv+er
1953-10,,2.09419,DGS2,github-csv+er
1953-11,,2.20407,DGS2,github-csv+er
1953-12,,2.09291,DGS2,github-csv+er
1954-01,,2.16001,DGS2,github-csv+er
1954-02,,2.16265,DGS2,github-csv+er
1954-03,,2.16308,DGS2,github-csv+er
1954-04,,2.17438,DGS2,github-csv+er
1954-05,,2.17969,DGS2,github-csv+er
1954-06,,2.18442,DGS2,github-csv+er
1954-07,,2.17895,DGS2,github-csv+er
1954-08,,2.16899,DGS2,github-csv+er
1954-09,,2.1734,DGS2,github-csv+er
1954-10,,2.1747,DGS2,github-csv+er
1954-11,,2.176,DGS2,github-csv+er
1954-12,,2.17732,DGS2,github-csv+er
1955-01,,2.17475,DGS2,github-csv+er
1955-02,,2.16584,DGS2,github-csv+er
1955-03,,2.16649,DGS2,github-csv+er
1955-04,,2.16118,DGS2,github-csv+er
1955-05,,2.17261,DGS2,github-csv+er
1955-06,,2.17158,DGS2,github-csv+er
1955-07,,2.16201,DGS2,github-csv+er
1955-08,,2.15039,DGS2,github-csv+er
1955-09,,2.15148,DGS2,github-csv+er
1955-10,,2.15526,DGS2,github-csv+er
1955-11,,2.14655,DGS2,github-csv+er
1955-12,,2.14827,DGS2,github-csv+er
1956-01,,2.16039,DGS2,github-csv+er
1956-02,,2.16538,DGS2,github-csv+er
1956-03,,2.16945,DGS2,github-csv+er
1956-04,,2.15662,DGS2,github-csv+er
1956-05,,2.16655,DGS2,github-csv+er
1956-06,,2.17762,DGS2,github-csv+er
1956-07,,2.18716,DGS2,github-csv+er
1956-08,,2.17554,DGS2,github-csv+er
1956-09,,2.16942,DGS2,github-csv+er
1956-10,,2.17676,DGS2,github-csv+er
1956-11,,2.17404,DGS2,github-csv+er
1956-12,,2.17166,DGS2,github-csv+er
1957-01,,2.18176,DGS2,github-csv+er
1957-02,,2.18036,DGS2,github-csv+er
1957-03,,2.20021,DGS2,github-csv+er
1957-04,,2.20337,DGS2,github-csv+er
1957-05,,2.19561,DGS2,github-csv+er
1957-06,,2.20553,DGS2,github-csv+er
1957-07,,2.20432,DGS2,github-csv+er
1957-08,,2.20516,DGS2,github-csv+er
1957-09,,2.21329,DGS2,github-csv+er
1957-10,,2.21341,DGS2,github-csv+er
1957-11,,2.24033,DGS2,github-csv+er
1957-12,,2.2636,DGS2,github-csv+er
1958-01,,2.32303,DGS2,github-csv+er
1958-02,,2.33895,DGS2,github-csv+er
1958-03,,2.34931,DGS2,github-csv+er
1958-04,,2.34669,DGS2,github-csv+er
1958-05,,2.37805,DGS2,github-csv+er
1958-06,,2.37104,DGS2,github-csv+er
1958-07,,2.36486,DGS2,github-csv+er
1958-08,,2.2994,DGS2,github-csv+er
1958-09,,2.28677,DGS2,github-csv+er
1958-10,,2.29871,DGS2,github-csv+er
1958-11,,2.29294,DGS2,github-csv+er
1958-12,,2.30276,DGS2,github-csv+er
1959-01,,2.30968,DGS2,github-csv+er
1959-02,,2.30913,DGS2,github-csv+er
1959-03,,2.31346,DGS2,github-csv+er
1959-04,,2.31548,DGS2,github-csv+er
1959-05,,2.31027,DGS2,github-csv+er
1959-06,,2.31335,DGS2,github-csv+er
1959-07,,2.3258,DGS2,github-csv+er
1959-08,,2.29059,DGS2,github-csv+er
1959-09,,2.28785,DGS2,github-csv+er
1959-10,,2.30017,DGS2,github-csv+er
1959-11,,2.28751,DGS2,github-csv+er
1959-12,,2.29774,DGS2,github-csv+er
1960-01,,2.32492,DGS2,github-csv+er
1960-02,,2.32328,DGS2,github-csv+er
1960-03,,2.38568,DGS2,github-csv+er
1960-04,,2.39065,DGS2,github-csv+er
1960-05,,2.3928,DGS2,github-csv+er
1960-06,,2.44345,DGS2,github-csv+er
1960-07,,2.44782,DGS2,github-csv+er
1960-08,,2.4336,DGS2,github-csv+er
1960-09,,2.45187,DGS2,github-csv+er
1960-10,,2.46532,DGS2,github-csv+er
1960-11,,2.45578,DGS2,github-csv+er
1960-12,,2.47044,DGS2,github-csv+er
1961-01,,2.47094,DGS2,github-csv+er
1961-02,,2.46072,DGS2,github-csv+er
1961-03,,2.4738,DGS2,github-csv+er
1961-04,,2.48613,DGS2,github-csv+er
1961-05,,2.48727,DGS2,github-csv+er
1961-06,,2.49552,DGS2,github-csv+er
1961-07,,2.50066,DGS2,github-csv+er
1961-08,,2.50078,DGS2,github-csv+er
1961-09,,2.5116,DGS2,github-csv+er
1961-10,,2.51367,DGS2,github-csv+er
1961-11,,2.50479,DGS2,github-csv+er
1961-12,,2.50401,DGS2,github-csv+er
1962-01,,2.5065,DGS2,github-csv+er
1962-02,,2.51313,DGS2,github-csv+er
1962-03,,2.51671,DGS2,github-csv+er
1962-04,,2.52289,DGS2,github-csv+er
1962-05,,2.53059,DGS2,github-csv+er
1962-06,,2.52607,DGS2,github-csv+er
1962-07,,2.53411,DGS2,github-csv+er
1962-08,,2.5426,DGS2,github-csv+er
1962-09,,2.55202,DGS2,github-csv+er
1962-10,,2.55879,DGS2,github-csv+er
1962-11,,2.55735,DGS2,github-csv+er
1962-12,,2.56029,DGS2,github-csv+er
1963-01,,2.56592,DGS2,github-csv+er
1963-02,,2.57365,DGS2,github-csv+er
1963-03,,2.57925,DGS2,github-csv+er
1963-04,,2.58594,DGS2,github-csv+er
1963-05,,2.58693,DGS2,github-csv+er
1963-06,,2.59383,DGS2,github-csv+er
1963-07,,2.58568,DGS2,github-csv+er
1963-08,,2.58644,DGS2,github-csv+er
1963-09,,2.59469,DGS2,github-csv+er
1963-10,,2.59618,DGS2,github-csv+er
1963-11,,2.60259,DGS2,github-csv+er
1963-12,,2.60958,DGS2,github-csv+er
1964-01,,2.61764,DGS2,github-csv+er
1964-02,,2.61995,DGS2,github-csv+er
1964-03,,2.63243,DGS2,github-csv+er
1964-04,,2.64322,DGS2,github-csv+er
1964-05,,2.64967,DGS2,github-csv+er
1964-06,,2.65724,DGS2,github-csv+er
1964-07,,2.66483,DGS2,github-csv+er
1964-08,,2.67085,DGS2,github-csv+er
1964-09,,2.67587,DGS2,github-csv+er
1964-10,,2.68372,DGS2,github-csv+er
1964-11,,2.67598,DGS2,github-csv+er
1964-12,,2.68553,DGS2,github-csv+er
1965-01,,2.69131,DGS2,github-csv+er
1965-02,,2.69345,DGS2,github-csv+er
1965-03,,2.70555,DGS2,github-csv+er
1965-04,,2.7154,DGS2,github-csv+er
1965-05,,2.72631,DGS2,github-csv+er
1965-06,,2.73829,DGS2,github-csv+er
1965-07,,2.7469,DGS2,github-csv+er
1965-08,,2.75058,DGS2,github-csv+er
1965-09,,2.75282,DGS2,github-csv+er
1965-10,,2.75976,DGS2,github-csv+er
1965-11,,2.76514,DGS2,github-csv+er
1965-12,,2.75465,DGS2,github-csv+er
1966-01,,2.75717,DGS2,github-csv+er
1966-02,,2.76715,DGS2,github-csv+er
1966-03,,2.7844,DGS2,github-csv+er
1966-04,,2.78755,DGS2,github-csv+er
1966-05,,2.79881,DGS2,github-csv+er
1966-06,,2.81291,DGS2,github-csv+er
1966-07,,2.81286,DGS2,github-csv+er
1966-08,,2.80764,DGS2,github-csv+er
1966-09,,2.80365,DGS2,github-csv+er
1966-10,,2.82276,DGS2,github-csv+er
1966-11,,2.83835,DGS2,github-csv+er
1966-12,,2.87033,DGS2,github-csv+er
1967-01,,2.89896,DGS2,github-csv+er
1967-02,,2.90802,DGS2,github-csv+er
1967-03,,2.94975,DGS2,github-csv+er
1967-04,,2.97602,DGS2,github-csv+er
1967-05,,3.00124,DGS2,github-csv+er
1967-06,,2.97738,DGS2,github-csv+er
1967-07,,2.98006,DGS2,github-csv+er
1967-08,,2.97469,DGS2,github-csv+er
1967-09,,2.98484,DGS2,github-csv+er
1967-10,,2.98553,DGS2,github-csv+er
1967-11,,2.9735,DGS2,github-csv+er
1967-12,,2.98031,DGS2,github-csv+er
1968-01,,3.00225,DGS2,github-csv+er
1968-02,,3.00596,DGS2,github-csv+er
1968-03,,3.00942,DGS2,github-csv+er
1968-04,,3.00181,DGS2,github-csv+er
1968-05,,3.00529,DGS2,github-csv+er
1968-06,,3.04226,DGS2,github-csv+er
1968-07,,3.06168,DGS2,github-csv+er
1968-08,,3.07607,DGS2,github-csv+er
1968-09,,3.09048,DGS2,github-csv+er
1968-10,,3.08388,DGS2,github-csv+er
1968-11,,3.09538,DGS2,github-csv+er
1968-12,,3.06433,DGS2,github-csv+er
1969-01,,3.08387,DGS2,github-csv+er
1969-02,,3.09968,DGS2,github-csv+er
1969-03,,3.12797,DGS2,github-csv+er
1969-04,,3.15099,DGS2,github-csv+er
1969-05,,3.15305,DGS2,github-csv+er
1969-06,,3.15568,DGS2,github-csv+er
1969-07,,3.12351,DGS2,github-csv+er
1969-08,,3.14867,DGS2,github-csv+er
1969-09,,3.15483,DGS2,github-csv+er
1969-10,,3.18296,DGS2,github-csv+er
1969-11,,3.16829,DGS2,github-csv+er
1969-12,,3.15633,DGS2,github-csv+er
1970-01,,3.18677,DGS2,github-csv+er
1970-02,,3.27191,DGS2,github-csv+er
1970-03,,3.32123,DGS2,github-csv+er
1970-04,,3.30225,DGS2,github-csv+er
1970-05,,3.3212,DGS2,github-csv+er
1970-06,,3.36949,DGS2,github-csv+er
1970-07,,3.39502,DGS2,github-csv+er
1970-08,,3.41635,DGS2,github-csv+er
1970-09,,3.46775,DGS2,github-csv+er
1970-10,,3.4845,DGS2,github-csv+er
1970-11,,3.5571,DGS2,github-csv+er
1970-12,,3.58543,DGS2,github-csv+er
1971-01,,3.65,DGS2,github-csv+er
1971-02,,3.71726,DGS2,github-csv+er
1971-03,,3.70981,DGS2,github-csv+er
1971-04,,3.69942,DGS2,github-csv+er
1971-05,,3.68109,DGS2,github-csv+er
1971-06,,3.6295,DGS2,github-csv+er
1971-07,,3.63863,DGS2,github-csv+er
1971-08,,3.71791,DGS2,github-csv+er
1971-09,,3.71965,DGS2,github-csv+er
1971-10,,3.75537,DGS2,github-csv+er
1971-11,,3.76647,DGS2,github-csv+er
1971-12,,3.82967,DGS2,github-csv+er
1972-01,,3.86657,DGS2,github-csv+er
1972-02,,3.86874,DGS2,github-csv+er
1972-03,,3.85113,DGS2,github-csv+er
1972-04,,3.87871,DGS2,github-csv+er
1972-05,,3.87633,DGS2,github-csv+er
1972-06,,3.86915,DGS2,github-csv+er
1972-07,,3.90221,DGS2,github-csv+er
1972-08,,3.85592,DGS2,github-csv+er
1972-09,,3.8704,DGS2,github-csv+er
1972-10,,3.8687,DGS2,github-csv+er
1972-11,,3.87463,DGS2,github-csv+er
1972-12,,3.8701,DGS2,github-csv+er
1973-01,,3.84475,DGS2,github-csv+er
1973-02,,3.84977,DGS2,github-csv+er
1973-03,,3.82604,DGS2,github-csv+er
1973-04,,3.85935,DGS2,github-csv+er
1973-05,,3.82599,DGS2,github-csv+er
1973-06,,3.802,DGS2,github-csv+er
1973-07,,3.76488,DGS2,github-csv+er
1973-08,,3.76526,DGS2,github-csv+er
1973-09,,3.91882,DGS2,github-csv+er
1973-10,,3.9117,DGS2,github-csv+er
1973-11,,3.94025,DGS2,github-csv+er
1973-12,,3.95148,DGS2,github-csv+er
1974-01,,3.97432,DGS2,github-csv+er
1974-02,,4.00057,DGS2,github-csv+er
1974-03,,3.9597,DGS2,github-csv+er
1974-04,,3.93778,DGS2,github-csv+er
1974-05,,4.03143,DGS2,github-csv+er
1974-06,,4.11811,DGS2,github-csv+er
1974-07,,4.11597,DGS2,github-csv+er
1974-08,,4.03842,DGS2,github-csv+er
1974-09,,4.29531,DGS2,github-csv+er
1974-10,,4.17275,DGS2,github-csv+er
1974-11,,4.22727,DGS2,github-csv+er
1974-12,,4.28811,DGS2,github-csv+er
1975-01,,4.43155,DGS2,github-csv+er
1975-02,,4.47719,DGS2,github-csv+er
1975-03,,4.48556,DGS2,github-csv+er
1975-04,,4.50876,DGS2,github-csv+er
1975-05,,4.55632,DGS2,github-csv+er
1975-06,,4.51578,DGS2,github-csv+er
1975-07,,4.50246,DGS2,github-csv+er
1975-08,,4.51585,DGS2,github-csv+er
1975-09,,4.51977,DGS2,github-csv+er
1975-10,,4.64112,DGS2,github-csv+er
1975-11,,4.6595,DGS2,github-csv+er
1975-12,,4.71254,DGS2,github-csv+er
1976-01,,4.77709,DGS2,github-csv+er
1976-02,,4.76997,DGS2,github-csv+er
1976-03,,4.79253,DGS2,github-csv+er
1976-04,,4.81798,DGS2,github-csv+er
1976-05,,4.78165,DGS2,github-csv+er
1976-06,,4.65706,DGS2,github-csv+er
1976-07,,4.71021,DGS2,github-csv+er
1976-08,,4.75912,DGS2,github-csv+er
1976-09,,4.80092,DGS2,github-csv+er
1976-10,,4.8549,DGS2,github-csv+er
1976-11,,4.93835,DGS2,github-csv+er
1976-12,,4.96841,DGS2,github-csv+er
1977-01,,4.90687,DGS2,github-csv+er
1977-02,,4.94179,DGS2,github-csv+er
1977-03,,4.97359,DGS2,github-csv+er
1977-04,,4.98539,DGS2,github-csv+er
1977-05,,5.00675,DGS2,github-csv+er
1977-06,,5.04239,DGS2,github-csv+er
1977-07,,5.02541,DGS2,github-csv+er
1977-08,,5.04341,DGS2,github-csv+er
1977-09,,5.04774,DGS2,github-csv+er
1977-10,,5.03488,DGS2,github-csv+er
1977-11,,5.07712,DGS2,github-csv+er
1977-12,,5.09586,DGS2,github-csv+er
1978-01,,5.10088,DGS2,github-csv+er
1978-02,,5.12226,DGS2,github-csv+er
1978-03,,5.14108,DGS2,github-csv+er
1978-04,,5.14614,DGS2,github-csv+er
1978-05,,5.16472,DGS2,github-csv+er
1978-06,,5.1623,DGS2,github-csv+er
1978-07,,5.19964,DGS2,github-csv+er
1978-08,,5.2372,DGS2,github-csv+er
1978-09,,5.24882,DGS2,github-csv+er
1978-10,,5.20377,DGS2,github-csv+er
1978-11,,5.23849,DGS2,github-csv+er
1978-12,,5.23495,DGS2,github-csv+er
1979-01,,5.31392,DGS2,github-csv+er
1979-02,,5.32986,DGS2,github-csv+er
1979-03,,5.39174,DGS2,github-csv+er
1979-04,,5.41474,DGS2,github-csv+er
1979-05,,5.49718,DGS2,github-csv+er
1979-06,,5.60565,DGS2,github-csv+er
1979-07,,5.60926,DGS2,github-csv+er
1979-08,,5.59312,DGS2,github-csv+er
1979-09,,5.60972,DGS2,github-csv+er
1979-10,,5.43686,DGS2,github-csv+er
1979-11,,5.57068,DGS2,github-csv+er
1979-12,,5.63423,DGS2,github-csv+er
1980-01,,5.62818,DGS2,github-csv+er
1980-02,,5.34767,DGS2,github-csv+er
1980-03,,5.42382,DGS2,github-csv+er
1980-04,,5.90416,DGS2,github-csv+er
1980-05,,6.14136,DGS2,github-csv+er
1980-06,,6.22287,DGS2,github-csv+er
1980-07,,6.17584,DGS2,github-csv+er
1980-08,,6.02309,DGS2,github-csv+er
1980-09,,5.98714,DGS2,github-csv+er
1980-10,,5.93371,DGS2,github-csv+er
1980-11,,5.87358,DGS2,github-csv+er
1980-12,,6.06824,DGS2,github-csv+er
1981-01,,6.10982,DGS2,github-csv+er
1981-02,,6.07691,DGS2,github-csv+er
1981-03,,6.25863,DGS2,github-csv+er
1981-04,,6.11806,DGS2,github-csv+er
1981-05,,6.24737,DGS2,github-csv+er
1981-06,,6.28964,DGS2,github-csv+er
1981-07,,6.21782,DGS2,github-csv+er
1981-08,,6.18902,DGS2,github-csv+er
1981-09,,6.28005,DGS2,github-csv+er
1981-10,,6.63094,DGS2,github-csv+er
1981-11,,7.0071,DGS2,github-csv+er
1981-12,,6.90105,DGS2,github-csv+er
1982-01,,6.895,DGS2,github-csv+er
1982-02,,6.94902,DGS2,github-csv+er
1982-03,,7.02129,DGS2,github-csv+er
1982-04,,7.18043,DGS2,github-csv+er
1982-05,,7.31706,DGS2,github-csv+er
1982-06,,7.24766,DGS2,github-csv+er
1982-07,,7.55192,DGS2,github-csv+er
1982-08,,7.8128,DGS2,github-csv+er
1982-09,,8.00935,DGS2,github-csv+er
1982-10,,8.30509,DGS2,github-csv+er
1982-11,,8.35473,DGS2,github-csv+er
1982-12,,8.50399,DGS2,github-csv+er
1983-01,,8.55388,DGS2,github-csv+er
1983-02,,8.66807,DGS2,github-csv+er
1983-03,,8.63796,DGS2,github-csv+er
1983-04,,8.79854,DGS2,github-csv+er
1983-05,,8.7489,DGS2,github-csv+er
1983-06,,8.78491,DGS2,github-csv+er
1983-07,,8.71897,DGS2,github-csv+er
1983-08,,8.77265,DGS2,github-csv+er
1983-09,,8.96814,DGS2,github-csv+er
1983-10,,9.03219,DGS2,github-csv+er
1983-11,,9.10091,DGS2,github-csv+er
1983-12,,9.14876,DGS2,github-csv+er
1984-01,,9.28058,DGS2,github-csv+er
1984-02,,9.28599,DGS2,github-csv+er
1984-03,,9.25744,DGS2,github-csv+er
1984-04,,9.29292,DGS2,github-csv+er
1984-05,,9.1784,DGS2,github-csv+er
1984-06,,9.24632,DGS2,github-csv+er
1984-07,,9.45843,DGS2,github-csv+er
1984-08,,9.56288,DGS2,github-csv+er
1984-09,,9.75238,DGS2,github-csv+er
1984-10,,10.0412,DGS2,github-csv+er
1984-11,,10.2524,DGS2,github-csv+er
1984-12,,10.4401,DGS2,github-csv+er
1985-01,,10.5519,DGS2,github-csv+er
1985-02,,10.4781,DGS2,github-csv+er
1985-03,,10.6192,DGS2,github-csv+er
1985-04,,10.8215,DGS2,github-csv+er
1985-05,,11.1249,DGS2,github-csv+er
1985-06,,11.2627,DGS2,github-csv+er
1985-07,,11.2671,DGS2,github-csv+er
1985-08,,11.3625,DGS2,github-csv+er
1985-09,,11.4653,DGS2,github-csv+er
1985-10,,11.5911,DGS2,github-csv+er
1985-11,,11.7304,DGS2,github-csv+er
1985-12,,11.9253,DGS2,github-csv+er
1986-01,,12.0018,DGS2,github-csv+er
1986-02,,12.1485,DGS2,github-csv+er
1986-03,,12.4182,DGS2,github-csv+er
1986-04,,12.5117,DGS2,github-csv+er
1986-05,,12.4499,DGS2,github-csv+er
1986-06,,12.6626,DGS2,github-csv+er
1986-07,,12.795,DGS2,github-csv+er
1986-08,,13.0257,DGS2,github-csv+er
1986-09,,12.975,DGS2,github-csv+er
1986-10,,13.0748,DGS2,github-csv+er
1986-11,,13.1557,DGS2,github-csv+er
1986-12,,13.1865,DGS2,github-csv+er
1987-01,,13.2611,DGS2,github-csv+er
1987-02,,13.3253,DGS2,github-csv+er
1987-03,,13.3448,DGS2,github-csv+er
1987-04,,13.1929,DGS2,github-csv+er
1987-05,,13.1918,DGS2,github-csv+er
1987-06,,13.3313,DGS2,github-csv+er
1987-07,,13.3739,DGS2,github-csv+er
1987-08,,13.3675,DGS2,github-csv+er
1987-09,,13.2875,DGS2,github-csv+er
1987-10,,13.6533,DGS2,github-csv+er
1987-11,,13.6982,DGS2,github-csv+er
1987-12,,13.775,DGS2,github-csv+er
1988-01,,14.0152,DGS2,github-csv+er
1988-02,,14.1244,DGS2,github-csv+er
1988-03,,14.1287,DGS2,github-csv+er
1988-04,,14.1251,DGS2,github-csv+er
1988-05,,14.0799,DGS2,github-csv+er
1988-06,,14.2294,DGS2,github-csv+er
1988-07,,14.2186,DGS2,github-csv+er
1988-08,,14.2266,DGS2,github-csv+er
1988-09,,14.4091,DGS2,github-csv+er
1988-10,,14.5616,DGS2,github-csv+er
1988-11,,14.4894,DGS2,github-csv+er
1988-12,,14.5088,DGS2,github-csv+er
1989-01,,14.6245,DGS2,github-csv+er
1989-02,,14.6096,DGS2,github-csv+er
1989-03,,14.6727,DGS2,github-csv+er
1989-04,,14.9409,DGS2,github-csv+er
1989-05,,15.1745,DGS2,github-csv+er
1989-06,,15.5103,DGS2,github-csv+er
1989-07,,15.785,DGS2,github-csv+er
1989-08,,15.6024,DGS2,github-csv+er
1989-09,,15.6988,DGS2,github-csv+er
1989-10,,16.0005,DGS2,github-csv+er
1989-11,,16.1367,DGS2,github-csv+er
1989-12,,16.2015,DGS2,github-csv+er
1990-01,,16.1744,DGS2,github-csv+er
1990-02,,16.237,DGS2,github-csv+er
1990-03,,16.2823,DGS2,github-csv+er
1990-04,,16.2948,DGS2,github-csv+er
1990-05,,16.5658,DGS2,github-csv+er
1990-06,,16.7687,DGS2,github-csv+er
1990-07,,16.9939,DGS2,github-csv+er
1990-08,,17.0511,DGS2,github-csv+er
1990-09,,17.1823,DGS2,github-csv+er
1990-10,,17.3823,DGS2,github-csv+er
1990-11,,17.5778,DGS2,github-csv+er
1990-12,,17.8211,DGS2,github-csv+er
1991-01,,17.9624,DGS2,github-csv+er
1991-02,,18.0708,DGS2,github-csv+er
1991-03,,18.1836,DGS2,github-csv+er
1991-04,,18.3694,DGS2,github-csv+er
1991-05,,18.5168,DGS2,github-csv+er
1991-06,,18.5377,DGS2,github-csv+er
1991-07,,18.6772,DGS2,github-csv+er
1991-08,,18.9506,DGS2,github-csv+er
1991-09,,19.1907,DGS2,github-csv+er
1991-10,,19.3971,DGS2,github-csv+er
1991-11,,19.6127,DGS2,github-csv+er
1991-12,,19.9394,DGS2,github-csv+er
1992-01,,19.8824,DGS2,github-csv+er
1992-02,,19.9028,DGS2,github-csv+er
1992-03,,19.8582,DGS2,github-csv+er
1992-04,,20.0058,DGS2,github-csv+er
1992-05,,20.2042,DGS2,github-csv+er
1992-06,,20.4362,DGS2,github-csv+er
1992-07,,20.6854,DGS2,github-csv+er
1992-08,,20.8727,DGS2,github-csv+er
1992-09,,21.0902,DGS2,github-csv+er
1992-10,,20.9033,DGS2,github-csv+er
1992-11,,20.8161,DGS2,github-csv+er
1992-12,,20.9942,DGS2,github-csv+er
1993-01,,21.2244,DGS2,github-csv+er
1993-02,,21.417,DGS2,github-csv+er
1993-03,,21.4691,DGS2,github-csv+er
1993-04,,21.5951,DGS2,github-csv+er
1993-05,,21.4862,DGS2,github-csv+er
1993-06,,21.6517,DGS2,github-csv+er
1993-07,,21.6803,DGS2,github-csv+er
1993-08,,21.8626,DGS2,github-csv+er
1993-09,,21.9281,DGS2,github-csv+er
1993-10,,21.9547,DGS2,github-csv+er
1993-11,,21.9259,DGS2,github-csv+er
1993-12,,21.9892,DGS2,github-csv+er
1994-01,,22.1235,DGS2,github-csv+er
1994-02,,21.9554,DGS2,github-csv+er
1994-03,,21.8028,DGS2,github-csv+er
1994-04,,21.6701,DGS2,github-csv+er
1994-05,,21.6516,DGS2,github-csv+er
1994-06,,21.6813,DGS2,github-csv+er
1994-07,,21.8791,DGS2,github-csv+er
1994-08,,21.9088,DGS2,github-csv+er
1994-09,,21.8236,DGS2,github-csv+er
1994-10,,21.8472,DGS2,github-csv+er
1994-11,,21.7264,DGS2,github-csv+er
1994-12,,21.7335,DGS2,github-csv+er
1995-01,,22.059,DGS2,github-csv+er
1995-02,,22.3991,DGS2,github-csv+er
1995-03,,22.5206,DGS2,github-csv+er
1995-04,,22.7374,DGS2,github-csv+er
1995-05,,23.1848,DGS2,github-csv+er
1995-06,,23.3442,DGS2,github-csv+er
1995-07,,23.4141,DGS2,github-csv+er
1995-08,,23.5421,DGS2,github-csv+er
1995-09,,23.6655,DGS2,github-csv+er
1995-10,,23.8838,DGS2,github-csv+er
1995-11,,24.1139,DGS2,github-csv+er
1995-12,,24.3078,DGS2,github-csv+er
1996-01,,24.5334,DGS2,github-csv+er
1996-02,,24.383,DGS2,github-csv+er
1996-03,,24.3221,DGS2,github-csv+er
1996-04,,24.3219,DGS2,github-csv+er
1996-05,,24.3266,DGS2,github-csv+er
1996-06,,24.5308,DGS2,github-csv+er
1996-07,,24.601,DGS2,github-csv+er
1996-08,,24.6685,DGS2,github-csv+er
1996-09,,24.9165,DGS2,github-csv+er
1996-10,,25.2067,DGS2,github-csv+er
1996-11,,25.4178,DGS2,github-csv+er
1996-12,,25.3879,DGS2,github-csv+er
1997-01,,25.481,DGS2,github-csv+er
1997-02,,25.5299,DGS2,github-csv+er
1997-03,,25.4748,DGS2,github-csv+er
1997-04,,25.6923,DGS2,github-csv+er
1997-05,,25.8622,DGS2,github-csv+er
1997-06,,26.0676,DGS2,github-csv+er
1997-07,,26.3763,DGS2,github-csv+er
1997-08,,26.3801,DGS2,github-csv+er
1997-09,,26.6003,DGS2,github-csv+er
1997-10,,26.8184,DGS2,github-csv+er
1997-11,,26.8736,DGS2,github-csv+er
1997-12,,27.0555,DGS2,github-csv+er
1998-01,,27.3661,DGS2,github-csv+er
1998-02,,27.3606,DGS2,github-csv+er
1998-03,,27.4589,DGS2,github-csv+er
1998-04,,27.5916,DGS2,github-csv+er
1998-05,,27.7523,DGS2,github-csv+er
1998-06,,27.9015,DGS2,github-csv+er
1998-07,,28.0282,DGS2,github-csv+er
1998-08,,28.4807,DGS2,github-csv+er
1998-09,,28.9437,DGS2,github-csv+er
1998-10,,29.1507,DGS2,github-csv+er
1998-11,,29.0048,DGS2,github-csv+er
1998-12,,29.1138,DGS2,github-csv+er
1999-01,,29.1995,DGS2,github-csv+er
1999-02,,28.9889,DGS2,github-csv+er
1999-03,,29.1929,DGS2,github-csv+er
1999-04,,29.2608,DGS2,github-csv+er
1999-05,,29.1847,DGS2,github-csv+er
1999-06,,29.2514,DGS2,github-csv+er
1999-07,,29.3267,DGS2,github-csv+er
1999-08,,29.4046,DGS2,github-csv+er
1999-09,,29.6028,DGS2,github-csv+er
1999-10,,29.6461,DGS2,github-csv+er
1999-11,,29.6577,DGS2,github-csv+er
1999-12,,29.6689,DGS2,github-csv+er
2000-01,,29.6025,DGS2,github-csv+er
2000-02,,29.812,DGS2,github-csv+er
2000-03,,29.9911,DGS2,github-csv+er
2000-04,,30.0446,DGS2,github-csv+er
2000-05,,30.2047,DGS2,github-csv+er
2000-06,,30.5595,DGS2,github-csv+er
2000-07,,30.7698,DGS2,github-csv+er
2000-08,,31.0043,DGS2,github-csv+er
2000-09,,31.2869,DGS2,github-csv+er
2000-10,,31.4667,DGS2,github-csv+er
2000-11,,31.8292,DGS2,github-csv+er
2000-12,,32.2952,DGS2,github-csv+er
2001-01,,32.7482,DGS2,github-csv+er
2001-02,,33.0105,DGS2,github-csv+er
2001-03,,33.2827,DGS2,github-csv+er
2001-04,,33.3176,DGS2,github-csv+er
2001-05,,33.4892,DGS2,github-csv+er
2001-06,,33.5859,DGS2,github-csv+er
2001-07,,34.0126,DGS2,github-csv+er
2001-08,,34.2209,DGS2,github-csv+er
2001-09,,34.8574,DGS2,github-csv+er
2001-10,,35.2322,DGS2,github-csv+er
2001-11,,35.0208,DGS2,github-csv+er
2001-12,,34.9414,DGS2,github-csv+er
2002-01,,34.9667,DGS2,github-csv+er
2002-02,,35.1276,DGS2,github-csv+er
2002-03,,34.7523,DGS2,github-csv+er
2002-04,,35.1925,DGS2,github-csv+er
2002-05,,35.3005,DGS2,github-csv+er
2002-06,,35.6198,DGS2,github-csv+er
2002-06-02,,35.6227,DGS2,github-csv-extended+er
2002-06-03,,35.6256,DGS2,github-csv-extended+er
2002-06-04,,35.6284,DGS2,github-csv-extended+er
2002-06-05,,35.6311,DGS2,github-csv-extended+er
2002-06-06,,35.634,DGS2,github-csv-extended+er
2002-06-07,,35.6369,DGS2,github-csv-extended+er
2002-06-08,,35.6398,DGS2,github-csv-extended+er
2002-06-09,,35.6425,DGS2,github-csv-extended+er
2002-06-10,,35.6454,DGS2,github-csv-extended+er
2002-06-11,,35.6483,DGS2,github-csv-extended+er
2002-06-12,,35.651,DGS2,github-csv-extended+er
2002-06-13,,35.6538,DGS2,github-csv-extended+er
2002-06-14,,35.6567,DGS2,github-csv-extended+er
2002-06-15,,35.6596,DGS2,github-csv-extended+er
2002-06-16,,35.6623,DGS2,github-csv-extended+er
2002-06-17,,35.6651,DGS2,github-csv-extended+er
2002-06-18,,35.668,DGS2,github-csv-extended+er
2002-06-19,,35.6709,DGS2,github-csv-extended+er
2002-06-20,,35.6737,DGS2,github-csv-extended+er
2002-06-21,,35.6766,DGS2,github-csv-extended+er
2002-06-22,,35.6794,DGS2,github-csv-extended+er
2002-06-23,,35.6822,DGS2,github-csv-extended+er
2002-06-24,,35.685,DGS2,github-csv-extended+er
2002-06-25,,35.6879,DGS2,github-csv-extended+er
2002-06-26,,35.6908,DGS2,github-csv-extended+er
2002-06-27,,35.6935,DGS2,github-csv-extended+er
2002-06-28,,35.6963,DGS2,github-csv-extended+er
2002-06-29,,35.6992,DGS2,github-csv-extended+er
2002-06-30,,35.7021,DGS2,github-csv-extended+er
2002-07-01,,35.7049,DGS2,github-csv-extended+er
2002-07-02,,35.7077,DGS2,github-csv-extended+er
2002-07-03,,35.7106,DGS2,github-csv-extended+er
2002-07-04,,35.7134,DGS2,github-csv-extended+er
2002-07-05,,35.7163,DGS2,github-csv-extended+er
2002-07-06,,35.7191,DGS2,github-csv-extended+er
2002-07-07,,35.722,DGS2,github-csv-extended+er
2002-07-08,,35.7247,DGS2,github-csv-extended+er
2002-07-09,,35.7275,DGS2,github-csv-extended+er
2002-07-10,,35.7304,DGS2,github-csv-extended+er
2002-07-11,,35.7333,DGS2,github-csv-extended+er
2002-07-12,,35.7361,DGS2,github-csv-extended+er
2002-07-13,,35.739,DGS2,github-csv-extended+er
2002-07-14,,35.7418,DGS2,github-csv-extended+er
2002-07-15,,35.7446,DGS2,github-csv-extended+er
2002-07-16,,35.7475,DGS2,github-csv-extended+er
2002-07-17,,35.7504,DGS2,github-csv-extended+er
2002-07-18,,35.7532,DGS2,github-csv-extended+er
2002-07-19,,35.7561,DGS2,github-csv-extended+er
2002-07-20,,35.7587,DGS2,github-csv-extended+er
2002-07-21,,35.7616,DGS2,github-csv-extended+er
2002-07-22,,35.7645,DGS2,github-csv-extended+er
2002-07-23,,35.7673,DGS2,github-csv-extended+er
2002-07-24,,35.7702,DGS2,github-csv-extended+er
2002-07-25,,35.7731,DGS2,github-csv-extended+er
2002-07-26,35.7648,35.7781,SHY,tiingo
2002-07-29,35.7384,35.6593,SHY,tiingo
2002-07-30,35.6943,35.6461,SHY,tiingo
2002-07-31,35.7165,35.7561,SHY,tiingo
2002-08-01,35.7869,35.8264,SHY,tiingo
2002-08-02,35.8441,35.8968,SHY,tiingo
2002-08-05,35.9188,35.9541,SHY,tiingo
2002-08-06,35.8837,35.866,SHY,tiingo
2002-08-07,35.9012,35.9188,SHY,tiingo
2002-08-08,35.9101,35.866,SHY,tiingo
2002-08-09,35.8529,35.8749,SHY,tiingo
2002-08-12,35.866,35.8704,SHY,tiingo
2002-08-13,35.9012,35.932,SHY,tiingo
2002-08-14,35.9454,35.8529,SHY,tiingo
2002-08-15,35.8088,35.8219,SHY,tiingo
2002-08-16,35.8793,35.8,SHY,tiingo
2002-08-19,35.8219,35.8045,SHY,tiingo
2002-08-20,35.866,35.8881,SHY,tiingo
2002-08-21,35.8441,35.8572,SHY,tiingo
2002-08-22,35.8616,35.8178,SHY,tiingo
2002-08-23,35.8529,35.8616,SHY,tiingo
2002-08-26,,35.8572,SHY,tiingo
2002-08-27,35.8178,35.8308,SHY,tiingo
2002-08-28,35.866,35.8572,SHY,tiingo
2002-08-29,35.9233,35.8968,SHY,tiingo
2002-08-30,35.9188,35.9101,SHY,tiingo
2002-09-03,35.9728,35.9947,SHY,tiingo
2002-09-04,35.9947,35.9817,SHY,tiingo
2002-09-05,36.0036,36.0212,SHY,tiingo
2002-09-06,35.942,35.9507,SHY,tiingo
2002-09-09,35.9286,35.9022,SHY,tiingo
2002-09-10,35.8933,35.9242,SHY,tiingo
2002-09-11,35.8758,35.9022,SHY,tiingo
2002-09-12,35.9111,35.9286,SHY,tiingo
2002-09-13,35.942,35.9552,SHY,tiingo
2002-09-16,35.9683,35.942,SHY,tiingo
2002-09-17,35.9286,35.9683,SHY,tiingo
2002-09-18,36.0081,35.9638,SHY,tiingo
2002-09-19,36.0345,36.0389,SHY,tiingo
2002-09-20,36.0256,36.0433,SHY,tiingo
2002-09-23,36.0609,36.0521,SHY,tiingo
2002-09-24,36.0829,36.0698,SHY,tiingo
2002-09-25,36.0477,36.0345,SHY,tiingo
2002-09-26,36.0345,36.0477,SHY,tiingo
2002-09-27,36.0741,36.1226,SHY,tiingo
2002-09-30,36.1534,36.1756,SHY,tiingo
2002-10-01,36.1534,36.1313,SHY,tiingo
2002-10-02,36.1446,36.1623,SHY,tiingo
2002-10-03,36.1489,36.1667,SHY,tiingo
2002-10-04,36.0916,36.1358,SHY,tiingo
2002-10-07,,36.1798,SHY,tiingo
2002-10-08,36.127,36.1446,SHY,tiingo
2002-10-09,36.1887,36.2196,SHY,tiingo
2002-10-10,36.2064,36.1842,SHY,tiingo
2002-10-11,36.1711,36.127,SHY,tiingo
2002-10-14,36.1136,36.1358,SHY,tiingo
2002-10-15,36.0475,35.9989,SHY,tiingo
2002-10-16,36.0387,36.0122,SHY,tiingo
2002-10-17,,35.9813,SHY,tiingo
2002-10-18,35.968,36.0122,SHY,tiingo
2002-10-21,35.9989,35.9326,SHY,tiingo
2002-10-22,35.9591,35.9282,SHY,tiingo
2002-10-23,35.9725,35.9548,SHY,tiingo
2002-10-24,35.977,36.0166,SHY,tiingo
2002-10-25,36.0651,36.0785,SHY,tiingo
2002-10-28,36.1446,36.127,SHY,tiingo
2002-10-29,36.1667,36.2064,SHY,tiingo
2002-10-30,36.1977,36.202,SHY,tiingo
2002-10-31,36.2064,36.2638,SHY,tiingo
2002-11-01,36.2386,36.2254,SHY,tiingo
2002-11-04,36.1855,36.19,SHY,tiingo
2002-11-05,36.2032,36.1855,SHY,tiingo
2002-11-06,36.181,36.1988,SHY,tiingo
2002-11-07,36.2077,36.2164,SHY,tiingo
2002-11-08,36.19,36.2032,SHY,tiingo
2002-11-11,36.1944,36.2386,SHY,tiingo
2002-11-12,36.2254,36.2473,SHY,tiingo
2002-11-13,36.2254,36.2518,SHY,tiingo
2002-11-14,36.2254,36.1635,SHY,tiingo
2002-11-15,36.1635,36.181,SHY,tiingo
2002-11-18,36.1635,36.181,SHY,tiingo
2002-11-19,36.1855,36.1723,SHY,tiingo
2002-11-20,36.1988,36.1414,SHY,tiingo
2002-11-21,36.1104,36.0927,SHY,tiingo
2002-11-22,36.1016,36.0795,SHY,tiingo
2002-11-25,36.0838,36.1016,SHY,tiingo
2002-11-26,36.1281,36.1678,SHY,tiingo
2002-11-27,36.1325,36.106,SHY,tiingo
2002-11-29,36.1281,36.1236,SHY,tiingo
2002-12-02,36.0839,36.1371,SHY,tiingo
2002-12-03,36.1548,36.1503,SHY,tiingo
2002-12-04,36.1769,36.1726,SHY,tiingo
2002-12-05,36.1593,36.2035,SHY,tiingo
2002-12-06,36.2656,36.239,SHY,tiingo
2002-12-09,36.2612,36.2477,SHY,tiingo
2002-12-10,36.2612,36.2432,SHY,tiingo
2002-12-11,36.2567,36.2742,SHY,tiingo
2002-12-12,36.2522,36.2877,SHY,tiingo
2002-12-13,36.27,36.2612,SHY,tiingo
2002-12-16,36.2742,36.2432,SHY,tiingo
2002-12-17,36.27,36.2787,SHY,tiingo
2002-12-18,36.3187,36.3362,SHY,tiingo
2002-12-19,36.332,36.3761,SHY,tiingo
2002-12-20,,36.3585,SHY,tiingo
2002-12-23,36.3541,36.363,SHY,tiingo
2002-12-24,36.4116,36.4028,SHY,tiingo
2002-12-26,36.4071,36.4293,SHY,tiingo
2002-12-27,36.4602,36.4736,SHY,tiingo
2002-12-30,36.4647,36.478,SHY,tiingo
2002-12-31,36.4821,36.5042,SHY,tiingo
2003-01-02,36.4376,36.3668,SHY,tiingo
2003-01-03,36.34,36.371,SHY,tiingo
2003-01-06,36.3445,36.349,SHY,tiingo
2003-01-07,36.34,36.3755,SHY,tiingo
2003-01-08,36.411,36.4065,SHY,tiingo
2003-01-09,36.3845,36.34,SHY,tiingo
2003-01-10,36.3934,36.389,SHY,tiingo
2003-01-13,36.3755,36.38,SHY,tiingo
2003-01-14,36.411,36.3934,SHY,tiingo
2003-01-15,36.411,36.4065,SHY,tiingo
2003-01-16,36.4065,36.4288,SHY,tiingo
2003-01-17,36.4599,36.42,SHY,tiingo
2003-01-21,36.4376,36.4643,SHY,tiingo
2003-01-22,36.4555,36.491,SHY,tiingo
2003-01-23,36.4555,36.4687,SHY,tiingo
2003-01-24,36.4821,36.4643,SHY,tiingo
2003-01-27,36.4776,36.4643,SHY,tiingo
2003-01-28,36.4687,36.4732,SHY,tiingo
2003-01-29,36.4687,36.4732,SHY,tiingo
2003-01-30,36.4376,36.4865,SHY,tiingo
2003-01-31,36.491,36.4776,SHY,tiingo
2003-02-03,36.4605,36.4562,SHY,tiingo
2003-02-04,,36.4961,SHY,tiingo
2003-02-05,36.4961,36.4829,SHY,tiingo
2003-02-06,36.5094,36.5005,SHY,tiingo
2003-02-07,36.4916,36.5317,SHY,tiingo
2003-02-10,36.5272,36.505,SHY,tiingo
2003-02-11,36.4784,36.5184,SHY,tiingo
2003-02-12,36.5272,36.5494,SHY,tiingo
2003-02-13,36.5539,36.5805,SHY,tiingo
2003-02-14,,36.5494,SHY,tiingo
2003-02-18,36.5272,36.5361,SHY,tiingo
2003-02-19,36.545,36.5539,SHY,tiingo
2003-02-20,36.545,36.5762,SHY,tiingo
2003-02-21,36.5583,36.545,SHY,tiingo
2003-02-24,36.5717,36.5628,SHY,tiingo
2003-02-25,36.5893,36.5849,SHY,tiingo
2003-02-26,36.5983,36.6028,SHY,tiingo
2003-02-27,36.5983,36.6028,SHY,tiingo
2003-02-28,36.5849,36.6204,SHY,tiingo
2003-03-03,36.5881,36.6327,SHY,tiingo
2003-03-04,36.6149,36.6283,SHY,tiingo
2003-03-05,36.6638,36.6594,SHY,tiingo
2003-03-06,36.6772,36.6728,SHY,tiingo
2003-03-07,36.726,36.7084,SHY,tiingo
2003-03-10,36.7127,36.7438,SHY,tiingo
2003-03-11,36.7305,36.7127,SHY,tiingo
2003-03-12,36.6815,36.686,SHY,tiingo
2003-03-13,36.6283,36.575,SHY,tiingo
2003-03-14,36.6061,36.6105,SHY,tiingo
2003-03-17,36.6683,36.5659,SHY,tiingo
2003-03-18,36.5659,36.5348,SHY,tiingo
2003-03-19,36.557,36.5259,SHY,tiingo
2003-03-20,36.5482,36.5704,SHY,tiingo
2003-03-21,36.5304,36.477,SHY,tiingo
2003-03-24,36.5482,36.557,SHY,tiingo
2003-03-25,36.5881,36.557,SHY,tiingo
2003-03-26,36.5527,36.6016,SHY,tiingo
2003-03-27,36.6192,36.6105,SHY,tiingo
2003-03-28,36.6549,36.6594,SHY,tiingo
2003-03-31,36.6905,36.686,SHY,tiingo
2003-04-01,36.6649,36.6783,SHY,tiingo
2003-04-02,36.6427,36.6383,SHY,tiingo
2003-04-03,36.6248,36.6605,SHY,tiingo
2003-04-04,36.6738,36.6514,SHY,tiingo
2003-04-07,36.5936,36.6292,SHY,tiingo
2003-04-08,36.6248,36.6649,SHY,tiingo
2003-04-09,36.647,36.6871,SHY,tiingo
2003-04-10,36.6649,36.6383,SHY,tiingo
2003-04-11,36.6071,36.6203,SHY,tiingo
2003-04-14,36.5847,36.5891,SHY,tiingo
2003-04-15,36.6026,36.6158,SHY,tiingo
2003-04-16,36.5891,36.6203,SHY,tiingo
2003-04-17,36.6383,36.5891,SHY,tiingo
2003-04-21,36.5891,36.6114,SHY,tiingo
2003-04-22,36.6292,36.6071,SHY,tiingo
2003-04-23,,36.6337,SHY,tiingo
2003-04-24,36.656,36.6694,SHY,tiingo
2003-04-25,36.6826,36.7051,SHY,tiingo
2003-04-28,36.7051,36.6961,SHY,tiingo
2003-04-29,36.6783,36.6694,SHY,tiingo
2003-04-30,36.6916,36.745,SHY,tiingo
2003-05-01,36.7631,36.7451,SHY,tiingo
2003-05-02,36.7585,36.7051,SHY,tiingo
2003-05-05,36.6961,36.7319,SHY,tiingo
2003-05-06,36.7095,36.7853,SHY,tiingo
2003-05-07,36.7853,36.7943,SHY,tiingo
2003-05-08,36.7988,36.7764,SHY,tiingo
2003-05-09,36.7585,36.7676,SHY,tiingo
2003-05-12,36.7853,36.7943,SHY,tiingo
2003-05-13,,36.7853,SHY,tiingo
2003-05-14,36.7988,36.8076,SHY,tiingo
2003-05-15,36.7719,36.7943,SHY,tiingo
2003-05-16,36.8121,36.8343,SHY,tiingo
2003-05-19,36.8745,36.8433,SHY,tiingo
2003-05-20,36.83,36.8924,SHY,tiingo
2003-05-21,36.83,36.8433,SHY,tiingo
2003-05-22,36.8745,36.8567,SHY,tiingo
2003-05-23,36.8655,36.87,SHY,tiingo
2003-05-27,36.87,36.8567,SHY,tiingo
2003-05-28,36.8478,36.879,SHY,tiingo
2003-05-29,36.8836,36.8924,SHY,tiingo
2003-05-30,,36.879,SHY,tiingo
2003-06-02,36.8644,36.8599,SHY,tiingo
2003-06-03,36.8912,36.9313,SHY,tiingo
2003-06-04,36.9715,36.9626,SHY,tiingo
2003-06-05,36.958,36.9403,SHY,tiingo
2003-06-06,36.9001,36.9313,SHY,tiingo
2003-06-09,36.967,36.9806,SHY,tiingo
2003-06-10,37.0028,37.0207,SHY,tiingo
2003-06-11,37.0164,36.9938,SHY,tiingo
2003-06-12,37.0028,37.0164,SHY,tiingo
2003-06-13,37.034,37.0477,SHY,tiingo
2003-06-16,37.0386,37.0028,SHY,tiingo
2003-06-17,36.9806,36.9494,SHY,tiingo
2003-06-18,36.9494,36.9538,SHY,tiingo
2003-06-19,36.985,36.9894,SHY,tiingo
2003-06-20,,36.9806,SHY,tiingo
2003-06-23,37.0028,37.0164,SHY,tiingo
2003-06-24,37.034,37.0431,SHY,tiingo
2003-06-25,37.0832,36.967,SHY,tiingo
2003-06-26,36.9626,36.9001,SHY,tiingo
2003-06-27,36.9136,36.909,SHY,tiingo
2003-06-30,36.8868,36.9403,SHY,tiingo
2003-07-01,36.9233,36.9412,SHY,tiingo
2003-07-02,36.9145,36.959,SHY,tiingo
2003-07-03,36.9725,36.919,SHY,tiingo
2003-07-07,36.919,36.9099,SHY,tiingo
2003-07-08,36.9008,36.8964,SHY,tiingo
2003-07-09,36.8964,36.9054,SHY,tiingo
2003-07-10,36.9099,36.9367,SHY,tiingo
2003-07-11,36.9099,36.9503,SHY,tiingo
2003-07-14,36.9503,36.919,SHY,tiingo
2003-07-15,36.9145,36.8741,SHY,tiingo
2003-07-16,36.8382,36.8786,SHY,tiingo
2003-07-17,36.8651,36.8562,SHY,tiingo
2003-07-18,36.8695,36.8518,SHY,tiingo
2003-07-21,36.8295,36.7892,SHY,tiingo
2003-07-22,36.8115,36.8249,SHY,tiingo
2003-07-23,36.8608,36.8428,SHY,tiingo
2003-07-24,36.8205,36.8382,SHY,tiingo
2003-07-25,36.8382,36.8562,SHY,tiingo
2003-07-28,,36.807,SHY,tiingo
2003-07-29,36.8025,36.7757,SHY,tiingo
2003-07-30,36.7982,36.7936,SHY,tiingo
2003-07-31,36.7757,36.7534,SHY,tiingo
2003-08-01,36.6693,36.714,SHY,tiingo
2003-08-04,36.7051,36.7722,SHY,tiingo
2003-08-05,36.7857,36.7051,SHY,tiingo
2003-08-06,36.6871,36.7409,SHY,tiingo
2003-08-07,36.7679,36.7812,SHY,tiingo
2003-08-08,36.8035,36.7902,SHY,tiingo
2003-08-11,36.7767,36.7409,SHY,tiingo
2003-08-12,36.7588,36.8035,SHY,tiingo
2003-08-13,36.7543,36.732,SHY,tiingo
2003-08-14,36.7007,36.723,SHY,tiingo
2003-08-15,36.7588,36.7498,SHY,tiingo
2003-08-18,36.7365,36.7453,SHY,tiingo
2003-08-19,36.732,36.7902,SHY,tiingo
2003-08-20,36.7767,36.7633,SHY,tiingo
2003-08-21,36.7498,36.7096,SHY,tiingo
2003-08-22,36.6738,36.7007,SHY,tiingo
2003-08-25,36.714,36.6826,SHY,tiingo
2003-08-26,36.6782,36.723,SHY,tiingo
2003-08-27,36.7274,36.6871,SHY,tiingo
2003-08-28,36.723,36.7409,SHY,tiingo
2003-08-29,36.7453,36.7365,SHY,tiingo
2003-09-02,36.6977,36.6887,SHY,tiingo
2003-09-03,36.6932,36.7155,SHY,tiingo
2003-09-04,36.7336,36.765,SHY,tiingo
2003-09-05,36.8591,36.8904,SHY,tiingo
2003-09-08,36.8635,36.8456,SHY,tiingo
2003-09-09,36.886,36.9083,SHY,tiingo
2003-09-10,36.9175,36.9307,SHY,tiingo
2003-09-11,,36.9038,SHY,tiingo
2003-09-12,36.9621,36.9352,SHY,tiingo
2003-09-15,36.9397,36.9711,SHY,tiingo
2003-09-16,36.9846,36.9756,SHY,tiingo
2003-09-17,,36.9711,SHY,tiingo
2003-09-18,36.9621,36.9352,SHY,tiingo
2003-09-19,36.9307,36.9352,SHY,tiingo
2003-09-22,36.9263,36.9488,SHY,tiingo
2003-09-23,36.9352,36.9577,SHY,tiingo
2003-09-24,36.9443,36.9802,SHY,tiingo
2003-09-25,36.9802,36.9846,SHY,tiingo
2003-09-26,36.9934,37.0293,SHY,tiingo
2003-09-29,37.0248,37.0116,SHY,tiingo
2003-09-30,37.0384,37.0877,SHY,tiingo
2003-10-01,37.0801,37.0932,SHY,tiingo
2003-10-02,37.0487,37.0932,SHY,tiingo
2003-10-03,,36.999,SHY,tiingo
2003-10-06,36.9722,37.026,SHY,tiingo
2003-10-07,37.026,36.99,SHY,tiingo
2003-10-08,36.9813,36.99,SHY,tiingo
2003-10-09,36.9632,36.9858,SHY,tiingo
2003-10-10,37.0172,37.0081,SHY,tiingo
2003-10-13,37.0036,37.0127,SHY,tiingo
2003-10-14,36.9676,36.9767,SHY,tiingo
2003-10-15,36.9362,36.9318,SHY,tiingo
2003-10-16,36.9499,36.8466,SHY,tiingo
2003-10-17,36.8555,36.8914,SHY,tiingo
2003-10-20,36.8645,36.8958,SHY,tiingo
2003-10-21,36.9185,36.9048,SHY,tiingo
2003-10-22,36.9185,36.9453,SHY,tiingo
2003-10-23,36.9408,36.9362,SHY,tiingo
2003-10-24,36.9586,36.9813,SHY,tiingo
2003-10-27,36.9586,36.9408,SHY,tiingo
2003-10-28,36.9139,37.0036,SHY,tiingo
2003-10-29,36.9722,36.9632,SHY,tiingo
2003-10-30,36.9272,36.9318,SHY,tiingo
2003-10-31,36.9453,36.9362,SHY,tiingo
2003-11-03,36.9096,36.9142,SHY,tiingo
2003-11-04,36.9188,36.9411,SHY,tiingo
2003-11-05,36.9411,36.9051,SHY,tiingo
2003-11-06,36.8602,36.8647,SHY,tiingo
2003-11-07,36.8153,36.8332,SHY,tiingo
2003-11-10,36.8513,36.8422,SHY,tiingo
2003-11-11,36.8062,36.8422,SHY,tiingo
2003-11-12,36.8557,36.8647,SHY,tiingo
2003-11-13,36.9188,36.9456,SHY,tiingo
2003-11-14,36.9635,36.9904,SHY,tiingo
2003-11-17,37.004,37.0131,SHY,tiingo
2003-11-18,36.9771,37.0176,SHY,tiingo
2003-11-19,37.0264,36.9502,SHY,tiingo
2003-11-20,,37.0219,SHY,tiingo
2003-11-21,,37.0085,SHY,tiingo
2003-11-24,36.9861,36.9589,SHY,tiingo
2003-11-25,36.9725,36.9994,SHY,tiingo
2003-11-26,36.9725,36.9589,SHY,tiingo
2003-11-28,36.9231,36.9142,SHY,tiingo
2003-12-01,36.8729,36.8639,SHY,tiingo
2003-12-02,36.8865,36.9043,SHY,tiingo
2003-12-03,36.9043,36.8729,SHY,tiingo
2003-12-04,36.8909,36.9089,SHY,tiingo
2003-12-05,37.008,37.0258,SHY,tiingo
2003-12-08,37.0258,36.9855,SHY,tiingo
2003-12-09,37.017,36.9629,SHY,tiingo
2003-12-10,36.9988,37.008,SHY,tiingo
2003-12-11,36.9943,37.0844,SHY,tiingo
2003-12-12,37.1024,37.0755,SHY,tiingo
2003-12-15,,37.0664,SHY,tiingo
2003-12-16,37.0755,37.0889,SHY,tiingo
2003-12-17,37.1159,37.0933,SHY,tiingo
2003-12-18,37.0844,37.1024,SHY,tiingo
2003-12-19,37.0844,37.1116,SHY,tiingo
2003-12-22,37.1249,37.0889,SHY,tiingo
2003-12-23,37.0801,37.0303,SHY,tiingo
2003-12-24,37.0889,37.1159,SHY,tiingo
2003-12-26,37.1385,37.1474,SHY,tiingo
2003-12-29,37.1339,37.0979,SHY,tiingo
2003-12-30,37.0979,37.1159,SHY,tiingo
2003-12-31,37.1275,37.1636,SHY,tiingo
2004-01-02,37.1186,37.0736,SHY,tiingo
2004-01-05,37.0644,37.0782,SHY,tiingo
2004-01-06,37.0826,37.123,SHY,tiingo
2004-01-07,37.1321,37.1501,SHY,tiingo
2004-01-08,37.1412,37.1546,SHY,tiingo
2004-01-09,37.2358,37.2447,SHY,tiingo
2004-01-12,37.2538,37.2674,SHY,tiingo
2004-01-13,37.2674,37.3122,SHY,tiingo
2004-01-14,37.2899,37.2762,SHY,tiingo
2004-01-15,37.2674,37.2719,SHY,tiingo
2004-01-16,37.2762,37.2447,SHY,tiingo
2004-01-20,37.2538,37.2629,SHY,tiingo
2004-01-21,37.2629,37.2853,SHY,tiingo
2004-01-22,37.2853,37.3122,SHY,tiingo
2004-01-23,37.3122,37.2583,SHY,tiingo
2004-01-26,37.2674,37.2313,SHY,tiingo
2004-01-27,37.2358,37.2762,SHY,tiingo
2004-01-28,37.2853,37.1816,SHY,tiingo
2004-01-29,,37.1907,SHY,tiingo
2004-01-30,37.2132,37.2088,SHY,tiingo
2004-02-02,37.2127,37.2218,SHY,tiingo
2004-02-03,37.2218,37.258,SHY,tiingo
2004-02-04,37.2443,37.2355,SHY,tiingo
2004-02-05,37.2443,37.2084,SHY,tiingo
2004-02-06,37.2715,37.267,SHY,tiingo
2004-02-09,37.2309,37.2804,SHY,tiingo
2004-02-10,37.2626,37.2309,SHY,tiingo
2004-02-11,37.2172,37.2896,SHY,tiingo
2004-02-12,,37.3031,SHY,tiingo
2004-02-13,37.3303,37.3573,SHY,tiingo
2004-02-17,37.3392,37.3257,SHY,tiingo
2004-02-18,37.3573,37.3303,SHY,tiingo
2004-02-19,37.3211,37.3481,SHY,tiingo
2004-02-20,37.3303,37.3076,SHY,tiingo
2004-02-23,37.3211,37.3436,SHY,tiingo
2004-02-24,,37.3481,SHY,tiingo
2004-02-25,37.3664,37.3751,SHY,tiingo
2004-02-26,37.3664,37.3619,SHY,tiingo
2004-02-27,37.3664,37.3889,SHY,tiingo
2004-03-01,37.3904,37.3766,SHY,tiingo
2004-03-02,37.3678,37.3405,SHY,tiingo
2004-03-03,37.3045,37.3134,SHY,tiingo
2004-03-04,37.3226,37.345,SHY,tiingo
2004-03-05,37.4537,37.4265,SHY,tiingo
2004-03-08,37.4807,37.4853,SHY,tiingo
2004-03-09,37.4853,37.5077,SHY,tiingo
2004-03-10,37.4761,37.4853,SHY,tiingo
2004-03-11,,37.5169,SHY,tiingo
2004-03-12,37.5077,37.4898,SHY,tiingo
2004-03-15,37.4853,37.4715,SHY,tiingo
2004-03-16,37.4715,37.4989,SHY,tiingo
2004-03-17,37.526,37.4989,SHY,tiingo
2004-03-18,37.4989,37.4853,SHY,tiingo
2004-03-19,,37.4989,SHY,tiingo
2004-03-22,37.5032,37.5214,SHY,tiingo
2004-03-23,37.5169,37.5305,SHY,tiingo
2004-03-24,37.5349,37.5394,SHY,tiingo
2004-03-25,37.5305,37.5349,SHY,tiingo
2004-03-26,37.5439,37.4989,SHY,tiingo
2004-03-29,37.4491,37.4715,SHY,tiingo
2004-03-30,37.4853,37.4672,SHY,tiingo
2004-03-31,37.4715,37.4944,SHY,tiingo
2004-04-01,37.4853,37.449,SHY,tiingo
2004-04-02,,37.3177,SHY,tiingo
2004-04-05,37.2998,37.2815,SHY,tiingo
2004-04-06,37.3087,37.3269,SHY,tiingo
2004-04-07,37.3315,37.3359,SHY,tiingo
2004-04-08,37.3043,37.3359,SHY,tiingo
2004-04-12,,37.2998,SHY,tiingo
2004-04-13,37.2636,37.2498,SHY,tiingo
2004-04-14,37.1956,37.1865,SHY,tiingo
2004-04-15,,37.2092,SHY,tiingo
2004-04-16,37.2681,37.259,SHY,tiingo
2004-04-19,37.2681,37.2136,SHY,tiingo
2004-04-20,37.2227,37.1276,SHY,tiingo
2004-04-21,37.1276,37.1322,SHY,tiingo
2004-04-22,37.1776,37.1865,SHY,tiingo
2004-04-23,37.1503,37.1097,SHY,tiingo
2004-04-26,37.1186,37.1141,SHY,tiingo
2004-04-27,37.1141,37.1594,SHY,tiingo
2004-04-28,37.1459,37.0826,SHY,tiingo
2004-04-29,37.0959,37.0781,SHY,tiingo
2004-04-30,37.1051,37.0959,SHY,tiingo
2004-05-03,37.0851,37.1125,SHY,tiingo
2004-05-04,37.1442,37.1033,SHY,tiingo
2004-05-05,37.1442,37.0896,SHY,tiingo
2004-05-06,37.1125,37.0808,SHY,tiingo
2004-05-07,36.981,36.9265,SHY,tiingo
2004-05-10,36.981,36.9447,SHY,tiingo
2004-05-11,36.9355,36.9493,SHY,tiingo
2004-05-12,36.981,36.9581,SHY,tiingo
2004-05-13,36.9355,36.9401,SHY,tiingo
2004-05-14,36.9447,36.9989,SHY,tiingo
2004-05-17,37.0534,37.0491,SHY,tiingo
2004-05-18,37.0306,37.0127,SHY,tiingo
2004-05-19,,36.9944,SHY,tiingo
2004-05-20,37.0035,37.0127,SHY,tiingo
2004-05-21,37.0491,37.0127,SHY,tiingo
2004-05-24,37.0172,37.0216,SHY,tiingo
2004-05-25,37.0172,37.0216,SHY,tiingo
2004-05-26,37.0352,37.0896,SHY,tiingo
2004-05-27,37.0941,37.1079,SHY,tiingo
2004-05-28,37.1079,37.0941,SHY,tiingo
2004-06-01,37.0506,37.0415,SHY,tiingo
2004-06-02,,37.0188,SHY,tiingo
2004-06-03,37.0232,37.0276,SHY,tiingo
2004-06-04,37.0097,36.9687,SHY,tiingo
2004-06-07,36.9733,36.9825,SHY,tiingo
2004-06-08,36.9825,36.987,SHY,tiingo
2004-06-09,36.9641,36.9278,SHY,tiingo
2004-06-10,36.9278,36.9234,SHY,tiingo
2004-06-14,36.8916,36.8281,SHY,tiingo
2004-06-15,36.9144,36.9508,SHY,tiingo
2004-06-16,36.9369,36.9234,SHY,tiingo
2004-06-17,36.9052,36.9687,SHY,tiingo
2004-06-18,36.9596,36.9462,SHY,tiingo
2004-06-21,36.9825,36.9724,SHY,tiingo
2004-06-22,36.9779,36.987,SHY,tiingo
2004-06-23,36.9733,36.9959,SHY,tiingo
2004-06-24,37.0415,37.0322,SHY,tiingo
2004-06-25,37.0051,37.0368,SHY,tiingo
2004-06-28,36.9959,36.9508,SHY,tiingo
2004-06-29,36.9462,36.987,SHY,tiingo
2004-06-30,37.0051,37.0868,SHY,tiingo
2004-07-01,37.0537,37.0946,SHY,tiingo
2004-07-02,37.1855,37.1948,SHY,tiingo
2004-07-06,37.1948,37.1855,SHY,tiingo
2004-07-07,37.1993,37.1901,SHY,tiingo
2004-07-08,,37.2039,SHY,tiingo
2004-07-09,37.2174,37.2039,SHY,tiingo
2004-07-12,37.2311,37.2174,SHY,tiingo
2004-07-13,,37.1901,SHY,tiingo
2004-07-14,37.1901,37.1766,SHY,tiingo
2004-07-15,37.1721,37.1766,SHY,tiingo
2004-07-16,37.2266,37.2492,SHY,tiingo
2004-07-19,37.2492,37.2311,SHY,tiingo
2004-07-20,37.2039,37.1628,SHY,tiingo
2004-07-21,,37.1537,SHY,tiingo
2004-07-22,37.1675,37.1628,SHY,tiingo
2004-07-23,37.1766,37.1628,SHY,tiingo
2004-07-26,37.1628,37.1356,SHY,tiingo
2004-07-27,37.1403,37.1038,SHY,tiingo
2004-07-28,37.0992,37.1265,SHY,tiingo
2004-07-29,37.1084,37.1356,SHY,tiingo
2004-07-30,,37.1901,SHY,tiingo
2004-08-02,37.2234,37.2187,SHY,tiingo
2004-08-03,37.2098,37.228,SHY,tiingo
2004-08-04,37.228,37.2234,SHY,tiingo
2004-08-05,37.2417,37.2461,SHY,tiingo
2004-08-06,37.41,37.3781,SHY,tiingo
2004-08-09,37.392,37.3735,SHY,tiingo
2004-08-10,37.3735,37.2825,SHY,tiingo
2004-08-11,37.3054,37.3416,SHY,tiingo
2004-08-12,37.3327,37.3509,SHY,tiingo
2004-08-13,37.3828,37.3874,SHY,tiingo
2004-08-16,37.3509,37.3781,SHY,tiingo
2004-08-17,37.4011,37.4147,SHY,tiingo
2004-08-18,37.4373,37.4054,SHY,tiingo
2004-08-19,37.3874,37.4284,SHY,tiingo
2004-08-20,37.4239,37.4054,SHY,tiingo
2004-08-23,37.3874,37.3735,SHY,tiingo
2004-08-24,37.3691,37.392,SHY,tiingo
2004-08-25,37.4011,37.3781,SHY,tiingo
2004-08-26,37.3965,37.4147,SHY,tiingo
2004-08-27,37.4147,37.4011,SHY,tiingo
2004-08-30,37.4011,37.41,SHY,tiingo
2004-08-31,37.433,37.4648,SHY,tiingo
2004-09-01,37.4791,37.4745,SHY,tiingo
2004-09-02,37.4563,37.4152,SHY,tiingo
2004-09-03,37.3833,37.3652,SHY,tiingo
2004-09-07,37.3606,37.3652,SHY,tiingo
2004-09-08,37.3467,37.4199,SHY,tiingo
2004-09-09,37.4336,37.4245,SHY,tiingo
2004-09-10,37.461,37.4336,SHY,tiingo
2004-09-13,37.4245,37.4379,SHY,tiingo
2004-09-14,37.4106,37.4472,SHY,tiingo
2004-09-15,37.4472,37.4245,SHY,tiingo
2004-09-16,37.429,37.4883,SHY,tiingo
2004-09-17,37.4883,37.4425,SHY,tiingo
2004-09-20,37.4837,37.5019,SHY,tiingo
2004-09-21,37.4883,37.4472,SHY,tiingo
2004-09-22,37.4655,37.4837,SHY,tiingo
2004-09-23,37.5064,37.4379,SHY,tiingo
2004-09-24,37.4106,37.4152,SHY,tiingo
2004-09-27,37.4472,37.4379,SHY,tiingo
2004-09-28,37.4563,37.461,SHY,tiingo
2004-09-29,37.4379,37.4152,SHY,tiingo
2004-09-30,37.3926,37.429,SHY,tiingo
2004-10-01,37.4162,37.4025,SHY,tiingo
2004-10-04,37.3796,37.407,SHY,tiingo
2004-10-05,37.4162,37.4116,SHY,tiingo
2004-10-06,37.4209,37.3796,SHY,tiingo
2004-10-07,37.3889,37.3661,SHY,tiingo
2004-10-08,37.4709,37.4621,SHY,tiingo
2004-10-11,37.4802,37.4894,SHY,tiingo
2004-10-12,37.4756,37.4986,SHY,tiingo
2004-10-13,37.4802,37.526,SHY,tiingo
2004-10-14,37.5306,37.535,SHY,tiingo
2004-10-15,,37.5214,SHY,tiingo
2004-10-18,37.5122,37.526,SHY,tiingo
2004-10-19,37.4849,37.5122,SHY,tiingo
2004-10-20,37.5168,37.5442,SHY,tiingo
2004-10-21,37.535,37.4986,SHY,tiingo
2004-10-22,37.5168,37.535,SHY,tiingo
2004-10-25,37.5624,37.5488,SHY,tiingo
2004-10-26,37.558,37.5442,SHY,tiingo
2004-10-27,37.5442,37.494,SHY,tiingo
2004-10-28,37.503,37.5076,SHY,tiingo
2004-10-29,37.5306,37.5395,SHY,tiingo
2004-11-01,37.5296,37.5158,SHY,tiingo
2004-11-02,37.5204,37.534,SHY,tiingo
2004-11-03,37.4883,37.5296,SHY,tiingo
2004-11-04,37.5158,37.4975,SHY,tiingo
2004-11-05,37.4197,37.4014,SHY,tiingo
2004-11-08,37.4014,37.383,SHY,tiingo
2004-11-09,,37.4104,SHY,tiingo
2004-11-10,37.3969,37.3648,SHY,tiingo
2004-11-11,37.3784,37.3923,SHY,tiingo
2004-11-12,37.3923,37.383,SHY,tiingo
2004-11-15,37.3877,37.383,SHY,tiingo
2004-11-16,37.351,37.3556,SHY,tiingo
2004-11-17,37.3784,37.4104,SHY,tiingo
2004-11-18,37.3969,37.4058,SHY,tiingo
2004-11-19,37.3923,37.3463,SHY,tiingo
2004-11-22,37.3603,37.3556,SHY,tiingo
2004-11-23,,37.351,SHY,tiingo
2004-11-24,,37.3463,SHY,tiingo
2004-11-26,,37.3097,SHY,tiingo
2004-11-29,37.3053,37.3143,SHY,tiingo
2004-11-30,37.3097,37.3236,SHY,tiingo
2004-12-01,37.3807,37.3486,SHY,tiingo
2004-12-02,37.3259,37.335,SHY,tiingo
2004-12-03,37.4128,37.4175,SHY,tiingo
2004-12-06,37.4082,37.4222,SHY,tiingo
2004-12-07,37.4128,37.4222,SHY,tiingo
2004-12-08,37.3946,37.4358,SHY,tiingo
2004-12-09,37.4358,37.4314,SHY,tiingo
2004-12-10,37.4403,37.4358,SHY,tiingo
2004-12-13,37.4175,37.4082,SHY,tiingo
2004-12-14,37.4128,37.4175,SHY,tiingo
2004-12-15,37.4403,37.4543,SHY,tiingo
2004-12-16,37.4314,37.4128,SHY,tiingo
2004-12-17,37.3807,37.3993,SHY,tiingo
2004-12-20,37.4128,37.3993,SHY,tiingo
2004-12-21,37.3946,37.4037,SHY,tiingo
2004-12-22,,37.4037,SHY,tiingo
2004-12-23,37.4314,37.3946,SHY,tiingo
2004-12-27,37.3901,37.3716,SHY,tiingo
2004-12-28,37.3761,37.3854,SHY,tiingo
2004-12-29,37.3993,37.3807,SHY,tiingo
2004-12-30,37.3807,37.3946,SHY,tiingo
2004-12-31,37.4193,37.41,SHY,tiingo
2005-01-03,37.3825,37.4147,SHY,tiingo
2005-01-04,37.401,37.3321,SHY,tiingo
2005-01-05,37.3321,37.3411,SHY,tiingo
2005-01-06,37.3503,37.3597,SHY,tiingo
2005-01-07,,37.3642,SHY,tiingo
2005-01-10,37.3597,37.3411,SHY,tiingo
2005-01-11,37.3597,37.3503,SHY,tiingo
2005-01-12,37.3457,37.355,SHY,tiingo
2005-01-13,37.3825,37.401,SHY,tiingo
2005-01-14,37.3732,37.3825,SHY,tiingo
2005-01-18,37.3321,37.3687,SHY,tiingo
2005-01-19,37.3687,37.3732,SHY,tiingo
2005-01-20,37.3825,37.4053,SHY,tiingo
2005-01-21,37.3964,37.4422,SHY,tiingo
2005-01-24,37.4375,37.4193,SHY,tiingo
2005-01-25,37.41,37.4053,SHY,tiingo
2005-01-26,37.3872,37.3918,SHY,tiingo
2005-01-27,,37.3825,SHY,tiingo
2005-01-28,37.3964,37.401,SHY,tiingo
2005-01-31,,37.3964,SHY,tiingo
2005-02-01,37.4013,37.4057,SHY,tiingo
2005-02-02,37.3967,37.3921,SHY,tiingo
2005-02-03,37.3599,37.3734,SHY,tiingo
2005-02-04,,37.4057,SHY,tiingo
2005-02-07,37.4013,37.3967,SHY,tiingo
2005-02-08,37.3875,37.3828,SHY,tiingo
2005-02-09,37.4013,37.4519,SHY,tiingo
2005-02-10,37.4472,37.4244,SHY,tiingo
2005-02-11,37.4289,37.4057,SHY,tiingo
2005-02-14,37.4057,37.3875,SHY,tiingo
2005-02-15,37.3781,37.3921,SHY,tiingo
2005-02-16,37.3921,37.3734,SHY,tiingo
2005-02-17,37.3734,37.3921,SHY,tiingo
2005-02-18,37.369,37.3413,SHY,tiingo
2005-02-22,37.3413,37.3552,SHY,tiingo
2005-02-23,37.3552,37.3506,SHY,tiingo
2005-02-24,37.3506,37.3413,SHY,tiingo
2005-02-25,37.3413,37.323,SHY,tiingo
2005-02-28,37.3183,37.3,SHY,tiingo
2005-03-01,37.3198,37.2922,SHY,tiingo
2005-03-02,37.3104,37.3151,SHY,tiingo
2005-03-03,37.3336,37.3292,SHY,tiingo
2005-03-04,37.3568,37.3292,SHY,tiingo
2005-03-07,37.3198,37.3151,SHY,tiingo
2005-03-08,37.3104,37.3151,SHY,tiingo
2005-03-09,37.2828,37.3013,SHY,tiingo
2005-03-10,37.3059,37.2737,SHY,tiingo
2005-03-11,37.2875,37.2645,SHY,tiingo
2005-03-14,37.2645,37.2505,SHY,tiingo
2005-03-15,37.2552,37.2369,SHY,tiingo
2005-03-16,,37.2828,SHY,tiingo
2005-03-17,37.3104,37.2969,SHY,tiingo
2005-03-18,37.2969,37.2782,SHY,tiingo
2005-03-21,37.2782,37.3013,SHY,tiingo
2005-03-22,37.3059,37.2369,SHY,tiingo
2005-03-23,37.2092,37.2322,SHY,tiingo
2005-03-24,37.2322,37.2414,SHY,tiingo
2005-03-28,,37.2229,SHY,tiingo
2005-03-29,37.2182,37.2505,SHY,tiingo
2005-03-30,37.2322,37.2552,SHY,tiingo
2005-03-31,37.2737,37.3059,SHY,tiingo
2005-04-01,,37.3292,SHY,tiingo
2005-04-04,37.3245,37.3292,SHY,tiingo
2005-04-05,37.3474,37.3383,SHY,tiingo
2005-04-06,37.3521,37.3661,SHY,tiingo
2005-04-07,37.3798,37.3521,SHY,tiingo
2005-04-08,37.3292,37.3474,SHY,tiingo
2005-04-11,37.3383,37.3474,SHY,tiingo
2005-04-12,37.3383,37.3706,SHY,tiingo
2005-04-13,37.3939,37.4262,SHY,tiingo
2005-04-14,37.4309,37.4585,SHY,tiingo
2005-04-15,37.4909,37.5186,SHY,tiingo
2005-04-18,37.5186,37.5001,SHY,tiingo
2005-04-19,37.4909,37.5464,SHY,tiingo
2005-04-20,37.5001,37.5325,SHY,tiingo
2005-04-21,37.5046,37.4677,SHY,tiingo
2005-04-22,37.5093,37.4769,SHY,tiingo
2005-04-25,,37.4863,SHY,tiingo
2005-04-26,37.4909,37.4769,SHY,tiingo
2005-04-27,37.514,37.5046,SHY,tiingo
2005-04-28,,37.5371,SHY,tiingo
2005-04-29,37.5233,37.5001,SHY,tiingo
2005-05-02,37.4955,37.5046,SHY,tiingo
2005-05-03,37.5046,37.5279,SHY,tiingo
2005-05-04,37.5325,37.5418,SHY,tiingo
2005-05-05,37.5742,37.5789,SHY,tiingo
2005-05-06,37.5093,37.4955,SHY,tiingo
2005-05-09,,37.4769,SHY,tiingo
2005-05-10,37.4816,37.5046,SHY,tiingo
2005-05-11,37.5372,37.5279,SHY,tiingo
2005-05-12,37.5233,37.5465,SHY,tiingo
2005-05-13,37.5742,37.5882,SHY,tiingo
2005-05-16,37.602,37.5789,SHY,tiingo
2005-05-17,37.5974,37.5789,SHY,tiingo
2005-05-18,,37.616,SHY,tiingo
2005-05-19,37.5835,37.5604,SHY,tiingo
2005-05-20,37.5789,37.5604,SHY,tiingo
2005-05-23,,37.5835,SHY,tiingo
2005-05-24,37.5928,37.6068,SHY,tiingo
2005-05-25,37.6392,37.6207,SHY,tiingo
2005-05-26,37.602,37.6068,SHY,tiingo
2005-05-27,37.5974,37.6207,SHY,tiingo
2005-05-31,37.6207,37.6484,SHY,tiingo
2005-06-01,37.6433,37.7223,SHY,tiingo
2005-06-02,37.6945,37.7085,SHY,tiingo
2005-06-03,37.7363,37.662,SHY,tiingo
2005-06-06,37.676,37.6806,SHY,tiingo
2005-06-07,37.6991,37.6898,SHY,tiingo
2005-06-08,37.6991,37.6806,SHY,tiingo
2005-06-09,37.6666,37.6573,SHY,tiingo
2005-06-10,37.6341,37.6249,SHY,tiingo
2005-06-13,37.6295,37.6249,SHY,tiingo
2005-06-14,37.6295,37.6341,SHY,tiingo
2005-06-15,,37.6249,SHY,tiingo
2005-06-16,37.6249,37.6573,SHY,tiingo
2005-06-17,37.6433,37.6528,SHY,tiingo
2005-06-20,37.6388,37.6433,SHY,tiingo
2005-06-21,37.6528,37.6481,SHY,tiingo
2005-06-22,37.7039,37.7317,SHY,tiingo
2005-06-23,,37.7177,SHY,tiingo
2005-06-24,37.7596,37.7363,SHY,tiingo
2005-06-27,37.7456,37.7502,SHY,tiingo
2005-06-28,37.7223,37.7085,SHY,tiingo
2005-06-29,37.7456,37.7177,SHY,tiingo
2005-06-30,37.7456,37.741,SHY,tiingo
2005-07-01,37.7208,37.6371,SHY,tiingo
2005-07-05,37.6418,37.6464,SHY,tiingo
2005-07-06,37.6371,37.6697,SHY,tiingo
2005-07-07,37.7116,37.7023,SHY,tiingo
2005-07-08,37.6976,37.6604,SHY,tiingo
2005-07-11,37.6511,37.6324,SHY,tiingo
2005-07-12,37.6464,37.6324,SHY,tiingo
2005-07-13,,37.6371,SHY,tiingo
2005-07-14,37.6604,37.6371,SHY,tiingo
2005-07-15,37.6278,37.6418,SHY,tiingo
2005-07-18,37.6371,37.6324,SHY,tiingo
2005-07-19,37.6231,37.6464,SHY,tiingo
2005-07-20,37.6371,37.6418,SHY,tiingo
2005-07-21,37.6231,37.6045,SHY,tiingo
2005-07-22,37.5998,37.6418,SHY,tiingo
2005-07-25,37.6231,37.6278,SHY,tiingo
2005-07-26,37.6324,37.6185,SHY,tiingo
2005-07-27,37.6045,37.6185,SHY,tiingo
2005-07-28,37.6091,37.6231,SHY,tiingo
2005-07-29,37.6231,37.5998,SHY,tiingo
2005-08-01,37.6052,37.5772,SHY,tiingo
2005-08-02,37.5772,37.5818,SHY,tiingo
2005-08-03,37.5865,37.5958,SHY,tiingo
2005-08-04,,37.5958,SHY,tiingo
2005-08-05,37.5818,37.5631,SHY,tiingo
2005-08-08,37.5631,37.5259,SHY,tiingo
2005-08-09,37.5259,37.5678,SHY,tiingo
2005-08-10,37.6005,37.5678,SHY,tiingo
2005-08-11,37.5725,37.5958,SHY,tiingo
2005-08-12,37.6098,37.6425,SHY,tiingo
2005-08-15,37.6425,37.6239,SHY,tiingo
2005-08-16,,37.6425,SHY,tiingo
2005-08-17,37.6471,37.6519,SHY,tiingo
2005-08-18,37.6612,37.6846,SHY,tiingo
2005-08-19,37.6752,37.6705,SHY,tiingo
2005-08-22,37.6612,37.6752,SHY,tiingo
2005-08-23,37.6985,37.7125,SHY,tiingo
2005-08-24,37.7312,37.7171,SHY,tiingo
2005-08-25,37.7218,37.7125,SHY,tiingo
2005-08-26,37.7125,37.6846,SHY,tiingo
2005-08-29,37.6846,37.6938,SHY,tiingo
2005-08-30,37.7125,37.7498,SHY,tiingo
2005-08-31,37.7965,37.8478,SHY,tiingo
2005-09-01,37.8516,37.8936,SHY,tiingo
2005-09-02,37.8843,37.9405,SHY,tiingo
2005-09-06,37.8609,37.8797,SHY,tiingo
2005-09-07,37.875,37.8516,SHY,tiingo
2005-09-08,37.8704,37.8328,SHY,tiingo
2005-09-09,37.8328,37.8424,SHY,tiingo
2005-09-12,,37.8282,SHY,tiingo
2005-09-13,37.8376,37.8516,SHY,tiingo
2005-09-14,37.8704,37.8469,SHY,tiingo
2005-09-15,37.8469,37.8376,SHY,tiingo
2005-09-16,37.8516,37.8096,SHY,tiingo
2005-09-19,37.8235,37.8188,SHY,tiingo
2005-09-20,37.8188,37.7908,SHY,tiingo
2005-09-21,37.8424,37.8282,SHY,tiingo
2005-09-22,37.8469,37.8424,SHY,tiingo
2005-09-23,37.8376,37.8096,SHY,tiingo
2005-09-26,37.7486,37.7814,SHY,tiingo
2005-09-27,37.7954,37.7673,SHY,tiingo
2005-09-28,37.7532,37.7814,SHY,tiingo
2005-09-29,37.7721,37.7673,SHY,tiingo
2005-09-30,37.7673,37.7346,SHY,tiingo
2005-10-03,37.7506,37.7177,SHY,tiingo
2005-10-04,37.7413,37.7131,SHY,tiingo
2005-10-05,37.7224,37.7318,SHY,tiingo
2005-10-06,37.76,37.7318,SHY,tiingo
2005-10-07,37.7365,37.76,SHY,tiingo
2005-10-10,37.821,37.7553,SHY,tiingo
2005-10-11,37.7224,37.7459,SHY,tiingo
2005-10-12,37.7506,37.7177,SHY,tiingo
2005-10-13,37.7318,37.7177,SHY,tiingo
2005-10-14,37.7131,37.7272,SHY,tiingo
2005-10-17,37.7365,37.7084,SHY,tiingo
2005-10-18,37.7177,37.7413,SHY,tiingo
2005-10-19,37.7789,37.76,SHY,tiingo
2005-10-20,37.7413,37.76,SHY,tiingo
2005-10-21,37.7789,37.7834,SHY,tiingo
2005-10-24,37.7741,37.7694,SHY,tiingo
2005-10-25,37.7459,37.7037,SHY,tiingo
2005-10-26,37.7177,37.6895,SHY,tiingo
2005-10-27,,37.7177,SHY,tiingo
2005-10-28,37.7365,37.7177,SHY,tiingo
2005-10-31,37.699,37.7037,SHY,tiingo
2005-11-01,37.7376,37.7141,SHY,tiingo
2005-11-02,37.7141,37.7094,SHY,tiingo
2005-11-03,37.7047,37.6905,SHY,tiingo
2005-11-04,37.6999,37.6905,SHY,tiingo
2005-11-07,37.6999,37.6858,SHY,tiingo
2005-11-08,37.7281,37.7329,SHY,tiingo
2005-11-09,37.7376,37.6858,SHY,tiingo
2005-11-10,37.7281,37.7376,SHY,tiingo
2005-11-11,37.7094,37.7516,SHY,tiingo
2005-11-14,37.7423,37.6952,SHY,tiingo
2005-11-15,,37.7234,SHY,tiingo
2005-11-16,37.7516,37.7705,SHY,tiingo
2005-11-17,37.7564,37.8035,SHY,tiingo
2005-11-18,37.7753,37.8035,SHY,tiingo
2005-11-21,37.8223,37.827,SHY,tiingo
2005-11-22,37.8317,37.8788,SHY,tiingo
2005-11-23,37.8788,37.8317,SHY,tiingo
2005-11-25,37.8505,37.8646,SHY,tiingo
2005-11-28,37.8694,37.8742,SHY,tiingo
2005-11-29,37.8835,37.8458,SHY,tiingo
2005-11-30,37.8458,37.8505,SHY,tiingo
2005-12-01,37.8274,37.8134,SHY,tiingo
2005-12-02,37.8321,37.8463,SHY,tiingo
2005-12-05,37.8274,37.8039,SHY,tiingo
2005-12-06,37.8369,37.8558,SHY,tiingo
2005-12-07,37.87,37.8605,SHY,tiingo
2005-12-08,37.8983,37.9077,SHY,tiingo
2005-12-09,37.8935,37.87,SHY,tiingo
2005-12-12,37.8889,37.8652,SHY,tiingo
2005-12-13,37.8747,37.8841,SHY,tiingo
2005-12-14,37.9171,37.9265,SHY,tiingo
2005-12-15,,37.9265,SHY,tiingo
2005-12-16,37.9596,37.9503,SHY,tiingo
2005-12-19,37.9124,37.9265,SHY,tiingo
2005-12-20,37.9361,37.9218,SHY,tiingo
2005-12-21,37.9361,37.9218,SHY,tiingo
2005-12-22,37.9455,37.9548,SHY,tiingo
2005-12-23,37.9407,37.9738,SHY,tiingo
2005-12-27,37.9503,37.9786,SHY,tiingo
2005-12-28,38.0206,38.0255,SHY,tiingo
2005-12-29,38.0113,37.9971,SHY,tiingo
2005-12-30,37.9875,37.983,SHY,tiingo
2006-01-03,37.9639,38.0349,SHY,tiingo
2006-01-04,38.0255,38.0728,SHY,tiingo
2006-01-05,38.0349,38.0397,SHY,tiingo
2006-01-06,38.0303,38.0492,SHY,tiingo
2006-01-09,38.0492,38.0539,SHY,tiingo
2006-01-10,,38.0161,SHY,tiingo
2006-01-11,38.0255,38.0161,SHY,tiingo
2006-01-12,38.0303,38.0349,SHY,tiingo
2006-01-13,38.0728,38.1107,SHY,tiingo
2006-01-17,,38.0965,SHY,tiingo
2006-01-18,38.1012,38.0918,SHY,tiingo
2006-01-19,,38.0965,SHY,tiingo
2006-01-20,38.0777,38.1107,SHY,tiingo
2006-01-23,38.0918,38.1155,SHY,tiingo
2006-01-24,38.1107,38.106,SHY,tiingo
2006-01-25,38.106,38.0539,SHY,tiingo
2006-01-26,38.0397,38.0586,SHY,tiingo
2006-01-27,38.0777,38.0303,SHY,tiingo
2006-01-30,38.0445,38.0492,SHY,tiingo
2006-01-31,38.0349,38.0492,SHY,tiingo
2006-02-01,38.0334,38.0145,SHY,tiingo
2006-02-02,38.0334,38.0145,SHY,tiingo
2006-02-03,38.0002,38.0334,SHY,tiingo
2006-02-06,38.0239,38.0145,SHY,tiingo
2006-02-07,38.0239,38.0191,SHY,tiingo
2006-02-08,38.0334,38.0049,SHY,tiingo
2006-02-09,38.0287,37.9954,SHY,tiingo
2006-02-10,38.0049,37.967,SHY,tiingo
2006-02-13,38.0049,37.9954,SHY,tiingo
2006-02-14,37.9859,37.9954,SHY,tiingo
2006-02-15,38.0287,37.9906,SHY,tiingo
2006-02-16,38.0097,38.0191,SHY,tiingo
2006-02-17,38.043,38.0477,SHY,tiingo
2006-02-21,,38.0191,SHY,tiingo
2006-02-22,38.043,38.0477,SHY,tiingo
2006-02-23,38.0381,38.0145,SHY,tiingo
2006-02-24,38.0334,38.0287,SHY,tiingo
2006-02-27,38.043,38.0097,SHY,tiingo
2006-02-28,38.043,38.062,SHY,tiingo
2006-03-01,38.0854,38.0425,SHY,tiingo
2006-03-02,38.0711,38.0568,SHY,tiingo
2006-03-03,38.0568,38.0186,SHY,tiingo
2006-03-06,38.0377,38.033,SHY,tiingo
2006-03-07,38.0282,38.033,SHY,tiingo
2006-03-08,38.0425,38.0568,SHY,tiingo
2006-03-09,38.0568,38.0711,SHY,tiingo
2006-03-10,38.052,38.033,SHY,tiingo
2006-03-13,38.0474,38.033,SHY,tiingo
2006-03-14,38.0377,38.1093,SHY,tiingo
2006-03-15,38.095,38.1188,SHY,tiingo
2006-03-16,38.133,38.1856,SHY,tiingo
2006-03-17,38.176,38.1712,SHY,tiingo
2006-03-20,38.1807,38.1904,SHY,tiingo
2006-03-21,38.1379,38.1235,SHY,tiingo
2006-03-22,38.1379,38.133,SHY,tiingo
2006-03-23,38.1426,38.1235,SHY,tiingo
2006-03-24,38.133,38.176,SHY,tiingo
2006-03-27,,38.1664,SHY,tiingo
2006-03-28,38.1616,38.133,SHY,tiingo
2006-03-29,38.1188,38.133,SHY,tiingo
2006-03-30,38.1283,38.1141,SHY,tiingo
2006-03-31,,38.1283,SHY,tiingo
2006-04-03,38.0786,38.1073,SHY,tiingo
2006-04-04,38.1217,38.1359,SHY,tiingo
2006-04-05,38.1694,38.1408,SHY,tiingo
2006-04-06,38.1552,38.1359,SHY,tiingo
2006-04-07,38.1359,38.1121,SHY,tiingo
2006-04-10,38.1168,38.1217,SHY,tiingo
2006-04-11,38.1408,38.1552,SHY,tiingo
2006-04-12,38.1646,38.1311,SHY,tiingo
2006-04-13,38.1408,38.1264,SHY,tiingo
2006-04-17,38.1408,38.1456,SHY,tiingo
2006-04-18,38.1552,38.2029,SHY,tiingo
2006-04-19,38.1456,38.1932,SHY,tiingo
2006-04-20,38.1887,38.1791,SHY,tiingo
2006-04-21,38.1932,38.1791,SHY,tiingo
2006-04-24,38.1887,38.1981,SHY,tiingo
2006-04-25,38.1981,38.1694,SHY,tiingo
2006-04-26,38.1694,38.1408,SHY,tiingo
2006-04-27,38.1217,38.2029,SHY,tiingo
2006-04-28,38.2221,38.2125,SHY,tiingo
2006-05-01,38.2187,38.19,SHY,tiingo
2006-05-02,38.19,38.1946,SHY,tiingo
2006-05-03,38.2139,38.1946,SHY,tiingo
2006-05-04,38.2091,38.1994,SHY,tiingo
2006-05-05,38.19,38.2091,SHY,tiingo
2006-05-08,38.2139,38.2042,SHY,tiingo
2006-05-09,38.1755,38.2091,SHY,tiingo
2006-05-10,,38.2091,SHY,tiingo
2006-05-11,38.2139,38.2235,SHY,tiingo
2006-05-12,38.2235,38.2091,SHY,tiingo
2006-05-15,,38.2282,SHY,tiingo
2006-05-16,38.2427,38.2618,SHY,tiingo
2006-05-17,38.2475,38.2427,SHY,tiingo
2006-05-18,38.2523,38.2811,SHY,tiingo
2006-05-19,38.2858,38.2714,SHY,tiingo
2006-05-22,38.2811,38.2714,SHY,tiingo
2006-05-23,38.2714,38.2954,SHY,tiingo
2006-05-24,38.3338,38.3194,SHY,tiingo
2006-05-25,38.3434,38.3194,SHY,tiingo
2006-05-26,38.3194,38.3338,SHY,tiingo
2006-05-30,38.3147,38.305,SHY,tiingo
2006-05-31,38.3338,38.2763,SHY,tiingo
2006-06-01,38.3039,38.3232,SHY,tiingo
2006-06-02,38.3858,38.381,SHY,tiingo
2006-06-05,38.3617,38.3473,SHY,tiingo
2006-06-06,,38.3473,SHY,tiingo
2006-06-07,38.3183,38.3232,SHY,tiingo
2006-06-08,38.3569,38.3665,SHY,tiingo
2006-06-09,38.3617,38.3714,SHY,tiingo
2006-06-12,38.3617,38.3714,SHY,tiingo
2006-06-13,38.3569,38.3617,SHY,tiingo
2006-06-14,,38.3232,SHY,tiingo
2006-06-15,38.2848,38.3136,SHY,tiingo
2006-06-16,38.2848,38.2944,SHY,tiingo
2006-06-19,38.2848,38.2799,SHY,tiingo
2006-06-20,,38.2751,SHY,tiingo
2006-06-21,38.3039,38.2848,SHY,tiingo
2006-06-22,38.2799,38.2653,SHY,tiingo
2006-06-23,38.2751,38.2557,SHY,tiingo
2006-06-26,38.2702,38.2605,SHY,tiingo
2006-06-27,38.2751,38.2848,SHY,tiingo
2006-06-28,38.2895,38.2653,SHY,tiingo
2006-06-29,38.2605,38.3328,SHY,tiingo
2006-06-30,38.3232,38.3665,SHY,tiingo
2006-07-03,38.3171,38.3606,SHY,tiingo
2006-07-05,38.3461,38.3268,SHY,tiingo
2006-07-06,38.3229,38.3557,SHY,tiingo
2006-07-07,38.3751,38.3847,SHY,tiingo
2006-07-10,,38.3847,SHY,tiingo
2006-07-11,38.3992,38.3847,SHY,tiingo
2006-07-12,38.38,38.3992,SHY,tiingo
2006-07-13,38.4089,38.4475,SHY,tiingo
2006-07-14,38.4572,38.4523,SHY,tiingo
2006-07-17,38.4233,38.4475,SHY,tiingo
2006-07-18,,38.4185,SHY,tiingo
2006-07-19,38.3751,38.4717,SHY,tiingo
2006-07-20,38.4523,38.52,SHY,tiingo
2006-07-21,38.5538,38.5103,SHY,tiingo
2006-07-24,38.52,38.5103,SHY,tiingo
2006-07-25,38.52,38.5008,SHY,tiingo
2006-07-26,38.5249,38.5489,SHY,tiingo
2006-07-27,38.5538,38.5684,SHY,tiingo
2006-07-28,38.5778,38.6166,SHY,tiingo
2006-07-31,38.6313,38.6215,SHY,tiingo
2006-08-01,38.6401,38.6451,SHY,tiingo
2006-08-02,,38.6451,SHY,tiingo
2006-08-03,38.6549,38.6401,SHY,tiingo
2006-08-04,38.6694,38.6741,SHY,tiingo
2006-08-07,38.679,38.6889,SHY,tiingo
2006-08-08,38.684,38.7081,SHY,tiingo
2006-08-09,38.713,38.7229,SHY,tiingo
2006-08-10,38.7276,38.713,SHY,tiingo
2006-08-11,38.6984,38.679,SHY,tiingo
2006-08-14,38.684,38.6598,SHY,tiingo
2006-08-15,,38.713,SHY,tiingo
2006-08-16,38.7616,38.776,SHY,tiingo
2006-08-17,,38.7712,SHY,tiingo
2006-08-18,38.7809,38.7859,SHY,tiingo
2006-08-21,38.8052,38.8101,SHY,tiingo
2006-08-22,38.8101,38.8052,SHY,tiingo
2006-08-23,38.8002,38.8052,SHY,tiingo
2006-08-24,38.8052,38.8198,SHY,tiingo
2006-08-25,38.8246,38.8293,SHY,tiingo
2006-08-28,38.8342,38.8391,SHY,tiingo
2006-08-29,38.8293,38.8537,SHY,tiingo
2006-08-30,38.8537,38.878,SHY,tiingo
2006-08-31,38.8972,38.912,SHY,tiingo
2006-09-01,38.9124,38.9558,SHY,tiingo
2006-09-05,38.9316,38.9171,SHY,tiingo
2006-09-06,38.9074,38.9124,SHY,tiingo
2006-09-07,38.9218,38.9124,SHY,tiingo
2006-09-08,38.9316,38.9366,SHY,tiingo
2006-09-11,38.9464,38.9316,SHY,tiingo
2006-09-12,38.9171,38.951,SHY,tiingo
2006-09-13,38.951,38.9558,SHY,tiingo
2006-09-14,38.9608,38.9218,SHY,tiingo
2006-09-15,38.9707,38.9415,SHY,tiingo
2006-09-18,38.9171,38.9316,SHY,tiingo
2006-09-19,38.9804,38.9851,SHY,tiingo
2006-09-20,39.0097,38.9998,SHY,tiingo
2006-09-21,39.0097,39.068,SHY,tiingo
2006-09-22,39.0922,39.0776,SHY,tiingo
2006-09-25,,39.1214,SHY,tiingo
2006-09-26,39.1263,39.1021,SHY,tiingo
2006-09-27,39.1312,39.1068,SHY,tiingo
2006-09-28,,39.1214,SHY,tiingo
2006-09-29,39.1263,39.0825,SHY,tiingo
2006-10-02,39.1235,39.1285,SHY,tiingo
2006-10-03,39.143,39.1334,SHY,tiingo
2006-10-04,39.1676,39.2016,SHY,tiingo
2006-10-05,39.2065,39.1627,SHY,tiingo
2006-10-06,39.148,39.1138,SHY,tiingo
2006-10-09,39.1382,39.1186,SHY,tiingo
2006-10-10,39.0992,39.065,SHY,tiingo
2006-10-11,39.0845,39.0699,SHY,tiingo
2006-10-12,39.0503,39.0796,SHY,tiingo
2006-10-13,39.0453,39.065,SHY,tiingo
2006-10-16,39.0407,39.0845,SHY,tiingo
2006-10-17,39.1088,39.0893,SHY,tiingo
2006-10-18,,39.0942,SHY,tiingo
2006-10-19,39.0992,39.0893,SHY,tiingo
2006-10-20,,39.1042,SHY,tiingo
2006-10-23,,39.0845,SHY,tiingo
2006-10-24,39.0796,39.0845,SHY,tiingo
2006-10-25,39.0992,39.1285,SHY,tiingo
2006-10-26,39.1627,39.1773,SHY,tiingo
2006-10-27,,39.2163,SHY,tiingo
2006-10-30,39.2065,39.1919,SHY,tiingo
2006-10-31,39.1919,39.2457,SHY,tiingo
2006-11-01,39.2637,39.2735,SHY,tiingo
2006-11-02,39.2931,39.2637,SHY,tiingo
2006-11-03,39.2147,39.1902,SHY,tiingo
2006-11-06,39.1804,39.1853,SHY,tiingo
2006-11-07,,39.2342,SHY,tiingo
2006-11-08,39.2442,39.254,SHY,tiingo
2006-11-09,39.2685,39.249,SHY,tiingo
2006-11-10,39.2834,39.2785,SHY,tiingo
2006-11-13,39.2834,39.2785,SHY,tiingo
2006-11-14,39.3128,39.2834,SHY,tiingo
2006-11-15,39.2834,39.2589,SHY,tiingo
2006-11-16,39.2685,39.2442,SHY,tiingo
2006-11-17,39.2785,39.2931,SHY,tiingo
2006-11-20,39.2735,39.3029,SHY,tiingo
2006-11-21,,39.3128,SHY,tiingo
2006-11-22,39.357,39.3422,SHY,tiingo
2006-11-24,39.3372,39.3471,SHY,tiingo
2006-11-27,39.3521,39.3716,SHY,tiingo
2006-11-28,39.3863,39.3912,SHY,tiingo
2006-11-29,39.4158,39.3912,SHY,tiingo
2006-11-30,39.4206,39.4353,SHY,tiingo
2006-12-01,39.4679,39.5121,SHY,tiingo
2006-12-04,39.5121,39.5072,SHY,tiingo
2006-12-05,39.517,39.5072,SHY,tiingo
2006-12-06,39.5219,39.5023,SHY,tiingo
2006-12-07,39.5072,39.4924,SHY,tiingo
2006-12-08,39.4974,39.4433,SHY,tiingo
2006-12-11,39.4679,39.4482,SHY,tiingo
2006-12-12,39.4728,39.5023,SHY,tiingo
2006-12-13,39.458,39.4484,SHY,tiingo
2006-12-14,39.4531,39.4285,SHY,tiingo
2006-12-15,39.5023,39.4433,SHY,tiingo
2006-12-18,39.4482,39.4433,SHY,tiingo
2006-12-19,39.4433,39.4482,SHY,tiingo
2006-12-20,39.4679,39.4728,SHY,tiingo
2006-12-21,39.4827,39.5023,SHY,tiingo
2006-12-22,39.4827,39.4974,SHY,tiingo
2006-12-26,39.5121,39.4974,SHY,tiingo
2006-12-27,39.5102,39.4756,SHY,tiingo
2006-12-28,39.4903,39.4509,SHY,tiingo
2006-12-29,39.441,39.4608,SHY,tiingo
2007-01-03,39.4805,39.5003,SHY,tiingo
2007-01-04,39.515,39.5398,SHY,tiingo
2007-01-05,39.4903,39.5003,SHY,tiingo
2007-01-08,39.5102,39.4903,SHY,tiingo
2007-01-09,,39.5052,SHY,tiingo
2007-01-10,39.5199,39.4953,SHY,tiingo
2007-01-11,39.4805,39.4657,SHY,tiingo
2007-01-12,39.4558,39.441,SHY,tiingo
2007-01-16,39.4707,39.4805,SHY,tiingo
2007-01-17,39.4707,39.4657,SHY,tiingo
2007-01-18,39.4657,39.4805,SHY,tiingo
2007-01-19,39.4854,39.4756,SHY,tiingo
2007-01-22,39.4854,39.4903,SHY,tiingo
2007-01-23,39.4854,39.4707,SHY,tiingo
2007-01-24,39.4707,39.4903,SHY,tiingo
2007-01-25,39.4805,39.4608,SHY,tiingo
2007-01-26,39.4558,39.4657,SHY,tiingo
2007-01-29,39.4756,39.4707,SHY,tiingo
2007-01-30,,39.4805,SHY,tiingo
2007-01-31,39.4756,39.5249,SHY,tiingo
2007-02-01,39.5697,39.5201,SHY,tiingo
2007-02-02,,39.5351,SHY,tiingo
2007-02-05,39.54,39.5251,SHY,tiingo
2007-02-06,39.5449,39.5697,SHY,tiingo
2007-02-07,39.5795,39.5895,SHY,tiingo
2007-02-08,39.5945,39.6043,SHY,tiingo
2007-02-09,39.5845,39.5648,SHY,tiingo
2007-02-12,39.5746,39.5648,SHY,tiingo
2007-02-13,39.5845,39.5598,SHY,tiingo
2007-02-14,39.5945,39.6489,SHY,tiingo
2007-02-15,39.6785,39.6688,SHY,tiingo
2007-02-16,39.6736,39.6785,SHY,tiingo
2007-02-20,,39.6736,SHY,tiingo
2007-02-21,39.6836,39.6986,SHY,tiingo
2007-02-22,39.6836,39.6736,SHY,tiingo
2007-02-23,39.6936,39.7183,SHY,tiingo
2007-02-26,39.7283,39.748,SHY,tiingo
2007-02-27,39.7678,39.8421,SHY,tiingo
2007-02-28,39.8471,39.8124,SHY,tiingo
2007-03-01,39.8625,39.8725,SHY,tiingo
2007-03-02,39.8875,39.9123,SHY,tiingo
2007-03-05,39.947,39.9272,SHY,tiingo
2007-03-06,39.8825,39.8925,SHY,tiingo
2007-03-07,39.9074,39.9321,SHY,tiingo
2007-03-08,39.9123,39.9321,SHY,tiingo
2007-03-09,39.8577,39.8625,SHY,tiingo
2007-03-12,39.8825,39.8973,SHY,tiingo
2007-03-13,,39.9521,SHY,tiingo
2007-03-14,39.9372,39.9619,SHY,tiingo
2007-03-15,,39.9521,SHY,tiingo
2007-03-16,39.9272,39.947,SHY,tiingo
2007-03-19,39.9223,39.9123,SHY,tiingo
2007-03-20,39.9619,39.947,SHY,tiingo
2007-03-21,39.9422,40.0118,SHY,tiingo
2007-03-22,39.9869,39.972,SHY,tiingo
2007-03-23,39.9819,39.947,SHY,tiingo
2007-03-26,39.9669,39.9869,SHY,tiingo
2007-03-27,39.9819,39.9917,SHY,tiingo
2007-03-28,,40.0118,SHY,tiingo
2007-03-29,40.0018,39.9917,SHY,tiingo
2007-03-30,39.9967,39.9917,SHY,tiingo
2007-04-02,39.9941,39.9992,SHY,tiingo
2007-04-03,39.9893,39.9992,SHY,tiingo
2007-04-04,40.0142,40.024,SHY,tiingo
2007-04-05,,40.0092,SHY,tiingo
2007-04-09,39.9293,39.9194,SHY,tiingo
2007-04-10,39.9444,39.9693,SHY,tiingo
2007-04-11,39.9893,39.9693,SHY,tiingo
2007-04-12,39.9593,39.9642,SHY,tiingo
2007-04-13,39.9642,39.9444,SHY,tiingo
2007-04-16,39.9593,39.9394,SHY,tiingo
2007-04-17,39.9941,40.0043,SHY,tiingo
2007-04-18,40.0291,40.059,SHY,tiingo
2007-04-19,,40.059,SHY,tiingo
2007-04-20,40.0392,40.0491,SHY,tiingo
2007-04-23,40.0541,40.0791,SHY,tiingo
2007-04-24,40.0741,40.114,SHY,tiingo
2007-04-25,,40.099,SHY,tiingo
2007-04-26,40.099,40.0691,SHY,tiingo
2007-04-27,40.0889,40.084,SHY,tiingo
2007-04-30,40.0889,40.114,SHY,tiingo
2007-05-01,40.1472,40.097,SHY,tiingo
2007-05-02,40.1181,40.1171,SHY,tiingo
2007-05-03,40.097,40.0869,SHY,tiingo
2007-05-04,40.1122,40.1071,SHY,tiingo
2007-05-07,40.1122,40.1071,SHY,tiingo
2007-05-08,40.1122,40.127,SHY,tiingo
2007-05-09,40.127,40.097,SHY,tiingo
2007-05-10,40.1071,40.1321,SHY,tiingo
2007-05-11,40.1621,40.1171,SHY,tiingo
2007-05-14,40.1171,40.0869,SHY,tiingo
2007-05-15,40.127,40.097,SHY,tiingo
2007-05-16,40.127,40.1371,SHY,tiingo
2007-05-17,40.122,40.1122,SHY,tiingo
2007-05-18,40.102,40.072,SHY,tiingo
2007-05-21,40.072,40.082,SHY,tiingo
2007-05-22,40.0869,40.092,SHY,tiingo
2007-05-23,40.1171,40.082,SHY,tiingo
2007-05-24,40.1071,40.097,SHY,tiingo
2007-05-25,40.082,40.122,SHY,tiingo
2007-05-29,40.102,40.082,SHY,tiingo
2007-05-30,40.1071,40.1122,SHY,tiingo
2007-05-31,40.1171,40.0869,SHY,tiingo
2007-06-01,40.0816,40.0664,SHY,tiingo
2007-06-04,40.0765,40.0816,SHY,tiingo
2007-06-05,40.0664,40.0464,SHY,tiingo
2007-06-06,40.0714,40.0965,SHY,tiingo
2007-06-07,40.0664,40.0513,SHY,tiingo
2007-06-08,40.0464,40.0664,SHY,tiingo
2007-06-11,40.0562,40.0714,SHY,tiingo
2007-06-12,40.0413,40.0363,SHY,tiingo
2007-06-13,40.0363,40.0464,SHY,tiingo
2007-06-14,40.0413,40.0464,SHY,tiingo
2007-06-15,40.0664,40.1015,SHY,tiingo
2007-06-18,40.0864,40.1015,SHY,tiingo
2007-06-19,40.1418,40.1719,SHY,tiingo
2007-06-20,40.1516,40.1468,SHY,tiingo
2007-06-21,40.1668,40.1468,SHY,tiingo
2007-06-22,40.1317,40.202,SHY,tiingo
2007-06-25,40.2271,40.2373,SHY,tiingo
2007-06-26,40.2271,40.2122,SHY,tiingo
2007-06-27,40.2623,40.2071,SHY,tiingo
2007-06-28,40.2171,40.1969,SHY,tiingo
2007-06-29,40.2423,40.2774,SHY,tiingo
2007-07-02,40.2836,40.3038,SHY,tiingo
2007-07-03,40.3088,40.2885,SHY,tiingo
2007-07-05,40.2482,40.2331,SHY,tiingo
2007-07-06,,40.228,SHY,tiingo
2007-07-09,40.218,40.2583,SHY,tiingo
2007-07-10,40.2987,40.334,SHY,tiingo
2007-07-11,40.3441,40.3138,SHY,tiingo
2007-07-12,40.3441,40.2885,SHY,tiingo
2007-07-13,40.3138,40.3088,SHY,tiingo
2007-07-16,40.3088,40.3491,SHY,tiingo
2007-07-17,,40.3238,SHY,tiingo
2007-07-18,40.3542,40.3844,SHY,tiingo
2007-07-19,40.3542,40.3794,SHY,tiingo
2007-07-20,40.4097,40.4449,SHY,tiingo
2007-07-23,40.4298,40.4146,SHY,tiingo
2007-07-24,40.4449,40.4551,SHY,tiingo
2007-07-25,40.4652,40.4853,SHY,tiingo
2007-07-26,40.5458,40.5812,SHY,tiingo
2007-07-27,40.6013,40.6266,SHY,tiingo
2007-07-30,40.6315,40.576,SHY,tiingo
2007-07-31,40.5812,40.6416,SHY,tiingo
2007-08-01,40.6326,40.6023,SHY,tiingo
2007-08-02,40.6023,40.6226,SHY,tiingo
2007-08-03,40.653,40.7239,SHY,tiingo
2007-08-06,40.7137,40.6731,SHY,tiingo
2007-08-07,40.6631,40.6377,SHY,tiingo
2007-08-08,,40.6073,SHY,tiingo
2007-08-09,40.6934,40.7239,SHY,tiingo
2007-08-10,40.7542,40.7086,SHY,tiingo
2007-08-13,40.6986,40.744,SHY,tiingo
2007-08-14,40.7035,40.7998,SHY,tiingo
2007-08-15,40.8402,40.8554,SHY,tiingo
2007-08-16,40.9264,40.9365,SHY,tiingo
2007-08-17,40.9365,40.9719,SHY,tiingo
2007-08-20,40.9719,41.0226,SHY,tiingo
2007-08-21,41.1188,41.0782,SHY,tiingo
2007-08-22,40.9922,41.0226,SHY,tiingo
2007-08-23,40.9719,40.9972,SHY,tiingo
2007-08-24,40.982,40.9213,SHY,tiingo
2007-08-27,40.9516,40.9768,SHY,tiingo
2007-08-28,40.9972,41.0833,SHY,tiingo
2007-08-29,41.068,41.0327,SHY,tiingo
2007-08-30,41.0731,41.068,SHY,tiingo
2007-08-31,41.0073,41.1338,SHY,tiingo
2007-09-04,41.1574,41.066,SHY,tiingo
2007-09-05,41.1422,41.1727,SHY,tiingo
2007-09-06,41.1624,41.1218,SHY,tiingo
2007-09-07,41.2135,41.2744,SHY,tiingo
2007-09-10,41.2744,41.2135,SHY,tiingo
2007-09-11,41.2539,41.2184,SHY,tiingo
2007-09-12,41.2388,41.2539,SHY,tiingo
2007-09-13,41.2184,41.1928,SHY,tiingo
2007-09-14,41.244,41.2693,SHY,tiingo
2007-09-17,41.1422,41.1829,SHY,tiingo
2007-09-18,41.1371,41.2388,SHY,tiingo
2007-09-19,41.2336,41.3049,SHY,tiingo
2007-09-20,41.2184,41.1525,SHY,tiingo
2007-09-21,41.1727,41.2083,SHY,tiingo
2007-09-24,41.2234,41.2539,SHY,tiingo
2007-09-25,41.2795,41.2894,SHY,tiingo
2007-09-26,41.2843,41.2641,SHY,tiingo
2007-09-27,41.2795,41.3405,SHY,tiingo
2007-09-28,41.3302,41.2946,SHY,tiingo
2007-10-01,41.3236,41.3339,SHY,tiingo
2007-10-02,41.2728,41.3287,SHY,tiingo
2007-10-03,41.3697,41.3236,SHY,tiingo
2007-10-04,41.3287,41.3442,SHY,tiingo
2007-10-05,41.2829,41.2982,SHY,tiingo
2007-10-08,41.3442,41.3391,SHY,tiingo
2007-10-09,41.2624,41.2474,SHY,tiingo
2007-10-10,41.2318,41.2572,SHY,tiingo
2007-10-11,41.1961,41.2676,SHY,tiingo
2007-10-12,41.2266,41.2217,SHY,tiingo
2007-10-15,41.1859,41.2217,SHY,tiingo
2007-10-16,41.2474,41.2728,SHY,tiingo
2007-10-17,41.2982,41.3697,SHY,tiingo
2007-10-18,41.441,41.4257,SHY,tiingo
2007-10-19,41.4666,41.5328,SHY,tiingo
2007-10-22,41.492,41.4972,SHY,tiingo
2007-10-23,41.4869,41.5021,SHY,tiingo
2007-10-24,41.5277,41.5838,SHY,tiingo
2007-10-25,41.5991,41.5584,SHY,tiingo
2007-10-26,41.5328,41.5634,SHY,tiingo
2007-10-29,41.5685,41.5634,SHY,tiingo
2007-10-30,41.5481,41.5584,SHY,tiingo
2007-10-31,41.5481,41.492,SHY,tiingo
2007-11-01,41.5391,41.6262,SHY,tiingo
2007-11-02,41.5852,41.6773,SHY,tiingo
2007-11-05,41.7184,41.672,SHY,tiingo
2007-11-06,41.6569,41.6466,SHY,tiingo
2007-11-07,41.7184,41.7643,SHY,tiingo
2007-11-08,41.795,41.8309,SHY,tiingo
2007-11-09,41.8923,41.8461,SHY,tiingo
2007-11-12,41.9282,41.9434,SHY,tiingo
2007-11-13,41.8872,41.8154,SHY,tiingo
2007-11-14,41.8,41.8359,SHY,tiingo
2007-11-15,41.923,41.9741,SHY,tiingo
2007-11-16,,41.9741,SHY,tiingo
2007-11-19,41.9896,42.1124,SHY,tiingo
2007-11-20,42.0766,42.0971,SHY,tiingo
2007-11-21,42.179,42.2302,SHY,tiingo
2007-11-23,42.1585,42.1842,SHY,tiingo
2007-11-26,42.5681,42.3019,SHY,tiingo
2007-11-27,42.481,42.1739,SHY,tiingo
2007-11-28,42.1739,42.1381,SHY,tiingo
2007-11-29,42.1995,42.2149,SHY,tiingo
2007-11-30,42.1636,42.2353,SHY,tiingo
2007-12-03,42.0993,42.3304,SHY,tiingo
2007-12-04,42.3922,42.3254,SHY,tiingo
2007-12-05,42.2741,42.3409,SHY,tiingo
2007-12-06,42.2946,42.2534,SHY,tiingo
2007-12-07,42.2534,42.2073,SHY,tiingo
2007-12-10,42.1969,42.1765,SHY,tiingo
2007-12-11,42.1969,42.3305,SHY,tiingo
2007-12-12,42.125,42.2226,SHY,tiingo
2007-12-13,42.1558,42.1609,SHY,tiingo
2007-12-14,42.12,42.0583,SHY,tiingo
2007-12-17,42.12,42.1816,SHY,tiingo
2007-12-18,42.1508,42.1558,SHY,tiingo
2007-12-19,42.2124,42.2638,SHY,tiingo
2007-12-20,42.2741,42.2946,SHY,tiingo
2007-12-21,42.2741,42.2277,SHY,tiingo
2007-12-24,42.1714,42.1918,SHY,tiingo
2007-12-26,42.1714,42.1508,SHY,tiingo
2007-12-27,42.2326,42.243,SHY,tiingo
2007-12-28,42.2532,42.2944,SHY,tiingo
2007-12-31,42.3201,42.3615,SHY,tiingo
2008-01-02,42.3666,42.4389,SHY,tiingo
2008-01-03,42.4852,42.5059,SHY,tiingo
2008-01-04,42.5831,42.5677,SHY,tiingo
2008-01-07,,42.5419,SHY,tiingo
2008-01-08,42.5368,42.6037,SHY,tiingo
2008-01-09,42.6037,42.5831,SHY,tiingo
2008-01-10,42.5986,42.5831,SHY,tiingo
2008-01-11,42.6192,42.7017,SHY,tiingo
2008-01-14,42.7017,42.7171,SHY,tiingo
2008-01-15,42.7274,42.7532,SHY,tiingo
2008-01-16,42.7584,42.7878,SHY,tiingo
2008-01-17,42.7687,42.8615,SHY,tiingo
2008-01-18,42.8501,42.8977,SHY,tiingo
2008-01-22,43.0727,43.0779,SHY,tiingo
2008-01-23,43.2788,43.0573,SHY,tiingo
2008-01-24,43.0418,42.9233,SHY,tiingo
2008-01-25,42.8666,43.0366,SHY,tiingo
2008-01-28,43.0213,43.016,SHY,tiingo
2008-01-29,42.9595,42.9904,SHY,tiingo
2008-01-30,42.9904,43.0213,SHY,tiingo
2008-01-31,43.1037,43.0624,SHY,tiingo
2008-02-01,43.1354,43.1094,SHY,tiingo
2008-02-04,43.0733,43.1147,SHY,tiingo
2008-02-05,43.2179,43.2129,SHY,tiingo
2008-02-06,43.2179,43.2283,SHY,tiingo
2008-02-07,43.2594,43.1715,SHY,tiingo
2008-02-08,43.2283,43.2489,SHY,tiingo
2008-02-11,43.2489,43.2645,SHY,tiingo
2008-02-12,43.2179,43.2799,SHY,tiingo
2008-02-13,43.2852,43.2955,SHY,tiingo
2008-02-14,43.275,43.2645,SHY,tiingo
2008-02-15,43.2852,43.2179,SHY,tiingo
2008-02-19,43.2231,43.1869,SHY,tiingo
2008-02-20,43.1973,43.1354,SHY,tiingo
2008-02-21,43.0991,43.2541,SHY,tiingo
2008-02-22,,43.2077,SHY,tiingo
2008-02-25,43.2025,43.1404,SHY,tiingo
2008-02-26,43.1509,43.2025,SHY,tiingo
2008-02-27,43.2955,43.2541,SHY,tiingo
2008-02-28,43.3369,43.3575,SHY,tiingo
2008-02-29,43.4505,43.5075,SHY,tiingo
2008-03-03,43.4779,43.509,SHY,tiingo
2008-03-04,43.5141,43.4986,SHY,tiingo
2008-03-05,43.5192,43.4727,SHY,tiingo
2008-03-06,43.5711,43.6021,SHY,tiingo
2008-03-07,43.6384,43.5814,SHY,tiingo
2008-03-10,43.5763,43.6279,SHY,tiingo
2008-03-11,43.4881,43.4106,SHY,tiingo
2008-03-12,43.4519,43.5503,SHY,tiingo
2008-03-13,43.6074,43.5296,SHY,tiingo
2008-03-14,43.5037,43.659,SHY,tiingo
2008-03-17,43.773,43.7575,SHY,tiingo
2008-03-18,43.716,43.6021,SHY,tiingo
2008-03-19,43.5866,43.6488,SHY,tiingo
2008-03-20,43.6384,43.5969,SHY,tiingo
2008-03-24,43.5037,43.4156,SHY,tiingo
2008-03-25,43.4727,43.4469,SHY,tiingo
2008-03-26,43.5156,43.54,SHY,tiingo
2008-03-27,43.5503,43.5866,SHY,tiingo
2008-03-28,43.5711,43.6074,SHY,tiingo
2008-03-31,43.6074,43.6152,SHY,tiingo
2008-04-01,43.538,43.4602,SHY,tiingo
2008-04-02,43.4394,43.4238,SHY,tiingo
2008-04-03,43.4549,43.3927,SHY,tiingo
2008-04-04,43.4291,43.4705,SHY,tiingo
2008-04-07,43.4031,43.3875,SHY,tiingo
2008-04-08,43.4083,43.4136,SHY,tiingo
2008-04-09,43.486,43.4965,SHY,tiingo
2008-04-10,43.5433,43.481,SHY,tiingo
2008-04-11,43.5121,43.5535,SHY,tiingo
2008-04-14,43.5433,43.5276,SHY,tiingo
2008-04-15,43.4965,43.4705,SHY,tiingo
2008-04-16,43.4498,43.3761,SHY,tiingo
2008-04-17,43.346,43.2993,SHY,tiingo
2008-04-18,43.206,43.2735,SHY,tiingo
2008-04-21,43.2424,43.2324,SHY,tiingo
2008-04-22,43.2112,43.2474,SHY,tiingo
2008-04-23,43.206,43.2474,SHY,tiingo
2008-04-24,43.1696,43.1281,SHY,tiingo
2008-04-25,43.0969,43.1333,SHY,tiingo
2008-04-28,43.0867,43.1801,SHY,tiingo
2008-04-29,43.2007,43.1707,SHY,tiingo
2008-04-30,43.1851,43.2526,SHY,tiingo
2008-05-01,43.2951,43.1756,SHY,tiingo
2008-05-02,43.1029,43.1185,SHY,tiingo
2008-05-05,43.1704,43.1652,SHY,tiingo
2008-05-06,43.2069,43.1911,SHY,tiingo
2008-05-07,43.1599,43.2432,SHY,tiingo
2008-05-08,,43.2795,SHY,tiingo
2008-05-09,43.3316,43.2951,SHY,tiingo
2008-05-12,43.2588,43.2121,SHY,tiingo
2008-05-13,43.1185,43.1392,SHY,tiingo
2008-05-14,43.1599,43.1079,SHY,tiingo
2008-05-15,43.0923,43.1444,SHY,tiingo
2008-05-16,43.0923,43.1548,SHY,tiingo
2008-05-19,43.1859,43.2016,SHY,tiingo
2008-05-20,43.2016,43.2639,SHY,tiingo
2008-05-21,43.2745,43.2171,SHY,tiingo
2008-05-22,43.1444,43.0976,SHY,tiingo
2008-05-23,43.1288,43.1809,SHY,tiingo
2008-05-27,43.1859,43.134,SHY,tiingo
2008-05-28,43.1029,43.0561,SHY,tiingo
2008-05-29,43.0144,43.0404,SHY,tiingo
2008-05-30,43.0873,43.1029,SHY,tiingo
2008-06-02,43.1092,43.1874,SHY,tiingo
2008-06-03,43.1353,43.2499,SHY,tiingo
2008-06-04,43.2656,43.2343,SHY,tiingo
2008-06-05,43.2031,43.177,SHY,tiingo
2008-06-06,43.2656,43.2343,SHY,tiingo
2008-06-09,43.1561,43.0154,SHY,tiingo
2008-06-10,42.9529,42.9164,SHY,tiingo
2008-06-11,42.9529,42.9894,SHY,tiingo
2008-06-12,42.8903,42.7808,SHY,tiingo
2008-06-13,42.8539,42.8283,SHY,tiingo
2008-06-16,42.8486,42.8539,SHY,tiingo
2008-06-17,42.8956,42.9371,SHY,tiingo
2008-06-18,42.9371,42.9789,SHY,tiingo
2008-06-19,42.9736,42.8967,SHY,tiingo
2008-06-20,42.9946,42.9736,SHY,tiingo
2008-06-23,42.932,42.9268,SHY,tiingo
2008-06-24,42.9529,43.0049,SHY,tiingo
2008-06-25,43.0207,43.0363,SHY,tiingo
2008-06-26,43.0571,43.1613,SHY,tiingo
2008-06-27,43.1248,43.1823,SHY,tiingo
2008-06-30,43.1613,43.2083,SHY,tiingo
2008-07-01,43.3017,43.1972,SHY,tiingo
2008-07-02,43.171,43.2024,SHY,tiingo
2008-07-03,43.2494,43.2757,SHY,tiingo
2008-07-07,43.2859,43.3012,SHY,tiingo
2008-07-08,43.3174,43.307,SHY,tiingo
2008-07-09,43.3017,43.3801,SHY,tiingo
2008-07-10,43.3801,43.3278,SHY,tiingo
2008-07-11,43.3539,43.239,SHY,tiingo
2008-07-14,43.2546,43.3383,SHY,tiingo
2008-07-15,43.3801,43.401,SHY,tiingo
2008-07-16,43.3905,43.3591,SHY,tiingo
2008-07-17,43.3383,43.2964,SHY,tiingo
2008-07-18,43.312,43.218,SHY,tiingo
2008-07-21,43.2077,43.239,SHY,tiingo
2008-07-22,43.2337,43.2024,SHY,tiingo
2008-07-23,43.1449,43.1815,SHY,tiingo
2008-07-24,43.1867,43.3017,SHY,tiingo
2008-07-25,43.2859,43.2442,SHY,tiingo
2008-07-28,43.2964,43.3331,SHY,tiingo
2008-07-29,43.312,43.2964,SHY,tiingo
2008-07-30,43.2599,43.308,SHY,tiingo
2008-07-31,43.3591,43.3958,SHY,tiingo
2008-08-01,,43.4039,SHY,tiingo
2008-08-04,43.3934,43.3987,SHY,tiingo
2008-08-05,43.3882,43.3777,SHY,tiingo
2008-08-06,43.3934,43.3828,SHY,tiingo
2008-08-07,43.4196,43.4774,SHY,tiingo
2008-08-08,43.4877,43.4395,SHY,tiingo
2008-08-11,43.4354,43.3828,SHY,tiingo
2008-08-12,43.4511,43.4616,SHY,tiingo
2008-08-13,43.5035,43.4563,SHY,tiingo
2008-08-14,43.4826,43.4721,SHY,tiingo
2008-08-15,43.5297,43.5035,SHY,tiingo
2008-08-18,43.5141,43.5403,SHY,tiingo
2008-08-19,43.5926,43.5717,SHY,tiingo
2008-08-20,43.5664,43.6293,SHY,tiingo
2008-08-21,43.6189,43.5926,SHY,tiingo
2008-08-22,43.5455,43.5141,SHY,tiingo
2008-08-25,43.5664,43.5873,SHY,tiingo
2008-08-26,43.5664,43.5717,SHY,tiingo
2008-08-27,43.5507,43.5979,SHY,tiingo
2008-08-28,,43.577,SHY,tiingo
2008-08-29,43.556,43.5979,SHY,tiingo
2008-09-02,43.5584,43.6531,SHY,tiingo
2008-09-03,43.6636,43.6689,SHY,tiingo
2008-09-04,43.674,43.6951,SHY,tiingo
2008-09-05,43.7477,43.6794,SHY,tiingo
2008-09-08,43.5848,43.6582,SHY,tiingo
2008-09-09,43.6374,43.7266,SHY,tiingo
2008-09-10,43.7004,43.7372,SHY,tiingo
2008-09-11,43.7845,43.7214,SHY,tiingo
2008-09-12,43.7372,43.7256,SHY,tiingo
2008-09-15,44.0106,44.0368,SHY,tiingo
2008-09-16,44.1841,43.9581,SHY,tiingo
2008-09-17,44.1315,44.1684,SHY,tiingo
2008-09-18,44.1,44.0264,SHY,tiingo
2008-09-19,43.674,43.7792,SHY,tiingo
2008-09-22,43.674,43.8108,SHY,tiingo
2008-09-23,43.8634,43.8423,SHY,tiingo
2008-09-24,43.8529,43.9369,SHY,tiingo
2008-09-25,43.9317,43.8582,SHY,tiingo
2008-09-26,43.9581,43.8582,SHY,tiingo
2008-09-29,44,44.1106,SHY,tiingo
2008-09-30,44.1526,43.9369,SHY,tiingo
2008-10-01,44.079,44.0737,SHY,tiingo
2008-10-02,44.1634,44.1687,SHY,tiingo
2008-10-03,44.2215,44.2899,SHY,tiingo
2008-10-06,44.3427,44.3797,SHY,tiingo
2008-10-07,44.3007,44.3886,SHY,tiingo
2008-10-08,44.4904,44.1982,SHY,tiingo
2008-10-09,44.1687,44.2266,SHY,tiingo
2008-10-10,44.3164,44.2953,SHY,tiingo
2008-10-13,44.2266,44.1001,SHY,tiingo
2008-10-14,44.079,44.1107,SHY,tiingo
2008-10-15,44.1107,44.2563,SHY,tiingo
2008-10-16,44.2056,44.232,SHY,tiingo
2008-10-17,44.2899,44.2637,SHY,tiingo
2008-10-20,44.3058,44.232,SHY,tiingo
2008-10-21,44.364,44.3216,SHY,tiingo
2008-10-22,44.3323,44.3849,SHY,tiingo
2008-10-23,44.3586,44.3585,SHY,tiingo
2008-10-24,44.5011,44.3956,SHY,tiingo
2008-10-27,44.3269,44.2848,SHY,tiingo
2008-10-28,44.2953,44.3372,SHY,tiingo
2008-10-29,44.3797,44.364,SHY,tiingo
2008-10-30,44.3745,44.4008,SHY,tiingo
2008-10-31,44.3849,44.4219,SHY,tiingo
2008-11-03,44.4571,44.5031,SHY,tiingo
2008-11-04,,44.4889,SHY,tiingo
2008-11-05,44.4835,44.5684,SHY,tiingo
2008-11-06,44.4994,44.5841,SHY,tiingo
2008-11-07,44.5312,44.5048,SHY,tiingo
2008-11-10,44.5312,44.6426,SHY,tiingo
2008-11-11,44.5684,44.6743,SHY,tiingo
2008-11-12,44.669,44.7422,SHY,tiingo
2008-11-13,44.7272,44.6319,SHY,tiingo
2008-11-14,44.6426,44.6211,SHY,tiingo
2008-11-17,44.6211,44.7007,SHY,tiingo
2008-11-18,44.6529,44.7483,SHY,tiingo
2008-11-19,44.7379,44.8119,SHY,tiingo
2008-11-20,44.8862,44.8966,SHY,tiingo
2008-11-21,,44.8226,SHY,tiingo
2008-11-24,44.7325,44.7113,SHY,tiingo
2008-11-25,44.7696,44.7483,SHY,tiingo
2008-11-26,44.7537,44.8862,SHY,tiingo
2008-11-28,44.8278,44.9126,SHY,tiingo
2008-12-01,44.9703,44.9863,SHY,tiingo
2008-12-02,44.9703,44.9808,SHY,tiingo
2008-12-03,44.9384,45.0182,SHY,tiingo
2008-12-04,45.0235,45.0288,SHY,tiingo
2008-12-05,45.0448,44.9756,SHY,tiingo
2008-12-08,44.965,44.9119,SHY,tiingo
2008-12-09,44.9756,45.05,SHY,tiingo
2008-12-10,45.0021,44.9916,SHY,tiingo
2008-12-11,45.034,45.0979,SHY,tiingo
2008-12-12,45.05,45.1204,SHY,tiingo
2008-12-15,45.0873,45.151,SHY,tiingo
2008-12-16,45.0659,45.1723,SHY,tiingo
2008-12-17,45.1616,45.0767,SHY,tiingo
2008-12-18,45.1723,45.0979,SHY,tiingo
2008-12-19,45.094,45.0554,SHY,tiingo
2008-12-22,45.0554,44.9703,SHY,tiingo
2008-12-23,,44.981,SHY,tiingo
2008-12-24,45.0021,44.9916,SHY,tiingo
2008-12-26,44.9863,45.0448,SHY,tiingo
2008-12-29,45.117,45.1436,SHY,tiingo
2008-12-30,45.133,45.1863,SHY,tiingo
2008-12-31,45.1704,45.164,SHY,tiingo
2009-01-02,45.1756,44.9251,SHY,tiingo
2009-01-05,44.9995,45.0158,SHY,tiingo
2009-01-06,44.9838,45.037,SHY,tiingo
2009-01-07,45.053,45.0049,SHY,tiingo
2009-01-08,44.989,45.0158,SHY,tiingo
2009-01-09,45.021,45.0478,SHY,tiingo
2009-01-12,45.0478,45.0584,SHY,tiingo
2009-01-13,,45.0636,SHY,tiingo
2009-01-14,45.0903,45.117,SHY,tiingo
2009-01-15,45.1117,45.069,SHY,tiingo
2009-01-16,45.0369,45.0903,SHY,tiingo
2009-01-20,45.0797,45.1117,SHY,tiingo
2009-01-21,45.069,45.0424,SHY,tiingo
2009-01-22,,45.0636,SHY,tiingo
2009-01-23,45.0424,45.053,SHY,tiingo
2009-01-26,45.0424,44.9944,SHY,tiingo
2009-01-27,44.9729,45.0424,SHY,tiingo
2009-01-28,45.021,45.0264,SHY,tiingo
2009-01-29,44.957,44.9409,SHY,tiingo
2009-01-30,44.9623,44.9675,SHY,tiingo
2009-02-02,44.9609,45.009,SHY,tiingo
2009-02-03,44.9982,44.9609,SHY,tiingo
2009-02-04,44.9503,44.8862,SHY,tiingo
2009-02-05,44.9074,44.8967,SHY,tiingo
2009-02-06,44.9503,44.8699,SHY,tiingo
2009-02-09,44.8753,44.8541,SHY,tiingo
2009-02-10,44.8862,44.9556,SHY,tiingo
2009-02-11,44.9715,44.9449,SHY,tiingo
2009-02-12,44.9769,44.9982,SHY,tiingo
2009-02-13,44.9661,44.9128,SHY,tiingo
2009-02-17,44.9661,45.0303,SHY,tiingo
2009-02-18,44.9769,44.9556,SHY,tiingo
2009-02-19,44.9236,44.9395,SHY,tiingo
2009-02-20,44.9556,44.9769,SHY,tiingo
2009-02-23,44.9288,44.9715,SHY,tiingo
2009-02-24,44.9449,44.9395,SHY,tiingo
2009-02-25,44.9395,44.8541,SHY,tiingo
2009-02-26,44.8647,44.8753,SHY,tiingo
2009-02-27,44.8915,44.902,SHY,tiingo
2009-03-02,44.9605,45.0032,SHY,tiingo
2009-03-03,45.0462,44.9657,SHY,tiingo
2009-03-04,44.9123,44.9177,SHY,tiingo
2009-03-05,44.9231,44.9711,SHY,tiingo
2009-03-06,44.9015,44.9381,SHY,tiingo
2009-03-09,44.9444,44.8962,SHY,tiingo
2009-03-10,44.8856,44.8694,SHY,tiingo
2009-03-11,44.8641,44.891,SHY,tiingo
2009-03-12,44.8748,44.9069,SHY,tiingo
2009-03-13,44.8748,44.9444,SHY,tiingo
2009-03-16,44.8748,44.8856,SHY,tiingo
2009-03-17,44.9015,44.8748,SHY,tiingo
2009-03-18,44.8856,45.0462,SHY,tiingo
2009-03-19,45.03,44.9926,SHY,tiingo
2009-03-20,45.03,45.0462,SHY,tiingo
2009-03-23,44.9979,45.0086,SHY,tiingo
2009-03-24,45.0141,44.9498,SHY,tiingo
2009-03-25,44.9765,44.939,SHY,tiingo
2009-03-26,44.9873,44.9979,SHY,tiingo
2009-03-27,45.0086,45.0193,SHY,tiingo
2009-03-30,45.0568,45.0622,SHY,tiingo
2009-03-31,45.0622,45.1264,SHY,tiingo
2009-04-01,45.1056,45.1163,SHY,tiingo
2009-04-02,45.068,45.0412,SHY,tiingo
2009-04-03,45.0145,44.9393,SHY,tiingo
2009-04-06,44.9234,44.9715,SHY,tiingo
2009-04-07,44.9931,44.9877,SHY,tiingo
2009-04-08,45.0036,44.9877,SHY,tiingo
2009-04-09,44.9715,44.9339,SHY,tiingo
2009-04-13,44.9608,45.0198,SHY,tiingo
2009-04-14,45.0305,45.0574,SHY,tiingo
2009-04-15,45.0519,45.0789,SHY,tiingo
2009-04-16,45.0358,45.0145,SHY,tiingo
2009-04-17,44.9983,44.9661,SHY,tiingo
2009-04-20,44.9931,45.0091,SHY,tiingo
2009-04-21,45.0519,45.0145,SHY,tiingo
2009-04-22,45.0358,45.0145,SHY,tiingo
2009-04-23,45.0091,44.9824,SHY,tiingo
2009-04-24,44.9877,44.9824,SHY,tiingo
2009-04-27,45.0467,45.0358,SHY,tiingo
2009-04-28,45.0574,44.9931,SHY,tiingo
2009-04-29,,45.0145,SHY,tiingo
2009-04-30,45.0036,45.0519,SHY,tiingo
2009-05-01,44.9965,45.0181,SHY,tiingo
2009-05-04,45.0395,45.0073,SHY,tiingo
2009-05-05,44.9805,44.9965,SHY,tiingo
2009-05-06,45.0128,45.0235,SHY,tiingo
2009-05-07,44.9696,44.959,SHY,tiingo
2009-05-08,44.9696,44.9913,SHY,tiingo
2009-05-11,45.0073,45.0663,SHY,tiingo
2009-05-12,45.0503,45.0611,SHY,tiingo
2009-05-13,45.0772,45.0825,SHY,tiingo
2009-05-14,45.0718,45.0986,SHY,tiingo
2009-05-15,,45.0933,SHY,tiingo
2009-05-18,45.0933,45.0503,SHY,tiingo
2009-05-19,45.0663,45.0772,SHY,tiingo
2009-05-20,45.1202,45.1362,SHY,tiingo
2009-05-21,45.1362,45.0783,SHY,tiingo
2009-05-22,45.0663,45.0879,SHY,tiingo
2009-05-26,45.0879,45.0288,SHY,tiingo
2009-05-27,45.0288,45.0181,SHY,tiingo
2009-05-28,45.0288,45.0128,SHY,tiingo
2009-05-29,45.0341,45.0772,SHY,tiingo
2009-06-01,45.0293,45.04,SHY,tiingo
2009-06-02,45.0562,45.0239,SHY,tiingo
2009-06-03,45.0777,45.1043,SHY,tiingo
2009-06-04,45.0507,45.0616,SHY,tiingo
2009-06-05,44.8679,44.7657,SHY,tiingo
2009-06-08,44.7388,44.6473,SHY,tiingo
2009-06-09,44.7334,44.7488,SHY,tiingo
2009-06-10,44.7657,44.744,SHY,tiingo
2009-06-11,44.7172,44.7495,SHY,tiingo
2009-06-12,44.7495,44.7979,SHY,tiingo
2009-06-15,,44.8302,SHY,tiingo
2009-06-16,44.8463,44.8786,SHY,tiingo
2009-06-17,44.9324,44.927,SHY,tiingo
2009-06-18,44.9054,44.8518,SHY,tiingo
2009-06-19,44.8463,44.8796,SHY,tiingo
2009-06-22,44.8947,44.9377,SHY,tiingo
2009-06-23,44.9054,44.9377,SHY,tiingo
2009-06-24,44.9593,44.9324,SHY,tiingo
2009-06-25,44.9593,45.0185,SHY,tiingo
2009-06-26,45.0239,45.04,SHY,tiingo
2009-06-29,45.0455,45.04,SHY,tiingo
2009-06-30,44.9969,45.0345,SHY,tiingo
2009-07-01,45.0303,45.0789,SHY,tiingo
2009-07-02,,45.1274,SHY,tiingo
2009-07-06,45.1219,45.1434,SHY,tiingo
2009-07-07,45.1434,45.1381,SHY,tiingo
2009-07-08,45.1488,45.208,SHY,tiingo
2009-07-09,45.1704,45.1865,SHY,tiingo
2009-07-10,45.2189,45.2297,SHY,tiingo
2009-07-13,45.2135,45.2028,SHY,tiingo
2009-07-14,45.1651,45.1704,SHY,tiingo
2009-07-15,45.1326,45.0627,SHY,tiingo
2009-07-16,45.1488,45.1326,SHY,tiingo
2009-07-17,45.1003,45.1165,SHY,tiingo
2009-07-20,45.068,45.1112,SHY,tiingo
2009-07-21,45.095,45.1651,SHY,tiingo
2009-07-22,45.1974,45.1434,SHY,tiingo
2009-07-23,45.1381,45.0627,SHY,tiingo
2009-07-24,45.068,45.0897,SHY,tiingo
2009-07-27,45.0411,45.0573,SHY,tiingo
2009-07-28,45.0735,45.0282,SHY,tiingo
2009-07-29,45.0519,45.0033,SHY,tiingo
2009-07-30,44.9873,45.0088,SHY,tiingo
2009-07-31,45.0195,45.0842,SHY,tiingo
2009-08-03,45.0476,45.0205,SHY,tiingo
2009-08-04,45.0312,44.9828,SHY,tiingo
2009-08-05,44.945,44.9664,SHY,tiingo
2009-08-06,44.9559,44.9664,SHY,tiingo
2009-08-07,44.9017,44.8911,SHY,tiingo
2009-08-10,44.9235,44.9613,SHY,tiingo
2009-08-11,44.9719,45.0097,SHY,tiingo
2009-08-12,,45.026,SHY,tiingo
2009-08-13,45.0529,45.1014,SHY,tiingo
2009-08-14,45.096,45.1337,SHY,tiingo
2009-08-17,45.1607,45.1823,SHY,tiingo
2009-08-18,45.1823,45.1716,SHY,tiingo
2009-08-19,45.1986,45.1931,SHY,tiingo
2009-08-20,45.1877,45.1823,SHY,tiingo
2009-08-21,45.1823,45.1122,SHY,tiingo
2009-08-24,45.1068,45.1662,SHY,tiingo
2009-08-25,45.1769,45.1662,SHY,tiingo
2009-08-26,45.204,45.1931,SHY,tiingo
2009-08-27,,45.1877,SHY,tiingo
2009-08-28,45.1607,45.2363,SHY,tiingo
2009-08-31,45.2363,45.2687,SHY,tiingo
2009-09-01,45.2835,45.305,SHY,tiingo
2009-09-02,45.3268,45.3538,SHY,tiingo
2009-09-03,45.3321,45.3105,SHY,tiingo
2009-09-04,45.3105,45.289,SHY,tiingo
2009-09-08,45.3105,45.2944,SHY,tiingo
2009-09-09,45.2835,45.2997,SHY,tiingo
2009-09-10,,45.3268,SHY,tiingo
2009-09-11,45.3428,45.3105,SHY,tiingo
2009-09-14,45.3428,45.2835,SHY,tiingo
2009-09-15,45.2674,45.305,SHY,tiingo
2009-09-16,45.305,45.2457,SHY,tiingo
2009-09-17,45.2457,45.3105,SHY,tiingo
2009-09-18,45.2944,45.2674,SHY,tiingo
2009-09-21,45.2674,45.2835,SHY,tiingo
2009-09-22,45.2835,45.2726,SHY,tiingo
2009-09-23,45.2781,45.3428,SHY,tiingo
2009-09-24,45.3214,45.3565,SHY,tiingo
2009-09-25,45.3483,45.3375,SHY,tiingo
2009-09-28,45.3483,45.3321,SHY,tiingo
2009-09-29,45.2997,45.3268,SHY,tiingo
2009-09-30,45.3105,45.3752,SHY,tiingo
2009-10-01,,45.4207,SHY,tiingo
2009-10-02,45.4532,45.4369,SHY,tiingo
2009-10-05,45.4586,45.4369,SHY,tiingo
2009-10-06,45.4153,45.4098,SHY,tiingo
2009-10-07,45.4369,45.4694,SHY,tiingo
2009-10-08,45.4586,45.4261,SHY,tiingo
2009-10-09,45.3721,45.3612,SHY,tiingo
2009-10-12,45.3449,45.4153,SHY,tiingo
2009-10-13,45.4046,45.4423,SHY,tiingo
2009-10-14,45.3937,45.3829,SHY,tiingo
2009-10-15,45.3612,45.3558,SHY,tiingo
2009-10-16,45.3449,45.3815,SHY,tiingo
2009-10-19,45.3612,45.3829,SHY,tiingo
2009-10-20,45.4098,45.4046,SHY,tiingo
2009-10-21,45.3937,45.3829,SHY,tiingo
2009-10-22,45.3449,45.3883,SHY,tiingo
2009-10-23,45.3289,45.3125,SHY,tiingo
2009-10-26,45.3125,45.264,SHY,tiingo
2009-10-27,45.2964,45.3558,SHY,tiingo
2009-10-28,45.3937,45.4207,SHY,tiingo
2009-10-29,45.3883,45.3829,SHY,tiingo
2009-10-30,45.4153,45.4369,SHY,tiingo
2009-11-02,45.4479,45.4424,SHY,tiingo
2009-11-03,45.4641,45.437,SHY,tiingo
2009-11-04,45.4208,45.4316,SHY,tiingo
2009-11-05,45.4424,45.475,SHY,tiingo
2009-11-06,,45.5075,SHY,tiingo
2009-11-09,45.4804,45.5075,SHY,tiingo
2009-11-10,45.5182,45.4966,SHY,tiingo
2009-11-11,45.5291,45.5455,SHY,tiingo
2009-11-12,45.5129,45.5401,SHY,tiingo
2009-11-13,45.5236,45.5508,SHY,tiingo
2009-11-16,45.5129,45.5781,SHY,tiingo
2009-11-17,45.5617,45.5887,SHY,tiingo
2009-11-18,,45.5887,SHY,tiingo
2009-11-19,,45.6051,SHY,tiingo
2009-11-20,45.6212,45.6158,SHY,tiingo
2009-11-23,45.5952,45.6105,VGSH,tiingo
2009-11-24,,45.6105,VGSH,tiingo
2009-11-25,45.6713,45.6636,VGSH,tiingo
2009-11-27,45.7321,45.6789,VGSH,tiingo
2009-11-30,45.6789,45.7017,VGSH,tiingo
2009-12-01,45.7062,45.7093,VGSH,tiingo
2009-12-02,45.7167,45.6713,VGSH,tiingo
2009-12-03,45.6636,45.656,VGSH,tiingo
2009-12-04,45.5952,45.5876,VGSH,tiingo
2009-12-07,45.6029,45.6105,VGSH,tiingo
2009-12-08,45.656,45.6483,VGSH,tiingo
2009-12-09,,45.6636,VGSH,tiingo
2009-12-10,,45.6333,VGSH,tiingo
2009-12-11,,45.6029,VGSH,tiingo
2009-12-14,45.58,45.6029,VGSH,tiingo
2009-12-15,45.5725,45.5557,VGSH,tiingo
2009-12-16,,45.5952,VGSH,tiingo
2009-12-17,45.6179,45.6483,VGSH,tiingo
2009-12-18,45.6256,45.6333,VGSH,tiingo
2009-12-21,45.6179,45.58,VGSH,tiingo
2009-12-22,45.5725,45.5648,VGSH,tiingo
2009-12-23,45.5648,45.5268,VGSH,tiingo
2009-12-24,45.5238,45.5087,VGSH,tiingo
2009-12-28,45.4857,45.4554,VGSH,tiingo
2009-12-29,45.4624,45.4478,VGSH,tiingo
2009-12-30,45.4478,45.4706,VGSH,tiingo
2009-12-31,45.4097,45.3718,VGSH,tiingo
2010-01-04,45.4478,45.4437,VGSH,tiingo
2010-01-05,45.5238,45.5314,VGSH,tiingo
2010-01-06,45.5238,45.501,VGSH,tiingo
2010-01-07,,45.5087,VGSH,tiingo
2010-01-08,45.5467,45.5466,VGSH,tiingo
2010-01-11,45.5467,45.5923,VGSH,tiingo
2010-01-12,45.6226,45.5695,VGSH,tiingo
2010-01-13,45.5999,45.5846,VGSH,tiingo
2010-01-14,45.603,45.6226,VGSH,tiingo
2010-01-15,45.6419,45.6607,VGSH,tiingo
2010-01-19,45.653,45.6684,VGSH,tiingo
2010-01-20,45.6607,45.653,VGSH,tiingo
2010-01-21,45.653,45.7064,VGSH,tiingo
2010-01-22,45.6834,45.7292,VGSH,tiingo
2010-01-25,45.7064,45.7139,VGSH,tiingo
2010-01-26,45.7064,45.691,VGSH,tiingo
2010-01-27,45.7292,45.6834,VGSH,tiingo
2010-01-28,45.691,45.7214,VGSH,tiingo
2010-01-29,45.7039,45.7346,VGSH,tiingo
2010-02-01,,45.7192,VGSH,tiingo
2010-02-02,,45.7346,VGSH,tiingo
2010-02-03,45.7192,45.7041,VGSH,tiingo
2010-02-04,45.7421,45.765,VGSH,tiingo
2010-02-05,45.7421,45.8105,VGSH,tiingo
2010-02-08,,45.7954,VGSH,tiingo
2010-02-09,45.7801,45.7421,VGSH,tiingo
2010-02-10,45.7346,45.7041,VGSH,tiingo
2010-02-11,,45.7116,VGSH,tiingo
2010-02-12,45.7496,45.7497,VGSH,tiingo
2010-02-16,45.7497,45.7801,VGSH,tiingo
2010-02-17,45.7497,45.7346,VGSH,tiingo
2010-02-18,45.7346,45.7116,VGSH,tiingo
2010-02-19,45.6888,45.6737,VGSH,tiingo
2010-02-22,45.7041,45.7192,VGSH,tiingo
2010-02-23,45.7192,45.7572,VGSH,tiingo
2010-02-24,45.7497,45.7422,VGSH,tiingo
2010-02-25,45.7817,45.7954,VGSH,tiingo
2010-02-26,45.7976,45.8053,VGSH,tiingo
2010-03-01,45.7747,45.828,VGSH,tiingo
2010-03-02,45.8128,45.8357,VGSH,tiingo
2010-03-03,45.8128,45.809,VGSH,tiingo
2010-03-04,45.7824,45.7816,VGSH,tiingo
2010-03-05,45.7518,45.7481,VGSH,tiingo
2010-03-08,45.7442,45.7443,VGSH,tiingo
2010-03-09,45.7368,45.7595,VGSH,tiingo
2010-03-10,45.7595,45.771,VGSH,tiingo
2010-03-11,45.7214,45.6987,VGSH,tiingo
2010-03-12,45.6986,45.6987,VGSH,tiingo
2010-03-15,45.6759,45.7214,VGSH,tiingo
2010-03-16,45.7214,45.7595,VGSH,tiingo
2010-03-17,45.758,45.7518,VGSH,tiingo
2010-03-18,45.691,45.7367,VGSH,tiingo
2010-03-19,,45.691,VGSH,tiingo
2010-03-22,45.7367,45.7206,VGSH,tiingo
2010-03-23,45.7443,45.7139,VGSH,tiingo
2010-03-24,45.691,45.6605,VGSH,tiingo
2010-03-25,45.6529,45.6149,VGSH,tiingo
2010-03-26,45.5921,45.6833,VGSH,tiingo
2010-03-29,45.6759,45.691,VGSH,tiingo
2010-03-30,45.6529,45.6987,VGSH,tiingo
2010-03-31,45.7029,45.7291,VGSH,tiingo
2010-04-01,45.7367,45.7063,VGSH,tiingo
2010-04-05,45.6148,45.56,VGSH,tiingo
2010-04-06,45.6148,45.5996,VGSH,tiingo
2010-04-07,45.6453,45.6833,VGSH,tiingo
2010-04-08,45.6529,45.6759,VGSH,tiingo
2010-04-09,45.6605,45.6759,VGSH,tiingo
2010-04-12,45.6301,45.6682,VGSH,tiingo
2010-04-13,45.7291,45.6987,VGSH,tiingo
2010-04-14,45.6987,45.6682,VGSH,tiingo
2010-04-15,45.6759,45.6987,VGSH,tiingo
2010-04-16,45.7063,45.7786,VGSH,tiingo
2010-04-19,45.7747,45.7481,VGSH,tiingo
2010-04-20,45.7291,45.7094,VGSH,tiingo
2010-04-21,45.6987,45.7138,VGSH,tiingo
2010-04-22,45.7595,45.7214,VGSH,tiingo
2010-04-23,45.6987,45.6833,VGSH,tiingo
2010-04-26,45.6834,45.7138,VGSH,tiingo
2010-04-27,45.7443,45.7825,VGSH,tiingo
2010-04-28,45.7671,45.7634,VGSH,tiingo
2010-04-29,45.7367,45.7672,VGSH,tiingo
2010-04-30,45.8061,45.8212,VGSH,tiingo
2010-05-03,45.8018,45.7907,VGSH,tiingo
2010-05-04,45.8278,45.8366,VGSH,tiingo
2010-05-05,45.8366,45.9066,VGSH,tiingo
2010-05-06,45.928,45.9607,VGSH,tiingo
2010-05-07,45.7298,45.989,VGSH,tiingo
2010-05-10,45.9127,45.905,VGSH,tiingo
2010-05-11,45.9736,45.8649,VGSH,tiingo
2010-05-12,45.9198,45.9204,VGSH,tiingo
2010-05-13,45.9813,45.8822,VGSH,tiingo
2010-05-14,46.0156,45.9965,VGSH,tiingo
2010-05-17,45.9965,45.989,VGSH,tiingo
2010-05-18,46.6062,46.0346,VGSH,tiingo
2010-05-19,46.0346,46.0118,VGSH,tiingo
2010-05-20,46.0881,46.0651,VGSH,tiingo
2010-05-21,46.0727,46.0271,VGSH,tiingo
2010-05-24,46.0346,46.0233,VGSH,tiingo
2010-05-25,46.0956,46.0346,VGSH,tiingo
2010-05-26,45.9813,45.9965,VGSH,tiingo
2010-05-27,45.9698,45.9412,VGSH,tiingo
2010-05-28,45.9874,46.0407,VGSH,tiingo
2010-06-01,46.0942,46.0407,VGSH,tiingo
2010-06-02,46.0331,45.9874,VGSH,tiingo
2010-06-03,45.995,45.9988,VGSH,tiingo
2010-06-04,46.0561,46.0788,VGSH,tiingo
2010-06-07,46.0788,46.0712,VGSH,tiingo
2010-06-08,46.0407,46.0712,VGSH,tiingo
2010-06-09,46.0407,46.0942,VGSH,tiingo
2010-06-10,46.077,46.0409,VGSH,tiingo
2010-06-11,46.0942,46.0897,VGSH,tiingo
2010-06-14,46.0942,46.0407,VGSH,tiingo
2010-06-15,46.06,46.0518,VGSH,tiingo
2010-06-16,46.0788,46.1017,VGSH,tiingo
2010-06-17,46.1322,46.0942,VGSH,tiingo
2010-06-18,46.1552,46.1017,VGSH,tiingo
2010-06-21,46.0564,46.1075,VGSH,tiingo
2010-06-22,46.0788,46.1398,VGSH,tiingo
2010-06-23,46.1522,46.1734,VGSH,tiingo
2010-06-24,46.2009,46.1933,VGSH,tiingo
2010-06-25,46.2009,46.1933,VGSH,tiingo
2010-06-28,46.2314,46.1978,VGSH,tiingo
2010-06-29,46.1857,46.2314,VGSH,tiingo
2010-06-30,46.2413,46.2489,VGSH,tiingo
2010-07-01,46.2642,46.2336,VGSH,tiingo
2010-07-02,46.2336,46.188,VGSH,tiingo
2010-07-06,46.249,46.2413,VGSH,tiingo
2010-07-07,46.2108,46.2413,VGSH,tiingo
2010-07-08,46.2336,46.2194,VGSH,tiingo
2010-07-09,46.2261,46.2336,VGSH,tiingo
2010-07-12,46.2128,46.2031,VGSH,tiingo
2010-07-13,46.2185,46.1967,VGSH,tiingo
2010-07-14,46.2413,46.2336,VGSH,tiingo
2010-07-15,46.2566,46.2642,VGSH,tiingo
2010-07-16,46.2566,46.2755,VGSH,tiingo
2010-07-19,,46.2948,VGSH,tiingo
2010-07-20,,46.2948,VGSH,tiingo
2010-07-21,46.3101,46.3306,VGSH,tiingo
2010-07-22,46.3177,46.3032,VGSH,tiingo
2010-07-23,46.3253,46.2718,VGSH,tiingo
2010-07-26,46.2796,46.2872,VGSH,tiingo
2010-07-27,46.2642,46.2566,VGSH,tiingo
2010-07-28,46.2467,46.2932,VGSH,tiingo
2010-07-29,46.2806,46.3023,VGSH,tiingo
2010-07-30,46.3512,46.3131,VGSH,tiingo
2010-08-02,,46.3512,VGSH,tiingo
2010-08-03,46.3893,46.3818,VGSH,tiingo
2010-08-04,46.3588,46.2978,VGSH,tiingo
2010-08-05,46.2902,46.3818,VGSH,tiingo
2010-08-06,46.3818,46.3836,VGSH,tiingo
2010-08-09,46.3283,46.3666,VGSH,tiingo
2010-08-10,46.3054,46.348,VGSH,tiingo
2010-08-11,46.3892,46.401,VGSH,tiingo
2010-08-12,46.3436,46.3872,VGSH,tiingo
2010-08-13,46.3742,46.3291,VGSH,tiingo
2010-08-16,46.42,46.3971,VGSH,tiingo
2010-08-17,46.4124,46.3971,VGSH,tiingo
2010-08-18,46.4276,46.3893,VGSH,tiingo
2010-08-19,46.4276,46.4353,VGSH,tiingo
2010-08-20,46.42,46.4047,VGSH,tiingo
2010-08-23,,46.42,VGSH,tiingo
2010-08-24,46.4429,46.42,VGSH,tiingo
2010-08-25,46.4429,46.4124,VGSH,tiingo
2010-08-26,46.4047,46.4101,VGSH,tiingo
2010-08-27,46.3971,46.373,VGSH,tiingo
2010-08-30,46.3588,46.42,VGSH,tiingo
2010-08-31,46.4177,46.4483,VGSH,tiingo
2010-09-01,46.4406,46.4025,VGSH,tiingo
2010-09-02,46.3718,46.4193,VGSH,tiingo
2010-09-03,46.3872,46.3718,VGSH,tiingo
2010-09-07,46.4253,46.3872,VGSH,tiingo
2010-09-08,46.3872,46.4006,VGSH,tiingo
2010-09-09,46.3762,46.349,VGSH,tiingo
2010-09-10,46.3565,46.349,VGSH,tiingo
2010-09-13,46.3642,46.3794,VGSH,tiingo
2010-09-14,46.3565,46.41,VGSH,tiingo
2010-09-15,46.4222,46.4009,VGSH,tiingo
2010-09-16,46.4253,46.436,VGSH,tiingo
2010-09-17,,46.433,VGSH,tiingo
2010-09-20,46.433,46.4265,VGSH,tiingo
2010-09-21,46.4406,46.4483,VGSH,tiingo
2010-09-22,46.5093,46.5018,VGSH,tiingo
2010-09-23,46.5093,46.4858,VGSH,tiingo
2010-09-24,46.4788,46.4177,VGSH,tiingo
2010-09-27,46.433,46.5093,VGSH,tiingo
2010-09-28,46.5018,46.4864,VGSH,tiingo
2010-09-29,46.5093,46.4941,VGSH,tiingo
2010-09-30,46.4772,46.4857,VGSH,tiingo
2010-10-01,46.4542,46.462,VGSH,tiingo
2010-10-04,46.5309,46.5004,VGSH,tiingo
2010-10-05,46.5003,46.4772,VGSH,tiingo
2010-10-06,46.5078,46.5155,VGSH,tiingo
2010-10-07,46.5843,46.5386,VGSH,tiingo
2010-10-08,46.6148,46.592,VGSH,tiingo
2010-10-11,46.5997,46.5386,VGSH,tiingo
2010-10-12,46.5766,46.5615,VGSH,tiingo
2010-10-13,46.543,46.5691,VGSH,tiingo
2010-10-14,,46.5537,VGSH,tiingo
2010-10-15,46.5691,46.5537,VGSH,tiingo
2010-10-18,,46.5691,VGSH,tiingo
2010-10-19,46.5766,46.5386,VGSH,tiingo
2010-10-20,46.5309,46.5789,VGSH,tiingo
2010-10-21,46.5821,46.5997,VGSH,tiingo
2010-10-22,46.5997,46.5568,VGSH,tiingo
2010-10-25,46.546,46.592,VGSH,tiingo
2010-10-26,46.5691,46.5615,VGSH,tiingo
2010-10-27,46.5615,46.546,VGSH,tiingo
2010-10-28,46.5843,46.5827,VGSH,tiingo
2010-10-29,46.5981,46.6134,VGSH,tiingo
2010-11-01,46.6287,46.5981,VGSH,tiingo
2010-11-02,46.5599,46.6134,VGSH,tiingo
2010-11-03,46.5981,46.6364,VGSH,tiingo
2010-11-04,46.644,46.6364,VGSH,tiingo
2010-11-05,46.5675,46.5966,VGSH,tiingo
2010-11-08,46.537,46.5707,VGSH,tiingo
2010-11-09,46.5499,46.5293,VGSH,tiingo
2010-11-10,46.4833,46.5513,VGSH,tiingo
2010-11-11,46.5293,46.5064,VGSH,tiingo
2010-11-12,46.5215,46.4298,VGSH,tiingo
2010-11-15,46.3992,46.4673,VGSH,tiingo
2010-11-16,46.4681,46.4588,VGSH,tiingo
2010-11-17,46.4909,46.4527,VGSH,tiingo
2010-11-18,46.4144,46.4337,VGSH,tiingo
2010-11-19,46.4144,46.445,VGSH,tiingo
2010-11-22,46.4068,46.4833,VGSH,tiingo
2010-11-23,46.5063,46.5064,VGSH,tiingo
2010-11-24,46.445,46.4375,VGSH,tiingo
2010-11-26,46.4375,46.4527,VGSH,tiingo
2010-11-29,46.4298,46.4604,VGSH,tiingo
2010-11-30,46.481,46.5192,VGSH,tiingo
2010-12-01,46.4427,46.4504,VGSH,tiingo
2010-12-02,46.4197,46.4504,VGSH,tiingo
2010-12-03,46.481,46.4886,VGSH,tiingo
2010-12-06,46.5422,46.5498,VGSH,tiingo
2010-12-07,46.4964,46.4504,VGSH,tiingo
2010-12-08,46.3508,46.389,VGSH,tiingo
2010-12-09,46.4427,46.3968,VGSH,tiingo
2010-12-10,46.3815,46.3278,VGSH,tiingo
2010-12-13,46.3739,46.389,VGSH,tiingo
2010-12-14,46.3355,46.3433,VGSH,tiingo
2010-12-15,46.3739,46.3278,VGSH,tiingo
2010-12-16,46.282,46.3508,VGSH,tiingo
2010-12-17,46.3203,46.3815,VGSH,tiingo
2010-12-20,46.4197,46.3584,VGSH,tiingo
2010-12-21,46.4121,46.3968,VGSH,tiingo
2010-12-22,46.4044,46.3739,VGSH,tiingo
2010-12-23,46.3584,46.3662,VGSH,tiingo
2010-12-27,46.3486,46.3562,VGSH,tiingo
2010-12-28,46.4405,46.2872,VGSH,tiingo
2010-12-29,46.3255,46.3607,VGSH,tiingo
2010-12-30,46.4099,46.3486,VGSH,tiingo
2010-12-31,46.4175,46.4099,VGSH,tiingo
2011-01-03,46.4329,46.4023,VGSH,tiingo
2011-01-04,46.4191,46.4243,VGSH,tiingo
2011-01-05,46.3103,46.318,VGSH,tiingo
2011-01-06,,46.3792,VGSH,tiingo
2011-01-07,46.4175,46.4405,VGSH,tiingo
2011-01-10,46.4635,46.4712,VGSH,tiingo
2011-01-11,46.4864,46.4635,VGSH,tiingo
2011-01-12,46.3715,46.4023,VGSH,tiingo
2011-01-13,46.4635,46.4099,VGSH,tiingo
2011-01-14,46.4329,46.4666,VGSH,tiingo
2011-01-18,,46.4099,VGSH,tiingo
2011-01-19,46.4251,46.4788,VGSH,tiingo
2011-01-20,46.4635,46.4023,VGSH,tiingo
2011-01-21,46.4405,46.4482,VGSH,tiingo
2011-01-24,46.4251,46.4482,VGSH,tiingo
2011-01-25,46.4557,46.4712,VGSH,tiingo
2011-01-26,46.4557,46.4099,VGSH,tiingo
2011-01-27,46.4942,46.4482,VGSH,tiingo
2011-01-28,46.4942,46.4772,VGSH,tiingo
2011-01-31,46.55,46.5118,VGSH,tiingo
2011-02-01,46.4965,46.4811,VGSH,tiingo
2011-02-02,46.4734,46.4276,VGSH,tiingo
2011-02-03,46.389,46.3811,VGSH,tiingo
2011-02-04,46.3737,46.3124,VGSH,tiingo
2011-02-07,46.2511,46.3431,VGSH,tiingo
2011-02-08,46.3354,46.2545,VGSH,tiingo
2011-02-09,46.2434,46.3113,VGSH,tiingo
2011-02-10,46.2921,46.2511,VGSH,tiingo
2011-02-11,46.2588,46.3047,VGSH,tiingo
2011-02-14,46.2894,46.2741,VGSH,tiingo
2011-02-15,,46.2818,VGSH,tiingo
2011-02-16,46.3047,46.3354,VGSH,tiingo
2011-02-17,46.3431,46.3661,VGSH,tiingo
2011-02-18,,46.3507,VGSH,tiingo
2011-02-22,46.389,46.4044,VGSH,tiingo
2011-02-23,46.4274,46.4121,VGSH,tiingo
2011-02-24,,46.4274,VGSH,tiingo
2011-02-25,46.4274,46.4428,VGSH,tiingo
2011-02-28,46.4658,46.4887,VGSH,tiingo
2011-03-01,46.4121,46.4658,VGSH,tiingo
2011-03-02,46.5042,46.4811,VGSH,tiingo
2011-03-03,46.4274,46.3815,VGSH,tiingo
2011-03-04,46.4428,46.4887,VGSH,tiingo
2011-03-07,46.4044,46.4734,VGSH,tiingo
2011-03-08,46.458,46.4504,VGSH,tiingo
2011-03-09,46.4965,46.4887,VGSH,tiingo
2011-03-10,46.5042,46.5118,VGSH,tiingo
2011-03-11,46.55,46.4965,VGSH,tiingo
2011-03-14,46.5808,46.5118,VGSH,tiingo
2011-03-15,46.6191,46.55,VGSH,tiingo
2011-03-16,46.5963,46.5655,VGSH,tiingo
2011-03-17,,46.5655,VGSH,tiingo
2011-03-18,,46.5424,VGSH,tiingo
2011-03-21,46.5272,46.5194,VGSH,tiingo
2011-03-22,46.4868,46.4428,VGSH,tiingo
2011-03-23,46.4504,46.5042,VGSH,tiingo
2011-03-24,46.5042,46.4965,VGSH,tiingo
2011-03-25,46.5118,46.4658,VGSH,tiingo
2011-03-28,46.4658,46.3737,VGSH,tiingo
2011-03-29,,46.4352,VGSH,tiingo
2011-03-30,46.4197,46.4274,VGSH,tiingo
2011-03-31,46.4466,46.4389,VGSH,tiingo
2011-04-01,46.3852,46.4466,VGSH,tiingo
2011-04-04,46.5004,46.4772,VGSH,tiingo
2011-04-05,46.4926,46.4466,VGSH,tiingo
2011-04-06,46.4389,46.4129,VGSH,tiingo
2011-04-07,46.4542,46.4159,VGSH,tiingo
2011-04-08,46.4006,46.4466,VGSH,tiingo
2011-04-11,46.4772,46.4542,VGSH,tiingo
2011-04-12,46.4159,46.5155,VGSH,tiingo
2011-04-13,46.5156,46.5311,VGSH,tiingo
2011-04-14,46.5618,46.5079,VGSH,tiingo
2011-04-15,46.5004,46.5156,VGSH,tiingo
2011-04-18,46.5618,46.5463,VGSH,tiingo
2011-04-19,46.5004,46.5463,VGSH,tiingo
2011-04-20,46.5618,46.554,VGSH,tiingo
2011-04-21,46.5004,46.5847,VGSH,tiingo
2011-04-25,46.6154,46.5695,VGSH,tiingo
2011-04-26,46.5618,46.5847,VGSH,tiingo
2011-04-27,46.5925,46.577,VGSH,tiingo
2011-04-28,46.6002,46.5925,VGSH,tiingo
2011-04-29,46.5725,46.5878,VGSH,tiingo
2011-05-02,46.6647,46.6185,VGSH,tiingo
2011-05-03,46.6647,46.6032,VGSH,tiingo
2011-05-04,46.5956,46.6108,VGSH,tiingo
2011-05-05,46.6339,46.657,VGSH,tiingo
2011-05-06,46.657,46.6647,VGSH,tiingo
2011-05-09,46.6777,46.6799,VGSH,tiingo
2011-05-10,46.6416,46.6492,VGSH,tiingo
2011-05-11,46.703,46.6647,VGSH,tiingo
2011-05-12,46.6647,46.6723,VGSH,tiingo
2011-05-13,46.6647,46.6799,VGSH,tiingo
2011-05-16,46.6799,46.7108,VGSH,tiingo
2011-05-17,46.7722,46.7108,VGSH,tiingo
2011-05-18,46.6647,46.6954,VGSH,tiingo
2011-05-19,46.6723,46.6877,VGSH,tiingo
2011-05-20,,46.7184,VGSH,tiingo
2011-05-23,46.7415,46.7337,VGSH,tiingo
2011-05-24,46.7184,46.7092,VGSH,tiingo
2011-05-25,46.703,46.7215,VGSH,tiingo
2011-05-26,46.7644,46.7772,VGSH,tiingo
2011-05-27,46.7799,46.7951,VGSH,tiingo
2011-05-31,46.7215,46.7982,VGSH,tiingo
2011-06-01,,46.7982,VGSH,tiingo
2011-06-02,46.8098,46.7925,VGSH,tiingo
2011-06-03,46.8367,46.8212,VGSH,tiingo
2011-06-06,46.8137,46.8277,VGSH,tiingo
2011-06-07,46.8289,46.8367,VGSH,tiingo
2011-06-08,46.8674,46.8674,VGSH,tiingo
2011-06-09,46.8596,46.8367,VGSH,tiingo
2011-06-10,46.8137,46.8213,VGSH,tiingo
2011-06-13,46.8137,46.8289,VGSH,tiingo
2011-06-14,46.7675,46.8137,VGSH,tiingo
2011-06-15,46.8159,46.8674,VGSH,tiingo
2011-06-16,46.8751,46.8596,VGSH,tiingo
2011-06-17,46.8674,46.8367,VGSH,tiingo
2011-06-20,46.8751,46.8674,VGSH,tiingo
2011-06-21,46.8674,46.8751,VGSH,tiingo
2011-06-22,46.8903,46.8828,VGSH,tiingo
2011-06-23,46.8982,46.9155,VGSH,tiingo
2011-06-24,46.9059,46.8903,VGSH,tiingo
2011-06-27,46.8982,46.8751,VGSH,tiingo
2011-06-28,46.8596,46.8213,VGSH,tiingo
2011-06-29,46.8213,46.7906,VGSH,tiingo
2011-06-30,46.7667,46.7974,VGSH,tiingo
2011-07-01,46.7898,46.8052,VGSH,tiingo
2011-07-05,46.7974,46.8437,VGSH,tiingo
2011-07-06,46.8821,46.8437,VGSH,tiingo
2011-07-07,46.8129,46.7821,VGSH,tiingo
2011-07-08,46.7974,46.836,VGSH,tiingo
2011-07-11,46.836,46.8437,VGSH,tiingo
2011-07-12,46.8667,46.8589,VGSH,tiingo
2011-07-13,46.8666,46.8667,VGSH,tiingo
2011-07-14,46.8667,46.8821,VGSH,tiingo
2011-07-15,,46.8744,VGSH,tiingo
2011-07-18,46.8896,46.8726,VGSH,tiingo
2011-07-19,46.8974,46.8744,VGSH,tiingo
2011-07-20,46.8974,46.8589,VGSH,tiingo
2011-07-21,46.8896,46.8513,VGSH,tiingo
2011-07-22,46.8589,46.8744,VGSH,tiingo
2011-07-25,46.8589,46.8667,VGSH,tiingo
2011-07-26,46.8205,46.8437,VGSH,tiingo
2011-07-27,46.7898,46.8129,VGSH,tiingo
2011-07-28,46.8205,46.8512,VGSH,tiingo
2011-07-29,46.869,46.9152,VGSH,tiingo
2011-08-01,46.9382,46.9074,VGSH,tiingo
2011-08-02,46.9227,46.9535,VGSH,tiingo
2011-08-03,46.9612,46.9535,VGSH,tiingo
2011-08-04,46.9535,47.0383,VGSH,tiingo
2011-08-05,46.9382,47.0074,VGSH,tiingo
2011-08-08,46.9998,46.9789,VGSH,tiingo
2011-08-09,,47.015,VGSH,tiingo
2011-08-10,47.0613,47.0921,VGSH,tiingo
2011-08-11,,47.0383,VGSH,tiingo
2011-08-12,47.0921,47.1073,VGSH,tiingo
2011-08-15,47.0765,47.0843,VGSH,tiingo
2011-08-16,47.0998,47.0227,VGSH,tiingo
2011-08-17,47.0591,47.0306,VGSH,tiingo
2011-08-18,47.0843,47.0921,VGSH,tiingo
2011-08-19,,47.0921,VGSH,tiingo
2011-08-22,47.0227,47.0921,VGSH,tiingo
2011-08-23,47.0765,47.0227,VGSH,tiingo
2011-08-24,47.015,47.0536,VGSH,tiingo
2011-08-25,47.0306,47.0998,VGSH,tiingo
2011-08-26,,47.0998,VGSH,tiingo
2011-08-29,46.9767,47.0383,VGSH,tiingo
2011-08-30,47.1073,47.0227,VGSH,tiingo
2011-08-31,47.0851,47.0967,VGSH,tiingo
2011-09-01,47.0928,47.1159,VGSH,tiingo
2011-09-02,47.1081,47.1005,VGSH,tiingo
2011-09-06,,47.0928,VGSH,tiingo
2011-09-07,47.0928,47.1005,VGSH,tiingo
2011-09-08,47.0991,47.0636,VGSH,tiingo
2011-09-09,47.0621,47.1081,VGSH,tiingo
2011-09-12,47.0979,47.0621,VGSH,tiingo
2011-09-13,47.1005,47.0928,VGSH,tiingo
2011-09-14,47.0928,47.0465,VGSH,tiingo
2011-09-15,47.0465,47.0928,VGSH,tiingo
2011-09-16,47.0465,47.0928,VGSH,tiingo
2011-09-19,47.1081,47.1237,VGSH,tiingo
2011-09-20,47.0698,47.1081,VGSH,tiingo
2011-09-21,47.1237,47.1159,VGSH,tiingo
2011-09-22,47.1545,47.1005,VGSH,tiingo
2011-09-23,47.1388,47.0851,VGSH,tiingo
2011-09-26,47.1314,47.0005,VGSH,tiingo
2011-09-27,47.0005,46.962,VGSH,tiingo
2011-09-28,47.0389,47.0082,VGSH,tiingo
2011-09-29,47.0082,47.0313,VGSH,tiingo
2011-09-30,47.0367,47.029,VGSH,tiingo
2011-10-03,47.0367,47.0597,VGSH,tiingo
2011-10-04,46.9442,47.0212,VGSH,tiingo
2011-10-05,46.9596,47.0134,VGSH,tiingo
2011-10-06,46.9751,46.9442,VGSH,tiingo
2011-10-07,46.9596,46.9366,VGSH,tiingo
2011-10-10,46.9904,46.921,VGSH,tiingo
2011-10-11,46.9674,46.9135,VGSH,tiingo
2011-10-12,46.9442,46.9674,VGSH,tiingo
2011-10-13,,46.9982,VGSH,tiingo
2011-10-14,47.0059,47.0134,VGSH,tiingo
2011-10-17,47.0212,47.0134,VGSH,tiingo
2011-10-18,47.0173,47.0272,VGSH,tiingo
2011-10-19,47.0348,47.0274,VGSH,tiingo
2011-10-20,47.0367,47.029,VGSH,tiingo
2011-10-21,47.0367,46.9982,VGSH,tiingo
2011-10-24,,47.0059,VGSH,tiingo
2011-10-25,46.9826,47.0212,VGSH,tiingo
2011-10-26,46.9826,46.9858,VGSH,tiingo
2011-10-27,46.9972,46.9826,VGSH,tiingo
2011-10-28,46.9674,46.9743,VGSH,tiingo
2011-10-31,46.9019,47.0405,VGSH,tiingo
2011-11-01,47.0282,47.0867,VGSH,tiingo
2011-11-02,47.0637,47.0173,VGSH,tiingo
2011-11-03,47.0698,47.0789,VGSH,tiingo
2011-11-04,47.0329,47.0713,VGSH,tiingo
2011-11-07,47.0713,47.0867,VGSH,tiingo
2011-11-08,47.0559,47.0713,VGSH,tiingo
2011-11-09,47.0944,47.0789,VGSH,tiingo
2011-11-10,47.0637,47.0481,VGSH,tiingo
2011-11-11,46.9865,47.0194,VGSH,tiingo
2011-11-14,47.0789,47.0329,VGSH,tiingo
2011-11-15,,47.0713,VGSH,tiingo
2011-11-16,47.0637,47.0559,VGSH,tiingo
2011-11-17,47.0021,46.9943,VGSH,tiingo
2011-11-18,46.9865,46.9989,VGSH,tiingo
2011-11-21,47.025,47.0086,VGSH,tiingo
2011-11-22,,47.0097,VGSH,tiingo
2011-11-23,47.0559,47.0329,VGSH,tiingo
2011-11-25,47.0097,47.034,VGSH,tiingo
2011-11-28,47.025,47.0158,VGSH,tiingo
2011-11-29,47.0173,47.0481,VGSH,tiingo
2011-11-30,,47.0682,VGSH,tiingo
2011-12-01,47.0913,47.0682,VGSH,tiingo
2011-12-02,47.0758,47.0682,VGSH,tiingo
2011-12-05,47.0374,47.059,VGSH,tiingo
2011-12-06,46.9757,47.022,VGSH,tiingo
2011-12-07,47.0066,47.0758,VGSH,tiingo
2011-12-08,47.0991,47.0531,VGSH,tiingo
2011-12-09,47.1066,47.0528,VGSH,tiingo
2011-12-12,47.0913,47.0991,VGSH,tiingo
2011-12-13,47.0652,47.0991,VGSH,tiingo
2011-12-14,47.1375,47.0913,VGSH,tiingo
2011-12-15,47.0682,47.045,VGSH,tiingo
2011-12-16,47.0913,47.0757,VGSH,tiingo
2011-12-19,47.045,47.0758,VGSH,tiingo
2011-12-20,47.0066,47.022,VGSH,tiingo
2011-12-21,47.0066,47.0682,VGSH,tiingo
2011-12-22,46.9989,47.0528,VGSH,tiingo
2011-12-23,46.9973,47.0433,VGSH,tiingo
2011-12-27,47.0359,46.9973,VGSH,tiingo
2011-12-28,46.9973,47.0433,VGSH,tiingo
2011-12-29,47.005,47.0125,VGSH,tiingo
2011-12-30,47.059,47.0884,VGSH,tiingo
2012-01-03,47.167,47.0204,VGSH,tiingo
2012-01-04,,47.0667,VGSH,tiingo
2012-01-05,47.1052,47.0416,VGSH,tiingo
2012-01-06,,47.0359,VGSH,tiingo
2012-01-09,47.0434,47.0405,VGSH,tiingo
2012-01-10,47.036,47.09,VGSH,tiingo
2012-01-11,46.9508,47.1208,VGSH,tiingo
2012-01-12,47.0821,47.059,VGSH,tiingo
2012-01-13,47.1052,47.0512,VGSH,tiingo
2012-01-17,47.1052,47.1286,VGSH,tiingo
2012-01-18,,47.1052,VGSH,tiingo
2012-01-19,47.1361,47.0667,VGSH,tiingo
2012-01-20,47.059,47.0512,VGSH,tiingo
2012-01-23,47.0434,47.113,VGSH,tiingo
2012-01-24,47.0512,47.059,VGSH,tiingo
2012-01-25,47.0512,47.09,VGSH,tiingo
2012-01-26,47.1904,47.1517,VGSH,tiingo
2012-01-27,47.1826,47.1286,VGSH,tiingo
2012-01-30,47.113,47.0821,VGSH,tiingo
2012-01-31,,47.1,VGSH,tiingo
2012-02-01,47.0845,47.1541,VGSH,tiingo
2012-02-02,47.1383,47.1232,VGSH,tiingo
2012-02-03,47.1135,47.0766,VGSH,tiingo
2012-02-06,47.1309,47.1,VGSH,tiingo
2012-02-07,47.1,47.1075,VGSH,tiingo
2012-02-08,47.0922,47.0766,VGSH,tiingo
2012-02-09,47.0536,47.0922,VGSH,tiingo
2012-02-10,47.0922,47.0845,VGSH,tiingo
2012-02-13,46.9687,47.0226,VGSH,tiingo
2012-02-14,47.0536,47.0304,VGSH,tiingo
2012-02-15,47.0149,47.0226,VGSH,tiingo
2012-02-16,,47.0226,VGSH,tiingo
2012-02-17,47.0162,47.0536,VGSH,tiingo
2012-02-21,46.9917,47.0226,VGSH,tiingo
2012-02-22,47.0457,47.0536,VGSH,tiingo
2012-02-23,47.0613,47.0427,VGSH,tiingo
2012-02-24,47.0189,47.0149,VGSH,tiingo
2012-02-27,47.0149,47.0304,VGSH,tiingo
2012-02-28,47.0304,47.0457,VGSH,tiingo
2012-02-29,47.0766,47.073,VGSH,tiingo
2012-03-01,47.0457,47.0766,VGSH,tiingo
2012-03-02,47.0766,47.0613,VGSH,tiingo
2012-03-05,,47.0613,VGSH,tiingo
2012-03-06,47.0845,47.0715,VGSH,tiingo
2012-03-07,47.0613,47.0586,VGSH,tiingo
2012-03-08,47.0613,47.0489,VGSH,tiingo
2012-03-09,47.0382,47.0536,VGSH,tiingo
2012-03-12,47.0536,47.0449,VGSH,tiingo
2012-03-13,47.0148,47.0166,VGSH,tiingo
2012-03-14,,46.9763,VGSH,tiingo
2012-03-15,46.9608,46.9764,VGSH,tiingo
2012-03-16,46.9531,47.0013,VGSH,tiingo
2012-03-19,46.9995,46.979,VGSH,tiingo
2012-03-20,46.9763,46.9717,VGSH,tiingo
2012-03-21,46.985,46.969,VGSH,tiingo
2012-03-22,46.9839,46.9995,VGSH,tiingo
2012-03-23,46.9839,47.0022,VGSH,tiingo
2012-03-26,,46.9995,VGSH,tiingo
2012-03-27,46.9995,47.0226,VGSH,tiingo
2012-03-28,47.0148,47.0344,VGSH,tiingo
2012-03-29,47.0226,47.0457,VGSH,tiingo
2012-03-30,47.0156,47.0465,VGSH,tiingo
2012-04-02,47.0544,47.0271,VGSH,tiingo
2012-04-03,47.0312,47.0003,VGSH,tiingo
2012-04-04,47.0389,47.0312,VGSH,tiingo
2012-04-05,47.0774,47.0544,VGSH,tiingo
2012-04-09,47.0853,47.0568,VGSH,tiingo
2012-04-10,,47.0774,VGSH,tiingo
2012-04-11,47.093,47.0774,VGSH,tiingo
2012-04-12,47.0853,47.0774,VGSH,tiingo
2012-04-13,47.1038,47.0994,VGSH,tiingo
2012-04-16,,47.1162,VGSH,tiingo
2012-04-17,47.1083,47.0876,VGSH,tiingo
2012-04-18,47.1083,47.0946,VGSH,tiingo
2012-04-19,47.093,47.1163,VGSH,tiingo
2012-04-20,47.124,47.1108,VGSH,tiingo
2012-04-23,47.1701,47.1367,VGSH,tiingo
2012-04-24,,47.1317,VGSH,tiingo
2012-04-25,47.1008,47.1122,VGSH,tiingo
2012-04-26,47.1392,47.1162,VGSH,tiingo
2012-04-27,47.1317,47.1162,VGSH,tiingo
2012-04-30,47.1099,47.1408,VGSH,tiingo
2012-05-01,47.1099,47.0946,VGSH,tiingo
2012-05-02,47.1408,47.1308,VGSH,tiingo
2012-05-03,47.119,47.1332,VGSH,tiingo
2012-05-04,47.1486,47.1339,VGSH,tiingo
2012-05-07,47.1255,47.1486,VGSH,tiingo
2012-05-08,47.1261,47.136,VGSH,tiingo
2012-05-09,,47.1255,VGSH,tiingo
2012-05-10,47.1255,47.1486,VGSH,tiingo
2012-05-11,47.1408,47.1486,VGSH,tiingo
2012-05-14,,47.1408,VGSH,tiingo
2012-05-15,47.1177,47.1311,VGSH,tiingo
2012-05-16,47.1228,47.1255,VGSH,tiingo
2012-05-17,47.1332,47.1321,VGSH,tiingo
2012-05-18,47.1177,47.1064,VGSH,tiingo
2012-05-21,47.1332,47.1255,VGSH,tiingo
2012-05-22,47.1332,47.1248,VGSH,tiingo
2012-05-23,47.1408,47.1332,VGSH,tiingo
2012-05-24,47.1022,47.1255,VGSH,tiingo
2012-05-25,47.1022,47.1439,VGSH,tiingo
2012-05-29,47.1099,47.1255,VGSH,tiingo
2012-05-30,47.1177,47.1409,VGSH,tiingo
2012-05-31,47.1581,47.158,VGSH,tiingo
2012-06-01,,47.1733,VGSH,tiingo
2012-06-04,47.1733,47.1796,VGSH,tiingo
2012-06-05,,47.1811,VGSH,tiingo
2012-06-06,47.5447,47.1502,VGSH,tiingo
2012-06-07,47.1502,47.1461,VGSH,tiingo
2012-06-08,47.1581,47.1656,VGSH,tiingo
2012-06-11,47.1656,47.1581,VGSH,tiingo
2012-06-12,47.1581,47.1347,VGSH,tiingo
2012-06-13,,47.1114,VGSH,tiingo
2012-06-14,47.1347,47.1114,VGSH,tiingo
2012-06-15,47.1193,47.1486,VGSH,tiingo
2012-06-18,47.1193,47.1383,VGSH,tiingo
2012-06-19,47.1424,47.1472,VGSH,tiingo
2012-06-20,47.1317,47.1424,VGSH,tiingo
2012-06-21,47.1502,47.1114,VGSH,tiingo
2012-06-22,47.1114,47.1347,VGSH,tiingo
2012-06-25,47.1424,47.1193,VGSH,tiingo
2012-06-26,47.1424,47.1187,VGSH,tiingo
2012-06-27,47.1193,47.1115,VGSH,tiingo
2012-06-28,47.1193,47.1334,VGSH,tiingo
2012-06-29,47.1121,47.1339,VGSH,tiingo
2012-07-02,47.0797,47.1288,VGSH,tiingo
2012-07-03,47.1573,47.1185,VGSH,tiingo
2012-07-05,47.1494,47.1416,VGSH,tiingo
2012-07-06,47.1725,47.1526,VGSH,tiingo
2012-07-09,47.1882,47.179,VGSH,tiingo
2012-07-10,47.1494,47.1599,VGSH,tiingo
2012-07-11,47.1494,47.1682,VGSH,tiingo
2012-07-12,,47.1494,VGSH,tiingo
2012-07-13,47.1573,47.1725,VGSH,tiingo
2012-07-16,47.1804,47.2501,VGSH,tiingo
2012-07-17,47.196,47.1804,VGSH,tiingo
2012-07-18,47.2034,47.197,VGSH,tiingo
2012-07-19,47.227,47.222,VGSH,tiingo
2012-07-20,47.2249,47.2225,VGSH,tiingo
2012-07-23,,47.2344,VGSH,tiingo
2012-07-24,47.227,47.2343,VGSH,tiingo
2012-07-25,47.2344,47.2034,VGSH,tiingo
2012-07-26,47.196,47.206,VGSH,tiingo
2012-07-27,47.1882,47.1881,VGSH,tiingo
2012-07-30,47.2113,47.2006,VGSH,tiingo
2012-07-31,,47.2034,VGSH,tiingo
2012-08-01,47.2034,47.2112,VGSH,tiingo
2012-08-02,,47.196,VGSH,tiingo
2012-08-03,47.1898,47.196,VGSH,tiingo
2012-08-06,,47.196,VGSH,tiingo
2012-08-07,47.1882,47.196,VGSH,tiingo
2012-08-08,47.1882,47.1803,VGSH,tiingo
2012-08-09,47.1804,47.1701,VGSH,tiingo
2012-08-10,47.1804,47.1936,VGSH,tiingo
2012-08-13,47.1649,47.2034,VGSH,tiingo
2012-08-14,47.1794,47.1844,VGSH,tiingo
2012-08-15,47.1494,47.1663,VGSH,tiingo
2012-08-16,47.1804,47.1574,VGSH,tiingo
2012-08-17,47.1804,47.1778,VGSH,tiingo
2012-08-20,47.165,47.1804,VGSH,tiingo
2012-08-21,47.1882,47.1573,VGSH,tiingo
2012-08-22,47.1833,47.2113,VGSH,tiingo
2012-08-23,47.1882,47.1996,VGSH,tiingo
2012-08-24,47.1882,47.1993,VGSH,tiingo
2012-08-27,47.2113,47.2034,VGSH,tiingo
2012-08-28,47.2034,47.2113,VGSH,tiingo
2012-08-29,47.1804,47.2075,VGSH,tiingo
2012-08-30,47.2192,47.227,VGSH,tiingo
2012-08-31,47.2956,47.2572,VGSH,tiingo
2012-09-04,47.2572,47.2493,VGSH,tiingo
2012-09-05,47.2184,47.2415,VGSH,tiingo
2012-09-06,47.2262,47.216,VGSH,tiingo
2012-09-07,47.2336,47.1952,VGSH,tiingo
2012-09-10,47.2262,47.2026,VGSH,tiingo
2012-09-11,,47.2262,VGSH,tiingo
2012-09-12,47.2262,47.2105,VGSH,tiingo
2012-09-13,47.2415,47.2336,VGSH,tiingo
2012-09-14,47.2336,47.2026,VGSH,tiingo
2012-09-17,47.1952,47.2262,VGSH,tiingo
2012-09-18,47.2336,47.2184,VGSH,tiingo
2012-09-19,47.1874,47.2013,VGSH,tiingo
2012-09-20,47.1952,47.2026,VGSH,tiingo
2012-09-21,47.1717,47.2096,VGSH,tiingo
2012-09-24,47.2336,47.2042,VGSH,tiingo
2012-09-25,,47.2184,VGSH,tiingo
2012-09-26,47.2075,47.2184,VGSH,tiingo
2012-09-27,47.214,47.2262,VGSH,tiingo
2012-09-28,47.2223,47.2375,VGSH,tiingo
2012-10-01,47.2144,47.2375,VGSH,tiingo
2012-10-02,,47.2375,VGSH,tiingo
2012-10-03,47.2332,47.2454,VGSH,tiingo
2012-10-04,47.2375,47.2223,VGSH,tiingo
2012-10-05,47.2223,47.2091,VGSH,tiingo
2012-10-08,47.1525,47.2375,VGSH,tiingo
2012-10-09,,47.2144,VGSH,tiingo
2012-10-10,47.1913,47.2144,VGSH,tiingo
2012-10-11,47.1913,47.2144,VGSH,tiingo
2012-10-12,47.2177,47.2223,VGSH,tiingo
2012-10-15,47.2298,47.2144,VGSH,tiingo
2012-10-16,47.2223,47.1917,VGSH,tiingo
2012-10-17,47.1859,47.1756,VGSH,tiingo
2012-10-18,47.1913,47.1756,VGSH,tiingo
2012-10-19,47.1603,47.1913,VGSH,tiingo
2012-10-22,47.1835,47.1913,VGSH,tiingo
2012-10-23,,47.1913,VGSH,tiingo
2012-10-24,47.1756,47.1988,VGSH,tiingo
2012-10-25,47.1835,47.1809,VGSH,tiingo
2012-10-26,47.1913,47.1756,VGSH,tiingo
2012-10-31,47.1913,47.2066,VGSH,tiingo
2012-11-01,,47.2144,VGSH,tiingo
2012-11-02,,47.2026,VGSH,tiingo
2012-11-05,47.2262,47.207,VGSH,tiingo
2012-11-06,47.2184,47.1825,VGSH,tiingo
2012-11-07,47.2184,47.2335,VGSH,tiingo
2012-11-08,47.2105,47.2335,VGSH,tiingo
2012-11-09,47.2105,47.2335,VGSH,tiingo
2012-11-12,47.2414,47.2415,VGSH,tiingo
2012-11-13,47.2336,47.2493,VGSH,tiingo
2012-11-14,47.2262,47.2336,VGSH,tiingo
2012-11-15,,47.2415,VGSH,tiingo
2012-11-16,47.2493,47.2415,VGSH,tiingo
2012-11-19,,47.2336,VGSH,tiingo
2012-11-20,47.2415,47.2184,VGSH,tiingo
2012-11-21,47.2184,47.2118,VGSH,tiingo
2012-11-23,47.2106,47.2262,VGSH,tiingo
2012-11-26,47.2262,47.2262,VGSH,tiingo
2012-11-27,47.2262,47.2336,VGSH,tiingo
2012-11-28,47.2415,47.2262,VGSH,tiingo
2012-11-29,47.2262,47.2344,VGSH,tiingo
2012-11-30,47.2454,47.2533,VGSH,tiingo
2012-12-03,47.2223,47.2533,VGSH,tiingo
2012-12-04,47.2608,47.2533,VGSH,tiingo
2012-12-05,,47.2375,VGSH,tiingo
2012-12-06,,47.2608,VGSH,tiingo
2012-12-07,47.2298,47.2375,VGSH,tiingo
2012-12-10,47.2454,47.2533,VGSH,tiingo
2012-12-11,47.2608,47.2454,VGSH,tiingo
2012-12-12,47.2454,47.2375,VGSH,tiingo
2012-12-13,,47.2608,VGSH,tiingo
2012-12-14,47.2608,47.2454,VGSH,tiingo
2012-12-17,47.2764,47.2298,VGSH,tiingo
2012-12-18,,47.2298,VGSH,tiingo
2012-12-19,47.2375,47.2297,VGSH,tiingo
2012-12-20,47.2375,47.2144,VGSH,tiingo
2012-12-21,47.2608,47.2375,VGSH,tiingo
2012-12-24,47.2438,47.236,VGSH,tiingo
2012-12-26,47.2438,47.2317,VGSH,tiingo
2012-12-27,,47.2517,VGSH,tiingo
2012-12-28,47.2596,47.2645,VGSH,tiingo
2012-12-31,,47.267,VGSH,tiingo
2013-01-02,47.236,47.2596,VGSH,tiingo
2013-01-03,47.236,47.2438,VGSH,tiingo
2013-01-04,47.2517,47.2285,VGSH,tiingo
2013-01-07,47.2517,47.236,VGSH,tiingo
2013-01-08,47.2517,47.236,VGSH,tiingo
2013-01-09,47.2438,47.2517,VGSH,tiingo
2013-01-10,47.267,47.2596,VGSH,tiingo
2013-01-11,47.2438,47.267,VGSH,tiingo
2013-01-14,47.267,47.2596,VGSH,tiingo
2013-01-15,47.2517,47.267,VGSH,tiingo
2013-01-16,,47.2517,VGSH,tiingo
2013-01-17,47.2285,47.236,VGSH,tiingo
2013-01-18,47.2596,47.2438,VGSH,tiingo
2013-01-22,47.236,47.2517,VGSH,tiingo
2013-01-23,,47.2596,VGSH,tiingo
2013-01-24,,47.2517,VGSH,tiingo
2013-01-25,47.2438,47.2285,VGSH,tiingo
2013-01-28,47.2285,47.236,VGSH,tiingo
2013-01-29,47.2257,47.227,VGSH,tiingo
2013-01-30,47.231,47.2438,VGSH,tiingo
2013-01-31,,47.2557,VGSH,tiingo
2013-02-01,47.2557,47.2632,VGSH,tiingo
2013-02-04,,47.2709,VGSH,tiingo
2013-02-05,47.2632,47.2527,VGSH,tiingo
2013-02-06,47.2709,47.2557,VGSH,tiingo
2013-02-07,,47.2557,VGSH,tiingo
2013-02-08,,47.2788,VGSH,tiingo
2013-02-11,47.2788,47.2503,VGSH,tiingo
2013-02-12,,47.2557,VGSH,tiingo
2013-02-13,47.2321,47.2399,VGSH,tiingo
2013-02-14,,47.2557,VGSH,tiingo
2013-02-15,47.2478,47.2399,VGSH,tiingo
2013-02-19,,47.2557,VGSH,tiingo
2013-02-20,47.245,47.2582,VGSH,tiingo
2013-02-21,47.2741,47.2765,VGSH,tiingo
2013-02-22,47.2478,47.2788,VGSH,tiingo
2013-02-25,47.2788,47.2867,VGSH,tiingo
2013-02-26,,47.2709,VGSH,tiingo
2013-02-27,47.2788,47.2943,VGSH,tiingo
2013-02-28,,47.2812,VGSH,tiingo
2013-03-01,47.3043,47.2733,VGSH,tiingo
2013-03-04,,47.2966,VGSH,tiingo
2013-03-05,47.2749,47.278,VGSH,tiingo
2013-03-06,47.289,47.2824,VGSH,tiingo
2013-03-07,47.2812,47.2655,VGSH,tiingo
2013-03-08,47.2501,47.2654,VGSH,tiingo
2013-03-11,47.258,47.2588,VGSH,tiingo
2013-03-12,,47.2812,VGSH,tiingo
2013-03-13,47.258,47.2733,VGSH,tiingo
2013-03-14,47.2701,47.2812,VGSH,tiingo
2013-03-15,47.2733,47.2812,VGSH,tiingo
2013-03-18,47.2966,47.2837,VGSH,tiingo
2013-03-19,47.3122,47.2966,VGSH,tiingo
2013-03-20,47.2733,47.2966,VGSH,tiingo
2013-03-21,47.2966,47.2733,VGSH,tiingo
2013-03-22,47.2966,47.2919,VGSH,tiingo
2013-03-25,47.2733,47.2891,VGSH,tiingo
2013-03-26,47.3122,47.2891,VGSH,tiingo
2013-03-27,47.3043,47.2966,VGSH,tiingo
2013-03-28,47.3292,47.2907,VGSH,tiingo
2013-04-01,47.2749,47.298,VGSH,tiingo
2013-04-02,47.2828,47.298,VGSH,tiingo
2013-04-03,47.2907,47.3138,VGSH,tiingo
2013-04-04,47.298,47.3217,VGSH,tiingo
2013-04-05,47.3138,47.3217,VGSH,tiingo
2013-04-08,47.3217,47.3059,VGSH,tiingo
2013-04-09,47.298,47.3138,VGSH,tiingo
2013-04-10,47.3217,47.3059,VGSH,tiingo
2013-04-11,47.3137,47.2907,VGSH,tiingo
2013-04-12,47.3059,47.3138,VGSH,tiingo
2013-04-15,47.3217,47.3292,VGSH,tiingo
2013-04-16,47.3059,47.3217,VGSH,tiingo
2013-04-17,47.3217,47.3091,VGSH,tiingo
2013-04-18,47.3217,47.3059,VGSH,tiingo
2013-04-19,47.3091,47.3138,VGSH,tiingo
2013-04-22,,47.3059,VGSH,tiingo
2013-04-23,47.3168,47.3059,VGSH,tiingo
2013-04-24,,47.3059,VGSH,tiingo
2013-04-25,47.298,47.3059,VGSH,tiingo
2013-04-26,47.3193,47.3279,VGSH,tiingo
2013-04-29,47.337,47.3292,VGSH,tiingo
2013-04-30,,47.3239,VGSH,tiingo
2013-05-01,47.3239,47.3472,VGSH,tiingo
2013-05-02,47.3549,47.3316,VGSH,tiingo
2013-05-03,47.3393,47.3316,VGSH,tiingo
2013-05-06,47.3394,47.3209,VGSH,tiingo
2013-05-07,47.3394,47.3238,VGSH,tiingo
2013-05-08,47.3316,47.3083,VGSH,tiingo
2013-05-09,47.3316,47.3162,VGSH,tiingo
2013-05-10,47.3316,47.3004,VGSH,tiingo
2013-05-13,47.3083,47.2851,VGSH,tiingo
2013-05-14,47.3083,47.3139,VGSH,tiingo
2013-05-15,47.3083,47.3162,VGSH,tiingo
2013-05-16,47.3083,47.324,VGSH,tiingo
2013-05-17,47.3239,47.3162,VGSH,tiingo
2013-05-20,,47.3239,VGSH,tiingo
2013-05-21,47.3005,47.3239,VGSH,tiingo
2013-05-22,47.3083,47.3162,VGSH,tiingo
2013-05-23,47.2928,47.3162,VGSH,tiingo
2013-05-24,47.3083,47.3162,VGSH,tiingo
2013-05-28,47.3083,47.2772,VGSH,tiingo
2013-05-29,47.2616,47.2693,VGSH,tiingo
2013-05-30,47.2851,47.3162,VGSH,tiingo
2013-05-31,47.2701,47.2768,VGSH,tiingo
2013-06-03,47.278,47.2859,VGSH,tiingo
2013-06-04,47.2935,47.2851,VGSH,tiingo
2013-06-05,47.2757,47.2935,VGSH,tiingo
2013-06-06,47.2935,47.3012,VGSH,tiingo
2013-06-07,47.2935,47.278,VGSH,tiingo
2013-06-10,47.2624,47.2616,VGSH,tiingo
2013-06-11,47.2701,47.247,VGSH,tiingo
2013-06-12,47.247,47.2548,VGSH,tiingo
2013-06-13,47.2624,47.2935,VGSH,tiingo
2013-06-14,47.3091,47.2859,VGSH,tiingo
2013-06-17,47.3247,47.3012,VGSH,tiingo
2013-06-18,47.3091,47.2972,VGSH,tiingo
2013-06-19,47.3247,47.2859,VGSH,tiingo
2013-06-20,47.2624,47.2548,VGSH,tiingo
2013-06-21,47.247,47.2159,VGSH,tiingo
2013-06-24,47.1148,47.1848,VGSH,tiingo
2013-06-25,,47.1848,VGSH,tiingo
2013-06-26,47.1927,47.2072,VGSH,tiingo
2013-06-27,47.2313,47.2391,VGSH,tiingo
2013-06-28,47.2335,47.2725,VGSH,tiingo
2013-07-01,47.2103,47.2493,VGSH,tiingo
2013-07-02,47.2261,47.2493,VGSH,tiingo
2013-07-03,47.2646,47.2493,VGSH,tiingo
2013-07-05,,47.2103,VGSH,tiingo
2013-07-08,47.195,47.219,VGSH,tiingo
2013-07-09,47.2493,47.2335,VGSH,tiingo
2013-07-10,47.2414,47.2261,VGSH,tiingo
2013-07-11,47.2883,47.2725,VGSH,tiingo
2013-07-12,47.2958,47.2493,VGSH,tiingo
2013-07-15,47.2725,47.2804,VGSH,tiingo
2013-07-16,47.2804,47.2723,VGSH,tiingo
2013-07-17,47.2958,47.2932,VGSH,tiingo
2013-07-18,47.3115,47.3036,VGSH,tiingo
2013-07-19,47.3036,47.2958,VGSH,tiingo
2013-07-22,47.3115,47.3036,VGSH,tiingo
2013-07-23,47.2958,47.2957,VGSH,tiingo
2013-07-24,47.2725,47.2804,VGSH,tiingo
2013-07-25,47.2646,47.2958,VGSH,tiingo
2013-07-26,47.2883,47.2804,VGSH,tiingo
2013-07-29,47.2958,47.3036,VGSH,tiingo
2013-07-30,47.2883,47.3115,VGSH,tiingo
2013-07-31,47.2343,47.3123,VGSH,tiingo
2013-08-01,47.2654,47.2664,VGSH,tiingo
2013-08-02,47.2733,47.2966,VGSH,tiingo
2013-08-05,,47.3123,VGSH,tiingo
2013-08-06,47.3276,47.3201,VGSH,tiingo
2013-08-07,,47.3276,VGSH,tiingo
2013-08-08,47.3276,47.3354,VGSH,tiingo
2013-08-09,47.3044,47.3201,VGSH,tiingo
2013-08-12,47.2966,47.314,VGSH,tiingo
2013-08-13,47.2891,47.2966,VGSH,tiingo
2013-08-14,47.2828,47.3044,VGSH,tiingo
2013-08-15,47.2891,47.2733,VGSH,tiingo
2013-08-16,47.2965,47.2884,VGSH,tiingo
2013-08-19,47.2501,47.2579,VGSH,tiingo
2013-08-20,,47.2654,VGSH,tiingo
2013-08-21,47.2811,47.258,VGSH,tiingo
2013-08-22,47.258,47.2422,VGSH,tiingo
2013-08-23,47.223,47.2422,VGSH,tiingo
2013-08-26,47.2269,47.2654,VGSH,tiingo
2013-08-27,47.2733,47.2654,VGSH,tiingo
2013-08-28,47.2733,47.258,VGSH,tiingo
2013-08-29,47.2891,47.258,VGSH,tiingo
2013-08-30,47.2757,47.2525,VGSH,tiingo
2013-09-03,47.2135,47.2214,VGSH,tiingo
2013-09-04,47.2289,47.1978,VGSH,tiingo
2013-09-05,47.1434,47.1592,VGSH,tiingo
2013-09-06,47.2135,47.2056,VGSH,tiingo
2013-09-09,47.2135,47.2056,VGSH,tiingo
2013-09-10,47.2135,47.1964,VGSH,tiingo
2013-09-11,,47.2289,VGSH,tiingo
2013-09-12,47.2367,47.2056,VGSH,tiingo
2013-09-13,47.2056,47.2367,VGSH,tiingo
2013-09-16,47.2913,47.2602,VGSH,tiingo
2013-09-17,47.2913,47.2988,VGSH,tiingo
2013-09-18,47.2913,47.3457,VGSH,tiingo
2013-09-19,47.3611,47.3457,VGSH,tiingo
2013-09-20,47.3457,47.3378,VGSH,tiingo
2013-09-23,47.3457,47.3224,VGSH,tiingo
2013-09-24,47.3457,47.33,VGSH,tiingo
2013-09-25,47.3611,47.3689,VGSH,tiingo
2013-09-26,,47.3611,VGSH,tiingo
2013-09-27,47.3457,47.3768,VGSH,tiingo
2013-09-30,47.3673,47.3643,VGSH,tiingo
2013-10-01,,47.3489,VGSH,tiingo
2013-10-02,47.3489,47.3566,VGSH,tiingo
2013-10-03,,47.38,VGSH,tiingo
2013-10-04,47.3721,47.3489,VGSH,tiingo
2013-10-07,47.3254,47.3566,VGSH,tiingo
2013-10-08,47.341,47.3099,VGSH,tiingo
2013-10-09,47.341,47.3489,VGSH,tiingo
2013-10-10,47.3254,47.3331,VGSH,tiingo
2013-10-11,,47.3331,VGSH,tiingo
2013-10-14,,47.341,VGSH,tiingo
2013-10-15,,47.3254,VGSH,tiingo
2013-10-16,47.3643,47.3954,VGSH,tiingo
2013-10-17,,47.3643,VGSH,tiingo
2013-10-18,,47.3643,VGSH,tiingo
2013-10-21,,47.3643,VGSH,tiingo
2013-10-22,47.4265,47.4032,VGSH,tiingo
2013-10-23,47.3877,47.38,VGSH,tiingo
2013-10-24,47.3877,47.38,VGSH,tiingo
2013-10-25,47.4032,47.3877,VGSH,tiingo
2013-10-28,47.7921,47.38,VGSH,tiingo
2013-10-29,,47.38,VGSH,tiingo
2013-10-30,47.3877,47.38,VGSH,tiingo
2013-10-31,,47.3892,VGSH,tiingo
2013-11-01,47.3892,47.3815,VGSH,tiingo
2013-11-04,,47.3969,VGSH,tiingo
2013-11-05,47.4126,47.3892,VGSH,tiingo
2013-11-06,47.4047,47.4126,VGSH,tiingo
2013-11-07,,47.4203,VGSH,tiingo
2013-11-08,47.4437,47.4047,VGSH,tiingo
2013-11-11,,47.4126,VGSH,tiingo
2013-11-12,47.3815,47.3969,VGSH,tiingo
2013-11-13,47.3815,47.4047,VGSH,tiingo
2013-11-14,47.428,47.4514,VGSH,tiingo
2013-11-15,47.4748,47.4437,VGSH,tiingo
2013-11-18,47.4203,47.4358,VGSH,tiingo
2013-11-19,,47.4203,VGSH,tiingo
2013-11-20,,47.4514,VGSH,tiingo
2013-11-21,47.4825,47.4437,VGSH,tiingo
2013-11-22,47.4437,47.4591,VGSH,tiingo
2013-11-25,47.4203,47.4252,VGSH,tiingo
2013-11-26,47.428,47.4358,VGSH,tiingo
2013-11-27,,47.4358,VGSH,tiingo
2013-11-29,47.4623,47.4195,VGSH,tiingo
2013-12-02,47.3922,47.4233,VGSH,tiingo
2013-12-03,47.4233,47.4544,VGSH,tiingo
2013-12-04,47.4312,47.439,VGSH,tiingo
2013-12-05,47.439,47.4312,VGSH,tiingo
2013-12-06,47.4233,47.4231,VGSH,tiingo
2013-12-09,,47.4312,VGSH,tiingo
2013-12-10,,47.439,VGSH,tiingo
2013-12-11,,47.4079,VGSH,tiingo
2013-12-12,47.3922,47.4157,VGSH,tiingo
2013-12-13,47.4233,47.4157,VGSH,tiingo
2013-12-16,47.4312,47.439,VGSH,tiingo
2013-12-17,47.3067,47.4312,VGSH,tiingo
2013-12-18,47.4312,47.4544,VGSH,tiingo
2013-12-19,47.4233,47.4079,VGSH,tiingo
2013-12-20,47.4079,47.3846,VGSH,tiingo
2013-12-23,47.3922,47.3676,VGSH,tiingo
2013-12-24,47.3409,47.3566,VGSH,tiingo
2013-12-26,47.3721,47.3643,VGSH,tiingo
2013-12-27,47.3721,47.38,VGSH,tiingo
2013-12-30,47.3877,47.4032,VGSH,tiingo
2013-12-31,47.3954,47.4188,VGSH,tiingo
2014-01-02,47.4111,47.3954,VGSH,tiingo
2014-01-03,47.4111,47.38,VGSH,tiingo
2014-01-06,47.3954,47.38,VGSH,tiingo
2014-01-07,47.38,47.3643,VGSH,tiingo
2014-01-08,47.3409,47.333,VGSH,tiingo
2014-01-09,47.3253,47.333,VGSH,tiingo
2014-01-10,,47.3877,VGSH,tiingo
2014-01-13,47.3877,47.4188,VGSH,tiingo
2014-01-14,47.4188,47.4032,VGSH,tiingo
2014-01-15,47.3721,47.3488,VGSH,tiingo
2014-01-16,47.3877,47.38,VGSH,tiingo
2014-01-17,47.3877,47.3722,VGSH,tiingo
2014-01-21,47.4345,47.4111,VGSH,tiingo
2014-01-22,47.38,47.3954,VGSH,tiingo
2014-01-23,47.4032,47.4265,VGSH,tiingo
2014-01-24,47.4281,47.4135,VGSH,tiingo
2014-01-27,47.4265,47.4127,VGSH,tiingo
2014-01-28,47.4111,47.4192,VGSH,tiingo
2014-01-29,47.4423,47.4656,VGSH,tiingo
2014-01-30,47.4656,47.4345,VGSH,tiingo
2014-01-31,47.45,47.4734,VGSH,tiingo
2014-02-03,47.453,47.4766,VGSH,tiingo
2014-02-04,47.4608,47.483,VGSH,tiingo
2014-02-05,47.4999,47.492,VGSH,tiingo
2014-02-06,47.4702,47.4766,VGSH,tiingo
2014-02-07,47.492,47.4766,VGSH,tiingo
2014-02-10,47.4608,47.4688,VGSH,tiingo
2014-02-11,47.4454,47.453,VGSH,tiingo
2014-02-12,47.4608,47.4347,VGSH,tiingo
2014-02-13,47.4454,47.4608,VGSH,tiingo
2014-02-14,,47.4688,VGSH,tiingo
2014-02-18,47.4766,47.4842,VGSH,tiingo
2014-02-19,47.492,47.4766,VGSH,tiingo
2014-02-20,47.4454,47.4608,VGSH,tiingo
2014-02-21,47.4766,47.4688,VGSH,tiingo
2014-02-24,47.4766,47.4608,VGSH,tiingo
2014-02-25,,47.4766,VGSH,tiingo
2014-02-26,47.4842,47.492,VGSH,tiingo
2014-02-27,47.5077,47.5204,VGSH,tiingo
2014-02-28,47.492,47.4999,VGSH,tiingo
2014-03-03,47.5131,47.5208,VGSH,tiingo
2014-03-04,47.4975,47.4819,VGSH,tiingo
2014-03-05,47.4819,47.4896,VGSH,tiingo
2014-03-06,47.4742,47.488,VGSH,tiingo
2014-03-07,,47.4351,VGSH,tiingo
2014-03-10,47.4273,47.443,VGSH,tiingo
2014-03-11,47.4507,47.4585,VGSH,tiingo
2014-03-12,47.451,47.4742,VGSH,tiingo
2014-03-13,47.4273,47.4819,VGSH,tiingo
2014-03-14,47.4819,47.4974,VGSH,tiingo
2014-03-17,47.4896,47.4819,VGSH,tiingo
2014-03-18,47.4585,47.4896,VGSH,tiingo
2014-03-19,47.4742,47.4119,VGSH,tiingo
2014-03-20,47.4196,47.4119,VGSH,tiingo
2014-03-21,47.3961,47.4119,VGSH,tiingo
2014-03-24,47.3728,47.3807,VGSH,tiingo
2014-03-25,,47.4196,VGSH,tiingo
2014-03-26,47.4273,47.4429,VGSH,tiingo
2014-03-27,47.4351,47.4119,VGSH,tiingo
2014-03-28,47.4351,47.4196,VGSH,tiingo
2014-03-31,,47.4273,VGSH,tiingo
2014-04-01,47.4538,47.415,VGSH,tiingo
2014-04-02,47.415,47.3839,VGSH,tiingo
2014-04-03,47.3914,47.4016,VGSH,tiingo
2014-04-04,47.4151,47.4538,VGSH,tiingo
2014-04-07,47.4538,47.4774,VGSH,tiingo
2014-04-08,47.4774,47.4694,VGSH,tiingo
2014-04-09,47.4383,47.4941,VGSH,tiingo
2014-04-10,47.5161,47.5101,VGSH,tiingo
2014-04-11,47.5085,47.5007,VGSH,tiingo
2014-04-14,47.524,47.5017,VGSH,tiingo
2014-04-15,47.4928,47.5085,VGSH,tiingo
2014-04-16,47.4928,47.4774,VGSH,tiingo
2014-04-17,47.4774,47.4928,VGSH,tiingo
2014-04-21,47.4538,47.4774,VGSH,tiingo
2014-04-22,47.4462,47.4538,VGSH,tiingo
2014-04-23,47.485,47.4616,VGSH,tiingo
2014-04-24,,47.4694,VGSH,tiingo
2014-04-25,47.4616,47.4736,VGSH,tiingo
2014-04-28,47.485,47.4774,VGSH,tiingo
2014-04-29,47.4616,47.485,VGSH,tiingo
2014-04-30,47.4928,47.4956,VGSH,tiingo
2014-05-01,,47.4975,VGSH,tiingo
2014-05-02,47.497,47.5054,VGSH,tiingo
2014-05-05,47.4896,47.5131,VGSH,tiingo
2014-05-06,47.5054,47.4968,VGSH,tiingo
2014-05-07,47.4975,47.4896,VGSH,tiingo
2014-05-08,47.4896,47.5358,VGSH,tiingo
2014-05-09,47.5366,47.5271,VGSH,tiingo
2014-05-12,47.5208,47.5287,VGSH,tiingo
2014-05-13,,47.5287,VGSH,tiingo
2014-05-14,,47.5444,VGSH,tiingo
2014-05-15,47.552,47.5755,VGSH,tiingo
2014-05-16,47.5366,47.5678,VGSH,tiingo
2014-05-19,47.5678,47.5755,VGSH,tiingo
2014-05-20,47.5832,47.599,VGSH,tiingo
2014-05-21,47.5803,47.5911,VGSH,tiingo
2014-05-22,,47.5832,VGSH,tiingo
2014-05-23,47.5911,47.599,VGSH,tiingo
2014-05-27,47.5911,47.5832,VGSH,tiingo
2014-05-28,47.552,47.599,VGSH,tiingo
2014-05-29,47.6144,47.599,VGSH,tiingo
2014-05-30,47.5911,47.5599,VGSH,tiingo
2014-06-02,47.5833,47.5444,VGSH,tiingo
2014-06-03,47.5366,47.5444,VGSH,tiingo
2014-06-04,47.5287,47.552,VGSH,tiingo
2014-06-05,47.552,47.5599,VGSH,tiingo
2014-06-06,47.5444,47.5208,VGSH,tiingo
2014-06-09,47.5208,47.5287,VGSH,tiingo
2014-06-10,47.4897,47.4896,VGSH,tiingo
2014-06-11,,47.4975,VGSH,tiingo
2014-06-12,47.5287,47.5366,VGSH,tiingo
2014-06-13,47.4896,47.5131,VGSH,tiingo
2014-06-16,47.5131,47.4975,VGSH,tiingo
2014-06-17,47.4819,47.4742,VGSH,tiingo
2014-06-18,,47.5053,VGSH,tiingo
2014-06-19,,47.5053,VGSH,tiingo
2014-06-20,47.5287,47.4896,VGSH,tiingo
2014-06-23,47.5208,47.4975,VGSH,tiingo
2014-06-24,47.5131,47.4896,VGSH,tiingo
2014-06-25,47.5287,47.5131,VGSH,tiingo
2014-06-26,47.5131,47.5208,VGSH,tiingo
2014-06-27,47.5053,47.5287,VGSH,tiingo
2014-06-30,47.5444,47.5287,VGSH,tiingo
2014-07-01,47.5374,47.5295,VGSH,tiingo
2014-07-02,47.5216,47.4904,VGSH,tiingo
2014-07-03,47.4904,47.4983,VGSH,tiingo
2014-07-07,47.4827,47.4671,VGSH,tiingo
2014-07-08,47.4905,47.4904,VGSH,tiingo
2014-07-09,47.4827,47.4904,VGSH,tiingo
2014-07-10,47.5061,47.542,VGSH,tiingo
2014-07-11,47.5528,47.5295,VGSH,tiingo
2014-07-14,47.545,47.5139,VGSH,tiingo
2014-07-15,47.5061,47.4983,VGSH,tiingo
2014-07-16,,47.5139,VGSH,tiingo
2014-07-17,47.5374,47.545,VGSH,tiingo
2014-07-18,47.5216,47.5295,VGSH,tiingo
2014-07-21,47.5139,47.5255,VGSH,tiingo
2014-07-22,47.5216,47.5374,VGSH,tiingo
2014-07-23,47.5295,47.5374,VGSH,tiingo
2014-07-24,47.5216,47.5139,VGSH,tiingo
2014-07-25,,47.5216,VGSH,tiingo
2014-07-28,47.5139,47.5216,VGSH,tiingo
2014-07-29,47.5216,47.5139,VGSH,tiingo
2014-07-30,47.4904,47.5061,VGSH,tiingo
2014-07-31,47.4904,47.5255,VGSH,tiingo
2014-08-01,47.552,47.599,VGSH,tiingo
2014-08-04,47.599,47.5599,VGSH,tiingo
2014-08-05,47.5833,47.6067,VGSH,tiingo
2014-08-06,47.6067,47.5599,VGSH,tiingo
2014-08-07,47.5599,47.5755,VGSH,tiingo
2014-08-08,47.6067,47.5832,VGSH,tiingo
2014-08-11,47.5678,47.599,VGSH,tiingo
2014-08-12,47.6067,47.5911,VGSH,tiingo
2014-08-13,47.5833,47.6145,VGSH,tiingo
2014-08-14,47.6067,47.6084,VGSH,tiingo
2014-08-15,47.6067,47.6145,VGSH,tiingo
2014-08-18,47.6145,47.5755,VGSH,tiingo
2014-08-19,47.6067,47.5911,VGSH,tiingo
2014-08-20,47.5833,47.5473,VGSH,tiingo
2014-08-21,47.5678,47.5599,VGSH,tiingo
2014-08-22,47.5366,47.5443,VGSH,tiingo
2014-08-25,47.5443,47.5288,VGSH,tiingo
2014-08-26,47.5599,47.5443,VGSH,tiingo
2014-08-27,,47.5678,VGSH,tiingo
2014-08-28,47.552,47.5755,VGSH,tiingo
2014-08-29,47.5678,47.5911,VGSH,tiingo
2014-09-02,47.5833,47.5678,VGSH,tiingo
2014-09-03,47.5599,47.5644,VGSH,tiingo
2014-09-04,,47.5755,VGSH,tiingo
2014-09-05,47.599,47.5833,VGSH,tiingo
2014-09-08,47.6068,47.5755,VGSH,tiingo
2014-09-09,,47.5443,VGSH,tiingo
2014-09-10,47.5287,47.513,VGSH,tiingo
2014-09-11,47.5599,47.5443,VGSH,tiingo
2014-09-12,47.5366,47.5207,VGSH,tiingo
2014-09-15,47.552,47.5587,VGSH,tiingo
2014-09-16,47.5599,47.5639,VGSH,tiingo
2014-09-17,47.5599,47.5207,VGSH,tiingo
2014-09-18,47.5053,47.5247,VGSH,tiingo
2014-09-19,47.5053,47.513,VGSH,tiingo
2014-09-22,47.5207,47.5366,VGSH,tiingo
2014-09-23,47.552,47.5487,VGSH,tiingo
2014-09-24,,47.5599,VGSH,tiingo
2014-09-25,47.5599,47.5833,VGSH,tiingo
2014-09-26,47.5599,47.5678,VGSH,tiingo
2014-09-29,,47.5833,VGSH,tiingo
2014-09-30,47.5678,47.5643,VGSH,tiingo
2014-10-01,,47.6098,VGSH,tiingo
2014-10-02,47.6333,47.6098,VGSH,tiingo
2014-10-03,47.5786,47.571,VGSH,tiingo
2014-10-06,47.6021,47.6098,VGSH,tiingo
2014-10-07,47.6333,47.6247,VGSH,tiingo
2014-10-08,47.6411,47.7036,VGSH,tiingo
2014-10-09,47.6724,47.6769,VGSH,tiingo
2014-10-10,47.6801,47.7036,VGSH,tiingo
2014-10-13,47.7348,47.7113,VGSH,tiingo
2014-10-14,47.7661,47.7504,VGSH,tiingo
2014-10-15,47.8442,47.8051,VGSH,tiingo
2014-10-16,,47.7816,VGSH,tiingo
2014-10-17,47.7427,47.746,VGSH,tiingo
2014-10-20,,47.7661,VGSH,tiingo
2014-10-21,47.7739,47.7661,VGSH,tiingo
2014-10-22,47.7504,47.7427,VGSH,tiingo
2014-10-23,,47.7427,VGSH,tiingo
2014-10-24,47.7192,47.7503,VGSH,tiingo
2014-10-27,47.7739,47.7215,VGSH,tiingo
2014-10-28,47.7348,47.727,VGSH,tiingo
2014-10-29,47.7427,47.6879,VGSH,tiingo
2014-10-30,47.6958,47.7013,VGSH,tiingo
2014-10-31,47.6927,47.6599,VGSH,tiingo
2014-11-03,47.6677,47.652,VGSH,tiingo
2014-11-04,,47.6754,VGSH,tiingo
2014-11-05,47.6599,47.6677,VGSH,tiingo
2014-11-06,47.652,47.6441,VGSH,tiingo
2014-11-07,47.6287,47.6754,VGSH,tiingo
2014-11-10,47.6365,47.6287,VGSH,tiingo
2014-11-11,47.6599,47.652,VGSH,tiingo
2014-11-12,47.6677,47.652,VGSH,tiingo
2014-11-13,,47.6677,VGSH,tiingo
2014-11-14,47.6677,47.6787,VGSH,tiingo
2014-11-17,47.6911,47.6698,VGSH,tiingo
2014-11-18,47.699,47.6754,VGSH,tiingo
2014-11-19,47.6677,47.6856,VGSH,tiingo
2014-11-20,47.6832,47.6806,VGSH,tiingo
2014-11-21,47.699,47.7059,VGSH,tiingo
2014-11-24,47.6677,47.7067,VGSH,tiingo
2014-11-25,47.6832,47.7216,VGSH,tiingo
2014-11-26,47.699,47.7304,VGSH,tiingo
2014-11-28,47.7144,47.746,VGSH,tiingo
2014-12-01,47.7654,47.7496,VGSH,tiingo
2014-12-02,47.7341,47.7029,VGSH,tiingo
2014-12-03,47.7106,47.6989,VGSH,tiingo
2014-12-04,47.7028,47.7106,VGSH,tiingo
2014-12-05,47.6559,47.6246,VGSH,tiingo
2014-12-08,47.5934,47.6326,VGSH,tiingo
2014-12-09,47.6638,47.6402,VGSH,tiingo
2014-12-10,47.6167,47.6802,VGSH,tiingo
2014-12-11,47.6403,47.6559,VGSH,tiingo
2014-12-12,47.6871,47.6872,VGSH,tiingo
2014-12-15,47.6793,47.6559,VGSH,tiingo
2014-12-16,47.7184,47.7106,VGSH,tiingo
2014-12-17,47.6871,47.648,VGSH,tiingo
2014-12-18,47.6167,47.6246,VGSH,tiingo
2014-12-19,47.6267,47.6167,VGSH,tiingo
2014-12-22,47.3666,47.5854,VGSH,tiingo
2014-12-23,47.5582,47.5503,VGSH,tiingo
2014-12-24,47.5661,47.5503,VGSH,tiingo
2014-12-26,,47.5816,VGSH,tiingo
2014-12-29,47.5426,47.6053,VGSH,tiingo
2014-12-30,47.6287,47.6207,VGSH,tiingo
2014-12-31,47.6053,47.6365,VGSH,tiingo
2015-01-02,47.652,47.66,VGSH,tiingo
2015-01-05,47.6207,47.652,VGSH,tiingo
2015-01-06,47.6755,47.6913,VGSH,tiingo
2015-01-07,47.6913,47.6833,VGSH,tiingo
2015-01-08,47.6833,47.6991,VGSH,tiingo
2015-01-09,47.7069,47.7381,VGSH,tiingo
2015-01-12,47.7538,47.7617,VGSH,tiingo
2015-01-13,47.7304,47.7774,VGSH,tiingo
2015-01-14,47.793,47.8164,VGSH,tiingo
2015-01-15,47.8087,47.8791,VGSH,tiingo
2015-01-16,47.8477,47.832,VGSH,tiingo
2015-01-20,47.8477,47.832,VGSH,tiingo
2015-01-21,47.832,47.8164,VGSH,tiingo
2015-01-22,47.8087,47.7694,VGSH,tiingo
2015-01-23,47.7851,47.8075,VGSH,tiingo
2015-01-26,47.66,47.7851,VGSH,tiingo
2015-01-27,47.832,47.793,VGSH,tiingo
2015-01-28,47.8087,47.8399,VGSH,tiingo
2015-01-29,47.832,47.8128,VGSH,tiingo
2015-01-30,47.8399,47.8633,VGSH,tiingo
2015-02-02,47.7498,47.8595,VGSH,tiingo
2015-02-03,47.8516,47.8282,VGSH,tiingo
2015-02-04,47.7969,47.8438,VGSH,tiingo
2015-02-05,47.836,47.8363,VGSH,tiingo
2015-02-06,47.7498,47.7107,VGSH,tiingo
2015-02-09,47.7029,47.7107,VGSH,tiingo
2015-02-10,47.7107,47.7185,VGSH,tiingo
2015-02-11,47.7029,47.6952,VGSH,tiingo
2015-02-12,47.7185,47.7342,VGSH,tiingo
2015-02-13,47.7107,47.7185,VGSH,tiingo
2015-02-17,47.7029,47.6952,VGSH,tiingo
2015-02-18,47.6872,47.7498,VGSH,tiingo
2015-02-19,47.7265,47.7342,VGSH,tiingo
2015-02-20,47.7577,47.6952,VGSH,tiingo
2015-02-23,47.7342,47.7421,VGSH,tiingo
2015-02-24,47.7185,47.789,VGSH,tiingo
2015-02-25,47.7734,47.7739,VGSH,tiingo
2015-02-26,47.7656,47.7417,VGSH,tiingo
2015-02-27,47.7265,47.7576,VGSH,tiingo
2015-03-02,47.7577,47.7342,VGSH,tiingo
2015-03-03,47.7265,47.7107,VGSH,tiingo
2015-03-04,47.7191,47.7068,VGSH,tiingo
2015-03-05,47.7342,47.7421,VGSH,tiingo
2015-03-06,47.6793,47.6559,VGSH,tiingo
2015-03-09,47.7029,47.7107,VGSH,tiingo
2015-03-10,47.7108,47.7107,VGSH,tiingo
2015-03-11,47.7185,47.7342,VGSH,tiingo
2015-03-12,47.7421,47.7342,VGSH,tiingo
2015-03-13,,47.7498,VGSH,tiingo
2015-03-16,47.7656,47.7421,VGSH,tiingo
2015-03-17,47.7498,47.7421,VGSH,tiingo
2015-03-18,47.7498,47.8516,VGSH,tiingo
2015-03-19,47.789,47.7811,VGSH,tiingo
2015-03-20,,47.8203,VGSH,tiingo
2015-03-23,47.836,47.8283,VGSH,tiingo
2015-03-24,47.8283,47.836,VGSH,tiingo
2015-03-25,47.8439,47.8516,VGSH,tiingo
2015-03-26,47.8125,47.8283,VGSH,tiingo
2015-03-27,47.8516,47.8283,VGSH,tiingo
2015-03-30,47.8439,47.8442,VGSH,tiingo
2015-03-31,47.8665,47.8517,VGSH,tiingo
2015-04-01,47.9038,47.9066,VGSH,tiingo
2015-04-02,47.8829,47.8752,VGSH,tiingo
2015-04-06,,47.93,VGSH,tiingo
2015-04-07,,47.8986,VGSH,tiingo
2015-04-08,47.9222,47.9066,VGSH,tiingo
2015-04-09,47.8829,47.8905,VGSH,tiingo
2015-04-10,47.8713,47.8595,VGSH,tiingo
2015-04-13,47.8595,47.8986,VGSH,tiingo
2015-04-14,47.9222,47.9047,VGSH,tiingo
2015-04-15,47.9222,47.9064,VGSH,tiingo
2015-04-16,47.9143,47.9379,VGSH,tiingo
2015-04-17,47.9066,47.9378,VGSH,tiingo
2015-04-20,47.9535,47.9102,VGSH,tiingo
2015-04-21,47.8986,47.9068,VGSH,tiingo
2015-04-22,47.9143,47.8752,VGSH,tiingo
2015-04-23,47.8909,47.8968,VGSH,tiingo
2015-04-24,47.9066,47.9379,VGSH,tiingo
2015-04-27,47.9066,47.9214,VGSH,tiingo
2015-04-28,,47.9066,VGSH,tiingo
2015-04-29,47.8986,47.8673,VGSH,tiingo
2015-04-30,47.8673,47.8986,VGSH,tiingo
2015-05-01,47.8681,47.8524,VGSH,tiingo
2015-05-04,47.8837,47.8681,VGSH,tiingo
2015-05-05,47.8837,47.8446,VGSH,tiingo
2015-05-06,47.8603,47.8446,VGSH,tiingo
2015-05-07,47.8446,47.8524,VGSH,tiingo
2015-05-08,47.8917,47.8838,VGSH,tiingo
2015-05-11,47.8524,47.8681,VGSH,tiingo
2015-05-12,47.8603,47.8681,VGSH,tiingo
2015-05-13,47.9073,47.8995,VGSH,tiingo
2015-05-14,47.9073,47.9388,VGSH,tiingo
2015-05-15,47.9073,47.9388,VGSH,tiingo
2015-05-18,47.923,47.8837,VGSH,tiingo
2015-05-19,47.8603,47.8755,VGSH,tiingo
2015-05-20,47.8681,47.876,VGSH,tiingo
2015-05-21,47.8837,47.8917,VGSH,tiingo
2015-05-22,,47.8603,VGSH,tiingo
2015-05-26,47.876,47.8837,VGSH,tiingo
2015-05-27,47.8917,47.8995,VGSH,tiingo
2015-05-28,47.8991,47.8995,VGSH,tiingo
2015-05-29,,47.9308,VGSH,tiingo
2015-06-01,47.9332,47.8958,VGSH,tiingo
2015-06-02,47.8705,47.8937,VGSH,tiingo
2015-06-03,47.8548,47.8783,VGSH,tiingo
2015-06-04,47.8548,47.8861,VGSH,tiingo
2015-06-05,47.8234,47.8391,VGSH,tiingo
2015-06-08,47.8234,47.8548,VGSH,tiingo
2015-06-09,47.8548,47.8234,VGSH,tiingo
2015-06-10,,47.8312,VGSH,tiingo
2015-06-11,47.8234,47.8312,VGSH,tiingo
2015-06-12,47.8312,47.8391,VGSH,tiingo
2015-06-15,47.8548,47.864,VGSH,tiingo
2015-06-16,47.8705,47.847,VGSH,tiingo
2015-06-17,47.847,47.9018,VGSH,tiingo
2015-06-18,,47.9097,VGSH,tiingo
2015-06-19,47.9252,47.9215,VGSH,tiingo
2015-06-22,47.9018,47.8924,VGSH,tiingo
2015-06-23,,47.8625,VGSH,tiingo
2015-06-24,,47.8783,VGSH,tiingo
2015-06-25,47.8742,47.8705,VGSH,tiingo
2015-06-26,,47.8548,VGSH,tiingo
2015-06-29,47.9332,47.9175,VGSH,tiingo
2015-06-30,47.9018,47.9351,VGSH,tiingo
2015-07-01,47.9121,47.9042,VGSH,tiingo
2015-07-02,47.9513,47.959,VGSH,tiingo
2015-07-06,,47.9984,VGSH,tiingo
2015-07-07,47.9904,48.0062,VGSH,tiingo
2015-07-08,47.9904,48.0376,VGSH,tiingo
2015-07-09,47.9827,47.9984,VGSH,tiingo
2015-07-10,47.9749,47.959,VGSH,tiingo
2015-07-13,,47.9276,VGSH,tiingo
2015-07-14,47.9356,47.9513,VGSH,tiingo
2015-07-15,47.9356,47.9749,VGSH,tiingo
2015-07-16,47.9356,47.9435,VGSH,tiingo
2015-07-17,47.9276,47.9435,VGSH,tiingo
2015-07-20,47.9121,47.9105,VGSH,tiingo
2015-07-21,47.9042,47.9184,VGSH,tiingo
2015-07-22,47.9199,47.9042,VGSH,tiingo
2015-07-23,47.9042,47.9276,VGSH,tiingo
2015-07-24,47.9135,47.9435,VGSH,tiingo
2015-07-27,47.967,47.9725,VGSH,tiingo
2015-07-28,47.967,47.9513,VGSH,tiingo
2015-07-29,47.959,47.9435,VGSH,tiingo
2015-07-30,47.9121,47.9435,VGSH,tiingo
2015-07-31,47.959,47.9904,VGSH,tiingo
2015-08-03,47.93,47.9536,VGSH,tiingo
2015-08-04,47.9536,47.8986,VGSH,tiingo
2015-08-05,47.8672,47.9222,VGSH,tiingo
2015-08-06,47.9066,47.93,VGSH,tiingo
2015-08-07,47.9222,47.93,VGSH,tiingo
2015-08-10,47.9144,47.9136,VGSH,tiingo
2015-08-11,47.9536,47.9694,VGSH,tiingo
2015-08-12,47.985,47.9458,VGSH,tiingo
2015-08-13,47.9536,47.9222,VGSH,tiingo
2015-08-14,47.8986,47.9066,VGSH,tiingo
2015-08-17,,47.93,VGSH,tiingo
2015-08-18,47.9144,47.938,VGSH,tiingo
2015-08-19,47.8986,47.9928,VGSH,tiingo
2015-08-20,47.9694,47.9614,VGSH,tiingo
2015-08-21,47.9694,48.0009,VGSH,tiingo
2015-08-24,50.49,48.0636,VGSH,tiingo
2015-08-25,48.0556,48.0165,VGSH,tiingo
2015-08-26,47.9614,48.0008,VGSH,tiingo
2015-08-27,47.938,47.985,VGSH,tiingo
2015-08-28,47.9772,47.9685,VGSH,tiingo
2015-08-31,47.9694,47.9536,VGSH,tiingo
2015-09-01,47.9356,47.9749,VGSH,tiingo
2015-09-02,47.967,47.9435,VGSH,tiingo
2015-09-03,47.9984,47.9904,VGSH,tiingo
2015-09-04,47.9828,47.9984,VGSH,tiingo
2015-09-08,47.9512,47.9435,VGSH,tiingo
2015-09-09,47.967,47.9828,VGSH,tiingo
2015-09-10,47.967,47.9579,VGSH,tiingo
2015-09-11,47.9749,47.9844,VGSH,tiingo
2015-09-14,47.9904,47.9749,VGSH,tiingo
2015-09-15,47.9512,47.9042,VGSH,tiingo
2015-09-16,47.9121,47.9042,VGSH,tiingo
2015-09-17,47.8884,47.9904,VGSH,tiingo
2015-09-18,47.9984,48.0298,VGSH,tiingo
2015-09-21,48.0063,47.9944,VGSH,tiingo
2015-09-22,47.9984,48.0063,VGSH,tiingo
2015-09-23,47.9984,48.0142,VGSH,tiingo
2015-09-24,,48.0298,VGSH,tiingo
2015-09-25,48.0298,47.9985,VGSH,tiingo
2015-09-28,48.0218,48.0377,VGSH,tiingo
2015-09-29,48.0456,48.069,VGSH,tiingo
2015-09-30,48.0533,48.0848,VGSH,tiingo
2015-10-01,48.077,48.0903,VGSH,tiingo
2015-10-02,48.1791,48.132,VGSH,tiingo
2015-10-05,48.1162,48.1005,VGSH,tiingo
2015-10-06,48.0926,48.1084,VGSH,tiingo
2015-10-07,,48.1005,VGSH,tiingo
2015-10-08,,48.077,VGSH,tiingo
2015-10-09,48.069,48.0848,VGSH,tiingo
2015-10-12,48.069,48.0926,VGSH,tiingo
2015-10-13,48.077,48.0905,VGSH,tiingo
2015-10-14,48.1398,48.1673,VGSH,tiingo
2015-10-15,48.1162,48.132,VGSH,tiingo
2015-10-16,48.1084,48.1183,VGSH,tiingo
2015-10-19,48.132,48.1359,VGSH,tiingo
2015-10-20,,48.1162,VGSH,tiingo
2015-10-21,,48.1162,VGSH,tiingo
2015-10-22,48.1398,48.1241,VGSH,tiingo
2015-10-23,48.1084,48.1068,VGSH,tiingo
2015-10-26,48.1084,48.1005,VGSH,tiingo
2015-10-27,48.1241,48.1161,VGSH,tiingo
2015-10-28,48.1162,48.0532,VGSH,tiingo
2015-10-29,48.0532,48.0339,VGSH,tiingo
2015-10-30,,48.0141,VGSH,tiingo
2015-11-02,47.9866,47.9944,VGSH,tiingo
2015-11-03,48.0023,47.9912,VGSH,tiingo
2015-11-04,47.9787,47.9551,VGSH,tiingo
2015-11-05,,47.9393,VGSH,tiingo
2015-11-06,47.9,47.9079,VGSH,tiingo
2015-11-09,47.8921,47.8842,VGSH,tiingo
2015-11-10,47.9158,47.9236,VGSH,tiingo
2015-11-11,47.9236,47.9079,VGSH,tiingo
2015-11-12,47.9,47.9079,VGSH,tiingo
2015-11-13,47.9315,47.9551,VGSH,tiingo
2015-11-16,47.9709,47.9507,VGSH,tiingo
2015-11-17,47.9158,47.9535,VGSH,tiingo
2015-11-18,47.9236,47.9158,VGSH,tiingo
2015-11-19,47.9158,47.9079,VGSH,tiingo
2015-11-20,47.9079,47.9,VGSH,tiingo
2015-11-23,47.9079,47.9078,VGSH,tiingo
2015-11-24,47.8921,47.9197,VGSH,tiingo
2015-11-25,47.9194,47.9158,VGSH,tiingo
2015-11-27,47.9,47.9158,VGSH,tiingo
2015-11-30,47.9079,47.9068,VGSH,tiingo
2015-12-01,47.9181,47.9259,VGSH,tiingo
2015-12-02,47.8866,47.8944,VGSH,tiingo
2015-12-03,,47.8866,VGSH,tiingo
2015-12-04,47.8788,47.8866,VGSH,tiingo
2015-12-07,47.9024,47.8944,VGSH,tiingo
2015-12-08,47.9103,47.8866,VGSH,tiingo
2015-12-09,47.8709,47.9024,VGSH,tiingo
2015-12-10,47.9024,47.8709,VGSH,tiingo
2015-12-11,47.8944,47.9653,VGSH,tiingo
2015-12-14,47.9103,47.8866,VGSH,tiingo
2015-12-15,47.8629,47.8709,VGSH,tiingo
2015-12-16,47.8551,47.8237,VGSH,tiingo
2015-12-17,47.8472,47.8519,VGSH,tiingo
2015-12-18,47.8788,47.8944,VGSH,tiingo
2015-12-21,47.8944,47.8794,VGSH,tiingo
2015-12-22,47.8788,47.8551,VGSH,tiingo
2015-12-23,,47.8614,VGSH,tiingo
2015-12-24,47.8378,47.8535,VGSH,tiingo
2015-12-28,,47.8535,VGSH,tiingo
2015-12-29,47.8378,47.822,VGSH,tiingo
2015-12-30,47.8299,47.8457,VGSH,tiingo
2015-12-31,47.8772,47.8693,VGSH,tiingo
2016-01-04,47.8929,47.8457,VGSH,tiingo
2016-01-05,,47.8535,VGSH,tiingo
2016-01-06,47.8693,47.9008,VGSH,tiingo
2016-01-07,47.9087,47.9323,VGSH,tiingo
2016-01-08,47.9481,47.9638,VGSH,tiingo
2016-01-11,,47.9481,VGSH,tiingo
2016-01-12,47.9481,47.9559,VGSH,tiingo
2016-01-13,47.9717,48.0033,VGSH,tiingo
2016-01-14,47.9874,48.0103,VGSH,tiingo
2016-01-15,,48.0584,VGSH,tiingo
2016-01-19,,48.0349,VGSH,tiingo
2016-01-20,,48.0821,VGSH,tiingo
2016-01-21,48.0742,48.0584,VGSH,tiingo
2016-01-22,48.0349,48.0584,VGSH,tiingo
2016-01-25,48.0349,48.0269,VGSH,tiingo
2016-01-26,,48.0584,VGSH,tiingo
2016-01-27,48.0664,48.0979,VGSH,tiingo
2016-01-28,48.0899,48.1136,VGSH,tiingo
2016-01-29,48.1057,48.1451,VGSH,tiingo
2016-02-01,48.134,48.1025,VGSH,tiingo
2016-02-02,48.1577,48.1893,VGSH,tiingo
2016-02-03,,48.1971,VGSH,tiingo
2016-02-04,48.2128,48.1893,VGSH,tiingo
2016-02-05,48.1655,48.1893,VGSH,tiingo
2016-02-08,48.2286,48.2443,VGSH,tiingo
2016-02-09,48.2602,48.2287,VGSH,tiingo
2016-02-10,48.2128,48.2365,VGSH,tiingo
2016-02-11,48.2839,48.2689,VGSH,tiingo
2016-02-12,48.2602,48.2208,VGSH,tiingo
2016-02-16,48.1735,48.2005,VGSH,tiingo
2016-02-17,48.1813,48.2128,VGSH,tiingo
2016-02-18,48.1813,48.2443,VGSH,tiingo
2016-02-19,48.2128,48.1971,VGSH,tiingo
2016-02-22,48.1971,48.2128,VGSH,tiingo
2016-02-23,48.1813,48.2208,VGSH,tiingo
2016-02-24,,48.2286,VGSH,tiingo
2016-02-25,48.2128,48.2443,VGSH,tiingo
2016-02-26,48.2128,48.1813,VGSH,tiingo
2016-02-29,48.1735,48.1893,VGSH,tiingo
2016-03-01,48.2035,48.1482,VGSH,tiingo
2016-03-02,48.1325,48.1246,VGSH,tiingo
2016-03-03,48.1325,48.1562,VGSH,tiingo
2016-03-04,48.1325,48.1207,VGSH,tiingo
2016-03-07,48.1008,48.093,VGSH,tiingo
2016-03-08,48.1325,48.1088,VGSH,tiingo
2016-03-09,48.0773,48.0851,VGSH,tiingo
2016-03-10,48.0693,48.0615,VGSH,tiingo
2016-03-11,48.0299,48.0693,VGSH,tiingo
2016-03-14,48.0378,48.0432,VGSH,tiingo
2016-03-15,48.0693,48.0615,VGSH,tiingo
2016-03-16,48.0299,48.1404,VGSH,tiingo
2016-03-17,48.1167,48.1325,VGSH,tiingo
2016-03-18,48.1404,48.164,VGSH,tiingo
2016-03-21,48.1562,48.1379,VGSH,tiingo
2016-03-22,48.1562,48.1207,VGSH,tiingo
2016-03-23,48.1325,48.164,VGSH,tiingo
2016-03-24,48.1404,48.1482,VGSH,tiingo
2016-03-28,,48.1404,VGSH,tiingo
2016-03-29,48.1482,48.2271,VGSH,tiingo
2016-03-30,48.2271,48.2428,VGSH,tiingo
2016-03-31,48.2508,48.2665,VGSH,tiingo
2016-04-01,48.2492,48.2177,VGSH,tiingo
2016-04-04,48.2571,48.2255,VGSH,tiingo
2016-04-05,48.2571,48.265,VGSH,tiingo
2016-04-06,48.2728,48.265,VGSH,tiingo
2016-04-07,48.265,48.2808,VGSH,tiingo
2016-04-08,48.2808,48.2887,VGSH,tiingo
2016-04-11,48.2808,48.2965,VGSH,tiingo
2016-04-12,48.2808,48.2728,VGSH,tiingo
2016-04-13,48.2492,48.2808,VGSH,tiingo
2016-04-14,,48.2412,VGSH,tiingo
2016-04-15,48.2728,48.2887,VGSH,tiingo
2016-04-18,,48.2808,VGSH,tiingo
2016-04-19,48.2728,48.2571,VGSH,tiingo
2016-04-20,48.2728,48.2177,VGSH,tiingo
2016-04-21,48.2177,48.2255,VGSH,tiingo
2016-04-22,,48.2177,VGSH,tiingo
2016-04-25,48.2097,48.2177,VGSH,tiingo
2016-04-26,48.2097,48.1781,VGSH,tiingo
2016-04-27,48.2177,48.2887,VGSH,tiingo
2016-04-28,48.2255,48.2887,VGSH,tiingo
2016-04-29,48.2334,48.2808,VGSH,tiingo
2016-05-02,48.2572,48.2334,VGSH,tiingo
2016-05-03,48.2728,48.3044,VGSH,tiingo
2016-05-04,48.3203,48.3195,VGSH,tiingo
2016-05-05,48.3281,48.3368,VGSH,tiingo
2016-05-06,48.3598,48.3321,VGSH,tiingo
2016-05-09,48.3281,48.3519,VGSH,tiingo
2016-05-10,48.344,48.3519,VGSH,tiingo
2016-05-11,48.3124,48.2966,VGSH,tiingo
2016-05-12,48.3429,48.336,VGSH,tiingo
2016-05-13,48.2966,48.3203,VGSH,tiingo
2016-05-16,48.3203,48.3044,VGSH,tiingo
2016-05-17,48.2966,48.2808,VGSH,tiingo
2016-05-18,48.2334,48.1861,VGSH,tiingo
2016-05-19,,48.2096,VGSH,tiingo
2016-05-20,48.1939,48.2177,VGSH,tiingo
2016-05-23,,48.2096,VGSH,tiingo
2016-05-24,48.1781,48.1939,VGSH,tiingo
2016-05-25,48.1861,48.2096,VGSH,tiingo
2016-05-26,48.2255,48.2412,VGSH,tiingo
2016-05-27,48.2177,48.2097,VGSH,tiingo
2016-05-31,48.1702,48.2096,VGSH,tiingo
2016-06-01,48.242,48.2026,VGSH,tiingo
2016-06-02,48.2104,48.2263,VGSH,tiingo
2016-06-03,48.3133,48.329,VGSH,tiingo
2016-06-06,,48.3212,VGSH,tiingo
2016-06-07,,48.3212,VGSH,tiingo
2016-06-08,48.3052,48.329,VGSH,tiingo
2016-06-09,,48.3449,VGSH,tiingo
2016-06-10,48.3607,48.3765,VGSH,tiingo
2016-06-13,48.3765,48.3844,VGSH,tiingo
2016-06-14,48.4081,48.4,VGSH,tiingo
2016-06-15,48.3684,48.4272,VGSH,tiingo
2016-06-16,48.4633,48.4081,VGSH,tiingo
2016-06-17,48.4316,48.4129,VGSH,tiingo
2016-06-20,48.3923,48.3684,VGSH,tiingo
2016-06-21,48.3684,48.3923,VGSH,tiingo
2016-06-22,48.3765,48.4,VGSH,tiingo
2016-06-23,48.3765,48.3528,VGSH,tiingo
2016-06-24,48.4397,48.4872,VGSH,tiingo
2016-06-27,48.5188,48.5029,VGSH,tiingo
2016-06-28,48.4949,48.4872,VGSH,tiingo
2016-06-29,,48.4872,VGSH,tiingo
2016-06-30,48.5029,48.5504,VGSH,tiingo
2016-07-01,48.5235,48.5314,VGSH,tiingo
2016-07-05,48.5472,48.5551,VGSH,tiingo
2016-07-06,48.5314,48.5392,VGSH,tiingo
2016-07-07,48.5156,48.5076,VGSH,tiingo
2016-07-08,48.5156,48.5076,VGSH,tiingo
2016-07-11,48.4919,48.4759,VGSH,tiingo
2016-07-12,48.4364,48.4207,VGSH,tiingo
2016-07-13,48.4364,48.4287,VGSH,tiingo
2016-07-14,48.4207,48.4287,VGSH,tiingo
2016-07-15,48.4127,48.4207,VGSH,tiingo
2016-07-18,,48.4287,VGSH,tiingo
2016-07-19,48.4287,48.4207,VGSH,tiingo
2016-07-20,48.4207,48.4048,VGSH,tiingo
2016-07-21,48.3811,48.4207,VGSH,tiingo
2016-07-22,48.3969,48.4207,VGSH,tiingo
2016-07-25,,48.4207,VGSH,tiingo
2016-07-26,,48.3811,VGSH,tiingo
2016-07-27,48.4127,48.4364,VGSH,tiingo
2016-07-28,48.4048,48.4287,VGSH,tiingo
2016-07-29,48.4443,48.4919,VGSH,tiingo
2016-08-01,48.4696,48.4459,VGSH,tiingo
2016-08-02,48.454,48.4776,VGSH,tiingo
2016-08-03,,48.4856,VGSH,tiingo
2016-08-04,48.4776,48.5065,VGSH,tiingo
2016-08-05,48.4617,48.4301,VGSH,tiingo
2016-08-08,,48.4301,VGSH,tiingo
2016-08-09,48.438,48.4459,VGSH,tiingo
2016-08-10,48.454,48.4696,VGSH,tiingo
2016-08-11,48.4696,48.4063,VGSH,tiingo
2016-08-12,,48.4617,VGSH,tiingo
2016-08-15,48.454,48.4459,VGSH,tiingo
2016-08-16,48.4223,48.4301,VGSH,tiingo
2016-08-17,48.3983,48.4251,VGSH,tiingo
2016-08-18,48.4459,48.4617,VGSH,tiingo
2016-08-19,,48.4143,VGSH,tiingo
2016-08-22,,48.438,VGSH,tiingo
2016-08-23,48.438,48.4143,VGSH,tiingo
2016-08-24,48.4459,48.4191,VGSH,tiingo
2016-08-25,48.4223,48.4088,VGSH,tiingo
2016-08-26,48.4223,48.3667,VGSH,tiingo
2016-08-29,48.3826,48.4063,VGSH,tiingo
2016-08-30,48.4143,48.3907,VGSH,tiingo
2016-08-31,48.3907,48.3826,VGSH,tiingo
2016-09-01,,48.3867,VGSH,tiingo
2016-09-02,48.4183,48.3907,VGSH,tiingo
2016-09-06,48.3946,48.4579,VGSH,tiingo
2016-09-07,48.4817,48.4421,VGSH,tiingo
2016-09-08,48.45,48.4263,VGSH,tiingo
2016-09-09,,48.4023,VGSH,tiingo
2016-09-12,48.4183,48.4104,VGSH,tiingo
2016-09-13,48.4263,48.4104,VGSH,tiingo
2016-09-14,48.4183,48.4263,VGSH,tiingo
2016-09-15,48.4183,48.4579,VGSH,tiingo
2016-09-16,48.434,48.4183,VGSH,tiingo
2016-09-19,48.4421,48.4323,VGSH,tiingo
2016-09-20,48.434,48.4214,VGSH,tiingo
2016-09-21,48.4104,48.4023,VGSH,tiingo
2016-09-22,48.4104,48.434,VGSH,tiingo
2016-09-23,48.4421,48.4579,VGSH,tiingo
2016-09-26,,48.4736,VGSH,tiingo
2016-09-27,48.4974,48.4657,VGSH,tiingo
2016-09-28,48.4579,48.4657,VGSH,tiingo
2016-09-29,48.4657,48.4896,VGSH,tiingo
2016-09-30,48.4974,48.4736,VGSH,tiingo
2016-10-03,48.4604,48.4421,VGSH,tiingo
2016-10-04,48.4364,48.4207,VGSH,tiingo
2016-10-05,48.4207,48.3969,VGSH,tiingo
2016-10-06,48.3652,48.3969,VGSH,tiingo
2016-10-07,48.4047,48.3969,VGSH,tiingo
2016-10-10,48.3969,48.3493,VGSH,tiingo
2016-10-11,48.373,48.3573,VGSH,tiingo
2016-10-12,48.3413,48.373,VGSH,tiingo
2016-10-13,,48.373,VGSH,tiingo
2016-10-14,48.3652,48.389,VGSH,tiingo
2016-10-17,48.4127,48.4047,VGSH,tiingo
2016-10-18,48.4047,48.4127,VGSH,tiingo
2016-10-19,48.4047,48.4127,VGSH,tiingo
2016-10-20,48.4364,48.3969,VGSH,tiingo
2016-10-21,48.4207,48.4287,VGSH,tiingo
2016-10-24,48.4364,48.4047,VGSH,tiingo
2016-10-25,48.381,48.4047,VGSH,tiingo
2016-10-26,48.3969,48.389,VGSH,tiingo
2016-10-27,,48.3969,VGSH,tiingo
2016-10-28,,48.4047,VGSH,tiingo
2016-10-31,48.4524,48.4287,VGSH,tiingo
2016-11-01,48.4207,48.4287,VGSH,tiingo
2016-11-02,,48.4524,VGSH,tiingo
2016-11-03,48.4364,48.4681,VGSH,tiingo
2016-11-04,48.4681,48.4921,VGSH,tiingo
2016-11-07,48.4524,48.4681,VGSH,tiingo
2016-11-08,48.4524,48.4207,VGSH,tiingo
2016-11-09,48.4287,48.373,VGSH,tiingo
2016-11-10,48.3256,48.3573,VGSH,tiingo
2016-11-11,48.373,48.3334,VGSH,tiingo
2016-11-14,48.3096,48.2779,VGSH,tiingo
2016-11-15,48.2461,48.2779,VGSH,tiingo
2016-11-16,48.2779,48.2724,VGSH,tiingo
2016-11-17,,48.262,VGSH,tiingo
2016-11-18,48.2461,48.2341,VGSH,tiingo
2016-11-21,48.2144,48.2225,VGSH,tiingo
2016-11-22,48.2066,48.2383,VGSH,tiingo
2016-11-23,,48.2066,VGSH,tiingo
2016-11-25,48.2066,48.1985,VGSH,tiingo
2016-11-28,48.1985,48.2066,VGSH,tiingo
2016-11-29,,48.2144,VGSH,tiingo
2016-11-30,48.2302,48.2066,VGSH,tiingo
2016-12-01,48.1708,48.1867,VGSH,tiingo
2016-12-02,48.2026,48.2422,VGSH,tiingo
2016-12-05,48.2104,48.2026,VGSH,tiingo
2016-12-06,48.2104,48.2343,VGSH,tiingo
2016-12-07,48.2263,48.2551,VGSH,tiingo
2016-12-08,48.2422,48.2582,VGSH,tiingo
2016-12-09,48.2502,48.2185,VGSH,tiingo
2016-12-12,,48.2263,VGSH,tiingo
2016-12-13,,48.2185,VGSH,tiingo
2016-12-14,48.2104,48.1164,VGSH,tiingo
2016-12-15,48.0914,48.0995,VGSH,tiingo
2016-12-16,48.0995,48.1232,VGSH,tiingo
2016-12-19,,48.155,VGSH,tiingo
2016-12-20,48.1152,48.155,VGSH,tiingo
2016-12-21,48.1708,48.1629,VGSH,tiingo
2016-12-22,48.1514,48.1832,VGSH,tiingo
2016-12-23,,48.1832,VGSH,tiingo
2016-12-27,48.1514,48.1673,VGSH,tiingo
2016-12-28,48.1594,48.1912,VGSH,tiingo
2016-12-29,48.1832,48.223,VGSH,tiingo
2016-12-30,48.223,48.3976,VGSH,tiingo
2017-01-03,48.1912,48.199,VGSH,tiingo
2017-01-04,48.2467,48.2308,VGSH,tiingo
2017-01-05,48.2626,48.2706,VGSH,tiingo
2017-01-06,48.2548,48.2389,VGSH,tiingo
2017-01-09,48.2548,48.2626,VGSH,tiingo
2017-01-10,48.2389,48.2548,VGSH,tiingo
2017-01-11,48.2548,48.2706,VGSH,tiingo
2017-01-12,48.2944,48.2785,VGSH,tiingo
2017-01-13,48.2626,48.2467,VGSH,tiingo
2017-01-17,48.2944,48.3103,VGSH,tiingo
2017-01-18,48.2866,48.2548,VGSH,tiingo
2017-01-19,48.215,48.2467,VGSH,tiingo
2017-01-20,48.2308,48.2548,VGSH,tiingo
2017-01-23,48.2785,48.3183,VGSH,tiingo
2017-01-24,48.2785,48.2866,VGSH,tiingo
2017-01-25,48.2548,48.2467,VGSH,tiingo
2017-01-26,48.2548,48.2785,VGSH,tiingo
2017-01-27,48.2944,48.2706,VGSH,tiingo
2017-01-30,48.3024,48.3103,VGSH,tiingo
2017-01-31,,48.3024,VGSH,tiingo
2017-02-01,48.2642,48.3038,VGSH,tiingo
2017-02-02,48.3199,48.2801,VGSH,tiingo
2017-02-03,48.3038,48.2881,VGSH,tiingo
2017-02-06,48.3199,48.3356,VGSH,tiingo
2017-02-07,48.3596,48.3517,VGSH,tiingo
2017-02-08,48.3596,48.3517,VGSH,tiingo
2017-02-09,48.3437,48.3356,VGSH,tiingo
2017-02-10,48.3119,48.3278,VGSH,tiingo
2017-02-13,48.3278,48.3199,VGSH,tiingo
2017-02-14,48.3278,48.2881,VGSH,tiingo
2017-02-15,,48.272,VGSH,tiingo
2017-02-16,48.296,48.3119,VGSH,tiingo
2017-02-17,,48.3356,VGSH,tiingo
2017-02-21,48.3199,48.3356,VGSH,tiingo
2017-02-22,48.3596,48.3517,VGSH,tiingo
2017-02-23,48.3437,48.3596,VGSH,tiingo
2017-02-24,48.3992,48.4073,VGSH,tiingo
2017-02-27,48.4073,48.3596,VGSH,tiingo
2017-02-28,48.3835,48.3278,VGSH,tiingo
2017-03-01,48.2873,48.2634,VGSH,tiingo
2017-03-02,48.2396,48.2556,VGSH,tiingo
2017-03-03,48.2396,48.2515,VGSH,tiingo
2017-03-06,48.2475,48.2582,VGSH,tiingo
2017-03-07,48.2634,48.2474,VGSH,tiingo
2017-03-08,48.2157,48.2078,VGSH,tiingo
2017-03-09,48.2157,48.2038,VGSH,tiingo
2017-03-10,48.1997,48.2078,VGSH,tiingo
2017-03-13,48.2238,48.2038,VGSH,tiingo
2017-03-14,,48.2078,VGSH,tiingo
2017-03-15,48.1839,48.2634,VGSH,tiingo
2017-03-16,48.2556,48.2475,VGSH,tiingo
2017-03-17,48.2713,48.2793,VGSH,tiingo
2017-03-20,48.2873,48.3031,VGSH,tiingo
2017-03-21,48.2873,48.3346,VGSH,tiingo
2017-03-22,48.359,48.3349,VGSH,tiingo
2017-03-23,48.3509,48.3429,VGSH,tiingo
2017-03-24,48.3191,48.3271,VGSH,tiingo
2017-03-27,48.3748,48.3429,VGSH,tiingo
2017-03-28,48.3429,48.3111,VGSH,tiingo
2017-03-29,48.3271,48.3509,VGSH,tiingo
2017-03-30,48.3349,48.3429,VGSH,tiingo
2017-03-31,48.3429,48.359,VGSH,tiingo
2017-04-03,48.3731,48.3811,VGSH,tiingo
2017-04-04,48.3892,48.3653,VGSH,tiingo
2017-04-05,48.3574,48.3892,VGSH,tiingo
2017-04-06,48.3731,48.3811,VGSH,tiingo
2017-04-07,48.3811,48.3413,VGSH,tiingo
2017-04-10,48.3493,48.3653,VGSH,tiingo
2017-04-11,48.3731,48.3899,VGSH,tiingo
2017-04-12,48.3892,48.4211,VGSH,tiingo
2017-04-13,48.4368,48.4766,VGSH,tiingo
2017-04-17,,48.4448,VGSH,tiingo
2017-04-18,,48.4766,VGSH,tiingo
2017-04-19,48.4529,48.4608,VGSH,tiingo
2017-04-20,48.4687,48.4448,VGSH,tiingo
2017-04-21,48.4608,48.4766,VGSH,tiingo
2017-04-24,48.4211,48.4448,VGSH,tiingo
2017-04-25,48.413,48.3971,VGSH,tiingo
2017-04-26,48.405,48.4102,VGSH,tiingo
2017-04-27,48.4211,48.4368,VGSH,tiingo
2017-04-28,48.4211,48.4368,VGSH,tiingo
2017-05-01,48.4227,48.4066,VGSH,tiingo
2017-05-02,48.4227,48.4305,VGSH,tiingo
2017-05-03,48.4146,48.4026,VGSH,tiingo
2017-05-04,48.3747,48.3908,VGSH,tiingo
2017-05-05,48.3747,48.3827,VGSH,tiingo
2017-05-08,48.3747,48.3827,VGSH,tiingo
2017-05-09,48.3666,48.3509,VGSH,tiingo
2017-05-10,48.3827,48.3509,VGSH,tiingo
2017-05-11,48.3509,48.3747,VGSH,tiingo
2017-05-12,48.4066,48.4305,VGSH,tiingo
2017-05-15,,48.4305,VGSH,tiingo
2017-05-16,,48.4305,VGSH,tiingo
2017-05-17,48.4623,48.4783,VGSH,tiingo
2017-05-18,48.4703,48.4546,VGSH,tiingo
2017-05-19,48.4465,48.4703,VGSH,tiingo
2017-05-22,48.4465,48.4703,VGSH,tiingo
2017-05-23,48.4546,48.4505,VGSH,tiingo
2017-05-24,48.4465,48.4546,VGSH,tiingo
2017-05-25,48.4623,48.4703,VGSH,tiingo
2017-05-26,,48.4546,VGSH,tiingo
2017-05-30,,48.4783,VGSH,tiingo
2017-05-31,48.4703,48.4864,VGSH,tiingo
2017-06-01,,48.4655,VGSH,tiingo
2017-06-02,48.4816,48.4975,VGSH,tiingo
2017-06-05,48.4816,48.4577,VGSH,tiingo
2017-06-06,48.5054,48.4896,VGSH,tiingo
2017-06-07,48.4816,48.4577,VGSH,tiingo
2017-06-08,,48.4655,VGSH,tiingo
2017-06-09,48.4336,48.4577,VGSH,tiingo
2017-06-12,48.4417,48.4336,VGSH,tiingo
2017-06-13,,48.4336,VGSH,tiingo
2017-06-14,48.4975,48.4577,VGSH,tiingo
2017-06-15,48.4497,48.4417,VGSH,tiingo
2017-06-16,48.4655,48.4735,VGSH,tiingo
2017-06-19,48.4497,48.4258,VGSH,tiingo
2017-06-20,48.4417,48.4735,VGSH,tiingo
2017-06-21,48.4577,48.4816,VGSH,tiingo
2017-06-22,48.4975,48.4655,VGSH,tiingo
2017-06-23,48.4735,48.4816,VGSH,tiingo
2017-06-26,48.4735,48.4655,VGSH,tiingo
2017-06-27,48.4655,48.4497,VGSH,tiingo
2017-06-28,48.4577,48.4735,VGSH,tiingo
2017-06-29,48.4497,48.4577,VGSH,tiingo
2017-06-30,48.4735,48.4597,VGSH,tiingo
2017-07-03,48.4696,48.4376,VGSH,tiingo
2017-07-05,,48.4296,VGSH,tiingo
2017-07-06,48.4296,48.4218,VGSH,tiingo
2017-07-07,,48.4537,VGSH,tiingo
2017-07-10,48.4537,48.4456,VGSH,tiingo
2017-07-11,48.4616,48.4776,VGSH,tiingo
2017-07-12,48.5015,48.4935,VGSH,tiingo
2017-07-13,48.5015,48.4776,VGSH,tiingo
2017-07-14,48.5095,48.5015,VGSH,tiingo
2017-07-17,48.5015,48.5254,VGSH,tiingo
2017-07-18,48.5095,48.5176,VGSH,tiingo
2017-07-19,48.5254,48.5335,VGSH,tiingo
2017-07-20,48.5335,48.5254,VGSH,tiingo
2017-07-21,48.5095,48.5414,VGSH,tiingo
2017-07-24,48.5335,48.5254,VGSH,tiingo
2017-07-25,48.5176,48.4857,VGSH,tiingo
2017-07-26,48.5095,48.5495,VGSH,tiingo
2017-07-27,48.4935,48.5414,VGSH,tiingo
2017-07-28,48.5414,48.5573,VGSH,tiingo
2017-07-31,48.5495,48.5414,VGSH,tiingo
2017-08-01,48.5528,48.5606,VGSH,tiingo
2017-08-02,48.5528,48.5446,VGSH,tiingo
2017-08-03,,48.5606,VGSH,tiingo
2017-08-04,48.5446,48.5646,VGSH,tiingo
2017-08-07,48.5686,48.5528,VGSH,tiingo
2017-08-08,48.5686,48.5528,VGSH,tiingo
2017-08-09,48.5766,48.5847,VGSH,tiingo
2017-08-10,48.6005,48.5847,VGSH,tiingo
2017-08-11,48.5925,48.6086,VGSH,tiingo
2017-08-14,48.6086,48.5925,VGSH,tiingo
2017-08-15,,48.5847,VGSH,tiingo
2017-08-16,,48.5847,VGSH,tiingo
2017-08-17,48.5847,48.6245,VGSH,tiingo
2017-08-18,48.6405,48.6245,VGSH,tiingo
2017-08-21,48.6245,48.6325,VGSH,tiingo
2017-08-22,48.6325,48.6167,VGSH,tiingo
2017-08-23,48.6564,48.6405,VGSH,tiingo
2017-08-24,48.6245,48.6005,VGSH,tiingo
2017-08-25,48.6405,48.6245,VGSH,tiingo
2017-08-28,48.6005,48.6245,VGSH,tiingo
2017-08-29,48.6564,48.6325,VGSH,tiingo
2017-08-30,48.6405,48.6486,VGSH,tiingo
2017-08-31,48.6486,48.6405,VGSH,tiingo
2017-09-01,48.6604,48.6285,VGSH,tiingo
2017-09-05,48.6766,48.6844,VGSH,tiingo
2017-09-06,48.6924,48.6686,VGSH,tiingo
2017-09-07,48.6766,48.7086,VGSH,tiingo
2017-09-08,48.7164,48.6924,VGSH,tiingo
2017-09-11,48.6766,48.6604,VGSH,tiingo
2017-09-12,48.6604,48.6405,VGSH,tiingo
2017-09-13,48.6524,48.6285,VGSH,tiingo
2017-09-14,,48.6126,VGSH,tiingo
2017-09-15,48.6126,48.6045,VGSH,tiingo
2017-09-18,48.6045,48.5884,VGSH,tiingo
2017-09-19,48.5966,48.5925,VGSH,tiingo
2017-09-20,48.5806,48.5565,VGSH,tiingo
2017-09-21,48.5806,48.5646,VGSH,tiingo
2017-09-22,48.5646,48.5626,VGSH,tiingo
2017-09-25,48.5884,48.5966,VGSH,tiingo
2017-09-26,,48.5884,VGSH,tiingo
2017-09-27,48.5884,48.5646,VGSH,tiingo
2017-09-28,48.5725,48.5806,VGSH,tiingo
2017-09-29,48.5806,48.5605,VGSH,tiingo
2017-10-02,,48.5511,VGSH,tiingo
2017-10-03,48.5669,48.5511,VGSH,tiingo
2017-10-04,48.5669,48.5589,VGSH,tiingo
2017-10-05,48.5669,48.5589,VGSH,tiingo
2017-10-06,48.5429,48.5349,VGSH,tiingo
2017-10-09,48.5511,48.5269,VGSH,tiingo
2017-10-10,48.5349,48.547,VGSH,tiingo
2017-10-11,48.5589,48.5429,VGSH,tiingo
2017-10-12,48.5589,48.5511,VGSH,tiingo
2017-10-13,,48.5669,VGSH,tiingo
2017-10-16,48.5511,48.5109,VGSH,tiingo
2017-10-17,48.5029,48.5191,VGSH,tiingo
2017-10-18,48.4949,48.4989,VGSH,tiingo
2017-10-19,48.5029,48.5349,VGSH,tiingo
2017-10-20,48.5511,48.4949,VGSH,tiingo
2017-10-23,48.5269,48.5029,VGSH,tiingo
2017-10-24,48.5029,48.5109,VGSH,tiingo
2017-10-25,48.5109,48.4949,VGSH,tiingo
2017-10-26,48.4949,48.4789,VGSH,tiingo
2017-10-27,48.487,48.5029,VGSH,tiingo
2017-10-30,48.5109,48.5191,VGSH,tiingo
2017-10-31,48.5191,48.5029,VGSH,tiingo
2017-11-01,48.5191,48.4949,VGSH,tiingo
2017-11-02,48.4949,48.5029,VGSH,tiingo
2017-11-03,48.5029,48.4949,VGSH,tiingo
2017-11-06,48.5109,48.5029,VGSH,tiingo
2017-11-07,48.5511,48.4989,VGSH,tiingo
2017-11-08,48.5511,48.487,VGSH,tiingo
2017-11-09,48.4949,48.4989,VGSH,tiingo
2017-11-10,48.5029,48.4789,VGSH,tiingo
2017-11-13,48.487,48.455,VGSH,tiingo
2017-11-14,48.4628,48.455,VGSH,tiingo
2017-11-15,48.4789,48.4708,VGSH,tiingo
2017-11-16,48.4628,48.455,VGSH,tiingo
2017-11-17,48.4468,48.4388,VGSH,tiingo
2017-11-20,48.4468,48.4229,VGSH,tiingo
2017-11-21,48.4229,48.4067,VGSH,tiingo
2017-11-22,48.4308,48.4468,VGSH,tiingo
2017-11-24,48.4388,48.4468,VGSH,tiingo
2017-11-27,48.4308,48.4628,VGSH,tiingo
2017-11-28,48.4628,48.4388,VGSH,tiingo
2017-11-29,48.4308,48.4468,VGSH,tiingo
2017-11-30,48.4388,48.4229,VGSH,tiingo
2017-12-01,48.41,48.4501,VGSH,tiingo
2017-12-04,48.4018,48.394,VGSH,tiingo
2017-12-05,,48.3859,VGSH,tiingo
2017-12-06,,48.41,VGSH,tiingo
2017-12-07,48.4018,48.41,VGSH,tiingo
2017-12-08,,48.4261,VGSH,tiingo
2017-12-11,48.4261,48.394,VGSH,tiingo
2017-12-12,48.3859,48.394,VGSH,tiingo
2017-12-13,48.4018,48.4339,VGSH,tiingo
2017-12-14,48.442,48.41,VGSH,tiingo
2017-12-15,48.41,48.4018,VGSH,tiingo
2017-12-18,48.41,48.418,VGSH,tiingo
2017-12-19,48.394,48.3779,VGSH,tiingo
2017-12-20,,48.3859,VGSH,tiingo
2017-12-21,48.394,48.3859,VGSH,tiingo
2017-12-22,,48.3859,VGSH,tiingo
2017-12-26,48.3746,48.3827,VGSH,tiingo
2017-12-27,48.3664,48.3986,VGSH,tiingo
2017-12-28,48.3986,48.3827,VGSH,tiingo
2017-12-29,,48.4148,VGSH,tiingo
2018-01-02,48.4148,48.3908,VGSH,tiingo
2018-01-03,48.3908,48.3664,VGSH,tiingo
2018-01-04,,48.3505,VGSH,tiingo
2018-01-05,48.3664,48.3587,VGSH,tiingo
2018-01-08,48.3587,48.3664,VGSH,tiingo
2018-01-09,48.3746,48.3344,VGSH,tiingo
2018-01-10,48.3505,48.3344,VGSH,tiingo
2018-01-11,,48.3505,VGSH,tiingo
2018-01-12,48.3425,48.3344,VGSH,tiingo
2018-01-16,48.3425,48.3344,VGSH,tiingo
2018-01-17,48.3184,48.3104,VGSH,tiingo
2018-01-18,,48.3024,VGSH,tiingo
2018-01-19,48.3184,48.3024,VGSH,tiingo
2018-01-22,48.3024,48.2864,VGSH,tiingo
2018-01-23,48.3024,48.3266,VGSH,tiingo
2018-01-24,48.3184,48.3024,VGSH,tiingo
2018-01-25,,48.3024,VGSH,tiingo
2018-01-26,48.2864,48.2622,VGSH,tiingo
2018-01-29,48.2622,48.2703,VGSH,tiingo
2018-01-30,,48.2703,VGSH,tiingo
2018-01-31,48.2782,48.2622,VGSH,tiingo
2018-02-01,48.2723,48.2483,VGSH,tiingo
2018-02-02,48.2243,48.2805,VGSH,tiingo
2018-02-05,48.2885,48.3366,VGSH,tiingo
2018-02-06,48.3448,48.2805,VGSH,tiingo
2018-02-07,48.3126,48.2805,VGSH,tiingo
2018-02-08,48.2643,48.3126,VGSH,tiingo
2018-02-09,48.2965,48.3287,VGSH,tiingo
2018-02-12,,48.3207,VGSH,tiingo
2018-02-13,48.3045,48.3126,VGSH,tiingo
2018-02-14,48.2483,48.2402,VGSH,tiingo
2018-02-15,48.2322,48.2402,VGSH,tiingo
2018-02-16,48.2402,48.2243,VGSH,tiingo
2018-02-20,,48.2081,VGSH,tiingo
2018-02-21,48.2081,48.192,VGSH,tiingo
2018-02-22,48.2322,48.2402,VGSH,tiingo
2018-02-23,,48.2564,VGSH,tiingo
2018-02-26,48.2483,48.2643,VGSH,tiingo
2018-02-27,48.2885,48.2483,VGSH,tiingo
2018-02-28,,48.2402,VGSH,tiingo
2018-03-01,48.237,48.2691,VGSH,tiingo
2018-03-02,48.2771,48.2531,VGSH,tiingo
2018-03-05,48.2853,48.2691,VGSH,tiingo
2018-03-06,48.2611,48.2691,VGSH,tiingo
2018-03-07,48.2771,48.2691,VGSH,tiingo
2018-03-08,,48.2611,VGSH,tiingo
2018-03-09,48.2449,48.2531,VGSH,tiingo
2018-03-12,48.2531,48.2611,VGSH,tiingo
2018-03-13,48.2531,48.2771,VGSH,tiingo
2018-03-14,48.2691,48.2853,VGSH,tiingo
2018-03-15,48.2934,48.2853,VGSH,tiingo
2018-03-16,48.2853,48.2771,VGSH,tiingo
2018-03-19,,48.2611,VGSH,tiingo
2018-03-20,48.2449,48.2289,VGSH,tiingo
2018-03-21,48.2127,48.2691,VGSH,tiingo
2018-03-22,48.2691,48.2771,VGSH,tiingo
2018-03-23,48.2934,48.3175,VGSH,tiingo
2018-03-26,48.2934,48.2853,VGSH,tiingo
2018-03-27,48.2853,48.3335,VGSH,tiingo
2018-03-28,48.3415,48.3175,VGSH,tiingo
2018-03-29,48.3175,48.3256,VGSH,tiingo
2018-04-02,48.34,48.3563,VGSH,tiingo
2018-04-03,48.332,48.3241,VGSH,tiingo
2018-04-04,48.3482,48.332,VGSH,tiingo
2018-04-05,48.2918,48.2837,VGSH,tiingo
2018-04-06,48.3241,48.3563,VGSH,tiingo
2018-04-09,48.316,48.332,VGSH,tiingo
2018-04-10,,48.3241,VGSH,tiingo
2018-04-11,48.332,48.3078,VGSH,tiingo
2018-04-12,,48.2998,VGSH,tiingo
2018-04-13,48.2918,48.2998,VGSH,tiingo
2018-04-16,48.2676,48.2755,VGSH,tiingo
2018-04-17,48.2837,48.2755,VGSH,tiingo
2018-04-18,,48.2433,VGSH,tiingo
2018-04-19,48.2433,48.2353,VGSH,tiingo
2018-04-20,48.2433,48.2272,VGSH,tiingo
2018-04-23,48.2031,48.2111,VGSH,tiingo
2018-04-24,48.2111,48.2272,VGSH,tiingo
2018-04-25,48.2272,48.2111,VGSH,tiingo
2018-04-26,48.2515,48.2353,VGSH,tiingo
2018-04-27,48.2272,48.2515,VGSH,tiingo
2018-04-30,48.2515,48.2433,VGSH,tiingo
2018-05-01,48.2355,48.2194,VGSH,tiingo
2018-05-02,,48.2355,VGSH,tiingo
2018-05-03,,48.2517,VGSH,tiingo
2018-05-04,48.2758,48.2517,VGSH,tiingo
2018-05-07,48.2597,48.2517,VGSH,tiingo
2018-05-08,,48.2517,VGSH,tiingo
2018-05-09,48.2274,48.2194,VGSH,tiingo
2018-05-10,48.2355,48.2274,VGSH,tiingo
2018-05-11,,48.2435,VGSH,tiingo
2018-05-14,48.2355,48.2194,VGSH,tiingo
2018-05-15,48.2194,48.1951,VGSH,tiingo
2018-05-16,48.2032,48.1789,VGSH,tiingo
2018-05-17,48.1951,48.2112,VGSH,tiingo
2018-05-18,,48.2435,VGSH,tiingo
2018-05-21,48.2274,48.2194,VGSH,tiingo
2018-05-22,48.2274,48.2435,VGSH,tiingo
2018-05-23,48.2597,48.284,VGSH,tiingo
2018-05-24,48.3163,48.3244,VGSH,tiingo
2018-05-25,48.3485,48.3566,VGSH,tiingo
2018-05-29,48.3969,48.4937,VGSH,tiingo
2018-05-30,48.4453,48.4292,VGSH,tiingo
2018-05-31,48.4212,48.4292,VGSH,tiingo
2018-06-01,48.3452,48.3776,VGSH,tiingo
2018-06-04,48.3614,48.3452,VGSH,tiingo
2018-06-05,48.337,48.3452,VGSH,tiingo
2018-06-06,,48.329,VGSH,tiingo
2018-06-07,48.321,48.3776,VGSH,tiingo
2018-06-08,,48.3614,VGSH,tiingo
2018-06-11,,48.3533,VGSH,tiingo
2018-06-12,,48.3452,VGSH,tiingo
2018-06-13,48.329,48.321,VGSH,tiingo
2018-06-14,48.321,48.329,VGSH,tiingo
2018-06-15,,48.337,VGSH,tiingo
2018-06-18,48.3533,48.3452,VGSH,tiingo
2018-06-19,48.3614,48.3533,VGSH,tiingo
2018-06-20,48.3776,48.3533,VGSH,tiingo
2018-06-21,48.3533,48.3614,VGSH,tiingo
2018-06-22,48.3776,48.3857,VGSH,tiingo
2018-06-25,48.3938,48.3857,VGSH,tiingo
2018-06-26,48.4017,48.3938,VGSH,tiingo
2018-06-27,,48.4261,VGSH,tiingo
2018-06-28,48.4261,48.418,VGSH,tiingo
2018-06-29,,48.4261,VGSH,tiingo
2018-07-02,48.441,48.4087,VGSH,tiingo
2018-07-03,48.4087,48.4328,VGSH,tiingo
2018-07-05,48.4168,48.4328,VGSH,tiingo
2018-07-06,48.4491,48.441,VGSH,tiingo
2018-07-09,,48.4249,VGSH,tiingo
2018-07-10,48.4168,48.4004,VGSH,tiingo
2018-07-11,,48.4004,VGSH,tiingo
2018-07-12,48.4087,48.4168,VGSH,tiingo
2018-07-13,48.4249,48.4328,VGSH,tiingo
2018-07-16,48.4087,48.4168,VGSH,tiingo
2018-07-17,48.4249,48.4087,VGSH,tiingo
2018-07-18,,48.4004,VGSH,tiingo
2018-07-19,48.4249,48.4328,VGSH,tiingo
2018-07-20,48.4573,48.4491,VGSH,tiingo
2018-07-23,48.441,48.4168,VGSH,tiingo
2018-07-24,48.4087,48.3925,VGSH,tiingo
2018-07-25,48.4004,48.3763,VGSH,tiingo
2018-07-26,48.3925,48.3844,VGSH,tiingo
2018-07-27,48.4087,48.4004,VGSH,tiingo
2018-07-30,48.3844,48.4087,VGSH,tiingo
2018-07-31,48.4004,48.4087,VGSH,tiingo
2018-08-01,48.4038,48.3959,VGSH,tiingo
2018-08-02,,48.4202,VGSH,tiingo
2018-08-03,48.4202,48.4526,VGSH,tiingo
2018-08-06,48.4283,48.4362,VGSH,tiingo
2018-08-07,48.4444,48.4283,VGSH,tiingo
2018-08-08,48.4283,48.4444,VGSH,tiingo
2018-08-09,48.4606,48.4687,VGSH,tiingo
2018-08-10,48.5011,48.5175,VGSH,tiingo
2018-08-13,48.5092,48.5175,VGSH,tiingo
2018-08-14,48.5092,48.5011,VGSH,tiingo
2018-08-15,48.5175,48.5336,VGSH,tiingo
2018-08-16,,48.5254,VGSH,tiingo
2018-08-17,48.5336,48.5417,VGSH,tiingo
2018-08-20,48.5499,48.5578,VGSH,tiingo
2018-08-21,,48.5499,VGSH,tiingo
2018-08-22,48.5741,48.5578,VGSH,tiingo
2018-08-23,48.5499,48.5661,VGSH,tiingo
2018-08-24,48.5417,48.5661,VGSH,tiingo
2018-08-27,,48.5499,VGSH,tiingo
2018-08-28,48.5417,48.5254,VGSH,tiingo
2018-08-29,48.5336,48.5254,VGSH,tiingo
2018-08-30,48.5254,48.5578,VGSH,tiingo
2018-08-31,48.5741,48.5823,VGSH,tiingo
2018-09-04,48.5741,48.5499,VGSH,tiingo
2018-09-05,48.5499,48.5578,VGSH,tiingo
2018-09-06,48.5741,48.5903,VGSH,tiingo
2018-09-07,48.5499,48.5336,VGSH,tiingo
2018-09-10,,48.5254,VGSH,tiingo
2018-09-11,48.5092,48.497,VGSH,tiingo
2018-09-12,48.5092,48.4929,VGSH,tiingo
2018-09-13,48.5174,48.4849,VGSH,tiingo
2018-09-14,48.4767,48.4685,VGSH,tiingo
2018-09-17,48.4767,48.4849,VGSH,tiingo
2018-09-18,48.4929,48.4767,VGSH,tiingo
2018-09-19,48.4685,48.4606,VGSH,tiingo
2018-09-20,48.4524,48.4606,VGSH,tiingo
2018-09-21,48.4685,48.4849,VGSH,tiingo
2018-09-24,,48.4685,VGSH,tiingo
2018-09-25,48.4767,48.4606,VGSH,tiingo
2018-09-26,48.4849,48.4929,VGSH,tiingo
2018-09-27,,48.4849,VGSH,tiingo
2018-09-28,48.501,48.5092,VGSH,tiingo
2018-10-01,48.5029,48.4867,VGSH,tiingo
2018-10-02,48.4947,48.5193,VGSH,tiingo
2018-10-03,48.5029,48.4703,VGSH,tiingo
2018-10-04,,48.4622,VGSH,tiingo
2018-10-05,,48.4459,VGSH,tiingo
2018-10-08,48.4785,48.4622,VGSH,tiingo
2018-10-09,,48.4622,VGSH,tiingo
2018-10-10,48.4622,48.5029,VGSH,tiingo
2018-10-11,48.4867,48.5193,VGSH,tiingo
2018-10-12,48.511,48.5272,VGSH,tiingo
2018-10-15,48.5193,48.511,VGSH,tiingo
2018-10-16,48.4947,48.511,VGSH,tiingo
2018-10-17,48.5193,48.5029,VGSH,tiingo
2018-10-18,48.4947,48.511,VGSH,tiingo
2018-10-19,48.511,48.4947,VGSH,tiingo
2018-10-22,48.4947,48.4785,VGSH,tiingo
2018-10-23,48.5436,48.5354,VGSH,tiingo
2018-10-24,48.5598,48.6005,VGSH,tiingo
2018-10-25,48.5844,48.5679,VGSH,tiingo
2018-10-26,,48.6249,VGSH,tiingo
2018-10-29,48.6005,48.6169,VGSH,tiingo
2018-10-30,48.6087,48.6005,VGSH,tiingo
2018-10-31,,48.5679,VGSH,tiingo
2018-11-01,48.5891,48.6054,VGSH,tiingo
2018-11-02,48.5728,48.5485,VGSH,tiingo
2018-11-05,48.5648,48.5565,VGSH,tiingo
2018-11-06,48.5565,48.5485,VGSH,tiingo
2018-11-07,,48.524,VGSH,tiingo
2018-11-08,48.5485,48.524,VGSH,tiingo
2018-11-09,48.5322,48.5485,VGSH,tiingo
2018-11-12,48.5811,48.5891,VGSH,tiingo
2018-11-13,48.5811,48.6054,VGSH,tiingo
2018-11-14,48.5974,48.638,VGSH,tiingo
2018-11-15,48.6543,48.6463,VGSH,tiingo
2018-11-16,48.6789,48.7033,VGSH,tiingo
2018-11-19,48.6951,48.7195,VGSH,tiingo
2018-11-20,48.7277,48.7195,VGSH,tiingo
2018-11-21,,48.7195,VGSH,tiingo
2018-11-23,48.7359,48.7195,VGSH,tiingo
2018-11-26,,48.7115,VGSH,tiingo
2018-11-27,,48.7115,VGSH,tiingo
2018-11-28,48.6951,48.7277,VGSH,tiingo
2018-11-29,,48.7441,VGSH,tiingo
2018-11-30,48.7521,48.7603,VGSH,tiingo
2018-12-03,,48.747,VGSH,tiingo
2018-12-04,48.739,48.7634,VGSH,tiingo
2018-12-06,48.8448,48.8204,VGSH,tiingo
2018-12-07,48.8122,48.8448,VGSH,tiingo
2018-12-10,48.8448,48.8613,VGSH,tiingo
2018-12-11,,48.837,VGSH,tiingo
2018-12-12,,48.8204,VGSH,tiingo
2018-12-13,48.837,48.8448,VGSH,tiingo
2018-12-14,48.8696,48.8857,VGSH,tiingo
2018-12-17,48.8857,48.9184,VGSH,tiingo
2018-12-18,48.9348,48.9593,VGSH,tiingo
2018-12-19,48.9674,48.9593,VGSH,tiingo
2018-12-20,,48.9674,VGSH,tiingo
2018-12-21,48.9674,49,VGSH,tiingo
2018-12-24,49.0174,49.042,VGSH,tiingo
2018-12-26,49.0502,49.0092,VGSH,tiingo
2018-12-27,49.0585,49.0747,VGSH,tiingo
2018-12-28,49.0665,49.1157,VGSH,tiingo
2018-12-31,49.1074,49.1646,VGSH,tiingo
2019-01-02,,49.1484,VGSH,tiingo
2019-01-03,49.1484,49.2546,VGSH,tiingo
2019-01-04,49.1728,49.1484,VGSH,tiingo
2019-01-07,49.1646,49.1074,VGSH,tiingo
2019-01-08,,49.083,VGSH,tiingo
2019-01-09,49.0747,49.0992,VGSH,tiingo
2019-01-10,49.1319,49.1074,VGSH,tiingo
2019-01-11,49.1319,49.1238,VGSH,tiingo
2019-01-14,49.1484,49.1319,VGSH,tiingo
2019-01-15,49.1564,49.1319,VGSH,tiingo
2019-01-16,49.1319,49.1401,VGSH,tiingo
2019-01-17,,49.1401,VGSH,tiingo
2019-01-18,49.1157,49.1074,VGSH,tiingo
2019-01-22,,49.1238,VGSH,tiingo
2019-01-23,49.1238,49.1319,VGSH,tiingo
2019-01-24,49.1564,49.1646,VGSH,tiingo
2019-01-25,49.1484,49.1401,VGSH,tiingo
2019-01-28,49.1319,49.1401,VGSH,tiingo
2019-01-29,49.1401,49.1728,VGSH,tiingo
2019-01-30,49.1646,49.2218,VGSH,tiingo
2019-01-31,49.2546,49.2628,VGSH,tiingo
2019-02-01,49.2584,49.2338,VGSH,tiingo
2019-02-04,49.2175,49.1849,VGSH,tiingo
2019-02-05,,49.2093,VGSH,tiingo
2019-02-06,49.2338,49.2256,VGSH,tiingo
2019-02-07,49.2503,49.2584,VGSH,tiingo
2019-02-08,49.2829,49.2911,VGSH,tiingo
2019-02-11,,49.2749,VGSH,tiingo
2019-02-12,49.2749,49.2666,VGSH,tiingo
2019-02-13,49.2421,49.2256,VGSH,tiingo
2019-02-14,,49.2829,VGSH,tiingo
2019-02-15,,49.2666,VGSH,tiingo
2019-02-19,,49.2994,VGSH,tiingo
2019-02-20,49.3077,49.2829,VGSH,tiingo
2019-02-21,49.2749,49.2666,VGSH,tiingo
2019-02-22,49.2911,49.3157,VGSH,tiingo
2019-02-25,49.2994,49.2911,VGSH,tiingo
2019-02-26,49.324,49.3322,VGSH,tiingo
2019-02-27,49.3157,49.2994,VGSH,tiingo
2019-02-28,,49.2994,VGSH,tiingo
2019-03-01,49.2916,49.2588,VGSH,tiingo
2019-03-04,49.267,49.2834,VGSH,tiingo
2019-03-05,,49.2753,VGSH,tiingo
2019-03-06,49.2834,49.3245,VGSH,tiingo
2019-03-07,49.3491,49.3739,VGSH,tiingo
2019-03-08,49.3656,49.3819,VGSH,tiingo
2019-03-11,49.3739,49.3574,VGSH,tiingo
2019-03-12,49.3739,49.3903,VGSH,tiingo
2019-03-13,49.3819,49.3984,VGSH,tiingo
2019-03-14,,49.4066,VGSH,tiingo
2019-03-15,,49.4148,VGSH,tiingo
2019-03-18,,49.4231,VGSH,tiingo
2019-03-19,,49.4148,VGSH,tiingo
2019-03-20,49.4231,49.4805,VGSH,tiingo
2019-03-21,49.497,49.4888,VGSH,tiingo
2019-03-22,49.5217,49.5545,VGSH,tiingo
2019-03-25,49.579,49.6201,VGSH,tiingo
2019-03-26,49.6119,49.6283,VGSH,tiingo
2019-03-27,49.6447,49.6611,VGSH,tiingo
2019-03-28,,49.653,VGSH,tiingo
2019-03-29,49.6119,49.6036,VGSH,tiingo
2019-04-01,49.6,49.5591,VGSH,tiingo
2019-04-02,49.5838,49.592,VGSH,tiingo
2019-04-03,49.5838,49.567,VGSH,tiingo
2019-04-04,49.5838,49.5754,VGSH,tiingo
2019-04-05,49.5591,49.567,VGSH,tiingo
2019-04-08,49.5754,49.5508,VGSH,tiingo
2019-04-09,,49.5838,VGSH,tiingo
2019-04-10,49.592,49.6167,VGSH,tiingo
2019-04-11,49.6,49.592,VGSH,tiingo
2019-04-12,,49.5508,VGSH,tiingo
2019-04-15,49.5508,49.5754,VGSH,tiingo
2019-04-16,49.5591,49.5508,VGSH,tiingo
2019-04-17,49.5508,49.5754,VGSH,tiingo
2019-04-18,,49.5754,VGSH,tiingo
2019-04-22,,49.592,VGSH,tiingo
2019-04-23,49.6,49.6167,VGSH,tiingo
2019-04-24,49.6412,49.6577,VGSH,tiingo
2019-04-25,,49.6577,VGSH,tiingo
2019-04-26,,49.6988,VGSH,tiingo
2019-04-29,49.6825,49.6906,VGSH,tiingo
2019-04-30,49.6742,49.7154,VGSH,tiingo
2019-05-01,49.6979,49.6649,VGSH,tiingo
2019-05-02,49.6649,49.6486,VGSH,tiingo
2019-05-03,49.6649,49.6567,VGSH,tiingo
2019-05-06,49.7145,49.6979,VGSH,tiingo
2019-05-07,49.7145,49.7309,VGSH,tiingo
2019-05-08,49.7309,49.7145,VGSH,tiingo
2019-05-09,49.7475,49.7391,VGSH,tiingo
2019-05-10,,49.7556,VGSH,tiingo
2019-05-13,,49.8215,VGSH,tiingo
2019-05-14,49.8215,49.8052,VGSH,tiingo
2019-05-15,49.8628,49.8382,VGSH,tiingo
2019-05-16,49.8298,49.8382,VGSH,tiingo
2019-05-17,49.8628,49.8382,VGSH,tiingo
2019-05-20,,49.8215,VGSH,tiingo
2019-05-21,49.8134,49.7968,VGSH,tiingo
2019-05-22,49.8052,49.8215,VGSH,tiingo
2019-05-23,49.8544,49.9042,VGSH,tiingo
2019-05-24,49.8958,49.8874,VGSH,tiingo
2019-05-28,49.9042,49.9288,VGSH,tiingo
2019-05-29,49.9534,49.9288,VGSH,tiingo
2019-05-30,49.9451,49.978,VGSH,tiingo
2019-05-31,50.0359,50.1019,VGSH,tiingo
2019-06-03,50.1383,50.1879,VGSH,tiingo
2019-06-04,50.1219,50.1548,VGSH,tiingo
2019-06-05,50.2128,50.1962,VGSH,tiingo
2019-06-06,50.1797,50.1548,VGSH,tiingo
2019-06-07,50.2292,50.2044,VGSH,tiingo
2019-06-10,50.1713,50.1548,VGSH,tiingo
2019-06-11,,50.1219,VGSH,tiingo
2019-06-12,50.1548,50.1631,VGSH,tiingo
2019-06-13,50.1879,50.2209,VGSH,tiingo
2019-06-14,50.1879,50.2209,VGSH,tiingo
2019-06-17,50.2128,50.1962,VGSH,tiingo
2019-06-18,50.2374,50.2128,VGSH,tiingo
2019-06-19,50.1797,50.3035,VGSH,tiingo
2019-06-20,50.3449,50.3242,VGSH,tiingo
2019-06-21,50.287,50.3035,VGSH,tiingo
2019-06-24,50.3118,50.3283,VGSH,tiingo
2019-06-25,50.3449,50.3366,VGSH,tiingo
2019-06-26,50.3201,50.287,VGSH,tiingo
2019-06-27,50.3201,50.3283,VGSH,tiingo
2019-06-28,50.3201,50.3283,VGSH,tiingo
2019-07-01,50.3166,50.2916,VGSH,tiingo
2019-07-02,50.2999,50.333,VGSH,tiingo
2019-07-03,,50.3413,VGSH,tiingo
2019-07-05,50.2585,50.242,VGSH,tiingo
2019-07-08,50.2503,50.2254,VGSH,tiingo
2019-07-09,50.2336,50.2089,VGSH,tiingo
2019-07-10,50.2503,50.2834,VGSH,tiingo
2019-07-11,50.2751,50.2585,VGSH,tiingo
2019-07-12,50.2585,50.2834,VGSH,tiingo
2019-07-15,,50.2834,VGSH,tiingo
2019-07-16,50.2585,50.2503,VGSH,tiingo
2019-07-17,50.2667,50.2999,VGSH,tiingo
2019-07-18,50.2999,50.3578,VGSH,tiingo
2019-07-19,,50.333,VGSH,tiingo
2019-07-22,50.3413,50.333,VGSH,tiingo
2019-07-23,,50.3248,VGSH,tiingo
2019-07-24,50.3248,50.3083,VGSH,tiingo
2019-07-25,50.3083,50.2999,VGSH,tiingo
2019-07-26,50.2916,50.2999,VGSH,tiingo
2019-07-29,,50.3083,VGSH,tiingo
2019-07-30,,50.3166,VGSH,tiingo
2019-07-31,50.333,50.2999,VGSH,tiingo
2019-08-01,50.3343,50.4338,VGSH,tiingo
2019-08-02,50.4338,50.4505,VGSH,tiingo
2019-08-05,50.5333,50.5499,VGSH,tiingo
2019-08-06,50.5499,50.5831,VGSH,tiingo
2019-08-07,50.6495,50.5913,VGSH,tiingo
2019-08-08,50.5583,50.5748,VGSH,tiingo
2019-08-09,50.5748,50.5583,VGSH,tiingo
2019-08-12,50.5831,50.5997,VGSH,tiingo
2019-08-13,50.5913,50.5416,VGSH,tiingo
2019-08-14,,50.5913,VGSH,tiingo
2019-08-15,50.6412,50.7074,VGSH,tiingo
2019-08-16,50.6827,50.7074,VGSH,tiingo
2019-08-19,50.6743,50.6495,VGSH,tiingo
2019-08-20,,50.6827,VGSH,tiingo
2019-08-21,50.6577,50.6245,VGSH,tiingo
2019-08-22,50.6163,50.608,VGSH,tiingo
2019-08-23,50.6328,50.6909,VGSH,tiingo
2019-08-26,50.6743,50.6577,VGSH,tiingo
2019-08-27,50.6659,50.6909,VGSH,tiingo
2019-08-28,,50.6991,VGSH,tiingo
2019-08-29,50.7074,50.6909,VGSH,tiingo
2019-08-30,50.6743,50.7074,VGSH,tiingo
2019-09-03,50.7107,50.744,VGSH,tiingo
2019-09-04,50.7274,50.7688,VGSH,tiingo
2019-09-05,50.719,50.6775,VGSH,tiingo
2019-09-06,50.6858,50.6775,VGSH,tiingo
2019-09-09,50.6359,50.6277,VGSH,tiingo
2019-09-10,50.6027,50.5446,VGSH,tiingo
2019-09-11,,50.5363,VGSH,tiingo
2019-09-12,50.5695,50.5114,VGSH,tiingo
2019-09-13,50.4864,50.4365,VGSH,tiingo
2019-09-16,50.4698,50.4864,VGSH,tiingo
2019-09-17,50.4781,50.5114,VGSH,tiingo
2019-09-18,50.5278,50.4864,VGSH,tiingo
2019-09-19,50.5197,50.5114,VGSH,tiingo
2019-09-20,50.5197,50.5446,VGSH,tiingo
2019-09-23,,50.5779,VGSH,tiingo
2019-09-24,50.5779,50.6194,VGSH,tiingo
2019-09-25,50.611,50.5529,VGSH,tiingo
2019-09-26,50.611,50.5862,VGSH,tiingo
2019-09-27,50.5862,50.6027,VGSH,tiingo
2019-09-30,50.6027,50.6194,VGSH,tiingo
2019-10-01,50.6043,50.7126,VGSH,tiingo
2019-10-02,50.7292,50.7708,VGSH,tiingo
2019-10-03,50.7791,50.8457,VGSH,tiingo
2019-10-04,50.8374,50.8541,VGSH,tiingo
2019-10-07,50.8208,50.7958,VGSH,tiingo
2019-10-08,,50.8374,VGSH,tiingo
2019-10-09,50.8374,50.8041,VGSH,tiingo
2019-10-10,50.7958,50.7458,VGSH,tiingo
2019-10-11,50.696,50.6875,VGSH,tiingo
2019-10-14,,50.7042,VGSH,tiingo
2019-10-15,50.7126,50.6709,VGSH,tiingo
2019-10-16,,50.7209,VGSH,tiingo
2019-10-17,,50.7126,VGSH,tiingo
2019-10-18,50.7292,50.7458,VGSH,tiingo
2019-10-21,50.7209,50.7126,VGSH,tiingo
2019-10-22,50.7292,50.7126,VGSH,tiingo
2019-10-23,50.7458,50.7209,VGSH,tiingo
2019-10-24,50.7375,50.7292,VGSH,tiingo
2019-10-25,50.7292,50.696,VGSH,tiingo
2019-10-28,50.6627,50.6709,VGSH,tiingo
2019-10-29,,50.6793,VGSH,tiingo
2019-10-30,50.6793,50.7209,VGSH,tiingo
2019-10-31,50.7375,50.8041,VGSH,tiingo
2019-11-01,,50.7798,VGSH,tiingo
2019-11-04,,50.7464,VGSH,tiingo
2019-11-05,50.7214,50.7132,VGSH,tiingo
2019-11-06,50.7298,50.7214,VGSH,tiingo
2019-11-07,50.6965,50.6631,VGSH,tiingo
2019-11-08,50.6631,50.6714,VGSH,tiingo
2019-11-11,50.6965,50.6798,VGSH,tiingo
2019-11-12,,50.6798,VGSH,tiingo
2019-11-13,50.7214,50.7047,VGSH,tiingo
2019-11-14,50.7632,50.7714,VGSH,tiingo
2019-11-15,50.7464,50.7632,VGSH,tiingo
2019-11-18,50.7714,50.7632,VGSH,tiingo
2019-11-19,50.7464,50.7632,VGSH,tiingo
2019-11-20,50.7798,50.7882,VGSH,tiingo
2019-11-21,50.7798,50.7714,VGSH,tiingo
2019-11-22,50.7798,50.7548,VGSH,tiingo
2019-11-25,,50.7632,VGSH,tiingo
2019-11-26,,50.7798,VGSH,tiingo
2019-11-27,50.7798,50.7632,VGSH,tiingo
2019-11-29,50.7632,50.7882,VGSH,tiingo
2019-12-02,50.7566,50.7733,VGSH,tiingo
2019-12-03,50.8234,50.84,VGSH,tiingo
2019-12-04,50.8318,50.8151,VGSH,tiingo
2019-12-05,50.7901,50.8067,VGSH,tiingo
2019-12-06,50.765,50.7733,VGSH,tiingo
2019-12-09,,50.7817,VGSH,tiingo
2019-12-10,50.7733,50.7566,VGSH,tiingo
2019-12-11,50.7566,50.7984,VGSH,tiingo
2019-12-12,50.7984,50.7482,VGSH,tiingo
2019-12-13,50.7901,50.7984,VGSH,tiingo
2019-12-16,50.7901,50.7733,VGSH,tiingo
2019-12-17,50.7817,50.7733,VGSH,tiingo
2019-12-18,,50.7817,VGSH,tiingo
2019-12-19,,50.7901,VGSH,tiingo
2019-12-20,,50.7984,VGSH,tiingo
2019-12-23,50.8035,50.7785,VGSH,tiingo
2019-12-24,50.7868,50.8035,VGSH,tiingo
2019-12-26,50.8035,50.8287,VGSH,tiingo
2019-12-27,50.837,50.8622,VGSH,tiingo
2019-12-30,50.8538,50.8705,VGSH,tiingo
2019-12-31,50.8789,50.8956,VGSH,tiingo
2020-01-02,50.8789,50.8956,VGSH,tiingo
2020-01-03,50.9123,50.9375,VGSH,tiingo
2020-01-06,50.9375,50.904,VGSH,tiingo
2020-01-07,50.9123,50.9207,VGSH,tiingo
2020-01-08,50.9207,50.904,VGSH,tiingo
2020-01-09,50.8705,50.904,VGSH,tiingo
2020-01-10,50.904,50.9207,VGSH,tiingo
2020-01-13,50.9123,50.8956,VGSH,tiingo
2020-01-14,,50.904,VGSH,tiingo
2020-01-15,50.9291,50.9375,VGSH,tiingo
2020-01-16,,50.9375,VGSH,tiingo
2020-01-17,50.9291,50.9375,VGSH,tiingo
2020-01-21,50.9542,50.9793,VGSH,tiingo
2020-01-22,50.971,50.9793,VGSH,tiingo
2020-01-23,,50.996,VGSH,tiingo
2020-01-24,50.9877,51.0295,VGSH,tiingo
2020-01-27,51.0796,51.0629,VGSH,tiingo
2020-01-28,51.0714,51.0462,VGSH,tiingo
2020-01-29,51.0462,51.0796,VGSH,tiingo
2020-01-30,51.1049,51.0964,VGSH,tiingo
2020-01-31,51.1214,51.18,VGSH,tiingo
2020-02-03,51.1479,51.1563,VGSH,tiingo
2020-02-04,51.0977,51.0892,VGSH,tiingo
2020-02-05,51.0642,51.0557,VGSH,tiingo
2020-02-06,51.0557,51.0642,VGSH,tiingo
2020-02-07,51.0892,51.1062,VGSH,tiingo
2020-02-10,51.1312,51.1396,VGSH,tiingo
2020-02-11,,51.1062,VGSH,tiingo
2020-02-12,51.0809,51.0892,VGSH,tiingo
2020-02-13,51.1062,51.0977,VGSH,tiingo
2020-02-14,,51.1144,VGSH,tiingo
2020-02-18,51.1227,51.1396,VGSH,tiingo
2020-02-19,51.1144,51.1227,VGSH,tiingo
2020-02-20,51.1227,51.1648,VGSH,tiingo
2020-02-21,51.1731,51.1983,VGSH,tiingo
2020-02-24,51.282,51.2989,VGSH,tiingo
2020-02-25,51.2989,51.3323,VGSH,tiingo
2020-02-26,51.3323,51.3575,VGSH,tiingo
2020-02-27,51.4413,51.4498,VGSH,tiingo
2020-02-28,51.5921,51.634,VGSH,tiingo
2020-03-02,51.6821,51.5981,VGSH,tiingo
2020-03-03,51.6233,51.7913,VGSH,tiingo
2020-03-04,51.8164,51.8416,VGSH,tiingo
2020-03-05,,51.934,VGSH,tiingo
2020-03-06,52.0431,51.9676,VGSH,tiingo
2020-03-09,52.1941,52.2027,VGSH,tiingo
2020-03-10,52.0347,51.9759,VGSH,tiingo
2020-03-11,52.0766,51.9507,VGSH,tiingo
2020-03-12,52.0095,52.0934,VGSH,tiingo
2020-03-13,51.9926,52.0095,VGSH,tiingo
2020-03-16,52.1185,52.1521,VGSH,tiingo
2020-03-17,52.1773,51.9591,VGSH,tiingo
2020-03-18,52.0598,51.9843,VGSH,tiingo
2020-03-19,51.892,52.0347,VGSH,tiingo
2020-03-20,52.1355,52.2277,VGSH,tiingo
2020-03-23,52.4375,52.2277,VGSH,tiingo
2020-03-24,52.1355,52.1691,VGSH,tiingo
2020-03-25,52.1438,52.2193,VGSH,tiingo
2020-03-26,52.2108,52.2949,VGSH,tiingo
2020-03-27,52.3117,52.2781,VGSH,tiingo
2020-03-30,52.2949,52.3285,VGSH,tiingo
2020-03-31,52.3621,52.3285,VGSH,tiingo
2020-04-01,52.303,52.3283,VGSH,tiingo
2020-04-02,52.3283,52.3197,VGSH,tiingo
2020-04-03,52.3114,52.303,VGSH,tiingo
2020-04-06,52.3197,52.2695,VGSH,tiingo
2020-04-07,52.2105,52.2695,VGSH,tiingo
2020-04-08,52.2946,52.2861,VGSH,tiingo
2020-04-09,52.2861,52.3283,VGSH,tiingo
2020-04-13,52.2946,52.303,VGSH,tiingo
2020-04-14,52.2946,52.3114,VGSH,tiingo
2020-04-15,,52.3365,VGSH,tiingo
2020-04-16,52.3534,52.3283,VGSH,tiingo
2020-04-17,,52.3197,VGSH,tiingo
2020-04-20,52.3365,52.3283,VGSH,tiingo
2020-04-21,52.345,52.3283,VGSH,tiingo
2020-04-22,52.3114,52.3197,VGSH,tiingo
2020-04-23,52.3283,52.3197,VGSH,tiingo
2020-04-24,,52.3197,VGSH,tiingo
2020-04-27,52.3197,52.3114,VGSH,tiingo
2020-04-28,52.3283,52.345,VGSH,tiingo
2020-04-29,52.345,52.3365,VGSH,tiingo
2020-04-30,52.3365,52.345,VGSH,tiingo
2020-05-01,52.337,52.3202,VGSH,tiingo
2020-05-04,,52.337,VGSH,tiingo
2020-05-05,52.3455,52.337,VGSH,tiingo
2020-05-06,52.337,52.3538,VGSH,tiingo
2020-05-07,52.3538,52.4043,VGSH,tiingo
2020-05-08,52.396,52.3792,VGSH,tiingo
2020-05-11,52.3792,52.3538,VGSH,tiingo
2020-05-12,52.3455,52.3706,VGSH,tiingo
2020-05-13,,52.3792,VGSH,tiingo
2020-05-14,52.3792,52.396,VGSH,tiingo
2020-05-15,,52.396,VGSH,tiingo
2020-05-18,52.3875,52.3624,VGSH,tiingo
2020-05-19,52.3538,52.3706,VGSH,tiingo
2020-05-20,,52.3624,VGSH,tiingo
2020-05-21,,52.3624,VGSH,tiingo
2020-05-22,,52.3792,VGSH,tiingo
2020-05-26,52.3624,52.3706,VGSH,tiingo
2020-05-27,52.3624,52.3538,VGSH,tiingo
2020-05-28,52.3624,52.3706,VGSH,tiingo
2020-05-29,52.3792,52.3875,VGSH,tiingo
2020-06-01,52.3805,52.372,VGSH,tiingo
2020-06-02,52.3637,52.372,VGSH,tiingo
2020-06-03,52.3552,52.33,VGSH,tiingo
2020-06-04,52.3383,52.33,VGSH,tiingo
2020-06-05,52.3131,52.3046,VGSH,tiingo
2020-06-08,52.3046,52.2878,VGSH,tiingo
2020-06-09,52.3131,52.33,VGSH,tiingo
2020-06-10,52.3383,52.3552,VGSH,tiingo
2020-06-11,,52.3552,VGSH,tiingo
2020-06-12,52.3468,52.3552,VGSH,tiingo
2020-06-15,52.3552,52.3468,VGSH,tiingo
2020-06-16,52.3468,52.3383,VGSH,tiingo
2020-06-17,52.3383,52.3468,VGSH,tiingo
2020-06-18,,52.3468,VGSH,tiingo
2020-06-19,52.3552,52.3637,VGSH,tiingo
2020-06-22,52.3637,52.3468,VGSH,tiingo
2020-06-23,52.3552,52.3637,VGSH,tiingo
2020-06-24,,52.3637,VGSH,tiingo
2020-06-25,,52.372,VGSH,tiingo
2020-06-26,52.372,52.3805,VGSH,tiingo
2020-06-29,52.3889,52.3974,VGSH,tiingo
2020-06-30,52.3974,52.3889,VGSH,tiingo
2020-07-01,,52.3836,VGSH,tiingo
2020-07-02,52.3836,52.4004,VGSH,tiingo
2020-07-06,52.3922,52.3836,VGSH,tiingo
2020-07-07,52.3836,52.4004,VGSH,tiingo
2020-07-08,52.3879,52.3922,VGSH,tiingo
2020-07-09,52.3922,52.4004,VGSH,tiingo
2020-07-10,52.4004,52.3922,VGSH,tiingo
2020-07-13,52.3922,52.4004,VGSH,tiingo
2020-07-14,52.409,52.3922,VGSH,tiingo
2020-07-15,,52.4004,VGSH,tiingo
2020-07-16,,52.409,VGSH,tiingo
2020-07-17,52.4004,52.409,VGSH,tiingo
2020-07-20,52.4174,52.4004,VGSH,tiingo
2020-07-21,,52.409,VGSH,tiingo
2020-07-22,52.4174,52.4004,VGSH,tiingo
2020-07-23,52.409,52.3922,VGSH,tiingo
2020-07-24,52.4174,52.409,VGSH,tiingo
2020-07-27,52.4174,52.4004,VGSH,tiingo
2020-07-28,52.409,52.4141,VGSH,tiingo
2020-07-29,52.4174,52.4259,VGSH,tiingo
2020-07-30,,52.4426,VGSH,tiingo
2020-07-31,52.4342,52.4426,VGSH,tiingo
2020-08-03,,52.4436,VGSH,tiingo
2020-08-04,,52.452,VGSH,tiingo
2020-08-05,52.4436,52.4351,VGSH,tiingo
2020-08-06,52.4499,52.4436,VGSH,tiingo
2020-08-07,52.4436,52.4267,VGSH,tiingo
2020-08-10,,52.4351,VGSH,tiingo
2020-08-11,52.4183,52.4013,VGSH,tiingo
2020-08-12,52.4013,52.3931,VGSH,tiingo
2020-08-13,52.3973,52.3845,VGSH,tiingo
2020-08-14,52.3931,52.4056,VGSH,tiingo
2020-08-17,52.4013,52.3931,VGSH,tiingo
2020-08-18,52.4013,52.4141,VGSH,tiingo
2020-08-19,52.4013,52.4099,VGSH,tiingo
2020-08-20,52.4267,52.4183,VGSH,tiingo
2020-08-21,,52.4183,VGSH,tiingo
2020-08-24,52.4141,52.4099,VGSH,tiingo
2020-08-25,52.3931,52.4013,VGSH,tiingo
2020-08-26,52.4013,52.3931,VGSH,tiingo
2020-08-27,52.4099,52.3931,VGSH,tiingo
2020-08-28,,52.4099,VGSH,tiingo
2020-08-31,,52.4183,VGSH,tiingo
2020-09-01,52.4189,52.4315,VGSH,tiingo
2020-09-02,52.4232,52.4148,VGSH,tiingo
2020-09-03,,52.4232,VGSH,tiingo
2020-09-04,52.4232,52.4063,VGSH,tiingo
2020-09-08,52.4063,52.4148,VGSH,tiingo
2020-09-09,52.4106,52.4063,VGSH,tiingo
2020-09-10,52.4148,52.4232,VGSH,tiingo
2020-09-11,52.4232,52.4315,VGSH,tiingo
2020-09-14,,52.4148,VGSH,tiingo
2020-09-15,52.4148,52.4232,VGSH,tiingo
2020-09-16,,52.4315,VGSH,tiingo
2020-09-17,52.4401,52.4315,VGSH,tiingo
2020-09-18,52.4315,52.4148,VGSH,tiingo
2020-09-21,52.4232,52.4189,VGSH,tiingo
2020-09-22,52.4232,52.4315,VGSH,tiingo
2020-09-23,52.4315,52.4232,VGSH,tiingo
2020-09-24,,52.4232,VGSH,tiingo
2020-09-25,,52.4315,VGSH,tiingo
2020-09-28,52.4232,52.4315,VGSH,tiingo
2020-09-29,52.4232,52.4401,VGSH,tiingo
2020-09-30,52.4315,52.4232,VGSH,tiingo
2020-10-01,52.4235,52.4318,VGSH,tiingo
2020-10-02,52.4403,52.4235,VGSH,tiingo
2020-10-05,52.4235,52.398,VGSH,tiingo
2020-10-06,52.4065,52.415,VGSH,tiingo
2020-10-07,,52.4065,VGSH,tiingo
2020-10-08,52.4065,52.4235,VGSH,tiingo
2020-10-09,,52.415,VGSH,tiingo
2020-10-12,52.415,52.3981,VGSH,tiingo
2020-10-13,52.4065,52.4235,VGSH,tiingo
2020-10-14,52.4235,52.4277,VGSH,tiingo
2020-10-15,52.4235,52.4309,VGSH,tiingo
2020-10-16,,52.4235,VGSH,tiingo
2020-10-19,,52.415,VGSH,tiingo
2020-10-20,52.415,52.4065,VGSH,tiingo
2020-10-21,52.4065,52.415,VGSH,tiingo
2020-10-22,,52.415,VGSH,tiingo
2020-10-23,52.4065,52.415,VGSH,tiingo
2020-10-26,52.4235,52.415,VGSH,tiingo
2020-10-27,52.4235,52.415,VGSH,tiingo
2020-10-28,52.4184,52.415,VGSH,tiingo
2020-10-29,,52.415,VGSH,tiingo
2020-10-30,,52.415,VGSH,tiingo
2020-11-02,52.4132,52.4047,VGSH,tiingo
2020-11-03,52.4047,52.3963,VGSH,tiingo
2020-11-04,52.4125,52.4301,VGSH,tiingo
2020-11-05,52.4132,52.4217,VGSH,tiingo
2020-11-06,,52.4132,VGSH,tiingo
2020-11-09,52.3794,52.3879,VGSH,tiingo
2020-11-10,52.3709,52.3794,VGSH,tiingo
2020-11-11,52.3709,52.3879,VGSH,tiingo
2020-11-12,52.3879,52.3963,VGSH,tiingo
2020-11-13,52.3963,52.3879,VGSH,tiingo
2020-11-16,52.3879,52.4386,VGSH,tiingo
2020-11-17,,52.3963,VGSH,tiingo
2020-11-18,,52.3879,VGSH,tiingo
2020-11-19,52.3963,52.4047,VGSH,tiingo
2020-11-20,52.3963,52.4047,VGSH,tiingo
2020-11-23,52.4132,52.3963,VGSH,tiingo
2020-11-24,52.4047,52.4132,VGSH,tiingo
2020-11-25,52.409,52.4047,VGSH,tiingo
2020-11-27,52.4132,52.4217,VGSH,tiingo
2020-11-30,52.4217,52.4301,VGSH,tiingo
2020-12-01,52.416,52.4075,VGSH,tiingo
2020-12-02,52.4032,52.3989,VGSH,tiingo
2020-12-03,52.4075,52.416,VGSH,tiingo
2020-12-04,,52.416,VGSH,tiingo
2020-12-07,52.4171,52.4327,VGSH,tiingo
2020-12-08,52.4245,52.416,VGSH,tiingo
2020-12-09,52.416,52.4075,VGSH,tiingo
2020-12-10,,52.4245,VGSH,tiingo
2020-12-11,52.4413,52.4498,VGSH,tiingo
2020-12-14,52.4413,52.4498,VGSH,tiingo
2020-12-15,,52.4582,VGSH,tiingo
2020-12-16,52.4413,52.4498,VGSH,tiingo
2020-12-17,,52.4498,VGSH,tiingo
2020-12-18,52.4598,52.4498,VGSH,tiingo
2020-12-21,52.4582,52.4413,VGSH,tiingo
2020-12-22,52.4498,52.4582,VGSH,tiingo
2020-12-23,,52.4595,VGSH,tiingo
2020-12-24,52.4511,52.4595,VGSH,tiingo
2020-12-28,52.4425,52.4595,VGSH,tiingo
2020-12-29,,52.4511,VGSH,tiingo
2020-12-30,52.4425,52.4595,VGSH,tiingo
2020-12-31,52.4511,52.4425,VGSH,tiingo
2021-01-04,52.4529,52.4679,VGSH,tiingo
2021-01-05,52.4623,52.4595,VGSH,tiingo
2021-01-06,52.4467,52.4425,VGSH,tiingo
2021-01-07,,52.4339,VGSH,tiingo
2021-01-08,,52.4339,VGSH,tiingo
2021-01-11,52.4284,52.4255,VGSH,tiingo
2021-01-12,,52.417,VGSH,tiingo
2021-01-13,52.417,52.4339,VGSH,tiingo
2021-01-14,,52.4255,VGSH,tiingo
2021-01-15,52.4339,52.4425,VGSH,tiingo
2021-01-19,52.4425,52.4553,VGSH,tiingo
2021-01-20,52.4425,52.4511,VGSH,tiingo
2021-01-21,,52.4511,VGSH,tiingo
2021-01-22,,52.4595,VGSH,tiingo
2021-01-25,,52.4679,VGSH,tiingo
2021-01-26,52.4636,52.4595,VGSH,tiingo
2021-01-27,,52.4595,VGSH,tiingo
2021-01-28,52.4519,52.4595,VGSH,tiingo
2021-01-29,52.4511,52.4636,VGSH,tiingo
2021-02-01,,52.4724,VGSH,tiingo
2021-02-02,52.4638,52.4554,VGSH,tiingo
2021-02-03,,52.4554,VGSH,tiingo
2021-02-04,52.4554,52.4724,VGSH,tiingo
2021-02-05,52.4638,52.4724,VGSH,tiingo
2021-02-08,52.4638,52.4554,VGSH,tiingo
2021-02-09,52.4554,52.4638,VGSH,tiingo
2021-02-10,,52.4638,VGSH,tiingo
2021-02-11,52.4638,52.4724,VGSH,tiingo
2021-02-12,52.4724,52.4638,VGSH,tiingo
2021-02-16,,52.4554,VGSH,tiingo
2021-02-17,,52.4554,VGSH,tiingo
2021-02-18,52.4638,52.4724,VGSH,tiingo
2021-02-19,,52.4638,VGSH,tiingo
2021-02-22,52.4681,52.4638,VGSH,tiingo
2021-02-23,,52.4554,VGSH,tiingo
2021-02-24,52.4554,52.4469,VGSH,tiingo
2021-02-25,52.4128,52.3788,VGSH,tiingo
2021-02-26,52.4042,52.4554,VGSH,tiingo
2021-03-01,52.4393,52.4478,VGSH,tiingo
2021-03-02,52.4423,52.4478,VGSH,tiingo
2021-03-03,52.4307,52.4137,VGSH,tiingo
2021-03-04,52.4223,52.4137,VGSH,tiingo
2021-03-05,52.3967,52.4137,VGSH,tiingo
2021-03-08,52.3967,52.3882,VGSH,tiingo
2021-03-09,,52.3967,VGSH,tiingo
2021-03-10,52.3882,52.3967,VGSH,tiingo
2021-03-11,,52.4223,VGSH,tiingo
2021-03-12,52.4052,52.4137,VGSH,tiingo
2021-03-15,52.4052,52.4137,VGSH,tiingo
2021-03-16,,52.4137,VGSH,tiingo
2021-03-17,52.4052,52.4307,VGSH,tiingo
2021-03-18,52.4137,52.4223,VGSH,tiingo
2021-03-19,52.4137,52.4223,VGSH,tiingo
2021-03-22,,52.4223,VGSH,tiingo
2021-03-23,,52.4393,VGSH,tiingo
2021-03-24,,52.4393,VGSH,tiingo
2021-03-25,52.4307,52.4393,VGSH,tiingo
2021-03-26,52.4393,52.4478,VGSH,tiingo
2021-03-29,52.4393,52.4307,VGSH,tiingo
2021-03-30,52.4307,52.4223,VGSH,tiingo
2021-03-31,52.4223,52.4137,VGSH,tiingo
2021-04-01,52.4206,52.4234,VGSH,tiingo
2021-04-05,52.3893,52.3978,VGSH,tiingo
2021-04-06,52.4106,52.4234,VGSH,tiingo
2021-04-07,52.4245,52.4234,VGSH,tiingo
2021-04-08,52.4318,52.4404,VGSH,tiingo
2021-04-09,52.4191,52.4276,VGSH,tiingo
2021-04-12,,52.4149,VGSH,tiingo
2021-04-13,52.4149,52.4234,VGSH,tiingo
2021-04-14,52.4234,52.4318,VGSH,tiingo
2021-04-15,,52.4404,VGSH,tiingo
2021-04-16,52.4234,52.4318,VGSH,tiingo
2021-04-19,52.4234,52.4404,VGSH,tiingo
2021-04-20,52.4234,52.5341,VGSH,tiingo
2021-04-21,52.4404,52.4532,VGSH,tiingo
2021-04-22,,52.449,VGSH,tiingo
2021-04-23,,52.4404,VGSH,tiingo
2021-04-26,52.4318,52.4234,VGSH,tiingo
2021-04-27,,52.4234,VGSH,tiingo
2021-04-28,52.4234,52.4404,VGSH,tiingo
2021-04-29,52.4234,52.449,VGSH,tiingo
2021-04-30,52.4318,52.449,VGSH,tiingo
2021-05-03,,52.4386,VGSH,tiingo
2021-05-04,52.4472,52.4557,VGSH,tiingo
2021-05-05,,52.4472,VGSH,tiingo
2021-05-06,52.4472,52.4557,VGSH,tiingo
2021-05-07,52.4813,52.4727,VGSH,tiingo
2021-05-10,52.4557,52.4641,VGSH,tiingo
2021-05-11,52.4557,52.4641,VGSH,tiingo
2021-05-12,52.43,52.4386,VGSH,tiingo
2021-05-13,52.4386,52.4557,VGSH,tiingo
2021-05-14,,52.4557,VGSH,tiingo
2021-05-17,,52.4557,VGSH,tiingo
2021-05-18,52.4472,52.4599,VGSH,tiingo
2021-05-19,52.4641,52.4557,VGSH,tiingo
2021-05-20,52.4557,52.4641,VGSH,tiingo
2021-05-21,52.4557,52.4641,VGSH,tiingo
2021-05-24,52.4557,52.4641,VGSH,tiingo
2021-05-25,52.4557,52.4727,VGSH,tiingo
2021-05-26,52.477,52.4813,VGSH,tiingo
2021-05-27,52.4727,52.4813,VGSH,tiingo
2021-05-28,52.477,52.4898,VGSH,tiingo
2021-06-01,52.4713,52.4799,VGSH,tiingo
2021-06-02,,52.4799,VGSH,tiingo
2021-06-03,52.4713,52.4543,VGSH,tiingo
2021-06-04,52.4713,52.4799,VGSH,tiingo
2021-06-07,52.4628,52.4713,VGSH,tiingo
2021-06-08,,52.4713,VGSH,tiingo
2021-06-09,52.4884,52.4799,VGSH,tiingo
2021-06-10,52.4713,52.4799,VGSH,tiingo
2021-06-11,52.4884,52.4799,VGSH,tiingo
2021-06-14,52.4713,52.4628,VGSH,tiingo
2021-06-15,52.4713,52.4628,VGSH,tiingo
2021-06-16,52.4713,52.4116,VGSH,tiingo
2021-06-17,52.4116,52.4031,VGSH,tiingo
2021-06-18,,52.3689,VGSH,tiingo
2021-06-21,52.3606,52.3776,VGSH,tiingo
2021-06-22,,52.386,VGSH,tiingo
2021-06-23,52.386,52.3776,VGSH,tiingo
2021-06-24,,52.3776,VGSH,tiingo
2021-06-25,52.3776,52.3689,VGSH,tiingo
2021-06-28,52.3776,52.386,VGSH,tiingo
2021-06-29,52.3776,52.386,VGSH,tiingo
2021-06-30,,52.386,VGSH,tiingo
2021-07-01,52.3919,52.3747,VGSH,tiingo
2021-07-02,52.3919,52.4089,VGSH,tiingo
2021-07-06,52.4002,52.426,VGSH,tiingo
2021-07-07,52.4173,52.4344,VGSH,tiingo
2021-07-08,52.4429,52.4685,VGSH,tiingo
2021-07-09,,52.4429,VGSH,tiingo
2021-07-12,52.4344,52.426,VGSH,tiingo
2021-07-13,,52.4002,VGSH,tiingo
2021-07-14,52.4173,52.426,VGSH,tiingo
2021-07-15,52.426,52.4344,VGSH,tiingo
2021-07-16,52.4045,52.426,VGSH,tiingo
2021-07-19,52.4601,52.4429,VGSH,tiingo
2021-07-20,52.4728,52.4601,VGSH,tiingo
2021-07-21,,52.4601,VGSH,tiingo
2021-07-22,52.4515,52.4601,VGSH,tiingo
2021-07-23,52.4601,52.4515,VGSH,tiingo
2021-07-26,52.4601,52.4685,VGSH,tiingo
2021-07-27,52.4728,52.4601,VGSH,tiingo
2021-07-28,52.4771,52.4685,VGSH,tiingo
2021-07-29,52.4685,52.4771,VGSH,tiingo
2021-07-30,52.4728,52.4814,VGSH,tiingo
2021-08-02,52.4925,52.4966,VGSH,tiingo
2021-08-03,52.4925,52.5095,VGSH,tiingo
2021-08-04,52.5095,52.4925,VGSH,tiingo
2021-08-05,52.4711,52.4753,VGSH,tiingo
2021-08-06,,52.4583,VGSH,tiingo
2021-08-09,52.4583,52.4326,VGSH,tiingo
2021-08-10,52.4413,52.4326,VGSH,tiingo
2021-08-11,,52.4326,VGSH,tiingo
2021-08-12,,52.4326,VGSH,tiingo
2021-08-13,52.4326,52.4413,VGSH,tiingo
2021-08-16,52.4583,52.4668,VGSH,tiingo
2021-08-17,,52.4413,VGSH,tiingo
2021-08-18,52.4498,52.4413,VGSH,tiingo
2021-08-19,52.4625,52.4498,VGSH,tiingo
2021-08-20,52.4498,52.4413,VGSH,tiingo
2021-08-23,52.4455,52.4498,VGSH,tiingo
2021-08-24,,52.4326,VGSH,tiingo
2021-08-25,,52.4326,VGSH,tiingo
2021-08-26,52.4369,52.4498,VGSH,tiingo
2021-08-27,52.4326,52.4583,VGSH,tiingo
2021-08-30,52.4668,52.4753,VGSH,tiingo
2021-08-31,52.4797,52.4753,VGSH,tiingo
2021-09-01,52.4817,52.4731,VGSH,tiingo
2021-09-02,,52.4731,VGSH,tiingo
2021-09-03,52.4731,52.4817,VGSH,tiingo
2021-09-07,52.4731,52.4561,VGSH,tiingo
2021-09-08,,52.4644,VGSH,tiingo
2021-09-09,52.4644,52.4817,VGSH,tiingo
2021-09-10,,52.4731,VGSH,tiingo
2021-09-13,52.4731,52.4817,VGSH,tiingo
2021-09-14,52.4731,52.4901,VGSH,tiingo
2021-09-15,,52.4731,VGSH,tiingo
2021-09-16,,52.4731,VGSH,tiingo
2021-09-17,52.4561,52.4475,VGSH,tiingo
2021-09-20,52.4731,52.4644,VGSH,tiingo
2021-09-21,52.4731,52.4817,VGSH,tiingo
2021-09-22,52.4644,52.4389,VGSH,tiingo
2021-09-23,52.4389,52.4304,VGSH,tiingo
2021-09-24,52.4219,52.4048,VGSH,tiingo
2021-09-27,52.4048,52.3963,VGSH,tiingo
2021-09-28,52.3963,52.4133,VGSH,tiingo
2021-09-29,,52.4048,VGSH,tiingo
2021-09-30,52.4048,52.4133,VGSH,tiingo
2021-10-01,52.4343,52.4429,VGSH,tiingo
2021-10-04,52.4343,52.4429,VGSH,tiingo
2021-10-05,,52.426,VGSH,tiingo
2021-10-06,52.4088,52.4173,VGSH,tiingo
2021-10-07,52.4088,52.4002,VGSH,tiingo
2021-10-08,52.4088,52.3831,VGSH,tiingo
2021-10-11,52.3831,52.3662,VGSH,tiingo
2021-10-12,,52.3576,VGSH,tiingo
2021-10-13,52.3448,52.3489,VGSH,tiingo
2021-10-14,52.3576,52.3489,VGSH,tiingo
2021-10-15,52.3234,52.3063,VGSH,tiingo
2021-10-18,52.2807,52.2892,VGSH,tiingo
2021-10-19,,52.2979,VGSH,tiingo
2021-10-20,52.3149,52.3234,VGSH,tiingo
2021-10-21,52.2807,52.2637,VGSH,tiingo
2021-10-22,52.2465,52.2381,VGSH,tiingo
2021-10-25,52.2551,52.2637,VGSH,tiingo
2021-10-26,,52.2551,VGSH,tiingo
2021-10-27,,52.2637,VGSH,tiingo
2021-10-28,52.221,52.2465,VGSH,tiingo
2021-10-29,52.2123,52.2551,VGSH,tiingo
2021-11-01,52.225,52.2337,VGSH,tiingo
2021-11-02,52.2636,52.2934,VGSH,tiingo
2021-11-03,,52.2763,VGSH,tiingo
2021-11-04,52.3019,52.3105,VGSH,tiingo
2021-11-05,52.3189,52.3531,VGSH,tiingo
2021-11-08,52.3276,52.2934,VGSH,tiingo
2021-11-09,,52.3189,VGSH,tiingo
2021-11-10,52.2592,52.2165,VGSH,tiingo
2021-11-11,52.1909,52.1823,VGSH,tiingo
2021-11-12,52.225,52.2165,VGSH,tiingo
2021-11-15,52.225,52.1995,VGSH,tiingo
2021-11-16,52.1995,52.2081,VGSH,tiingo
2021-11-17,52.2081,52.2337,VGSH,tiingo
2021-11-18,52.2208,52.225,VGSH,tiingo
2021-11-19,52.2679,52.225,VGSH,tiingo
2021-11-22,52.178,52.1568,VGSH,tiingo
2021-11-23,52.1568,52.1653,VGSH,tiingo
2021-11-24,,52.1568,VGSH,tiingo
2021-11-26,52.2507,52.2592,VGSH,tiingo
2021-11-29,52.2421,52.2592,VGSH,tiingo
2021-11-30,52.3019,52.225,VGSH,tiingo
2021-12-01,52.1821,52.2378,VGSH,tiingo
2021-12-02,52.1864,52.1608,VGSH,tiingo
2021-12-03,52.1353,52.1864,VGSH,tiingo
2021-12-06,52.1695,52.1522,VGSH,tiingo
2021-12-07,52.1232,52.1011,VGSH,tiingo
2021-12-08,52.0838,52.118,VGSH,tiingo
2021-12-09,,52.1011,VGSH,tiingo
2021-12-10,52.118,52.1266,VGSH,tiingo
2021-12-13,52.118,52.1522,VGSH,tiingo
2021-12-14,52.118,52.1266,VGSH,tiingo
2021-12-15,52.1096,52.1266,VGSH,tiingo
2021-12-16,52.1438,52.1608,VGSH,tiingo
2021-12-17,52.1778,52.1522,VGSH,tiingo
2021-12-20,52.1895,52.1695,VGSH,tiingo
2021-12-21,52.1438,52.1266,VGSH,tiingo
2021-12-22,,52.1438,VGSH,tiingo
2021-12-23,,52.13,VGSH,tiingo
2021-12-27,,52.1044,VGSH,tiingo
2021-12-28,52.1044,52.0957,VGSH,tiingo
2021-12-29,52.1044,52.0957,VGSH,tiingo
2021-12-30,52.1129,52.13,VGSH,tiingo
2021-12-31,52.1387,52.13,VGSH,tiingo
2022-01-03,52.0701,52.0615,VGSH,tiingo
2022-01-04,52.0615,52.0957,VGSH,tiingo
2022-01-05,52.0701,52.0358,VGSH,tiingo
2022-01-06,52.0015,51.9757,VGSH,tiingo
2022-01-07,51.9586,51.9843,VGSH,tiingo
2022-01-10,51.9586,51.9414,VGSH,tiingo
2022-01-11,51.9071,51.9586,VGSH,tiingo
2022-01-12,51.9586,51.9414,VGSH,tiingo
2022-01-13,51.95,51.9757,VGSH,tiingo
2022-01-14,51.9414,51.9071,VGSH,tiingo
2022-01-18,51.8558,51.8302,VGSH,tiingo
2022-01-19,51.8386,51.8472,VGSH,tiingo
2022-01-20,51.8386,51.8302,VGSH,tiingo
2022-01-21,51.8815,51.8901,VGSH,tiingo
2022-01-24,,51.9071,VGSH,tiingo
2022-01-25,51.9029,51.8729,VGSH,tiingo
2022-01-26,51.8901,51.7872,VGSH,tiingo
2022-01-27,51.7444,51.7359,VGSH,tiingo
2022-01-28,51.7359,51.7701,VGSH,tiingo
2022-01-31,51.7444,51.7529,VGSH,tiingo
2022-02-01,51.7674,51.7416,VGSH,tiingo
2022-02-02,51.771,51.7674,VGSH,tiingo
2022-02-03,51.7416,51.7245,VGSH,tiingo
2022-02-04,51.6474,51.6045,VGSH,tiingo
2022-02-07,51.6388,51.6216,VGSH,tiingo
2022-02-08,51.6045,51.5358,VGSH,tiingo
2022-02-09,51.5958,51.5615,VGSH,tiingo
2022-02-10,51.4672,51.313,VGSH,tiingo
2022-02-11,51.3988,51.4503,VGSH,tiingo
2022-02-14,51.3645,51.3816,VGSH,tiingo
2022-02-15,51.3559,51.3729,VGSH,tiingo
2022-02-16,51.3988,51.4329,VGSH,tiingo
2022-02-17,51.4503,51.4759,VGSH,tiingo
2022-02-18,51.4889,51.4845,VGSH,tiingo
2022-02-22,51.4459,51.4416,VGSH,tiingo
2022-02-23,51.4073,51.3988,VGSH,tiingo
2022-02-24,51.5015,51.4245,VGSH,tiingo
2022-02-25,51.416,51.4245,VGSH,tiingo
2022-02-28,51.5358,51.5445,VGSH,tiingo
2022-03-01,,51.6454,VGSH,tiingo
2022-03-02,51.5681,51.4739,VGSH,tiingo
2022-03-03,51.4739,51.4651,VGSH,tiingo
2022-03-04,51.5253,51.5425,VGSH,tiingo
2022-03-07,,51.4826,VGSH,tiingo
2022-03-08,51.4309,51.4052,VGSH,tiingo
2022-03-09,51.3538,51.3624,VGSH,tiingo
2022-03-10,51.3281,51.3366,VGSH,tiingo
2022-03-11,,51.3024,VGSH,tiingo
2022-03-14,51.2252,51.1822,VGSH,tiingo
2022-03-15,51.2508,51.1909,VGSH,tiingo
2022-03-16,51.1822,51.1309,VGSH,tiingo
2022-03-17,51.1137,51.1222,VGSH,tiingo
2022-03-18,51.1137,51.0966,VGSH,tiingo
2022-03-21,51.045,50.9251,VGSH,tiingo
2022-03-22,50.8822,50.8994,VGSH,tiingo
2022-03-23,50.9251,50.9594,VGSH,tiingo
2022-03-24,,50.9251,VGSH,tiingo
2022-03-25,50.8736,50.805,VGSH,tiingo
2022-03-28,50.7707,50.7536,VGSH,tiingo
2022-03-29,50.7707,50.7622,VGSH,tiingo
2022-03-30,50.7622,50.8222,VGSH,tiingo
2022-03-31,,50.8136,VGSH,tiingo
2022-04-01,50.7144,50.7058,VGSH,tiingo
2022-04-04,50.7144,50.723,VGSH,tiingo
2022-04-05,50.7058,50.6458,VGSH,tiingo
2022-04-06,50.6114,50.6715,VGSH,tiingo
2022-04-07,50.7058,50.7144,VGSH,tiingo
2022-04-08,50.6543,50.6458,VGSH,tiingo
2022-04-11,50.6372,50.663,VGSH,tiingo
2022-04-12,50.7401,50.7916,VGSH,tiingo
2022-04-13,50.8259,50.8173,VGSH,tiingo
2022-04-14,50.783,50.7401,VGSH,tiingo
2022-04-18,50.7316,50.7401,VGSH,tiingo
2022-04-19,50.6672,50.6114,VGSH,tiingo
2022-04-20,50.6158,50.6372,VGSH,tiingo
2022-04-21,50.5943,50.5686,VGSH,tiingo
2022-04-22,50.4829,50.56,VGSH,tiingo
2022-04-25,50.6372,50.6202,VGSH,tiingo
2022-04-26,50.7058,50.7144,VGSH,tiingo
2022-04-27,50.7487,50.6801,VGSH,tiingo
2022-04-28,50.6543,50.6372,VGSH,tiingo
2022-04-29,50.56,50.5686,VGSH,tiingo
2022-05-02,50.5759,50.5415,VGSH,tiingo
2022-05-03,50.5673,50.5244,VGSH,tiingo
2022-05-04,50.4815,50.6445,VGSH,tiingo
2022-05-05,50.6017,50.593,VGSH,tiingo
2022-05-06,50.5845,50.5673,VGSH,tiingo
2022-05-09,50.6574,50.7045,VGSH,tiingo
2022-05-10,50.7133,50.6874,VGSH,tiingo
2022-05-11,50.6359,50.6789,VGSH,tiingo
2022-05-12,50.7304,50.7561,VGSH,tiingo
2022-05-13,50.7218,50.7389,VGSH,tiingo
2022-05-16,50.7475,50.7648,VGSH,tiingo
2022-05-17,50.6789,50.6531,VGSH,tiingo
2022-05-18,50.6274,50.6789,VGSH,tiingo
2022-05-19,50.7733,50.7648,VGSH,tiingo
2022-05-20,50.7389,50.7991,VGSH,tiingo
2022-05-23,50.7733,50.7475,VGSH,tiingo
2022-05-24,50.7905,50.8935,VGSH,tiingo
2022-05-25,50.9364,50.9191,VGSH,tiingo
2022-05-26,50.9621,50.9191,VGSH,tiingo
2022-05-27,50.9449,50.9535,VGSH,tiingo
2022-05-31,50.8849,50.8505,VGSH,tiingo
2022-06-01,50.8421,50.7563,VGSH,tiingo
2022-06-02,,50.7821,VGSH,tiingo
2022-06-03,50.7477,50.7649,VGSH,tiingo
2022-06-06,50.7305,50.6963,VGSH,tiingo
2022-06-07,,50.7134,VGSH,tiingo
2022-06-08,50.6875,50.6619,VGSH,tiingo
2022-06-09,50.6446,50.636,VGSH,tiingo
2022-06-10,50.5158,50.4214,VGSH,tiingo
2022-06-13,50.2754,50.1551,VGSH,tiingo
2022-06-14,50.1551,50.0607,VGSH,tiingo
2022-06-15,50.1637,50.241,VGSH,tiingo
2022-06-16,50.1981,50.3441,VGSH,tiingo
2022-06-17,50.3527,50.3011,VGSH,tiingo
2022-06-21,,50.2754,VGSH,tiingo
2022-06-22,50.4085,50.4299,VGSH,tiingo
2022-06-23,50.5329,50.4901,VGSH,tiingo
2022-06-24,50.4471,50.4643,VGSH,tiingo
2022-06-27,50.4214,50.3955,VGSH,tiingo
2022-06-28,,50.3955,VGSH,tiingo
2022-06-29,50.4041,50.4729,VGSH,tiingo
2022-06-30,50.5587,50.5502,VGSH,tiingo
2022-07-01,50.7041,50.6868,VGSH,tiingo
2022-07-05,50.7299,50.7041,VGSH,tiingo
2022-07-06,50.7127,50.5665,VGSH,tiingo
2022-07-07,50.5665,50.5321,VGSH,tiingo
2022-07-08,50.472,50.4549,VGSH,tiingo
2022-07-11,50.515,50.4977,VGSH,tiingo
2022-07-12,50.5494,50.5321,VGSH,tiingo
2022-07-13,50.4032,50.4462,VGSH,tiingo
2022-07-14,50.3689,50.4462,VGSH,tiingo
2022-07-15,50.429,50.4806,VGSH,tiingo
2022-07-18,50.4376,50.4462,VGSH,tiingo
2022-07-19,50.4462,50.3861,VGSH,tiingo
2022-07-20,50.4462,50.3861,VGSH,tiingo
2022-07-21,50.4634,50.5237,VGSH,tiingo
2022-07-22,50.6267,50.6439,VGSH,tiingo
2022-07-25,,50.6009,VGSH,tiingo
2022-07-26,50.6612,50.5838,VGSH,tiingo
2022-07-27,50.5923,50.6697,VGSH,tiingo
2022-07-28,,50.7815,VGSH,tiingo
2022-07-29,50.7299,50.747,VGSH,tiingo
2022-08-01,,50.769,VGSH,tiingo
2022-08-02,50.769,50.5798,VGSH,tiingo
2022-08-03,50.5798,50.6056,VGSH,tiingo
2022-08-04,50.6142,50.6831,VGSH,tiingo
2022-08-05,,50.4766,VGSH,tiingo
2022-08-08,50.4937,50.511,VGSH,tiingo
2022-08-09,,50.4679,VGSH,tiingo
2022-08-10,50.5885,50.511,VGSH,tiingo
2022-08-11,50.5885,50.511,VGSH,tiingo
2022-08-12,50.5454,50.5023,VGSH,tiingo
2022-08-15,50.5541,50.5454,VGSH,tiingo
2022-08-16,50.5411,50.511,VGSH,tiingo
2022-08-17,50.4335,50.4766,VGSH,tiingo
2022-08-18,50.528,50.5368,VGSH,tiingo
2022-08-19,50.4937,50.511,VGSH,tiingo
2022-08-22,50.4593,50.4508,VGSH,tiingo
2022-08-23,50.4508,50.4766,VGSH,tiingo
2022-08-24,50.4422,50.4164,VGSH,tiingo
2022-08-25,,50.4422,VGSH,tiingo
2022-08-26,50.4335,50.4249,VGSH,tiingo
2022-08-29,50.3991,50.3904,VGSH,tiingo
2022-08-30,50.382,50.3733,VGSH,tiingo
2022-08-31,50.3733,50.3646,VGSH,tiingo
2022-09-01,50.3736,50.3304,VGSH,tiingo
2022-09-02,50.4167,50.4426,VGSH,tiingo
2022-09-06,50.3649,50.3392,VGSH,tiingo
2022-09-07,50.3649,50.3994,VGSH,tiingo
2022-09-08,50.3736,50.3392,VGSH,tiingo
2022-09-09,50.3304,50.2875,VGSH,tiingo
2022-09-12,50.3219,50.2875,VGSH,tiingo
2022-09-13,50.141,50.1325,VGSH,tiingo
2022-09-14,,50.0807,VGSH,tiingo
2022-09-15,50.0378,50.0292,VGSH,tiingo
2022-09-16,50.0117,50.0462,VGSH,tiingo
2022-09-19,49.9689,49.9773,VGSH,tiingo
2022-09-20,49.9689,49.9773,VGSH,tiingo
2022-09-21,49.9689,49.9258,VGSH,tiingo
2022-09-22,49.8742,49.8482,VGSH,tiingo
2022-09-23,49.8311,49.7708,VGSH,tiingo
2022-09-26,49.745,49.6674,VGSH,tiingo
2022-09-27,49.7019,49.6674,VGSH,tiingo
2022-09-28,49.8138,49.8568,VGSH,tiingo
2022-09-29,49.7795,49.8223,VGSH,tiingo
2022-09-30,49.8138,49.7708,VGSH,tiingo
2022-10-03,49.8749,49.8663,VGSH,tiingo
2022-10-04,49.9094,49.9009,VGSH,tiingo
2022-10-05,49.8489,49.8405,VGSH,tiingo
2022-10-06,49.8489,49.7802,VGSH,tiingo
2022-10-07,49.7456,49.7197,VGSH,tiingo
2022-10-10,49.7369,49.6937,VGSH,tiingo
2022-10-11,49.7282,49.7197,VGSH,tiingo
2022-10-12,49.7282,49.7802,VGSH,tiingo
2022-10-13,49.5818,49.6334,VGSH,tiingo
2022-10-14,49.6894,49.6075,VGSH,tiingo
2022-10-17,49.6852,49.6421,VGSH,tiingo
2022-10-18,49.7111,49.6937,VGSH,tiingo
2022-10-19,49.6075,49.5989,VGSH,tiingo
2022-10-20,49.5603,49.5385,VGSH,tiingo
2022-10-21,49.5989,49.6679,VGSH,tiingo
2022-10-24,49.6508,49.6593,VGSH,tiingo
2022-10-25,49.7197,49.7111,VGSH,tiingo
2022-10-26,49.7197,49.7541,VGSH,tiingo
2022-10-27,49.8059,49.8489,VGSH,tiingo
2022-10-28,49.7885,49.7627,VGSH,tiingo
2022-10-31,49.7067,49.7025,VGSH,tiingo
2022-11-01,49.7871,49.6663,VGSH,tiingo
2022-11-02,49.6837,49.6403,VGSH,tiingo
2022-11-03,49.5366,49.5541,VGSH,tiingo
2022-11-04,49.5628,49.5972,VGSH,tiingo
2022-11-07,49.5712,49.5541,VGSH,tiingo
2022-11-08,49.5712,49.6145,VGSH,tiingo
2022-11-09,49.6232,49.6922,VGSH,tiingo
2022-11-10,49.8996,49.96,VGSH,tiingo
2022-11-11,49.9082,49.9341,VGSH,tiingo
2022-11-14,49.8908,49.8996,VGSH,tiingo
2022-11-15,,49.9512,VGSH,tiingo
2022-11-16,49.9772,49.96,VGSH,tiingo
2022-11-17,,49.9082,VGSH,tiingo
2022-11-18,49.8908,49.8392,VGSH,tiingo
2022-11-21,49.8737,49.8132,VGSH,tiingo
2022-11-22,49.8475,49.8392,VGSH,tiingo
2022-11-23,49.865,49.9082,VGSH,tiingo
2022-11-25,49.8908,49.9166,VGSH,tiingo
2022-11-28,49.9166,49.9341,VGSH,tiingo
2022-11-29,49.9166,49.9082,VGSH,tiingo
2022-11-30,49.8821,50.0377,VGSH,tiingo
2022-12-01,50.0792,50.1485,VGSH,tiingo
2022-12-02,50.0706,50.1485,VGSH,tiingo
2022-12-05,50.1051,50.0099,VGSH,tiingo
2022-12-06,50.036,50.0706,VGSH,tiingo
2022-12-07,50.1311,50.1744,VGSH,tiingo
2022-12-08,50.1397,50.1311,VGSH,tiingo
2022-12-09,50.1226,50.0879,VGSH,tiingo
2022-12-12,50.1139,50.062,VGSH,tiingo
2022-12-13,50.2523,50.2177,VGSH,tiingo
2022-12-14,50.2609,50.2349,VGSH,tiingo
2022-12-15,,50.2349,VGSH,tiingo
2022-12-16,50.1917,50.2869,VGSH,tiingo
2022-12-19,50.2523,50.2263,VGSH,tiingo
2022-12-20,50.1832,50.2177,VGSH,tiingo
2022-12-21,50.2695,50.2523,VGSH,tiingo
2022-12-22,50.2523,50.2437,VGSH,tiingo
2022-12-23,50.2041,50.2215,VGSH,tiingo
2022-12-27,50.1609,50.1522,VGSH,tiingo
2022-12-28,,50.1522,VGSH,tiingo
2022-12-29,,50.1782,VGSH,tiingo
2022-12-30,50.1435,50.1175,VGSH,tiingo
2023-01-03,50.1694,50.1522,VGSH,tiingo
2023-01-04,50.2215,50.2129,VGSH,tiingo
2023-01-05,50.1175,50.1522,VGSH,tiingo
2023-01-06,50.1955,50.3342,VGSH,tiingo
2023-01-09,50.3516,50.3863,VGSH,tiingo
2023-01-10,50.3516,50.3602,VGSH,tiingo
2023-01-11,50.3516,50.3863,VGSH,tiingo
2023-01-12,50.4642,50.4903,VGSH,tiingo
2023-01-13,50.4642,50.4209,VGSH,tiingo
2023-01-17,50.4209,50.4382,VGSH,tiingo
2023-01-18,50.551,50.5683,VGSH,tiingo
2023-01-19,50.5422,50.551,VGSH,tiingo
2023-01-20,50.4903,50.4988,VGSH,tiingo
2023-01-23,50.4556,50.4469,VGSH,tiingo
2023-01-24,50.4469,50.4642,VGSH,tiingo
2023-01-25,50.4816,50.4903,VGSH,tiingo
2023-01-26,50.4988,50.4729,VGSH,tiingo
2023-01-27,50.4469,50.4642,VGSH,tiingo
2023-01-30,50.4295,50.4123,VGSH,tiingo
2023-01-31,50.4729,50.4903,VGSH,tiingo
2023-02-01,50.5115,50.5897,VGSH,tiingo
2023-02-02,50.6417,50.5983,VGSH,tiingo
2023-02-03,50.4854,50.4333,VGSH,tiingo
2023-02-06,50.3204,50.2682,VGSH,tiingo
2023-02-07,50.3291,50.303,VGSH,tiingo
2023-02-08,50.3204,50.3378,VGSH,tiingo
2023-02-09,50.3552,50.2943,VGSH,tiingo
2023-02-10,50.2986,50.2682,VGSH,tiingo
2023-02-13,,50.251,VGSH,tiingo
2023-02-14,50.2119,50.1815,VGSH,tiingo
2023-02-15,,50.164,VGSH,tiingo
2023-02-16,,50.1901,VGSH,tiingo
2023-02-17,50.1727,50.2163,VGSH,tiingo
2023-02-21,50.1727,50.1379,VGSH,tiingo
2023-02-22,50.1727,50.1553,VGSH,tiingo
2023-02-23,50.164,50.1727,VGSH,tiingo
2023-02-24,50.0946,50.0771,VGSH,tiingo
2023-02-27,,50.1119,VGSH,tiingo
2023-02-28,50.0771,50.1119,VGSH,tiingo
2023-03-01,50.0691,50.0256,VGSH,tiingo
2023-03-02,49.9995,50.0344,VGSH,tiingo
2023-03-03,50.0691,50.0605,VGSH,tiingo
2023-03-06,50.0952,50.0516,VGSH,tiingo
2023-03-07,50.0691,49.9299,VGSH,tiingo
2023-03-08,49.9647,49.895,VGSH,tiingo
2023-03-09,49.9819,50.0691,VGSH,tiingo
2023-03-10,50.2781,50.3477,VGSH,tiingo
2023-03-13,50.7481,50.8438,VGSH,tiingo
2023-03-14,50.6436,50.6611,VGSH,tiingo
2023-03-15,51.0005,50.9483,VGSH,tiingo
2023-03-16,50.983,50.7481,VGSH,tiingo
2023-03-17,50.8525,51.0179,VGSH,tiingo
2023-03-20,51.0614,50.9483,VGSH,tiingo
2023-03-21,50.7916,50.7568,VGSH,tiingo
2023-03-22,50.7219,50.983,VGSH,tiingo
2023-03-23,51.0265,51.1398,VGSH,tiingo
2023-03-24,51.2833,51.1571,VGSH,tiingo
2023-03-27,50.9918,50.957,VGSH,tiingo
2023-03-28,50.9048,50.896,VGSH,tiingo
2023-03-29,50.8352,50.8699,VGSH,tiingo
2023-03-30,50.8264,50.8787,VGSH,tiingo
2023-03-31,50.8613,50.957,VGSH,tiingo
2023-04-03,50.8939,50.9942,VGSH,tiingo
2023-04-04,50.9635,51.125,VGSH,tiingo
2023-04-05,51.2472,51.186,VGSH,tiingo
2023-04-06,51.2035,51.1599,VGSH,tiingo
2023-04-10,51.0203,51.0029,VGSH,tiingo
2023-04-11,51.0159,50.9854,VGSH,tiingo
2023-04-12,51.0814,51.0464,VGSH,tiingo
2023-04-13,51.1119,51.064,VGSH,tiingo
2023-04-14,50.9854,50.968,VGSH,tiingo
2023-04-17,50.9068,50.8719,VGSH,tiingo
2023-04-18,50.8807,50.8719,VGSH,tiingo
2023-04-19,50.8545,50.8371,VGSH,tiingo
2023-04-20,50.9418,50.9592,VGSH,tiingo
2023-04-21,51.0029,50.9244,VGSH,tiingo
2023-04-24,50.9592,50.9724,VGSH,tiingo
2023-04-25,51.064,51.186,VGSH,tiingo
2023-04-26,51.1775,51.1162,VGSH,tiingo
2023-04-27,51.0552,51.0116,VGSH,tiingo
2023-04-28,51.064,51.0728,VGSH,tiingo
2023-05-01,50.9979,50.9629,VGSH,tiingo
2023-05-02,50.9717,51.1202,VGSH,tiingo
2023-05-03,51.1642,51.2515,VGSH,tiingo
2023-05-04,51.2515,51.3389,VGSH,tiingo
2023-05-05,51.2341,51.1992,VGSH,tiingo
2023-05-08,51.1466,51.1202,VGSH,tiingo
2023-05-09,51.1116,51.1202,VGSH,tiingo
2023-05-10,51.1728,51.2428,VGSH,tiingo
2023-05-11,51.3303,51.2691,VGSH,tiingo
2023-05-12,51.2515,51.1903,VGSH,tiingo
2023-05-15,51.1728,51.1903,VGSH,tiingo
2023-05-16,51.138,51.1291,VGSH,tiingo
2023-05-17,51.1116,51.0679,VGSH,tiingo
2023-05-18,51.0068,50.9717,VGSH,tiingo
2023-05-19,50.9367,50.9454,VGSH,tiingo
2023-05-22,50.9542,50.9279,VGSH,tiingo
2023-05-23,50.893,50.9279,VGSH,tiingo
2023-05-24,50.9279,50.8492,VGSH,tiingo
2023-05-25,50.8054,50.7442,VGSH,tiingo
2023-05-26,,50.7092,VGSH,tiingo
2023-05-30,50.7268,50.8317,VGSH,tiingo
2023-05-31,50.8492,50.8754,VGSH,tiingo
2023-06-01,50.9299,50.9649,VGSH,tiingo
2023-06-02,50.9122,50.8158,VGSH,tiingo
2023-06-05,50.7719,50.8421,VGSH,tiingo
2023-06-06,50.8334,50.8071,VGSH,tiingo
2023-06-07,50.7984,50.7632,VGSH,tiingo
2023-06-08,,50.8334,VGSH,tiingo
2023-06-09,50.7895,50.7632,VGSH,tiingo
2023-06-12,50.7807,50.7984,VGSH,tiingo
2023-06-13,50.8421,50.7106,VGSH,tiingo
2023-06-14,50.7544,50.6843,VGSH,tiingo
2023-06-15,50.7544,50.7807,VGSH,tiingo
2023-06-16,50.6931,50.7106,VGSH,tiingo
2023-06-20,50.7106,50.7456,VGSH,tiingo
2023-06-21,50.7018,50.7282,VGSH,tiingo
2023-06-22,50.7193,50.6931,VGSH,tiingo
2023-06-23,50.7632,50.7282,VGSH,tiingo
2023-06-26,50.7544,50.7632,VGSH,tiingo
2023-06-27,50.7632,50.6843,VGSH,tiingo
2023-06-28,50.7018,50.7456,VGSH,tiingo
2023-06-29,50.6053,50.6228,VGSH,tiingo
2023-06-30,,50.6316,VGSH,tiingo
2023-07-03,50.6041,50.5778,VGSH,tiingo
2023-07-05,50.613,50.5778,VGSH,tiingo
2023-07-06,50.4985,50.5426,VGSH,tiingo
2023-07-07,50.569,50.5778,VGSH,tiingo
2023-07-10,50.6041,50.6656,VGSH,tiingo
2023-07-11,50.6656,50.6482,VGSH,tiingo
2023-07-12,50.7801,50.7977,VGSH,tiingo
2023-07-13,50.9032,50.9296,VGSH,tiingo
2023-07-14,50.8856,50.824,VGSH,tiingo
2023-07-17,50.8328,50.8416,VGSH,tiingo
2023-07-18,50.8856,50.8328,VGSH,tiingo
2023-07-19,50.8681,50.8416,VGSH,tiingo
2023-07-20,,50.7889,VGSH,tiingo
2023-07-21,,50.7977,VGSH,tiingo
2023-07-24,50.8064,50.7361,VGSH,tiingo
2023-07-25,50.7097,50.7361,VGSH,tiingo
2023-07-26,50.7537,50.7977,VGSH,tiingo
2023-07-27,50.7625,50.7184,VGSH,tiingo
2023-07-28,50.7537,50.7625,VGSH,tiingo
2023-07-31,50.7625,50.7801,VGSH,tiingo
2023-08-01,50.7633,50.7545,VGSH,tiingo
2023-08-02,50.7633,50.7721,VGSH,tiingo
2023-08-03,50.7809,50.7898,VGSH,tiingo
2023-08-04,50.8604,50.8867,VGSH,tiingo
2023-08-07,50.8956,50.9132,VGSH,tiingo
2023-08-08,50.9221,50.9309,VGSH,tiingo
2023-08-09,50.9309,50.9132,VGSH,tiingo
2023-08-10,50.9309,50.8867,VGSH,tiingo
2023-08-11,50.8339,50.8426,VGSH,tiingo
2023-08-14,50.7987,50.7898,VGSH,tiingo
2023-08-15,50.8074,50.8162,VGSH,tiingo
2023-08-16,50.825,50.7898,VGSH,tiingo
2023-08-17,,50.8426,VGSH,tiingo
2023-08-18,,50.8604,VGSH,tiingo
2023-08-21,50.825,50.8162,VGSH,tiingo
2023-08-22,50.7898,50.7809,VGSH,tiingo
2023-08-23,50.8339,50.8604,VGSH,tiingo
2023-08-24,,50.8426,VGSH,tiingo
2023-08-25,50.825,50.7987,VGSH,tiingo
2023-08-28,50.8162,50.8339,VGSH,tiingo
2023-08-29,50.8162,50.9397,VGSH,tiingo
2023-08-30,50.9926,50.9485,VGSH,tiingo
2023-08-31,50.9838,51.0191,VGSH,tiingo
2023-09-01,51.067,50.9874,VGSH,tiingo
2023-09-05,50.9608,50.9166,VGSH,tiingo
2023-09-06,50.9255,50.8635,VGSH,tiingo
2023-09-07,50.9077,50.9519,VGSH,tiingo
2023-09-08,50.9785,50.9342,VGSH,tiingo
2023-09-11,50.9342,50.9255,VGSH,tiingo
2023-09-12,,50.9166,VGSH,tiingo
2023-09-13,50.9255,50.9519,VGSH,tiingo
2023-09-14,50.9785,50.9431,VGSH,tiingo
2023-09-15,50.9255,50.9342,VGSH,tiingo
2023-09-18,,50.9166,VGSH,tiingo
2023-09-19,50.8989,50.89,VGSH,tiingo
2023-09-20,50.9342,50.8546,VGSH,tiingo
2023-09-21,50.8458,50.8722,VGSH,tiingo
2023-09-22,50.89,50.9166,VGSH,tiingo
2023-09-25,50.9077,50.8989,VGSH,tiingo
2023-09-26,,50.9077,VGSH,tiingo
2023-09-27,50.9166,50.8635,VGSH,tiingo
2023-09-28,50.9077,50.9519,VGSH,tiingo
2023-09-29,50.9874,50.9608,VGSH,tiingo
2023-10-02,,50.9244,VGSH,tiingo
2023-10-03,50.9332,50.8888,VGSH,tiingo
2023-10-04,50.9332,50.9865,VGSH,tiingo
2023-10-05,51.0486,51.0399,VGSH,tiingo
2023-10-06,50.9687,50.9953,VGSH,tiingo
2023-10-09,51.084,51.1462,VGSH,tiingo
2023-10-10,51.0929,51.1108,VGSH,tiingo
2023-10-11,51.084,51.0929,VGSH,tiingo
2023-10-12,51.0574,51.0399,VGSH,tiingo
2023-10-13,51.0929,51.0664,VGSH,tiingo
2023-10-16,51.0399,51.0219,VGSH,tiingo
2023-10-17,50.9776,50.9244,VGSH,tiingo
2023-10-18,50.9421,50.9332,VGSH,tiingo
2023-10-19,50.9509,51.013,VGSH,tiingo
2023-10-20,51.0486,51.084,VGSH,tiingo
2023-10-23,51.0664,51.1019,VGSH,tiingo
2023-10-24,51.1019,51.0929,VGSH,tiingo
2023-10-25,51.0664,51.0399,VGSH,tiingo
2023-10-26,51.0929,51.1462,VGSH,tiingo
2023-10-27,51.155,51.1728,VGSH,tiingo
2023-10-30,51.1375,51.1462,VGSH,tiingo
2023-10-31,,51.1375,VGSH,tiingo
2023-11-01,51.1505,51.2485,VGSH,tiingo
2023-11-02,51.2931,51.2397,VGSH,tiingo
2023-11-03,51.3731,51.3822,VGSH,tiingo
2023-11-06,51.3465,51.2931,VGSH,tiingo
2023-11-07,51.3198,51.3465,VGSH,tiingo
2023-11-08,51.3287,51.3108,VGSH,tiingo
2023-11-09,51.3374,51.2485,VGSH,tiingo
2023-11-10,51.3108,51.2485,VGSH,tiingo
2023-11-13,51.2308,51.2752,VGSH,tiingo
2023-11-14,51.4445,51.4711,VGSH,tiingo
2023-11-15,51.4267,51.3822,VGSH,tiingo
2023-11-16,51.4891,51.4801,VGSH,tiingo
2023-11-17,51.4711,51.4445,VGSH,tiingo
2023-11-20,51.4534,51.4354,VGSH,tiingo
2023-11-21,51.4891,51.4801,VGSH,tiingo
2023-11-22,51.4977,51.4801,VGSH,tiingo
2023-11-24,51.4711,51.4534,VGSH,tiingo
2023-11-27,51.4891,51.5158,VGSH,tiingo
2023-11-28,51.5158,51.6136,VGSH,tiingo
2023-11-29,51.6937,51.7027,VGSH,tiingo
2023-11-30,51.6937,51.6759,VGSH,tiingo
2023-12-01,51.681,51.8239,VGSH,tiingo
2023-12-04,51.7614,51.7524,VGSH,tiingo
2023-12-05,51.7703,51.806,VGSH,tiingo
2023-12-06,51.8328,51.806,VGSH,tiingo
2023-12-07,51.8418,51.8506,VGSH,tiingo
2023-12-08,51.7524,51.7346,VGSH,tiingo
2023-12-11,51.7167,51.7346,VGSH,tiingo
2023-12-12,,51.7346,VGSH,tiingo
2023-12-13,51.7881,52.0114,VGSH,tiingo
2023-12-14,52.074,52.1008,VGSH,tiingo
2023-12-15,52.0561,52.0383,VGSH,tiingo
2023-12-18,52.065,52.0383,VGSH,tiingo
2023-12-19,52.0383,52.065,VGSH,tiingo
2023-12-20,52.1186,52.1366,VGSH,tiingo
2023-12-21,52.2081,52.1724,VGSH,tiingo
2023-12-22,52.2123,52.1945,VGSH,tiingo
2023-12-26,52.1677,52.1855,VGSH,tiingo
2023-12-27,52.2036,52.2482,VGSH,tiingo
2023-12-28,52.2572,52.2393,VGSH,tiingo
2023-12-29,52.2304,52.2751,VGSH,tiingo
2024-01-02,52.1855,52.2036,VGSH,tiingo
2024-01-03,52.1766,52.2214,VGSH,tiingo
2024-01-04,,52.1855,VGSH,tiingo
2024-01-05,52.1496,52.1677,VGSH,tiingo
2024-01-08,52.1855,52.2036,VGSH,tiingo
2024-01-09,52.2036,52.2214,VGSH,tiingo
2024-01-10,52.2572,52.2214,VGSH,tiingo
2024-01-11,52.2572,52.3469,VGSH,tiingo
2024-01-12,,52.4454,VGSH,tiingo
2024-01-16,52.4096,52.3826,VGSH,tiingo
2024-01-17,52.2931,52.2751,VGSH,tiingo
2024-01-18,,52.2931,VGSH,tiingo
2024-01-19,,52.2482,VGSH,tiingo
2024-01-22,,52.2663,VGSH,tiingo
2024-01-23,52.2572,52.2663,VGSH,tiingo
2024-01-24,52.329,52.2572,VGSH,tiingo
2024-01-25,52.311,52.3469,VGSH,tiingo
2024-01-26,52.329,52.311,VGSH,tiingo
2024-01-29,52.3469,52.3648,VGSH,tiingo
2024-01-30,52.3737,52.329,VGSH,tiingo
2024-01-31,52.4096,52.4632,VGSH,tiingo
2024-02-01,52.4969,52.5059,VGSH,tiingo
2024-02-02,52.3531,52.335,VGSH,tiingo
2024-02-05,52.2811,52.2541,VGSH,tiingo
2024-02-06,52.2633,52.3171,VGSH,tiingo
2024-02-07,52.3081,52.2993,VGSH,tiingo
2024-02-08,,52.2993,VGSH,tiingo
2024-02-09,52.2541,52.2721,VGSH,tiingo
2024-02-12,,52.2811,VGSH,tiingo
2024-02-13,52.1734,52.1193,VGSH,tiingo
2024-02-14,52.1462,52.1912,VGSH,tiingo
2024-02-15,52.2541,52.2364,VGSH,tiingo
2024-02-16,52.1374,52.1643,VGSH,tiingo
2024-02-20,52.2272,52.2182,VGSH,tiingo
2024-02-21,52.2182,52.1734,VGSH,tiingo
2024-02-22,,52.1553,VGSH,tiingo
2024-02-23,52.1462,52.1643,VGSH,tiingo
2024-02-26,52.1734,52.1374,VGSH,tiingo
2024-02-27,52.1507,52.1553,VGSH,tiingo
2024-02-28,52.1822,52.2092,VGSH,tiingo
2024-02-29,,52.2272,VGSH,tiingo
2024-03-01,52.2473,52.3195,VGSH,tiingo
2024-03-04,52.2925,52.2744,VGSH,tiingo
2024-03-05,52.3195,52.3287,VGSH,tiingo
2024-03-06,52.3557,52.3287,VGSH,tiingo
2024-03-07,52.3827,52.3918,VGSH,tiingo
2024-03-08,52.4459,52.4188,VGSH,tiingo
2024-03-11,52.4007,52.3827,VGSH,tiingo
2024-03-12,52.3557,52.3195,VGSH,tiingo
2024-03-13,52.3287,52.3016,VGSH,tiingo
2024-03-14,52.2925,52.2656,VGSH,tiingo
2024-03-15,52.2385,52.2294,VGSH,tiingo
2024-03-18,52.2294,52.2203,VGSH,tiingo
2024-03-19,52.2656,52.2835,VGSH,tiingo
2024-03-20,52.2925,52.3557,VGSH,tiingo
2024-03-21,52.3737,52.3557,VGSH,tiingo
2024-03-22,,52.4007,VGSH,tiingo
2024-03-25,52.3918,52.3827,VGSH,tiingo
2024-03-26,52.3737,52.3827,VGSH,tiingo
2024-03-27,52.4279,52.4368,VGSH,tiingo
2024-03-28,52.4007,52.3918,VGSH,tiingo
2024-04-01,52.439,52.3123,VGSH,tiingo
2024-04-02,52.3123,52.3394,VGSH,tiingo
2024-04-03,52.3032,52.3665,VGSH,tiingo
2024-04-04,52.3939,52.4209,VGSH,tiingo
2024-04-05,52.3576,52.3305,VGSH,tiingo
2024-04-08,52.3213,52.3032,VGSH,tiingo
2024-04-09,52.3305,52.3484,VGSH,tiingo
2024-04-10,52.1765,52.1312,VGSH,tiingo
2024-04-11,52.1855,52.1675,VGSH,tiingo
2024-04-12,,52.2309,VGSH,tiingo
2024-04-15,52.1583,52.1946,VGSH,tiingo
2024-04-16,52.1675,52.1765,VGSH,tiingo
2024-04-17,52.1946,52.2217,VGSH,tiingo
2024-04-18,52.2217,52.1765,VGSH,tiingo
2024-04-19,52.2126,52.2038,VGSH,tiingo
2024-04-22,52.2038,52.2217,VGSH,tiingo
2024-04-23,52.2038,52.2671,VGSH,tiingo
2024-04-24,,52.2399,VGSH,tiingo
2024-04-25,52.1855,52.2217,VGSH,tiingo
2024-04-26,52.2399,52.2309,VGSH,tiingo
2024-04-29,,52.2488,VGSH,tiingo
2024-04-30,52.2126,52.1946,VGSH,tiingo
2024-05-01,52.2278,52.2823,VGSH,tiingo
2024-05-02,52.3096,52.3731,VGSH,tiingo
2024-05-03,52.4731,52.455,VGSH,tiingo
2024-05-06,52.4639,52.4458,VGSH,tiingo
2024-05-07,,52.455,VGSH,tiingo
2024-05-08,,52.4458,VGSH,tiingo
2024-05-09,52.4731,52.4822,VGSH,tiingo
2024-05-10,52.4822,52.455,VGSH,tiingo
2024-05-13,52.4913,52.455,VGSH,tiingo
2024-05-14,52.4822,52.4913,VGSH,tiingo
2024-05-15,52.5821,52.5912,VGSH,tiingo
2024-05-16,52.5821,52.5639,VGSH,tiingo
2024-05-17,52.5639,52.5367,VGSH,tiingo
2024-05-20,,52.5367,VGSH,tiingo
2024-05-21,,52.5549,VGSH,tiingo
2024-05-22,52.5276,52.5187,VGSH,tiingo
2024-05-23,52.5367,52.4822,VGSH,tiingo
2024-05-24,52.4822,52.4913,VGSH,tiingo
2024-05-28,52.5187,52.455,VGSH,tiingo
2024-05-29,52.4595,52.4458,VGSH,tiingo
2024-05-30,52.4913,52.5003,VGSH,tiingo
2024-05-31,52.5367,52.573,VGSH,tiingo
2024-06-03,52.5692,52.624,VGSH,tiingo
2024-06-04,52.6513,52.6787,VGSH,tiingo
2024-06-05,52.6968,52.7334,VGSH,tiingo
2024-06-06,52.7243,52.7425,VGSH,tiingo
2024-06-07,52.6513,52.6149,VGSH,tiingo
2024-06-10,,52.6149,VGSH,tiingo
2024-06-11,52.6513,52.6787,VGSH,tiingo
2024-06-12,52.8155,52.7334,VGSH,tiingo
2024-06-13,52.8063,52.8246,VGSH,tiingo
2024-06-14,52.8428,52.8519,VGSH,tiingo
2024-06-17,52.8063,52.7881,VGSH,tiingo
2024-06-18,52.8336,52.8611,VGSH,tiingo
2024-06-20,52.8155,52.8246,VGSH,tiingo
2024-06-21,52.8793,52.8611,VGSH,tiingo
2024-06-24,,52.8611,VGSH,tiingo
2024-06-25,52.8611,52.8793,VGSH,tiingo
2024-06-26,52.8336,52.8246,VGSH,tiingo
2024-06-27,52.8519,52.8611,VGSH,tiingo
2024-06-28,52.9066,52.8702,VGSH,tiingo
2024-07-01,52.8077,52.826,VGSH,tiingo
2024-07-02,,52.8626,VGSH,tiingo
2024-07-03,52.881,52.9266,VGSH,tiingo
2024-07-05,52.9907,53.0364,VGSH,tiingo
2024-07-08,,53.0274,VGSH,tiingo
2024-07-09,53.0181,53.0274,VGSH,tiingo
2024-07-10,53.0547,53.0364,VGSH,tiingo
2024-07-11,53.1372,53.1553,VGSH,tiingo
2024-07-12,53.192,53.2287,VGSH,tiingo
2024-07-15,53.2287,53.2378,VGSH,tiingo
2024-07-16,53.2287,53.2652,VGSH,tiingo
2024-07-17,53.2378,53.256,VGSH,tiingo
2024-07-18,53.256,53.2378,VGSH,tiingo
2024-07-19,53.2194,53.2102,VGSH,tiingo
2024-07-22,,53.2194,VGSH,tiingo
2024-07-23,53.2287,53.2468,VGSH,tiingo
2024-07-24,53.2927,53.2834,VGSH,tiingo
2024-07-25,53.2927,53.2743,VGSH,tiingo
2024-07-26,,53.3474,VGSH,tiingo
2024-07-29,,53.3658,VGSH,tiingo
2024-07-30,,53.3749,VGSH,tiingo
2024-07-31,53.4024,53.503,VGSH,tiingo
2024-08-01,53.5023,53.585,VGSH,tiingo
2024-08-02,53.7961,53.8881,VGSH,tiingo
2024-08-05,54.0165,53.8696,VGSH,tiingo
2024-08-06,53.8421,53.7686,VGSH,tiingo
2024-08-07,53.7594,53.7686,VGSH,tiingo
2024-08-08,53.7044,53.7411,VGSH,tiingo
2024-08-09,53.7779,53.7411,VGSH,tiingo
2024-08-12,53.7411,53.8053,VGSH,tiingo
2024-08-13,53.8514,53.8604,VGSH,tiingo
2024-08-14,53.8421,53.8604,VGSH,tiingo
2024-08-15,53.7411,53.7319,VGSH,tiingo
2024-08-16,53.7871,53.7961,VGSH,tiingo
2024-08-19,53.7779,53.7961,VGSH,tiingo
2024-08-20,53.8421,53.8696,VGSH,tiingo
2024-08-21,53.8881,53.9339,VGSH,tiingo
2024-08-22,53.8971,53.8604,VGSH,tiingo
2024-08-23,53.8881,53.9522,VGSH,tiingo
2024-08-26,53.9982,53.9522,VGSH,tiingo
2024-08-27,53.9431,53.989,VGSH,tiingo
2024-08-28,53.9982,53.9707,VGSH,tiingo
2024-08-29,53.9707,53.9615,VGSH,tiingo
2024-08-30,53.9799,53.9615,VGSH,tiingo
2024-09-03,54.0166,54.0258,VGSH,tiingo
2024-09-04,54.0628,54.1364,VGSH,tiingo
2024-09-05,54.1918,54.1733,VGSH,tiingo
2024-09-06,54.2286,54.2654,VGSH,tiingo
2024-09-09,54.2469,54.2654,VGSH,tiingo
2024-09-10,54.2746,54.3484,VGSH,tiingo
2024-09-11,54.3024,54.3114,VGSH,tiingo
2024-09-12,54.3024,54.2931,VGSH,tiingo
2024-09-13,54.3944,54.3759,VGSH,tiingo
2024-09-16,54.422,54.4129,VGSH,tiingo
2024-09-17,54.3944,54.3852,VGSH,tiingo
2024-09-18,54.3669,54.3759,VGSH,tiingo
2024-09-19,54.3852,54.4129,VGSH,tiingo
2024-09-20,54.3944,54.4314,VGSH,tiingo
2024-09-23,54.4129,54.4314,VGSH,tiingo
2024-09-24,54.4405,54.4865,VGSH,tiingo
2024-09-25,54.4865,54.4405,VGSH,tiingo
2024-09-26,54.4405,54.3944,VGSH,tiingo
2024-09-27,54.4405,54.4681,VGSH,tiingo
2024-09-30,54.4405,54.3852,VGSH,tiingo
2024-10-01,54.4241,54.4427,VGSH,tiingo
2024-10-02,54.4056,54.4241,VGSH,tiingo
2024-10-03,54.387,54.3409,VGSH,tiingo
2024-10-04,54.1931,54.156,VGSH,tiingo
2024-10-07,54.082,54.0913,VGSH,tiingo
2024-10-08,54.0913,54.1283,VGSH,tiingo
2024-10-09,54.1189,54.082,VGSH,tiingo
2024-10-10,54.1283,54.1375,VGSH,tiingo
2024-10-11,54.156,54.1837,VGSH,tiingo
2024-10-14,54.1097,54.1375,VGSH,tiingo
2024-10-15,54.1884,54.1653,VGSH,tiingo
2024-10-16,54.2114,54.2022,VGSH,tiingo
2024-10-17,,54.1653,VGSH,tiingo
2024-10-18,,54.2114,VGSH,tiingo
2024-10-21,54.1837,54.1375,VGSH,tiingo
2024-10-22,54.1467,54.1189,VGSH,tiingo
2024-10-23,54.1006,54.0913,VGSH,tiingo
2024-10-24,54.1189,54.1006,VGSH,tiingo
2024-10-25,54.1467,54.1006,VGSH,tiingo
2024-10-28,54.1006,54.082,VGSH,tiingo
2024-10-29,54.045,54.1006,VGSH,tiingo
2024-10-30,54.0913,54.045,VGSH,tiingo
2024-10-31,54.0358,54.0728,VGSH,tiingo
2024-11-01,54.142,54.0399,VGSH,tiingo
2024-11-04,54.1049,54.0863,VGSH,tiingo
2024-11-05,54.077,54.0585,VGSH,tiingo
2024-11-06,53.9656,53.9842,VGSH,tiingo
2024-11-07,54.0399,54.077,VGSH,tiingo
2024-11-08,54.0863,54.0492,VGSH,tiingo
2024-11-11,53.9935,54.0122,VGSH,tiingo
2024-11-12,53.975,53.9564,VGSH,tiingo
2024-11-13,54.0492,54.0399,VGSH,tiingo
2024-11-14,54.0585,53.9656,VGSH,tiingo
2024-11-15,53.9842,54.0307,VGSH,tiingo
2024-11-18,54.0492,54.0585,VGSH,tiingo
2024-11-19,54.0957,54.0677,VGSH,tiingo
2024-11-20,,54.0492,VGSH,tiingo
2024-11-21,54.0492,54.0214,VGSH,tiingo
2024-11-22,54.0399,54.0214,VGSH,tiingo
2024-11-25,54.0863,54.1141,VGSH,tiingo
2024-11-26,54.1049,54.1141,VGSH,tiingo
2024-11-27,,54.1698,VGSH,tiingo
2024-11-29,54.207,54.2349,VGSH,tiingo
2024-12-02,54.1883,54.2349,VGSH,tiingo
2024-12-03,54.2535,54.2349,VGSH,tiingo
2024-12-04,54.2209,54.2907,VGSH,tiingo
2024-12-05,54.2627,54.2722,VGSH,tiingo
2024-12-06,54.3558,54.3466,VGSH,tiingo
2024-12-09,,54.3279,VGSH,tiingo
2024-12-10,54.3092,54.3187,VGSH,tiingo
2024-12-11,54.3466,54.3187,VGSH,tiingo
2024-12-12,54.3092,54.2907,VGSH,tiingo
2024-12-13,54.2861,54.2535,VGSH,tiingo
2024-12-16,,54.2722,VGSH,tiingo
2024-12-17,54.2535,54.2722,VGSH,tiingo
2024-12-18,54.3001,54.1789,VGSH,tiingo
2024-12-19,54.1976,54.2069,VGSH,tiingo
2024-12-20,54.2722,54.2349,VGSH,tiingo
2024-12-23,54.2255,54.2069,VGSH,tiingo
2024-12-24,54.2074,54.2167,VGSH,tiingo
2024-12-26,54.2074,54.2401,VGSH,tiingo
2024-12-27,,54.2635,VGSH,tiingo
2024-12-30,54.3101,54.3383,VGSH,tiingo
2024-12-31,54.3756,54.3664,VGSH,tiingo
2025-01-02,54.3756,54.3569,VGSH,tiingo
2025-01-03,54.3849,54.3476,VGSH,tiingo
2025-01-06,54.3476,54.3664,VGSH,tiingo
2025-01-07,54.3476,54.3289,VGSH,tiingo
2025-01-08,54.3569,54.3664,VGSH,tiingo
2025-01-10,54.3336,54.2821,VGSH,tiingo
2025-01-13,54.2729,54.2635,VGSH,tiingo
2025-01-14,,54.2915,VGSH,tiingo
2025-01-15,54.4036,54.413,VGSH,tiingo
2025-01-16,54.3756,54.4503,VGSH,tiingo
2025-01-17,54.4598,54.4411,VGSH,tiingo
2025-01-21,54.4598,54.4503,VGSH,tiingo
2025-01-22,54.4598,54.4411,VGSH,tiingo
2025-01-23,54.4318,54.4503,VGSH,tiingo
2025-01-24,54.469,54.4877,VGSH,tiingo
2025-01-27,,54.5625,VGSH,tiingo
2025-01-28,54.5438,54.5625,VGSH,tiingo
2025-01-29,54.5718,54.5345,VGSH,tiingo
2025-01-30,54.5579,54.5718,VGSH,tiingo
2025-01-31,54.5906,54.5812,VGSH,tiingo
2025-02-03,54.5602,54.5508,VGSH,tiingo
2025-02-04,54.5508,54.5977,VGSH,tiingo
2025-02-05,54.6164,54.6352,VGSH,tiingo
2025-02-06,54.5977,54.607,VGSH,tiingo
2025-02-07,54.579,54.5602,VGSH,tiingo
2025-02-10,54.579,54.5602,VGSH,tiingo
2025-02-11,54.5602,54.5696,VGSH,tiingo
2025-02-12,54.504,54.4946,VGSH,tiingo
2025-02-13,54.5415,54.5602,VGSH,tiingo
2025-02-14,,54.6352,VGSH,tiingo
2025-02-18,54.6212,54.607,VGSH,tiingo
2025-02-19,54.607,54.6259,VGSH,tiingo
2025-02-20,,54.6446,VGSH,tiingo
2025-02-21,54.6727,54.7384,VGSH,tiingo
2025-02-24,54.7103,54.7572,VGSH,tiingo
2025-02-25,54.8273,54.8416,VGSH,tiingo
2025-02-26,54.8416,54.8791,VGSH,tiingo
2025-02-27,54.851,54.8883,VGSH,tiingo
2025-02-28,54.9258,54.9822,VGSH,tiingo
2025-03-03,54.942,55.0171,VGSH,tiingo
2025-03-04,55.0736,55.0267,VGSH,tiingo
2025-03-05,55.0548,54.9702,VGSH,tiingo
2025-03-06,54.9984,55.0078,VGSH,tiingo
2025-03-07,55.083,54.9984,VGSH,tiingo
2025-03-10,55.0736,55.1019,VGSH,tiingo
2025-03-11,55.1112,55.0548,VGSH,tiingo
2025-03-12,,55.0171,VGSH,tiingo
2025-03-13,55.0171,55.0643,VGSH,tiingo
2025-03-14,55.0643,55.0171,VGSH,tiingo
2025-03-17,55.0171,54.9984,VGSH,tiingo
2025-03-18,54.9984,55.0171,VGSH,tiingo
2025-03-19,54.9889,55.0736,VGSH,tiingo
2025-03-20,55.1301,55.1019,VGSH,tiingo
2025-03-21,55.1489,55.1394,VGSH,tiingo
2025-03-24,55.1019,55.0454,VGSH,tiingo
2025-03-25,55.0736,55.083,VGSH,tiingo
2025-03-26,,55.0736,VGSH,tiingo
2025-03-27,55.1019,55.0925,VGSH,tiingo
2025-03-28,55.1394,55.2053,VGSH,tiingo
2025-03-31,55.2429,55.2147,VGSH,tiingo
2025-04-01,55.2298,55.2392,VGSH,tiingo
2025-04-02,55.2769,55.2108,VGSH,tiingo
2025-04-03,55.3998,55.428,VGSH,tiingo
2025-04-04,55.5885,55.4659,VGSH,tiingo
2025-04-07,55.5413,55.4185,VGSH,tiingo
2025-04-08,55.2865,55.428,VGSH,tiingo
2025-04-09,55.4092,55.2865,VGSH,tiingo
2025-04-10,,55.3242,VGSH,tiingo
2025-04-11,55.2769,55.2204,VGSH,tiingo
2025-04-14,55.2392,55.3242,VGSH,tiingo
2025-04-15,,55.343,VGSH,tiingo
2025-04-16,55.3998,55.4185,VGSH,tiingo
2025-04-17,55.4375,55.428,VGSH,tiingo
2025-04-21,,55.4563,VGSH,tiingo
2025-04-22,55.4563,55.4185,VGSH,tiingo
2025-04-23,55.4375,55.3761,VGSH,tiingo
2025-04-24,55.428,55.4468,VGSH,tiingo
2025-04-25,55.4659,55.4942,VGSH,tiingo
2025-04-28,55.5036,55.5697,VGSH,tiingo
2025-04-29,55.5603,55.598,VGSH,tiingo
2025-04-30,55.6357,55.6829,VGSH,tiingo
2025-05-01,55.7006,55.5681,VGSH,tiingo
2025-05-02,55.5254,55.4543,VGSH,tiingo
2025-05-05,55.4923,55.4639,VGSH,tiingo
2025-05-06,,55.5111,VGSH,tiingo
2025-05-07,55.5206,55.5302,VGSH,tiingo
2025-05-08,55.4923,55.4259,VGSH,tiingo
2025-05-09,55.4734,55.4355,VGSH,tiingo
2025-05-12,55.3406,55.3312,VGSH,tiingo
2025-05-13,55.3596,55.3312,VGSH,tiingo
2025-05-14,55.3217,55.2744,VGSH,tiingo
2025-05-15,55.3596,55.388,VGSH,tiingo
2025-05-16,55.4355,55.3692,VGSH,tiingo
2025-05-19,55.3692,55.407,VGSH,tiingo
2025-05-20,55.3786,55.4164,VGSH,tiingo
2025-05-21,55.3786,55.388,VGSH,tiingo
2025-05-22,55.4164,55.3976,VGSH,tiingo
2025-05-23,55.4827,55.4448,VGSH,tiingo
2025-05-27,55.4448,55.4543,VGSH,tiingo
2025-05-28,55.4355,55.4259,VGSH,tiingo
2025-05-29,55.4686,55.4734,VGSH,tiingo
2025-05-30,55.5018,55.549,VGSH,tiingo
2025-06-02,55.5347,55.5062,VGSH,tiingo
2025-06-03,55.5251,55.4967,VGSH,tiingo
2025-06-04,55.544,55.5917,VGSH,tiingo
2025-06-05,55.582,55.5347,VGSH,tiingo
2025-06-06,55.4682,55.4396,VGSH,tiingo
2025-06-09,55.449,55.4774,VGSH,tiingo
2025-06-10,55.5062,55.487,VGSH,tiingo
2025-06-11,,55.5536,VGSH,tiingo
2025-06-12,,55.6107,VGSH,tiingo
2025-06-13,,55.582,VGSH,tiingo
2025-06-16,,55.5632,VGSH,tiingo
2025-06-17,55.582,55.6011,VGSH,tiingo
2025-06-18,,55.6107,VGSH,tiingo
2025-06-20,55.6298,55.6676,VGSH,tiingo
2025-06-23,55.6867,55.7248,VGSH,tiingo
2025-06-24,55.7153,55.7819,VGSH,tiingo
2025-06-25,55.7533,55.8007,VGSH,tiingo
2025-06-26,55.8388,55.8485,VGSH,tiingo
2025-06-27,55.8388,55.8485,VGSH,tiingo
2025-06-30,,55.8769,VGSH,tiingo
2025-07-01,55.8621,55.824,VGSH,tiingo
2025-07-02,,55.824,VGSH,tiingo
2025-07-03,55.7667,55.7477,VGSH,tiingo
2025-07-07,55.7477,55.7381,VGSH,tiingo
2025-07-08,55.7286,55.7381,VGSH,tiingo
2025-07-09,55.7572,55.7859,VGSH,tiingo
2025-07-10,55.7953,55.7859,VGSH,tiingo
2025-07-11,,55.7859,VGSH,tiingo
2025-07-14,55.7953,55.7811,VGSH,tiingo
2025-07-15,55.7953,55.7286,VGSH,tiingo
2025-07-16,55.7572,55.8145,VGSH,tiingo
2025-07-17,55.8049,55.7859,VGSH,tiingo
2025-07-18,55.8621,55.8431,VGSH,tiingo
2025-07-21,,55.8717,VGSH,tiingo
2025-07-22,,55.9002,VGSH,tiingo
2025-07-23,55.8906,55.8621,VGSH,tiingo
2025-07-24,55.8145,55.8334,VGSH,tiingo
2025-07-25,55.8431,55.8527,VGSH,tiingo
2025-07-28,,55.8431,VGSH,tiingo
2025-07-29,55.8621,55.9002,VGSH,tiingo
2025-07-30,55.8717,55.8431,VGSH,tiingo
2025-07-31,,55.8431,VGSH,tiingo
2025-08-01,56.0338,56.1199,VGSH,tiingo
2025-08-04,56.1295,56.1199,VGSH,tiingo
2025-08-05,56.096,56.1008,VGSH,tiingo
2025-08-06,56.0912,56.1199,VGSH,tiingo
2025-08-07,,56.1104,VGSH,tiingo
2025-08-08,56.096,56.0817,VGSH,tiingo
2025-08-11,,56.0817,VGSH,tiingo
2025-08-12,56.1008,56.1199,VGSH,tiingo
2025-08-13,56.1678,56.1869,VGSH,tiingo
2025-08-14,56.1391,56.1295,VGSH,tiingo
2025-08-15,56.1486,56.1295,VGSH,tiingo
2025-08-18,56.1439,56.1295,VGSH,tiingo
2025-08-19,56.1486,56.1583,VGSH,tiingo
2025-08-20,,56.1583,VGSH,tiingo
2025-08-21,56.1486,56.1295,VGSH,tiingo
2025-08-22,56.1391,56.2442,VGSH,tiingo
2025-08-25,56.2061,56.1965,VGSH,tiingo
2025-08-26,56.2348,56.2636,VGSH,tiingo
2025-08-27,56.2636,56.3018,VGSH,tiingo
2025-08-28,56.2922,56.2826,VGSH,tiingo
2025-08-29,56.3113,56.34,VGSH,tiingo
2025-09-02,56.2812,56.3099,VGSH,tiingo
2025-09-03,56.3099,56.3483,VGSH,tiingo
2025-09-04,56.3629,56.3868,VGSH,tiingo
2025-09-05,56.5022,56.4636,VGSH,tiingo
2025-09-08,56.5022,56.5116,VGSH,tiingo
2025-09-09,56.4973,56.4443,VGSH,tiingo
2025-09-10,56.4925,56.4636,VGSH,tiingo
2025-09-11,56.5116,56.4829,VGSH,tiingo
2025-09-12,56.4925,56.4829,VGSH,tiingo
2025-09-15,56.5116,56.5022,VGSH,tiingo
2025-09-16,56.5213,56.5404,VGSH,tiingo
2025-09-17,56.5404,56.5116,VGSH,tiingo
2025-09-18,,56.4829,VGSH,tiingo
2025-09-19,,56.5022,VGSH,tiingo
2025-09-22,56.5116,56.4731,VGSH,tiingo
2025-09-23,56.4829,56.4925,VGSH,tiingo
2025-09-24,56.5022,56.4731,VGSH,tiingo
2025-09-25,56.4349,56.4252,VGSH,tiingo
2025-09-26,56.4349,56.4541,VGSH,tiingo
2025-09-29,56.4636,56.4829,VGSH,tiingo
2025-09-30,56.4925,56.5116,VGSH,tiingo
2025-10-01,,56.5689,VGSH,tiingo
2025-10-02,56.5401,56.5689,VGSH,tiingo
2025-10-03,56.5786,56.5689,VGSH,tiingo
2025-10-06,56.5498,56.5593,VGSH,tiingo
2025-10-07,56.5593,56.5882,VGSH,tiingo
2025-10-08,56.5882,56.5689,VGSH,tiingo
2025-10-09,,56.5786,VGSH,tiingo
2025-10-10,56.6268,56.6653,VGSH,tiingo
2025-10-13,56.675,56.6845,VGSH,tiingo
2025-10-14,56.6942,56.7134,VGSH,tiingo
2025-10-15,,56.7039,VGSH,tiingo
2025-10-16,56.7039,56.7906,VGSH,tiingo
2025-10-17,56.7906,56.7616,VGSH,tiingo
2025-10-20,,56.7714,VGSH,tiingo
2025-10-21,56.7906,56.7714,VGSH,tiingo
2025-10-22,56.7906,56.8002,VGSH,tiingo
2025-10-23,56.7809,56.7616,VGSH,tiingo
2025-10-24,56.7906,56.7809,VGSH,tiingo
2025-10-27,56.7616,56.7714,VGSH,tiingo
2025-10-28,56.7616,56.7809,VGSH,tiingo
2025-10-29,56.7809,56.6653,VGSH,tiingo
2025-10-30,56.6557,56.675,VGSH,tiingo
2025-10-31,56.6845,56.6942,VGSH,tiingo
2025-11-03,,56.693,VGSH,tiingo
2025-11-04,56.722,56.7317,VGSH,tiingo
2025-11-05,56.722,56.6738,VGSH,tiingo
2025-11-06,56.7317,56.7607,VGSH,tiingo
2025-11-07,56.7607,56.7801,VGSH,tiingo
2025-11-10,56.7705,56.7607,VGSH,tiingo
2025-11-11,56.7801,56.7897,VGSH,tiingo
2025-11-12,,56.7801,VGSH,tiingo
2025-11-13,56.7607,56.7656,VGSH,tiingo
2025-11-14,56.809,56.751,VGSH,tiingo
2025-11-17,,56.7705,VGSH,tiingo
2025-11-18,56.8186,56.809,VGSH,tiingo
2025-11-19,56.8381,56.7994,VGSH,tiingo
2025-11-20,56.8284,56.8574,VGSH,tiingo
2025-11-21,,56.9057,VGSH,tiingo
2025-11-24,56.9057,56.925,VGSH,tiingo
2025-11-25,56.925,56.954,VGSH,tiingo
2025-11-26,,56.954,VGSH,tiingo
2025-11-28,,56.954,VGSH,tiingo
2025-12-01,56.9206,56.9109,VGSH,tiingo
2025-12-02,,56.9303,VGSH,tiingo
2025-12-03,,56.9788,VGSH,tiingo
2025-12-04,56.9399,56.9303,VGSH,tiingo
2025-12-05,56.9399,56.9109,VGSH,tiingo
2025-12-08,,56.9012,VGSH,tiingo
2025-12-09,56.9206,56.8818,VGSH,tiingo
2025-12-10,56.8721,56.9498,VGSH,tiingo
2025-12-11,56.9884,56.9788,VGSH,tiingo
2025-12-12,56.969,56.9788,VGSH,tiingo
2025-12-15,,57.0078,VGSH,tiingo
2025-12-16,57.0177,57.0467,VGSH,tiingo
2025-12-17,57.0369,57.0467,VGSH,tiingo
2025-12-18,57.0953,57.0858,VGSH,tiingo
2025-12-19,57.0711,57.076,VGSH,tiingo
2025-12-22,57.0661,57.0565,VGSH,tiingo
2025-12-23,57.0178,57.0273,VGSH,tiingo
2025-12-24,57.037,57.0565,VGSH,tiingo
2025-12-26,57.0953,57.115,VGSH,tiingo
2025-12-29,57.1245,57.1343,VGSH,tiingo
2025-12-30,57.1343,57.1538,VGSH,tiingo
2025-12-31,57.1343,57.1245,VGSH,tiingo
2026-01-02,57.1538,57.1442,VGSH,tiingo
2026-01-05,57.1538,57.1733,VGSH,tiingo
2026-01-06,57.1634,57.1684,VGSH,tiingo
2026-01-07,57.183,57.1634,VGSH,tiingo
2026-01-08,57.1538,57.1634,VGSH,tiingo
2026-01-09,57.1442,57.1343,VGSH,tiingo
2026-01-12,57.1245,57.1343,VGSH,tiingo
2026-01-13,57.1442,57.1538,VGSH,tiingo
2026-01-14,,57.1634,VGSH,tiingo
2026-01-15,57.1442,57.1245,VGSH,tiingo
2026-01-16,57.1442,57.1101,VGSH,tiingo
2026-01-20,,57.115,VGSH,tiingo
2026-01-21,,57.1245,VGSH,tiingo
2026-01-22,57.1052,57.115,VGSH,tiingo
2026-01-23,57.115,57.1442,VGSH,tiingo
2026-01-26,57.1538,57.1634,VGSH,tiingo
2026-01-27,57.1634,57.183,VGSH,tiingo
2026-01-28,57.1927,57.1733,VGSH,tiingo
2026-01-29,57.183,57.2123,VGSH,tiingo
2026-01-30,57.2316,57.2509,VGSH,tiingo
2026-02-02,57.2458,57.2271,VGSH,tiingo
2026-02-03,57.1978,57.2271,VGSH,tiingo
2026-02-04,57.2077,57.2271,VGSH,tiingo
2026-02-05,57.3053,57.344,VGSH,tiingo
2026-02-06,57.344,57.3247,VGSH,tiingo
2026-02-09,,57.344,VGSH,tiingo
2026-02-10,57.3687,57.3832,VGSH,tiingo
2026-02-11,57.3247,57.3345,VGSH,tiingo
2026-02-12,57.3345,57.3931,VGSH,tiingo
2026-02-13,,57.4614,VGSH,tiingo
2026-02-17,57.4515,57.4322,VGSH,tiingo
2026-02-18,57.4223,57.4124,VGSH,tiingo
2026-02-19,57.4124,57.4223,VGSH,tiingo
2026-02-20,57.4369,57.4322,VGSH,tiingo
2026-02-23,57.4322,57.4614,VGSH,tiingo
2026-02-24,57.4664,57.4565,VGSH,tiingo
2026-02-25,,57.4416,VGSH,tiingo
2026-02-26,57.4614,57.4907,VGSH,tiingo
2026-02-27,57.5491,57.5686,VGSH,tiingo
2026-03-02,57.5097,57.461,VGSH,tiingo
2026-03-03,57.3875,57.4511,VGSH,tiingo
2026-03-04,57.4511,57.3925,VGSH,tiingo
2026-03-05,57.3729,57.3825,VGSH,tiingo
2026-03-06,57.3532,57.4119,VGSH,tiingo
2026-03-09,57.3729,57.4317,VGSH,tiingo
2026-03-10,57.4412,57.4023,VGSH,tiingo
2026-03-11,57.3729,57.3433,VGSH,tiingo
2026-03-12,57.314,57.2554,VGSH,tiingo
2026-03-13,57.2995,57.2751,VGSH,tiingo
2026-03-16,57.3289,57.3338,VGSH,tiingo
2026-03-17,57.3532,57.3433,VGSH,tiingo
2026-03-18,57.3093,57.2458,VGSH,tiingo
2026-03-19,57.1673,57.2359,VGSH,tiingo
2026-03-20,57.143,57.1281,VGSH,tiingo
2026-03-23,57.138,57.1966,VGSH,tiingo
2026-03-24,57.1281,57.1185,VGSH,tiingo
2026-03-25,57.1772,57.1673,VGSH,tiingo
2026-03-26,57.1185,57.0597,VGSH,tiingo
2026-03-27,57.0794,57.1575,VGSH,tiingo
2026-03-30,,57.2359,VGSH,tiingo
2026-03-31,57.2995,57.2847,VGSH,tiingo
2026-04-01,57.2756,57.2707,VGSH,tiingo
2026-04-02,57.2902,57.3196,VGSH,tiingo
2026-04-06,57.2707,57.2508,VGSH,tiingo
2026-04-07,57.2803,57.3196,VGSH,tiingo
2026-04-08,57.3984,57.359,VGSH,tiingo
2026-04-09,57.349,57.3688,VGSH,tiingo
2026-04-10,57.3737,57.349,VGSH,tiingo
2026-04-13,57.359,57.3884,VGSH,tiingo
2026-04-14,57.3884,57.4374,VGSH,tiingo
2026-04-15,,57.4178,VGSH,tiingo
2026-04-16,57.4278,57.4128,VGSH,tiingo
2026-04-17,57.4766,57.506,VGSH,tiingo
2026-04-20,57.5012,57.4966,VGSH,tiingo
2026-04-21,57.4572,57.4278,VGSH,tiingo
2026-04-22,57.4572,57.4278,VGSH,tiingo
2026-04-23,57.4374,57.4078,VGSH,tiingo
2026-04-24,57.4278,57.4766,VGSH,tiingo
2026-04-27,57.4572,57.4671,VGSH,tiingo
2026-04-28,,57.4278,VGSH,tiingo
2026-04-29,57.3984,57.349,VGSH,tiingo
2026-04-30,57.3884,57.3984,VGSH,tiingo
2026-05-01,57.4068,57.4167,VGSH,tiingo
2026-05-04,57.3772,57.3577,VGSH,tiingo
2026-05-05,57.3627,57.3772,VGSH,tiingo
2026-05-06,57.4365,57.4562,VGSH,tiingo
2026-05-07,57.4757,57.4068,VGSH,tiingo
2026-05-08,57.4662,57.4462,VGSH,tiingo
2026-05-11,57.4365,57.3872,VGSH,tiingo
2026-05-12,,57.3676,VGSH,tiingo
2026-05-13,57.3676,57.3772,VGSH,tiingo
2026-05-14,57.4068,57.3577,VGSH,tiingo
2026-05-15,57.3086,57.2887,VGSH,tiingo
2026-05-18,57.3182,57.3086,VGSH,tiingo
2026-05-19,57.2789,57.2592,VGSH,tiingo
2026-05-20,57.2789,57.3477,VGSH,tiingo
2026-05-21,57.2887,57.3381,VGSH,tiingo
2026-05-22,57.3577,57.3282,VGSH,tiingo
2026-05-26,57.3676,57.3872,VGSH,tiingo
2026-05-27,57.3922,57.3972,VGSH,tiingo
2026-05-28,57.3972,57.4267,VGSH,tiingo
2026-05-29,57.4512,57.4562,VGSH,tiingo
2026-06-01,57.3966,57.4212,VGSH,tiingo
2026-06-02,57.4508,57.4212,VGSH,tiingo
2026-06-03,,57.4015,VGSH,tiingo
2026-06-04,57.4508,57.4312,VGSH,tiingo
2026-06-05,57.3669,57.3323,VGSH,tiingo
2026-06-08,57.3719,57.3323,VGSH,tiingo
2026-06-09,57.3669,57.3816,VGSH,tiingo
2026-06-10,,57.3916,VGSH,tiingo
2026-06-11,57.3916,57.4705,VGSH,tiingo
2026-06-12,57.4608,57.4508,VGSH,tiingo
2026-06-15,57.51,57.4904,VGSH,tiingo
2026-06-16,57.4904,57.51,VGSH,tiingo
2026-06-17,57.5003,57.3422,VGSH,tiingo
2026-06-18,,57.4112,VGSH,tiingo
2026-06-22,57.3766,57.362,VGSH,tiingo
2026-06-23,57.4015,57.3916,VGSH,tiingo
2026-06-24,57.4508,57.4705,VGSH,tiingo
2026-06-25,,57.4904,VGSH,tiingo
2026-06-26,57.53,57.5396,VGSH,tiingo
2026-06-29,57.53,57.5396,VGSH,tiingo
2026-06-30,57.52,57.4904,VGSH,tiingo
2026-07-01,,57.4883,VGSH,tiingo
2026-07-02,,57.5477,VGSH,tiingo
2026-07-06,57.5577,57.5774,VGSH,tiingo
2026-07-07,57.5477,57.4983,VGSH,tiingo
2026-07-08,57.4883,57.4783,VGSH,tiingo
2026-07-09,57.518,57.528,VGSH,tiingo
2026-07-10,57.5377,57.508,VGSH,tiingo
2026-07-13,57.508,57.4486,VGSH,tiingo
2026-07-14,,57.5377,VGSH,tiingo
2026-07-15,57.5675,57.5874,VGSH,tiingo
2026-07-16,57.5675,57.5972,VGSH,tiingo
2026-07-17,57.6369,57.5972,VGSH,tiingo
2026-07-20,57.5774,57.5577,VGSH,tiingo
2026-07-21,57.5377,57.518,VGSH,tiingo
2026-07-22,57.518,57.4783,VGSH,tiingo
2026-07-23,57.4386,57.4486,VGSH,tiingo
2026-07-24,57.4783,57.4883,VGSH,tiingo
2026-07-27,,57.4883,VGSH,tiingo
2026-07-28,57.518,57.5477,VGSH,tiingo
2026-07-29,57.528,57.5874,VGSH,tiingo
2026-07-30,57.6121,57.5972,VGSH,tiingo
2026-07-31,,57.5675,VGSH,tiingo
2026-08-03,57.6194,57.6094,VGSH,tiingo
2026-08-04,57.6741,57.679,VGSH,tiingo
2026-08-05,57.6691,57.689,VGSH,tiingo
2026-08-06,57.679,57.6293,VGSH,tiingo
2026-08-07,,57.7188,VGSH,tiingo
2026-08-10,57.684,57.6691,VGSH,tiingo
2026-08-11,,57.6989,VGSH,tiingo
2026-08-12,57.7486,57.7287,VGSH,tiingo
2026-08-13,57.7834,57.7883,VGSH,tiingo
2026-08-14,57.8281,57.7883,VGSH,tiingo
2026-08-17,,57.7883,VGSH,tiingo
2026-08-18,57.7735,57.7983,VGSH,tiingo
2026-08-19,57.7983,57.8083,VGSH,tiingo
2026-08-20,,57.7883,VGSH,tiingo
2026-08-21,57.7983,57.7784,VGSH,tiingo
2026-08-24,,57.7784,VGSH,tiingo
2026-08-25,57.8181,57.8479,VGSH,tiingo
2026-08-26,57.8132,57.8083,VGSH,tiingo
2026-08-27,57.8181,57.7983,VGSH,tiingo
2026-08-28,57.8132,57.6939,VGSH,tiingo
2026-08-31,57.7188,57.7088,VGSH,tiingo
2026-09-01,57.6869,57.657,VGSH,tiingo
2026-09-02,57.6869,57.6918,VGSH,tiingo
2026-09-03,57.7616,57.7367,VGSH,tiingo
2026-09-04,57.7267,57.7367,VGSH,tiingo
2026-09-08,57.7367,57.7168,VGSH,tiingo
2026-09-09,57.6968,57.6869,VGSH,tiingo
2026-09-10,57.6021,57.5473,VGSH,tiingo
2026-09-11,57.5473,57.5074,VGSH,tiingo
2026-09-14,57.4865,57.4875,VGSH,tiingo
2026-09-15,57.4825,57.4775,VGSH,tiingo
2026-09-16,57.5124,57.4377,VGSH,tiingo
2026-09-17,57.4925,57.4875,VGSH,tiingo
2026-09-18,57.4426,57.4177,VGSH,tiingo
2026-09-21,57.4676,57.4476,VGSH,tiingo
2026-09-22,,57.4676,VGSH,tiingo
2026-09-23,57.4377,57.338,VGSH,tiingo
2026-09-24,57.3828,57.3081,VGSH,tiingo
2026-09-25,57.3579,57.4077,VGSH,tiingo
2026-09-28,57.338,57.333,VGSH,tiingo
2026-09-29,57.328,57.3778,VGSH,tiingo
2026-09-30,57.4227,57.3778,VGSH,tiingo
2026-10-01,57.4,57.485,VGSH,tiingo
2026-10-02,57.53,57.46,VGSH,tiingo