date,adj_open,adj_close,name,source
1885-03,,1.34137,TB3MS,github-csv+er
1885-04,,1.34402,TB3MS,github-csv+er
1885-05,,1.34667,TB3MS,github-csv+er
1885-06,,1.34932,TB3MS,github-csv+er
1885-07,,1.35194,TB3MS,github-csv+er
1885-08,,1.35458,TB3MS,github-csv+er
1885-09,,1.3572,TB3MS,github-csv+er
1885-10,,1.3598,TB3MS,github-csv+er
1885-11,,1.3624,TB3MS,github-csv+er
1885-12,,1.36498,TB3MS,github-csv+er
1886-01,,1.36759,TB3MS,github-csv+er
1886-02,,1.37023,TB3MS,github-csv+er
1886-03,,1.37287,TB3MS,github-csv+er
1886-04,,1.37553,TB3MS,github-csv+er
1886-05,,1.3782,TB3MS,github-csv+er
1886-06,,1.38092,TB3MS,github-csv+er
1886-07,,1.38365,TB3MS,github-csv+er
1886-08,,1.38639,TB3MS,github-csv+er
1886-09,,1.38916,TB3MS,github-csv+er
1886-10,,1.39193,TB3MS,github-csv+er
1886-11,,1.39474,TB3MS,github-csv+er
1886-12,,1.39756,TB3MS,github-csv+er
1887-01,,1.40041,TB3MS,github-csv+er
1887-02,,1.40328,TB3MS,github-csv+er
1887-03,,1.40616,TB3MS,github-csv+er
1887-04,,1.40907,TB3MS,github-csv+er
1887-05,,1.41199,TB3MS,github-csv+er
1887-06,,1.41493,TB3MS,github-csv+er
1887-07,,1.4179,TB3MS,github-csv+er
1887-08,,1.42089,TB3MS,github-csv+er
1887-09,,1.4239,TB3MS,github-csv+er
1887-10,,1.42693,TB3MS,github-csv+er
1887-11,,1.42997,TB3MS,github-csv+er
1887-12,,1.43305,TB3MS,github-csv+er
1888-01,,1.43611,TB3MS,github-csv+er
1888-02,,1.43917,TB3MS,github-csv+er
1888-03,,1.4422,TB3MS,github-csv+er
1888-04,,1.44521,TB3MS,github-csv+er
1888-05,,1.44821,TB3MS,github-csv+er
1888-06,,1.4512,TB3MS,github-csv+er
1888-07,,1.45416,TB3MS,github-csv+er
1888-08,,1.4571,TB3MS,github-csv+er
1888-09,,1.46003,TB3MS,github-csv+er
1888-10,,1.46294,TB3MS,github-csv+er
1888-11,,1.46583,TB3MS,github-csv+er
1888-12,,1.46873,TB3MS,github-csv+er
1889-01,,1.47164,TB3MS,github-csv+er
1889-02,,1.47452,TB3MS,github-csv+er
1889-03,,1.47741,TB3MS,github-csv+er
1889-04,,1.4803,TB3MS,github-csv+er
1889-05,,1.48319,TB3MS,github-csv+er
1889-06,,1.48608,TB3MS,github-csv+er
1889-07,,1.48897,TB3MS,github-csv+er
1889-08,,1.49188,TB3MS,github-csv+er
1889-09,,1.49481,TB3MS,github-csv+er
1889-10,,1.49772,TB3MS,github-csv+er
1889-11,,1.50063,TB3MS,github-csv+er
1889-12,,1.50354,TB3MS,github-csv+er
1890-01,,1.50647,TB3MS,github-csv+er
1890-02,,1.50943,TB3MS,github-csv+er
1890-03,,1.51242,TB3MS,github-csv+er
1890-04,,1.51543,TB3MS,github-csv+er
1890-05,,1.5185,TB3MS,github-csv+er
1890-06,,1.52158,TB3MS,github-csv+er
1890-07,,1.52468,TB3MS,github-csv+er
1890-08,,1.5278,TB3MS,github-csv+er
1890-09,,1.53096,TB3MS,github-csv+er
1890-10,,1.53414,TB3MS,github-csv+er
1890-11,,1.53735,TB3MS,github-csv+er
1890-12,,1.54059,TB3MS,github-csv+er
1891-01,,1.54383,TB3MS,github-csv+er
1891-02,,1.54708,TB3MS,github-csv+er
1891-03,,1.55034,TB3MS,github-csv+er
1891-04,,1.5536,TB3MS,github-csv+er
1891-05,,1.55686,TB3MS,github-csv+er
1891-06,,1.56013,TB3MS,github-csv+er
1891-07,,1.5634,TB3MS,github-csv+er
1891-08,,1.56668,TB3MS,github-csv+er
1891-09,,1.56997,TB3MS,github-csv+er
1891-10,,1.57325,TB3MS,github-csv+er
1891-11,,1.57655,TB3MS,github-csv+er
1891-12,,1.57985,TB3MS,github-csv+er
1892-01,,1.58317,TB3MS,github-csv+er
1892-02,,1.58651,TB3MS,github-csv+er
1892-03,,1.58988,TB3MS,github-csv+er
1892-04,,1.59327,TB3MS,github-csv+er
1892-05,,1.59669,TB3MS,github-csv+er
1892-06,,1.60013,TB3MS,github-csv+er
1892-07,,1.60359,TB3MS,github-csv+er
1892-08,,1.60708,TB3MS,github-csv+er
1892-09,,1.6106,TB3MS,github-csv+er
1892-10,,1.61414,TB3MS,github-csv+er
1892-11,,1.6177,TB3MS,github-csv+er
1892-12,,1.62129,TB3MS,github-csv+er
1893-01,,1.62487,TB3MS,github-csv+er
1893-02,,1.62845,TB3MS,github-csv+er
1893-03,,1.63203,TB3MS,github-csv+er
1893-04,,1.63563,TB3MS,github-csv+er
1893-05,,1.63924,TB3MS,github-csv+er
1893-06,,1.64284,TB3MS,github-csv+er
1893-07,,1.64645,TB3MS,github-csv+er
1893-08,,1.65005,TB3MS,github-csv+er
1893-09,,1.65366,TB3MS,github-csv+er
1893-10,,1.65727,TB3MS,github-csv+er
1893-11,,1.66087,TB3MS,github-csv+er
1893-12,,1.66447,TB3MS,github-csv+er
1894-01,,1.66807,TB3MS,github-csv+er
1894-02,,1.67165,TB3MS,github-csv+er
1894-03,,1.67521,TB3MS,github-csv+er
1894-04,,1.67874,TB3MS,github-csv+er
1894-05,,1.68225,TB3MS,github-csv+er
1894-06,,1.68574,TB3MS,github-csv+er
1894-07,,1.68922,TB3MS,github-csv+er
1894-08,,1.69267,TB3MS,github-csv+er
1894-09,,1.6961,TB3MS,github-csv+er
1894-10,,1.69951,TB3MS,github-csv+er
1894-11,,1.7029,TB3MS,github-csv+er
1894-12,,1.70626,TB3MS,github-csv+er
1895-01,,1.70964,TB3MS,github-csv+er
1895-02,,1.71305,TB3MS,github-csv+er
1895-03,,1.71647,TB3MS,github-csv+er
1895-04,,1.71993,TB3MS,github-csv+er
1895-05,,1.72341,TB3MS,github-csv+er
1895-06,,1.72692,TB3MS,github-csv+er
1895-07,,1.73045,TB3MS,github-csv+er
1895-08,,1.734,TB3MS,github-csv+er
1895-09,,1.73757,TB3MS,github-csv+er
1895-10,,1.74117,TB3MS,github-csv+er
1895-11,,1.7448,TB3MS,github-csv+er
1895-12,,1.74845,TB3MS,github-csv+er
1896-01,,1.75208,TB3MS,github-csv+er
1896-02,,1.75568,TB3MS,github-csv+er
1896-03,,1.75929,TB3MS,github-csv+er
1896-04,,1.76288,TB3MS,github-csv+er
1896-05,,1.76645,TB3MS,github-csv+er
1896-06,,1.77,TB3MS,github-csv+er
1896-07,,1.77353,TB3MS,github-csv+er
1896-08,,1.77704,TB3MS,github-csv+er
1896-09,,1.78054,TB3MS,github-csv+er
1896-10,,1.78402,TB3MS,github-csv+er
1896-11,,1.78748,TB3MS,github-csv+er
1896-12,,1.79093,TB3MS,github-csv+er
1897-01,,1.79436,TB3MS,github-csv+er
1897-02,,1.7978,TB3MS,github-csv+er
1897-03,,1.80124,TB3MS,github-csv+er
1897-04,,1.80468,TB3MS,github-csv+er
1897-05,,1.80812,TB3MS,github-csv+er
1897-06,,1.81156,TB3MS,github-csv+er
1897-07,,1.81501,TB3MS,github-csv+er
1897-08,,1.81846,TB3MS,github-csv+er
1897-09,,1.8219,TB3MS,github-csv+er
1897-10,,1.82535,TB3MS,github-csv+er
1897-11,,1.82879,TB3MS,github-csv+er
1897-12,,1.83224,TB3MS,github-csv+er
1898-01,,1.83566,TB3MS,github-csv+er
1898-02,,1.83906,TB3MS,github-csv+er
1898-03,,1.84243,TB3MS,github-csv+er
1898-04,,1.84577,TB3MS,github-csv+er
1898-05,,1.84909,TB3MS,github-csv+er
1898-06,,1.85238,TB3MS,github-csv+er
1898-07,,1.85565,TB3MS,github-csv+er
1898-08,,1.85889,TB3MS,github-csv+er
1898-09,,1.8621,TB3MS,github-csv+er
1898-10,,1.86528,TB3MS,github-csv+er
1898-11,,1.86845,TB3MS,github-csv+er
1898-12,,1.87157,TB3MS,github-csv+er
1899-01,,1.87471,TB3MS,github-csv+er
1899-02,,1.87786,TB3MS,github-csv+er
1899-03,,1.88103,TB3MS,github-csv+er
1899-04,,1.8842,TB3MS,github-csv+er
1899-05,,1.88739,TB3MS,github-csv+er
1899-06,,1.89059,TB3MS,github-csv+er
1899-07,,1.8938,TB3MS,github-csv+er
1899-08,,1.89702,TB3MS,github-csv+er
1899-09,,1.90025,TB3MS,github-csv+er
1899-10,,1.9035,TB3MS,github-csv+er
1899-11,,1.90676,TB3MS,github-csv+er
1899-12,,1.91004,TB3MS,github-csv+er
1900-01,,1.91331,TB3MS,github-csv+er
1900-02,,1.91658,TB3MS,github-csv+er
1900-03,,1.91985,TB3MS,github-csv+er
1900-04,,1.92312,TB3MS,github-csv+er
1900-05,,1.92638,TB3MS,github-csv+er
1900-06,,1.92965,TB3MS,github-csv+er
1900-07,,1.93292,TB3MS,github-csv+er
1900-08,,1.93618,TB3MS,github-csv+er
1900-09,,1.93944,TB3MS,github-csv+er
1900-10,,1.94272,TB3MS,github-csv+er
1900-11,,1.94599,TB3MS,github-csv+er
1900-12,,1.94926,TB3MS,github-csv+er
1901-01,,1.95253,TB3MS,github-csv+er
1901-02,,1.95582,TB3MS,github-csv+er
1901-03,,1.95913,TB3MS,github-csv+er
1901-04,,1.96245,TB3MS,github-csv+er
1901-05,,1.9658,TB3MS,github-csv+er
1901-06,,1.96914,TB3MS,github-csv+er
1901-07,,1.97252,TB3MS,github-csv+er
1901-08,,1.97591,TB3MS,github-csv+er
1901-09,,1.97932,TB3MS,github-csv+er
1901-10,,1.98275,TB3MS,github-csv+er
1901-11,,1.98617,TB3MS,github-csv+er
1901-12,,1.98963,TB3MS,github-csv+er
1902-01,,1.99311,TB3MS,github-csv+er
1902-02,,1.99661,TB3MS,github-csv+er
1902-03,,2.00013,TB3MS,github-csv+er
1902-04,,2.00369,TB3MS,github-csv+er
1902-05,,2.00726,TB3MS,github-csv+er
1902-06,,2.01086,TB3MS,github-csv+er
1902-07,,2.01449,TB3MS,github-csv+er
1902-08,,2.01813,TB3MS,github-csv+er
1902-09,,2.0218,TB3MS,github-csv+er
1902-10,,2.02548,TB3MS,github-csv+er
1902-11,,2.0292,TB3MS,github-csv+er
1902-12,,2.03293,TB3MS,github-csv+er
1903-01,,2.03669,TB3MS,github-csv+er
1903-02,,2.04046,TB3MS,github-csv+er
1903-03,,2.04427,TB3MS,github-csv+er
1903-04,,2.04809,TB3MS,github-csv+er
1903-05,,2.05194,TB3MS,github-csv+er
1903-06,,2.05579,TB3MS,github-csv+er
1903-07,,2.05967,TB3MS,github-csv+er
1903-08,,2.06359,TB3MS,github-csv+er
1903-09,,2.06751,TB3MS,github-csv+er
1903-10,,2.07147,TB3MS,github-csv+er
1903-11,,2.07543,TB3MS,github-csv+er
1903-12,,2.07944,TB3MS,github-csv+er
1904-01,,2.08345,TB3MS,github-csv+er
1904-02,,2.08747,TB3MS,github-csv+er
1904-03,,2.09153,TB3MS,github-csv+er
1904-04,,2.0956,TB3MS,github-csv+er
1904-05,,2.09971,TB3MS,github-csv+er
1904-06,,2.10381,TB3MS,github-csv+er
1904-07,,2.10793,TB3MS,github-csv+er
1904-08,,2.11209,TB3MS,github-csv+er
1904-09,,2.11627,TB3MS,github-csv+er
1904-10,,2.12045,TB3MS,github-csv+er
1904-11,,2.12466,TB3MS,github-csv+er
1904-12,,2.12889,TB3MS,github-csv+er
1905-01,,2.13313,TB3MS,github-csv+er
1905-02,,2.13736,TB3MS,github-csv+er
1905-03,,2.14159,TB3MS,github-csv+er
1905-04,,2.14583,TB3MS,github-csv+er
1905-05,,2.15006,TB3MS,github-csv+er
1905-06,,2.15431,TB3MS,github-csv+er
1905-07,,2.15854,TB3MS,github-csv+er
1905-08,,2.16279,TB3MS,github-csv+er
1905-09,,2.16702,TB3MS,github-csv+er
1905-10,,2.17127,TB3MS,github-csv+er
1905-11,,2.1755,TB3MS,github-csv+er
1905-12,,2.17975,TB3MS,github-csv+er
1906-01,,2.18404,TB3MS,github-csv+er
1906-02,,2.18836,TB3MS,github-csv+er
1906-03,,2.19274,TB3MS,github-csv+er
1906-04,,2.19716,TB3MS,github-csv+er
1906-05,,2.20163,TB3MS,github-csv+er
1906-06,,2.20614,TB3MS,github-csv+er
1906-07,,2.21069,TB3MS,github-csv+er
1906-08,,2.21529,TB3MS,github-csv+er
1906-09,,2.21996,TB3MS,github-csv+er
1906-10,,2.22465,TB3MS,github-csv+er
1906-11,,2.22939,TB3MS,github-csv+er
1906-12,,2.23418,TB3MS,github-csv+er
1907-01,,2.23901,TB3MS,github-csv+er
1907-02,,2.24389,TB3MS,github-csv+er
1907-03,,2.2488,TB3MS,github-csv+er
1907-04,,2.25376,TB3MS,github-csv+er
1907-05,,2.25877,TB3MS,github-csv+er
1907-06,,2.26381,TB3MS,github-csv+er
1907-07,,2.2689,TB3MS,github-csv+er
1907-08,,2.27401,TB3MS,github-csv+er
1907-09,,2.27919,TB3MS,github-csv+er
1907-10,,2.2844,TB3MS,github-csv+er
1907-11,,2.28967,TB3MS,github-csv+er
1907-12,,2.29498,TB3MS,github-csv+er
1908-01,,2.30027,TB3MS,github-csv+er
1908-02,,2.30557,TB3MS,github-csv+er
1908-03,,2.31085,TB3MS,github-csv+er
1908-04,,2.31614,TB3MS,github-csv+er
1908-05,,2.32141,TB3MS,github-csv+er
1908-06,,2.32669,TB3MS,github-csv+er
1908-07,,2.33196,TB3MS,github-csv+er
1908-08,,2.33721,TB3MS,github-csv+er
1908-09,,2.34247,TB3MS,github-csv+er
1908-10,,2.34771,TB3MS,github-csv+er
1908-11,,2.35297,TB3MS,github-csv+er
1908-12,,2.3582,TB3MS,github-csv+er
1909-01,,2.36347,TB3MS,github-csv+er
1909-02,,2.36878,TB3MS,github-csv+er
1909-03,,2.37411,TB3MS,github-csv+er
1909-04,,2.37951,TB3MS,github-csv+er
1909-05,,2.38491,TB3MS,github-csv+er
1909-06,,2.39037,TB3MS,github-csv+er
1909-07,,2.39587,TB3MS,github-csv+er
1909-08,,2.40139,TB3MS,github-csv+er
1909-09,,2.40696,TB3MS,github-csv+er
1909-10,,2.41257,TB3MS,github-csv+er
1909-11,,2.4182,TB3MS,github-csv+er
1909-12,,2.42387,TB3MS,github-csv+er
1910-01,,2.4296,TB3MS,github-csv+er
1910-02,,2.43533,TB3MS,github-csv+er
1910-03,,2.44108,TB3MS,github-csv+er
1910-04,,2.44687,TB3MS,github-csv+er
1910-05,,2.45269,TB3MS,github-csv+er
1910-06,,2.45851,TB3MS,github-csv+er
1910-07,,2.46437,TB3MS,github-csv+er
1910-08,,2.47027,TB3MS,github-csv+er
1910-09,,2.47617,TB3MS,github-csv+er
1910-10,,2.48212,TB3MS,github-csv+er
1910-11,,2.48807,TB3MS,github-csv+er
1910-12,,2.49406,TB3MS,github-csv+er
1911-01,,2.50009,TB3MS,github-csv+er
1911-02,,2.50611,TB3MS,github-csv+er
1911-03,,2.51216,TB3MS,github-csv+er
1911-04,,2.51823,TB3MS,github-csv+er
1911-05,,2.52433,TB3MS,github-csv+er
1911-06,,2.53044,TB3MS,github-csv+er
1911-07,,2.53656,TB3MS,github-csv+er
1911-08,,2.54271,TB3MS,github-csv+er
1911-09,,2.54888,TB3MS,github-csv+er
1911-10,,2.55508,TB3MS,github-csv+er
1911-11,,2.56129,TB3MS,github-csv+er
1911-12,,2.56752,TB3MS,github-csv+er
1912-01,,2.57385,TB3MS,github-csv+er
1912-02,,2.58026,TB3MS,github-csv+er
1912-03,,2.58677,TB3MS,github-csv+er
1912-04,,2.59338,TB3MS,github-csv+er
1912-05,,2.60008,TB3MS,github-csv+er
1912-06,,2.60688,TB3MS,github-csv+er
1912-07,,2.61379,TB3MS,github-csv+er
1912-08,,2.62078,TB3MS,github-csv+er
1912-09,,2.62787,TB3MS,github-csv+er
1912-10,,2.63506,TB3MS,github-csv+er
1912-11,,2.64235,TB3MS,github-csv+er
1912-12,,2.64975,TB3MS,github-csv+er
1913-01,,2.65712,TB3MS,github-csv+er
1913-02,,2.66446,TB3MS,github-csv+er
1913-03,,2.67175,TB3MS,github-csv+er
1913-04,,2.67903,TB3MS,github-csv+er
1913-05,,2.68625,TB3MS,github-csv+er
1913-06,,2.69346,TB3MS,github-csv+er
1913-07,,2.70063,TB3MS,github-csv+er
1913-08,,2.70776,TB3MS,github-csv+er
1913-09,,2.71484,TB3MS,github-csv+er
1913-10,,2.7219,TB3MS,github-csv+er
1913-11,,2.72892,TB3MS,github-csv+er
1913-12,,2.73591,TB3MS,github-csv+er
1914-01,,2.74293,TB3MS,github-csv+er
1914-02,,2.74997,TB3MS,github-csv+er
1914-03,,2.75705,TB3MS,github-csv+er
1914-04,,2.76416,TB3MS,github-csv+er
1914-05,,2.7713,TB3MS,github-csv+er
1914-06,,2.77849,TB3MS,github-csv+er
1914-07,,2.78577,TB3MS,github-csv+er
1914-12,,2.79308,TB3MS,github-csv+er
1915-01,,2.80039,TB3MS,github-csv+er
1915-02,,2.80765,TB3MS,github-csv+er
1915-03,,2.81491,TB3MS,github-csv+er
1915-04,,2.82216,TB3MS,github-csv+er
1915-05,,2.82938,TB3MS,github-csv+er
1915-06,,2.83659,TB3MS,github-csv+er
1915-07,,2.84378,TB3MS,github-csv+er
1915-08,,2.85093,TB3MS,github-csv+er
1915-09,,2.85808,TB3MS,github-csv+er
1915-10,,2.8652,TB3MS,github-csv+er
1915-11,,2.87232,TB3MS,github-csv+er
1915-12,,2.87941,TB3MS,github-csv+er
1916-01,,2.88656,TB3MS,github-csv+er
1916-02,,2.89374,TB3MS,github-csv+er
1916-03,,2.90098,TB3MS,github-csv+er
1916-04,,2.90827,TB3MS,github-csv+er
1916-05,,2.91564,TB3MS,github-csv+er
1916-06,,2.92305,TB3MS,github-csv+er
1916-07,,2.9305,TB3MS,github-csv+er
1916-08,,2.93804,TB3MS,github-csv+er
1916-09,,2.9456,TB3MS,github-csv+er
1916-10,,2.95322,TB3MS,github-csv+er
1916-11,,2.96093,TB3MS,github-csv+er
1916-12,,2.96865,TB3MS,github-csv+er
1917-01,,2.9765,TB3MS,github-csv+er
1917-02,,2.98443,TB3MS,github-csv+er
1917-03,,2.99244,TB3MS,github-csv+er
1917-04,,3.00056,TB3MS,github-csv+er
1917-05,,3.00876,TB3MS,github-csv+er
1917-06,,3.01705,TB3MS,github-csv+er
1917-07,,3.02545,TB3MS,github-csv+er
1917-08,,3.03392,TB3MS,github-csv+er
1917-09,,3.04251,TB3MS,github-csv+er
1917-10,,3.05119,TB3MS,github-csv+er
1917-11,,3.05994,TB3MS,github-csv+er
1917-12,,3.06883,TB3MS,github-csv+er
1918-01,,3.07772,TB3MS,github-csv+er
1918-02,,3.0866,TB3MS,github-csv+er
1918-03,,3.0955,TB3MS,github-csv+er
1918-04,,3.10444,TB3MS,github-csv+er
1918-05,,3.11335,TB3MS,github-csv+er
1918-06,,3.12229,TB3MS,github-csv+er
1918-07,,3.13125,TB3MS,github-csv+er
1918-08,,3.14021,TB3MS,github-csv+er
1918-09,,3.14917,TB3MS,github-csv+er
1918-10,,3.15816,TB3MS,github-csv+er
1918-11,,3.16714,TB3MS,github-csv+er
1918-12,,3.17615,TB3MS,github-csv+er
1919-01,,3.18528,TB3MS,github-csv+er
1919-02,,3.19453,TB3MS,github-csv+er
1919-03,,3.20392,TB3MS,github-csv+er
1919-04,,3.21343,TB3MS,github-csv+er
1919-05,,3.22308,TB3MS,github-csv+er
1919-06,,3.23286,TB3MS,github-csv+er
1919-07,,3.24278,TB3MS,github-csv+er
1919-08,,3.25284,TB3MS,github-csv+er
1919-09,,3.26304,TB3MS,github-csv+er
1919-10,,3.27338,TB3MS,github-csv+er
1919-11,,3.28385,TB3MS,github-csv+er
1919-12,,3.29445,TB3MS,github-csv+er
1920-01,,3.30513,TB3MS,github-csv+er
1920-02,,3.31587,TB3MS,github-csv+er
1920-03,,3.32668,TB3MS,github-csv+er
1920-04,,3.33754,TB3MS,github-csv+er
1920-05,,3.34848,TB3MS,github-csv+er
1920-06,,3.35945,TB3MS,github-csv+er
1920-07,,3.37051,TB3MS,github-csv+er
1920-08,,3.38165,TB3MS,github-csv+er
1920-09,,3.39282,TB3MS,github-csv+er
1920-10,,3.40408,TB3MS,github-csv+er
1920-11,,3.4154,TB3MS,github-csv+er
1920-12,,3.42678,TB3MS,github-csv+er
1921-01,,3.43802,TB3MS,github-csv+er
1921-02,,3.44913,TB3MS,github-csv+er
1921-03,,3.46004,TB3MS,github-csv+er
1921-04,,3.47083,TB3MS,github-csv+er
1921-05,,3.48147,TB3MS,github-csv+er
1921-06,,3.49194,TB3MS,github-csv+er
1921-07,,3.50225,TB3MS,github-csv+er
1921-08,,3.5124,TB3MS,github-csv+er
1921-09,,3.52237,TB3MS,github-csv+er
1921-10,,3.53219,TB3MS,github-csv+er
1921-11,,3.54185,TB3MS,github-csv+er
1921-12,,3.55132,TB3MS,github-csv+er
1922-01,,3.56083,TB3MS,github-csv+er
1922-02,,3.5704,TB3MS,github-csv+er
1922-03,,3.57999,TB3MS,github-csv+er
1922-04,,3.58963,TB3MS,github-csv+er
1922-05,,3.5993,TB3MS,github-csv+er
1922-06,,3.60902,TB3MS,github-csv+er
1922-07,,3.61877,TB3MS,github-csv+er
1922-08,,3.62857,TB3MS,github-csv+er
1922-09,,3.63842,TB3MS,github-csv+er
1922-10,,3.64831,TB3MS,github-csv+er
1922-11,,3.65823,TB3MS,github-csv+er
1922-12,,3.6682,TB3MS,github-csv+er
1923-01,,3.67812,TB3MS,github-csv+er
1923-02,,3.688,TB3MS,github-csv+er
1923-03,,3.69782,TB3MS,github-csv+er
1923-04,,3.70759,TB3MS,github-csv+er
1923-05,,3.7173,TB3MS,github-csv+er
1923-06,,3.72697,TB3MS,github-csv+er
1923-07,,3.73659,TB3MS,github-csv+er
1923-08,,3.74616,TB3MS,github-csv+er
1923-09,,3.75567,TB3MS,github-csv+er
1923-10,,3.76512,TB3MS,github-csv+er
1923-11,,3.77451,TB3MS,github-csv+er
1923-12,,3.78386,TB3MS,github-csv+er
1924-01,,3.79318,TB3MS,github-csv+er
1924-02,,3.80247,TB3MS,github-csv+er
1924-03,,3.81172,TB3MS,github-csv+er
1924-04,,3.82094,TB3MS,github-csv+er
1924-05,,3.83015,TB3MS,github-csv+er
1924-06,,3.83931,TB3MS,github-csv+er
1924-07,,3.84843,TB3MS,github-csv+er
1924-08,,3.85752,TB3MS,github-csv+er
1924-09,,3.86661,TB3MS,github-csv+er
1924-10,,3.87564,TB3MS,github-csv+er
1924-11,,3.88463,TB3MS,github-csv+er
1924-12,,3.89362,TB3MS,github-csv+er
1925-01,,3.90255,TB3MS,github-csv+er
1925-02,,3.91146,TB3MS,github-csv+er
1925-03,,3.92035,TB3MS,github-csv+er
1925-04,,3.92921,TB3MS,github-csv+er
1925-05,,3.93803,TB3MS,github-csv+er
1925-06,,3.94683,TB3MS,github-csv+er
1925-07,,3.9556,TB3MS,github-csv+er
1925-08,,3.96432,TB3MS,github-csv+er
1925-09,,3.97304,TB3MS,github-csv+er
1925-10,,3.98172,TB3MS,github-csv+er
1925-11,,3.99036,TB3MS,github-csv+er
1925-12,,3.99898,TB3MS,github-csv+er
1926-01,,4.00752,TB3MS,github-csv+er
1926-02,,4.01599,TB3MS,github-csv+er
1926-03,,4.02437,TB3MS,github-csv+er
1926-04,,4.03267,TB3MS,github-csv+er
1926-05,,4.04091,TB3MS,github-csv+er
1926-06,,4.04907,TB3MS,github-csv+er
1926-07,,4.05727,TB3MS,github-csv+er
1926-08,,4.06548,TB3MS,github-csv+er
1926-09,,4.07372,TB3MS,github-csv+er
1926-10,,4.08197,TB3MS,github-csv+er
1926-11,,4.09023,TB3MS,github-csv+er
1926-12,,4.09852,TB3MS,github-csv+er
1927-01,,4.10682,TB3MS,github-csv+er
1927-02,,4.11514,TB3MS,github-csv+er
1927-03,,4.12347,TB3MS,github-csv+er
1927-04,,4.13182,TB3MS,github-csv+er
1927-05,,4.14018,TB3MS,github-csv+er
1927-06,,4.14857,TB3MS,github-csv+er
1927-07,,4.15697,TB3MS,github-csv+er
1927-08,,4.16538,TB3MS,github-csv+er
1927-09,,4.17382,TB3MS,github-csv+er
1927-10,,4.18226,TB3MS,github-csv+er
1927-11,,4.19074,TB3MS,github-csv+er
1927-12,,4.19923,TB3MS,github-csv+er
1928-01,,4.20774,TB3MS,github-csv+er
1928-02,,4.21626,TB3MS,github-csv+er
1928-03,,4.22477,TB3MS,github-csv+er
1928-04,,4.23335,TB3MS,github-csv+er
1928-05,,4.24191,TB3MS,github-csv+er
1928-06,,4.2505,TB3MS,github-csv+er
1928-07,,4.25911,TB3MS,github-csv+er
1928-08,,4.26774,TB3MS,github-csv+er
1928-09,,4.27639,TB3MS,github-csv+er
1928-10,,4.29402,TB3MS,github-csv+er
1928-11,,4.31172,TB3MS,github-csv+er
1928-12,,4.31141,TB3MS,github-csv+er
1929-01,,4.32015,TB3MS,github-csv+er
1929-02,,4.33796,TB3MS,github-csv+er
1929-03,,4.34676,TB3MS,github-csv+er
1929-04,,4.35554,TB3MS,github-csv+er
1929-05,,4.37352,TB3MS,github-csv+er
1929-06,,4.39155,TB3MS,github-csv+er
1929-07,,4.40044,TB3MS,github-csv+er
1929-08,,4.4186,TB3MS,github-csv+er
1929-09,,4.42755,TB3MS,github-csv+er
1929-10,,4.4458,TB3MS,github-csv+er
1929-11,,4.46416,TB3MS,github-csv+er
1929-12,,4.47318,TB3MS,github-csv+er
1930-01,,4.48225,TB3MS,github-csv+er
1930-02,,4.49132,TB3MS,github-csv+er
1930-03,,4.50041,TB3MS,github-csv+er
1930-04,,4.50954,TB3MS,github-csv+er
1930-05,,4.51867,TB3MS,github-csv+er
1930-06,,4.52781,TB3MS,github-csv+er
1930-07,,4.53697,TB3MS,github-csv+er
1930-08,,4.53664,TB3MS,github-csv+er
1930-09,,4.54584,TB3MS,github-csv+er
1930-10,,4.5455,TB3MS,github-csv+er
1930-11,,4.5547,TB3MS,github-csv+er
1930-12,,4.56391,TB3MS,github-csv+er
1931-01,,4.57315,TB3MS,github-csv+er
1931-02,,4.57281,TB3MS,github-csv+er
1931-03,,4.57248,TB3MS,github-csv+er
1931-04,,4.57213,TB3MS,github-csv+er
1931-05,,4.5718,TB3MS,github-csv+er
1931-06,,4.57145,TB3MS,github-csv+er
1931-07,,4.57111,TB3MS,github-csv+er
1931-08,,4.57076,TB3MS,github-csv+er
1931-09,,4.57041,TB3MS,github-csv+er
1931-10,,4.57006,TB3MS,github-csv+er
1931-11,,4.57932,TB3MS,github-csv+er
1931-12,,4.57899,TB3MS,github-csv+er
1932-01,,4.58827,TB3MS,github-csv+er
1932-02,,4.59755,TB3MS,github-csv+er
1932-03,,4.60685,TB3MS,github-csv+er
1932-04,,4.60651,TB3MS,github-csv+er
1932-05,,4.60616,TB3MS,github-csv+er
1932-06,,4.60581,TB3MS,github-csv+er
1932-07,,4.60547,TB3MS,github-csv+er
1932-08,,4.60513,TB3MS,github-csv+er
1932-09,,4.60479,TB3MS,github-csv+er
1932-10,,4.60445,TB3MS,github-csv+er
1932-11,,4.6041,TB3MS,github-csv+er
1932-12,,4.60375,TB3MS,github-csv+er
1933-01,,4.60341,TB3MS,github-csv+er
1933-02,,4.60306,TB3MS,github-csv+er
1933-03,,4.60271,TB3MS,github-csv+er
1933-04,,4.60236,TB3MS,github-csv+er
1933-05,,4.60203,TB3MS,github-csv+er
1933-06,,4.60168,TB3MS,github-csv+er
1933-07,,4.60133,TB3MS,github-csv+er
1933-08,,4.60099,TB3MS,github-csv+er
1933-09,,4.60064,TB3MS,github-csv+er
1933-10,,4.60029,TB3MS,github-csv+er
1933-11,,4.59995,TB3MS,github-csv+er
1933-12,,4.5996,TB3MS,github-csv+er
1934-01,,4.60202,TB3MS,github-csv+er
1934-02,,4.60406,TB3MS,github-csv+er
1934-03,,4.60463,TB3MS,github-csv+er
1934-04,,4.60487,TB3MS,github-csv+er
1934-05,,4.60513,TB3MS,github-csv+er
1934-06,,4.60536,TB3MS,github-csv+er
1934-07,,4.60559,TB3MS,github-csv+er
1934-08,,4.60597,TB3MS,github-csv+er
1934-09,,4.60643,TB3MS,github-csv+er
1934-10,,4.60712,TB3MS,github-csv+er
1934-11,,4.60775,TB3MS,github-csv+er
1934-12,,4.60828,TB3MS,github-csv+er
1935-01,,4.6087,TB3MS,github-csv+er
1935-02,,4.60907,TB3MS,github-csv+er
1935-03,,4.60931,TB3MS,github-csv+er
1935-04,,4.60954,TB3MS,github-csv+er
1935-05,,4.60977,TB3MS,github-csv+er
1935-06,,4.61001,TB3MS,github-csv+er
1935-07,,4.61023,TB3MS,github-csv+er
1935-08,,4.61051,TB3MS,github-csv+er
1935-09,,4.61093,TB3MS,github-csv+er
1935-10,,4.61135,TB3MS,github-csv+er
1935-11,,4.61162,TB3MS,github-csv+er
1935-12,,4.61185,TB3MS,github-csv+er
1936-01,,4.61227,TB3MS,github-csv+er
1936-02,,4.61269,TB3MS,github-csv+er
1936-03,,4.61312,TB3MS,github-csv+er
1936-04,,4.61354,TB3MS,github-csv+er
1936-05,,4.61397,TB3MS,github-csv+er
1936-06,,4.61439,TB3MS,github-csv+er
1936-07,,4.61462,TB3MS,github-csv+er
1936-08,,4.61504,TB3MS,github-csv+er
1936-09,,4.61531,TB3MS,github-csv+er
1936-10,,4.61546,TB3MS,github-csv+er
1936-11,,4.61554,TB3MS,github-csv+er
1936-12,,4.61564,TB3MS,github-csv+er
1937-01,,4.61596,TB3MS,github-csv+er
1937-02,,4.61619,TB3MS,github-csv+er
1937-03,,4.61731,TB3MS,github-csv+er
1937-04,,4.61911,TB3MS,github-csv+er
1937-05,,4.62035,TB3MS,github-csv+er
1937-06,,4.62138,TB3MS,github-csv+er
1937-07,,4.62213,TB3MS,github-csv+er
1937-08,,4.62289,TB3MS,github-csv+er
1937-09,,4.62374,TB3MS,github-csv+er
1937-10,,4.62416,TB3MS,github-csv+er
1937-11,,4.62416,TB3MS,github-csv+er
1937-12,,4.62424,TB3MS,github-csv+er
1938-01,,4.62428,TB3MS,github-csv+er
1938-02,,4.62424,TB3MS,github-csv+er
1938-03,,4.6242,TB3MS,github-csv+er
1938-04,,4.6242,TB3MS,github-csv+er
1938-05,,4.62405,TB3MS,github-csv+er
1938-06,,4.6239,TB3MS,github-csv+er
1938-07,,4.62382,TB3MS,github-csv+er
1938-08,,4.6237,TB3MS,github-csv+er
1938-09,,4.62366,TB3MS,github-csv+er
1938-10,,4.62352,TB3MS,github-csv+er
1938-11,,4.62332,TB3MS,github-csv+er
1938-12,,4.62309,TB3MS,github-csv+er
1939-01,,4.62285,TB3MS,github-csv+er
1939-02,,4.62262,TB3MS,github-csv+er
1939-03,,4.62238,TB3MS,github-csv+er
1939-04,,4.62216,TB3MS,github-csv+er
1939-05,,4.62193,TB3MS,github-csv+er
1939-06,,4.6217,TB3MS,github-csv+er
1939-07,,4.6215,TB3MS,github-csv+er
1939-08,,4.62135,TB3MS,github-csv+er
1939-09,,4.62154,TB3MS,github-csv+er
1939-10,,4.62138,TB3MS,github-csv+er
1939-11,,4.62124,TB3MS,github-csv+er
1939-12,,4.62104,TB3MS,github-csv+er
1940-01,,4.62074,TB3MS,github-csv+er
1940-02,,4.62047,TB3MS,github-csv+er
1940-03,,4.6202,TB3MS,github-csv+er
1940-04,,4.61993,TB3MS,github-csv+er
1940-05,,4.61981,TB3MS,github-csv+er
1940-06,,4.61985,TB3MS,github-csv+er
1940-07,,4.61969,TB3MS,github-csv+er
1940-08,,4.6195,TB3MS,github-csv+er
1940-09,,4.61934,TB3MS,github-csv+er
1940-10,,4.61907,TB3MS,github-csv+er
1940-11,,4.61881,TB3MS,github-csv+er
1940-12,,4.61854,TB3MS,github-csv+er
1941-01,,4.61827,TB3MS,github-csv+er
1941-02,,4.61807,TB3MS,github-csv+er
1941-03,,4.61815,TB3MS,github-csv+er
1941-04,,4.61819,TB3MS,github-csv+er
1941-05,,4.61827,TB3MS,github-csv+er
1941-06,,4.61839,TB3MS,github-csv+er
1941-07,,4.6185,TB3MS,github-csv+er
1941-08,,4.61866,TB3MS,github-csv+er
1941-09,,4.6187,TB3MS,github-csv+er
1941-10,,4.6187,TB3MS,github-csv+er
1941-11,,4.61942,TB3MS,github-csv+er
1941-12,,4.62035,TB3MS,github-csv+er
1942-01,,4.62104,TB3MS,github-csv+er
1942-02,,4.62166,TB3MS,github-csv+er
1942-03,,4.62226,TB3MS,github-csv+er
1942-04,,4.62316,TB3MS,github-csv+er
1942-05,,4.62424,TB3MS,github-csv+er
1942-06,,4.62532,TB3MS,github-csv+er
1942-07,,4.62644,TB3MS,github-csv+er
1942-08,,4.62755,TB3MS,github-csv+er
1942-09,,4.62868,TB3MS,github-csv+er
1942-10,,4.62979,TB3MS,github-csv+er
1942-11,,4.63091,TB3MS,github-csv+er
1942-12,,4.63204,TB3MS,github-csv+er
1943-01,,4.63315,TB3MS,github-csv+er
1943-02,,4.63427,TB3MS,github-csv+er
1943-03,,4.6354,TB3MS,github-csv+er
1943-04,,4.63651,TB3MS,github-csv+er
1943-05,,4.63762,TB3MS,github-csv+er
1943-06,,4.63876,TB3MS,github-csv+er
1943-07,,4.63988,TB3MS,github-csv+er
1943-08,,4.64098,TB3MS,github-csv+er
1943-09,,4.64211,TB3MS,github-csv+er
1943-10,,4.64324,TB3MS,github-csv+er
1943-11,,4.64435,TB3MS,github-csv+er
1943-12,,4.64548,TB3MS,github-csv+er
1944-01,,4.64661,TB3MS,github-csv+er
1944-02,,4.64772,TB3MS,github-csv+er
1944-03,,4.64885,TB3MS,github-csv+er
1944-04,,4.64998,TB3MS,github-csv+er
1944-05,,4.65109,TB3MS,github-csv+er
1944-06,,4.65221,TB3MS,github-csv+er
1944-07,,4.65335,TB3MS,github-csv+er
1944-08,,4.65446,TB3MS,github-csv+er
1944-09,,4.65559,TB3MS,github-csv+er
1944-10,,4.65673,TB3MS,github-csv+er
1944-11,,4.65784,TB3MS,github-csv+er
1944-12,,4.65896,TB3MS,github-csv+er
1945-01,,4.6601,TB3MS,github-csv+er
1945-02,,4.66122,TB3MS,github-csv+er
1945-03,,4.66234,TB3MS,github-csv+er
1945-04,,4.66348,TB3MS,github-csv+er
1945-05,,4.6646,TB3MS,github-csv+er
1945-06,,4.66573,TB3MS,github-csv+er
1945-07,,4.66685,TB3MS,github-csv+er
1945-08,,4.66798,TB3MS,github-csv+er
1945-09,,4.66911,TB3MS,github-csv+er
1945-10,,4.67024,TB3MS,github-csv+er
1945-11,,4.67137,TB3MS,github-csv+er
1945-12,,4.6725,TB3MS,github-csv+er
1946-01,,4.67362,TB3MS,github-csv+er
1946-02,,4.67476,TB3MS,github-csv+er
1946-03,,4.67589,TB3MS,github-csv+er
1946-04,,4.67701,TB3MS,github-csv+er
1946-05,,4.67815,TB3MS,github-csv+er
1946-06,,4.67928,TB3MS,github-csv+er
1946-07,,4.68041,TB3MS,github-csv+er
1946-08,,4.68155,TB3MS,github-csv+er
1946-09,,4.68267,TB3MS,github-csv+er
1946-10,,4.6838,TB3MS,github-csv+er
1946-11,,4.68494,TB3MS,github-csv+er
1946-12,,4.68607,TB3MS,github-csv+er
1947-01,,4.6872,TB3MS,github-csv+er
1947-02,,4.68834,TB3MS,github-csv+er
1947-03,,4.68946,TB3MS,github-csv+er
1947-04,,4.6906,TB3MS,github-csv+er
1947-05,,4.69174,TB3MS,github-csv+er
1947-06,,4.69286,TB3MS,github-csv+er
1947-07,,4.69511,TB3MS,github-csv+er
1947-08,,4.69768,TB3MS,github-csv+er
1947-09,,4.70046,TB3MS,github-csv+er
1947-10,,4.70343,TB3MS,github-csv+er
1947-11,,4.70668,TB3MS,github-csv+er
1947-12,,4.71006,TB3MS,github-csv+er
1948-01,,4.71351,TB3MS,github-csv+er
1948-02,,4.71709,TB3MS,github-csv+er
1948-03,,4.72067,TB3MS,github-csv+er
1948-04,,4.72426,TB3MS,github-csv+er
1948-05,,4.72784,TB3MS,github-csv+er
1948-06,,4.73142,TB3MS,github-csv+er
1948-07,,4.735,TB3MS,github-csv+er
1948-08,,4.73882,TB3MS,github-csv+er
1948-09,,4.74277,TB3MS,github-csv+er
1948-10,,4.74685,TB3MS,github-csv+er
1948-11,,4.75102,TB3MS,github-csv+er
1948-12,,4.75523,TB3MS,github-csv+er
1949-01,,4.75951,TB3MS,github-csv+er
1949-02,,4.76381,TB3MS,github-csv+er
1949-03,,4.76808,TB3MS,github-csv+er
1949-04,,4.77238,TB3MS,github-csv+er
1949-05,,4.77668,TB3MS,github-csv+er
1949-06,,4.78097,TB3MS,github-csv+er
1949-07,,4.78468,TB3MS,github-csv+er
1949-08,,4.78846,TB3MS,github-csv+er
1949-09,,4.79238,TB3MS,github-csv+er
1949-10,,4.79621,TB3MS,github-csv+er
1949-11,,4.80018,TB3MS,github-csv+er
1949-12,,4.80421,TB3MS,github-csv+er
1950-01,,4.80813,TB3MS,github-csv+er
1950-02,,4.81226,TB3MS,github-csv+er
1950-03,,4.8164,TB3MS,github-csv+er
1950-04,,4.82064,TB3MS,github-csv+er
1950-05,,4.82495,TB3MS,github-csv+er
1950-06,,4.82921,TB3MS,github-csv+er
1950-07,,4.83351,TB3MS,github-csv+er
1950-08,,4.83798,TB3MS,github-csv+er
1950-09,,4.84285,TB3MS,github-csv+er
1950-10,,4.84778,TB3MS,github-csv+er
1950-11,,4.8529,TB3MS,github-csv+er
1950-12,,4.85797,TB3MS,github-csv+er
1951-01,,4.86302,TB3MS,github-csv+er
1951-02,,4.86819,TB3MS,github-csv+er
1951-03,,4.87349,TB3MS,github-csv+er
1951-04,,4.8791,TB3MS,github-csv+er
1951-05,,4.88503,TB3MS,github-csv+er
1951-06,,4.89057,TB3MS,github-csv+er
1951-07,,4.89656,TB3MS,github-csv+er
1951-08,,4.9028,TB3MS,github-csv+er
1951-09,,4.9091,TB3MS,github-csv+er
1951-10,,4.91502,TB3MS,github-csv+er
1951-11,,4.92104,TB3MS,github-csv+er
1951-12,,4.92776,TB3MS,github-csv+er
1952-01,,4.93383,TB3MS,github-csv+er
1952-02,,4.93982,TB3MS,github-csv+er
1952-03,,4.946,TB3MS,github-csv+er
1952-04,,4.95209,TB3MS,github-csv+er
1952-05,,4.95861,TB3MS,github-csv+er
1952-06,,4.96527,TB3MS,github-csv+er
1952-07,,4.97239,TB3MS,github-csv+er
1952-08,,4.97959,TB3MS,github-csv+er
1952-09,,4.98631,TB3MS,github-csv+er
1952-10,,4.99316,TB3MS,github-csv+er
1952-11,,5.00048,TB3MS,github-csv+er
1952-12,,5.00882,TB3MS,github-csv+er
1953-01,,5.01662,TB3MS,github-csv+er
1953-02,,5.02449,TB3MS,github-csv+er
1953-03,,5.03253,TB3MS,github-csv+er
1953-04,,5.04133,TB3MS,github-csv+er
1953-05,,5.05003,TB3MS,github-csv+er
1953-06,,5.05853,TB3MS,github-csv+er
1953-07,,5.06675,TB3MS,github-csv+er
1953-08,,5.07498,TB3MS,github-csv+er
1953-09,,5.08218,TB3MS,github-csv+er
1953-10,,5.08764,TB3MS,github-csv+er
1953-11,,5.09336,TB3MS,github-csv+er
1953-12,,5.09977,TB3MS,github-csv+er
1954-01,,5.1044,TB3MS,github-csv+er
1954-02,,5.10814,TB3MS,github-csv+er
1954-03,,5.11216,TB3MS,github-csv+er
1954-04,,5.11589,TB3MS,github-csv+er
1954-05,,5.11876,TB3MS,github-csv+er
1954-06,,5.1211,TB3MS,github-csv+er
1954-07,,5.12378,TB3MS,github-csv+er
1954-08,,5.12733,TB3MS,github-csv+er
1954-09,,5.13127,TB3MS,github-csv+er
1954-10,,5.13507,TB3MS,github-csv+er
1954-11,,5.13866,TB3MS,github-csv+er
1954-12,,5.1432,TB3MS,github-csv+er
1955-01,,5.14806,TB3MS,github-csv+er
1955-02,,5.15267,TB3MS,github-csv+er
1955-03,,5.1578,TB3MS,github-csv+er
1955-04,,5.16424,TB3MS,github-csv+er
1955-05,,5.17008,TB3MS,github-csv+er
1955-06,,5.17577,TB3MS,github-csv+er
1955-07,,5.18228,TB3MS,github-csv+er
1955-08,,5.1901,TB3MS,github-csv+er
1955-09,,5.19866,TB3MS,github-csv+er
1955-10,,5.20794,TB3MS,github-csv+er
1955-11,,5.21727,TB3MS,github-csv+er
1955-12,,5.22792,TB3MS,github-csv+er
1956-01,,5.23803,TB3MS,github-csv+er
1956-02,,5.24776,TB3MS,github-csv+er
1956-03,,5.2572,TB3MS,github-csv+er
1956-04,,5.2682,TB3MS,github-csv+er
1956-05,,5.27927,TB3MS,github-csv+er
1956-06,,5.28982,TB3MS,github-csv+er
1956-07,,5.29962,TB3MS,github-csv+er
1956-08,,5.3107,TB3MS,github-csv+er
1956-09,,5.32287,TB3MS,github-csv+er
1956-10,,5.33533,TB3MS,github-csv+er
1956-11,,5.34822,TB3MS,github-csv+er
1956-12,,5.36213,TB3MS,github-csv+er
1957-01,,5.37563,TB3MS,github-csv+er
1957-02,,5.38911,TB3MS,github-csv+er
1957-03,,5.40254,TB3MS,github-csv+er
1957-04,,5.41596,TB3MS,github-csv+er
1957-05,,5.42936,TB3MS,github-csv+er
1957-06,,5.44384,TB3MS,github-csv+er
1957-07,,5.45776,TB3MS,github-csv+er
1957-08,,5.47268,TB3MS,github-csv+er
1957-09,,5.48836,TB3MS,github-csv+er
1957-10,,5.50432,TB3MS,github-csv+er
1957-11,,5.51911,TB3MS,github-csv+er
1957-12,,5.53267,TB3MS,github-csv+er
1958-01,,5.5435,TB3MS,github-csv+er
1958-02,,5.55015,TB3MS,github-csv+er
1958-03,,5.55575,TB3MS,github-csv+er
1958-04,,5.56057,TB3MS,github-csv+er
1958-05,,5.56437,TB3MS,github-csv+er
1958-06,,5.5678,TB3MS,github-csv+er
1958-07,,5.5716,TB3MS,github-csv+er
1958-08,,5.57903,TB3MS,github-csv+er
1958-09,,5.58996,TB3MS,github-csv+er
1958-10,,5.6018,TB3MS,github-csv+er
1958-11,,5.61383,TB3MS,github-csv+er
1958-12,,5.62637,TB3MS,github-csv+er
1959-01,,5.63917,TB3MS,github-csv+er
1959-02,,5.65143,TB3MS,github-csv+er
1959-03,,5.6642,TB3MS,github-csv+er
1959-04,,5.6777,TB3MS,github-csv+er
1959-05,,5.69071,TB3MS,github-csv+er
1959-06,,5.7055,TB3MS,github-csv+er
1959-07,,5.72029,TB3MS,github-csv+er
1959-08,,5.73597,TB3MS,github-csv+er
1959-09,,5.75486,TB3MS,github-csv+er
1959-10,,5.77386,TB3MS,github-csv+er
1959-11,,5.79339,TB3MS,github-csv+er
1959-12,,5.81463,TB3MS,github-csv+er
1960-01,,5.83526,TB3MS,github-csv+er
1960-02,,5.8541,TB3MS,github-csv+er
1960-03,,5.86979,TB3MS,github-csv+er
1960-04,,5.88515,TB3MS,github-csv+er
1960-05,,5.90085,TB3MS,github-csv+er
1960-06,,5.9125,TB3MS,github-csv+er
1960-07,,5.92339,TB3MS,github-csv+er
1960-08,,5.93431,TB3MS,github-csv+er
1960-09,,5.94611,TB3MS,github-csv+er
1960-10,,5.95707,TB3MS,github-csv+er
1960-11,,5.96839,TB3MS,github-csv+er
1960-12,,5.97914,TB3MS,github-csv+er
1961-01,,5.98985,TB3MS,github-csv+er
1961-02,,6.00148,TB3MS,github-csv+er
1961-03,,6.01297,TB3MS,github-csv+er
1961-04,,6.02399,TB3MS,github-csv+er
1961-05,,6.03505,TB3MS,github-csv+er
1961-06,,6.04631,TB3MS,github-csv+er
1961-07,,6.05714,TB3MS,github-csv+er
1961-08,,6.06876,TB3MS,github-csv+er
1961-09,,6.07983,TB3MS,github-csv+er
1961-10,,6.09103,TB3MS,github-csv+er
1961-11,,6.10316,TB3MS,github-csv+er
1961-12,,6.11593,TB3MS,github-csv+er
1962-01,,6.12932,TB3MS,github-csv+er
1962-02,,6.14281,TB3MS,github-csv+er
1962-03,,6.15628,TB3MS,github-csv+er
1962-04,,6.16982,TB3MS,github-csv+er
1962-05,,6.18318,TB3MS,github-csv+er
1962-06,,6.19678,TB3MS,github-csv+er
1962-07,,6.21141,TB3MS,github-csv+er
1962-08,,6.22552,TB3MS,github-csv+er
1962-09,,6.23948,TB3MS,github-csv+er
1962-10,,6.25327,TB3MS,github-csv+er
1962-11,,6.26754,TB3MS,github-csv+er
1962-12,,6.28206,TB3MS,github-csv+er
1963-01,,6.29682,TB3MS,github-csv+er
1963-02,,6.31168,TB3MS,github-csv+er
1963-03,,6.32639,TB3MS,github-csv+er
1963-04,,6.34123,TB3MS,github-csv+er
1963-05,,6.35622,TB3MS,github-csv+er
1963-06,,6.37158,TB3MS,github-csv+er
1963-07,,6.38798,TB3MS,github-csv+er
1963-08,,6.40519,TB3MS,github-csv+er
1963-09,,6.42277,TB3MS,github-csv+er
1963-10,,6.44072,TB3MS,github-csv+er
1963-11,,6.45916,TB3MS,github-csv+er
1963-12,,6.4776,TB3MS,github-csv+er
1964-01,,6.49613,TB3MS,github-csv+er
1964-02,,6.51474,TB3MS,github-csv+er
1964-03,,6.53347,TB3MS,github-csv+er
1964-04,,6.55187,TB3MS,github-csv+er
1964-05,,6.57037,TB3MS,github-csv+er
1964-06,,6.58896,TB3MS,github-csv+er
1964-07,,6.60745,TB3MS,github-csv+er
1964-08,,6.62622,TB3MS,github-csv+er
1964-09,,6.64523,TB3MS,github-csv+er
1964-10,,6.66449,TB3MS,github-csv+er
1964-11,,6.68421,TB3MS,github-csv+er
1964-12,,6.7051,TB3MS,github-csv+er
1965-01,,6.72589,TB3MS,github-csv+er
1965-02,,6.7474,TB3MS,github-csv+er
1965-03,,6.769,TB3MS,github-csv+er
1965-04,,6.79066,TB3MS,github-csv+er
1965-05,,6.81216,TB3MS,github-csv+er
1965-06,,6.83324,TB3MS,github-csv+er
1965-07,,6.85457,TB3MS,github-csv+er
1965-08,,6.876,TB3MS,github-csv+er
1965-09,,6.89794,TB3MS,github-csv+er
1965-10,,6.92061,TB3MS,github-csv+er
1965-11,,6.94367,TB3MS,github-csv+er
1965-12,,6.96847,TB3MS,github-csv+er
1966-01,,6.99461,TB3MS,github-csv+er
1966-02,,7.02119,TB3MS,github-csv+er
1966-03,,7.04753,TB3MS,github-csv+er
1966-04,,7.07414,TB3MS,github-csv+er
1966-05,,7.10096,TB3MS,github-csv+er
1966-06,,7.12705,TB3MS,github-csv+er
1966-07,,7.15502,TB3MS,github-csv+er
1966-08,,7.18406,TB3MS,github-csv+er
1966-09,,7.21568,TB3MS,github-csv+er
1966-10,,7.2473,TB3MS,github-csv+er
1966-11,,7.27888,TB3MS,github-csv+er
1966-12,,7.30843,TB3MS,github-csv+er
1967-01,,7.33662,TB3MS,github-csv+er
1967-02,,7.36395,TB3MS,github-csv+er
1967-03,,7.38954,TB3MS,github-csv+er
1967-04,,7.41263,TB3MS,github-csv+er
1967-05,,7.43432,TB3MS,github-csv+er
1967-06,,7.45569,TB3MS,github-csv+er
1967-07,,7.48128,TB3MS,github-csv+er
1967-08,,7.50734,TB3MS,github-csv+er
1967-09,,7.53444,TB3MS,github-csv+er
1967-10,,7.5625,TB3MS,github-csv+er
1967-11,,7.59174,TB3MS,github-csv+er
1967-12,,7.62262,TB3MS,github-csv+er
1968-01,,7.6538,TB3MS,github-csv+er
1968-02,,7.685,TB3MS,github-csv+er
1968-03,,7.71754,TB3MS,github-csv+er
1968-04,,7.75155,TB3MS,github-csv+er
1968-05,,7.78753,TB3MS,github-csv+er
1968-06,,7.82275,TB3MS,github-csv+er
1968-07,,7.85679,TB3MS,github-csv+er
1968-08,,7.88955,TB3MS,github-csv+er
1968-09,,7.92307,TB3MS,github-csv+er
1968-10,,7.95779,TB3MS,github-csv+er
1968-11,,7.99334,TB3MS,github-csv+er
1968-12,,8.03244,TB3MS,github-csv+er
1969-01,,8.07295,TB3MS,github-csv+er
1969-02,,8.11349,TB3MS,github-csv+er
1969-03,,8.15359,TB3MS,github-csv+er
1969-04,,8.1945,TB3MS,github-csv+er
1969-05,,8.23514,TB3MS,github-csv+er
1969-06,,8.27871,TB3MS,github-csv+er
1969-07,,8.32639,TB3MS,github-csv+er
1969-08,,8.37419,TB3MS,github-csv+er
1969-09,,8.42304,TB3MS,github-csv+er
1969-10,,8.47154,TB3MS,github-csv+er
1969-11,,8.52202,TB3MS,github-csv+er
1969-12,,8.57692,TB3MS,github-csv+er
1970-01,,8.63253,TB3MS,github-csv+er
1970-02,,8.68316,TB3MS,github-csv+er
1970-03,,8.73049,TB3MS,github-csv+er
1970-04,,8.7772,TB3MS,github-csv+er
1970-05,,8.82656,TB3MS,github-csv+er
1970-06,,8.87505,TB3MS,github-csv+er
1970-07,,8.92208,TB3MS,github-csv+er
1970-08,,8.96907,TB3MS,github-csv+er
1970-09,,9.01414,TB3MS,github-csv+er
1970-10,,9.05785,TB3MS,github-csv+er
1970-11,,9.09704,TB3MS,github-csv+er
1970-12,,9.13327,TB3MS,github-csv+er
1971-01,,9.16637,TB3MS,github-csv+er
1971-02,,9.19395,TB3MS,github-csv+er
1971-03,,9.21916,TB3MS,github-csv+er
1971-04,,9.24812,TB3MS,github-csv+er
1971-05,,9.27933,TB3MS,github-csv+er
1971-06,,9.31538,TB3MS,github-csv+er
1971-07,,9.35658,TB3MS,github-csv+er
1971-08,,9.3944,TB3MS,github-csv+er
1971-09,,9.43042,TB3MS,github-csv+er
1971-10,,9.46476,TB3MS,github-csv+er
1971-11,,9.49735,TB3MS,github-csv+er
1971-12,,9.52835,TB3MS,github-csv+er
1972-01,,9.55448,TB3MS,github-csv+er
1972-02,,9.57924,TB3MS,github-csv+er
1972-03,,9.60831,TB3MS,github-csv+er
1972-04,,9.63728,TB3MS,github-csv+er
1972-05,,9.6662,TB3MS,github-csv+er
1972-06,,9.69696,TB3MS,github-csv+er
1972-07,,9.72841,TB3MS,github-csv+er
1972-08,,9.76026,TB3MS,github-csv+er
1972-09,,9.79743,TB3MS,github-csv+er
1972-10,,9.8354,TB3MS,github-csv+er
1972-11,,9.87385,TB3MS,github-csv+er
1972-12,,9.91483,TB3MS,github-csv+er
1973-01,,9.95874,TB3MS,github-csv+er
1973-02,,10.0045,TB3MS,github-csv+er
1973-03,,10.0545,TB3MS,github-csv+er
1973-04,,10.1062,TB3MS,github-csv+er
1973-05,,10.159,TB3MS,github-csv+er
1973-06,,10.2191,TB3MS,github-csv+er
1973-07,,10.2865,TB3MS,github-csv+er
1973-08,,10.3601,TB3MS,github-csv+er
1973-09,,10.4309,TB3MS,github-csv+er
1973-10,,10.4928,TB3MS,github-csv+er
1973-11,,10.5605,TB3MS,github-csv+er
1973-12,,10.6253,TB3MS,github-csv+er
1974-01,,10.6933,TB3MS,github-csv+er
1974-02,,10.7559,TB3MS,github-csv+er
1974-03,,10.8265,TB3MS,github-csv+er
1974-04,,10.901,TB3MS,github-csv+er
1974-05,,10.9749,TB3MS,github-csv+er
1974-06,,11.0462,TB3MS,github-csv+er
1974-07,,11.1149,TB3MS,github-csv+er
1974-08,,11.1972,TB3MS,github-csv+er
1974-09,,11.2715,TB3MS,github-csv+er
1974-10,,11.3407,TB3MS,github-csv+er
1974-11,,11.4104,TB3MS,github-csv+er
1974-12,,11.4775,TB3MS,github-csv+er
1975-01,,11.5366,TB3MS,github-csv+er
1975-02,,11.5886,TB3MS,github-csv+er
1975-03,,11.6408,TB3MS,github-csv+er
1975-04,,11.6943,TB3MS,github-csv+er
1975-05,,11.7443,TB3MS,github-csv+er
1975-06,,11.7957,TB3MS,github-csv+er
1975-07,,11.8551,TB3MS,github-csv+er
1975-08,,11.9178,TB3MS,github-csv+er
1975-09,,11.9806,TB3MS,github-csv+er
1975-10,,12.0394,TB3MS,github-csv+er
1975-11,,12.0933,TB3MS,github-csv+er
1975-12,,12.1473,TB3MS,github-csv+er
1976-01,,12.1957,TB3MS,github-csv+er
1976-02,,12.2444,TB3MS,github-csv+er
1976-03,,12.2946,TB3MS,github-csv+er
1976-04,,12.3434,TB3MS,github-csv+er
1976-05,,12.3959,TB3MS,github-csv+er
1976-06,,12.4508,TB3MS,github-csv+er
1976-07,,12.5041,TB3MS,github-csv+er
1976-08,,12.5569,TB3MS,github-csv+er
1976-09,,12.609,TB3MS,github-csv+er
1976-10,,12.6599,TB3MS,github-csv+er
1976-11,,12.7089,TB3MS,github-csv+er
1976-12,,12.7541,TB3MS,github-csv+er
1977-01,,12.8021,TB3MS,github-csv+er
1977-02,,12.8511,TB3MS,github-csv+er
1977-03,,12.8994,TB3MS,github-csv+er
1977-04,,12.9472,TB3MS,github-csv+er
1977-05,,12.9998,TB3MS,github-csv+er
1977-06,,13.0532,TB3MS,github-csv+er
1977-07,,13.1086,TB3MS,github-csv+er
1977-08,,13.1676,TB3MS,github-csv+er
1977-09,,13.2304,TB3MS,github-csv+er
1977-10,,13.2974,TB3MS,github-csv+er
1977-11,,13.364,TB3MS,github-csv+er
1977-12,,13.4306,TB3MS,github-csv+er
1978-01,,13.5016,TB3MS,github-csv+er
1978-02,,13.5733,TB3MS,github-csv+er
1978-03,,13.6432,TB3MS,github-csv+er
1978-04,,13.7137,TB3MS,github-csv+er
1978-05,,13.7859,TB3MS,github-csv+er
1978-06,,13.8623,TB3MS,github-csv+er
1978-07,,13.9422,TB3MS,github-csv+er
1978-08,,14.0234,TB3MS,github-csv+er
1978-09,,14.1141,TB3MS,github-csv+er
1978-10,,14.207,TB3MS,github-csv+er
1978-11,,14.3083,TB3MS,github-csv+er
1978-12,,14.4155,TB3MS,github-csv+er
1979-01,,14.5265,TB3MS,github-csv+er
1979-02,,14.6384,TB3MS,github-csv+er
1979-03,,14.7529,TB3MS,github-csv+er
1979-04,,14.8682,TB3MS,github-csv+er
1979-05,,14.986,TB3MS,github-csv+er
1979-06,,15.0981,TB3MS,github-csv+er
1979-07,,15.2133,TB3MS,github-csv+er
1979-08,,15.3328,TB3MS,github-csv+er
1979-09,,15.4627,TB3MS,github-csv+er
1979-10,,15.6124,TB3MS,github-csv+er
1979-11,,15.7644,TB3MS,github-csv+er
1979-12,,15.9216,TB3MS,github-csv+er
1980-01,,16.0797,TB3MS,github-csv+er
1980-02,,16.2506,TB3MS,github-csv+er
1980-03,,16.4552,TB3MS,github-csv+er
1980-04,,16.6351,TB3MS,github-csv+er
1980-05,,16.7528,TB3MS,github-csv+er
1980-06,,16.8502,TB3MS,github-csv+er
1980-07,,16.9622,TB3MS,github-csv+er
1980-08,,17.0899,TB3MS,github-csv+er
1980-09,,17.2349,TB3MS,github-csv+er
1980-10,,17.4005,TB3MS,github-csv+er
1980-11,,17.5983,TB3MS,github-csv+er
1980-12,,17.824,TB3MS,github-csv+er
1981-01,,18.0459,TB3MS,github-csv+er
1981-02,,18.2671,TB3MS,github-csv+er
1981-03,,18.4688,TB3MS,github-csv+er
1981-04,,18.6783,TB3MS,github-csv+er
1981-05,,18.9304,TB3MS,github-csv+er
1981-06,,19.1614,TB3MS,github-csv+er
1981-07,,19.3988,TB3MS,github-csv+er
1981-08,,19.6481,TB3MS,github-csv+er
1981-09,,19.8874,TB3MS,github-csv+er
1981-10,,20.1102,TB3MS,github-csv+er
1981-11,,20.2907,TB3MS,github-csv+er
1981-12,,20.4726,TB3MS,github-csv+er
1982-01,,20.6806,TB3MS,github-csv+er
1982-02,,20.9114,TB3MS,github-csv+er
1982-03,,21.1308,TB3MS,github-csv+er
1982-04,,21.3528,TB3MS,github-csv+er
1982-05,,21.5663,TB3MS,github-csv+er
1982-06,,21.7888,TB3MS,github-csv+er
1982-07,,21.9933,TB3MS,github-csv+er
1982-08,,22.1508,TB3MS,github-csv+er
1982-09,,22.2953,TB3MS,github-csv+er
1982-10,,22.4368,TB3MS,github-csv+er
1982-11,,22.5861,TB3MS,github-csv+er
1982-12,,22.7339,TB3MS,github-csv+er
1983-01,,22.881,TB3MS,github-csv+er
1983-02,,23.0339,TB3MS,github-csv+er
1983-03,,23.1926,TB3MS,github-csv+er
1983-04,,23.3494,TB3MS,github-csv+er
1983-05,,23.5069,TB3MS,github-csv+er
1983-06,,23.6774,TB3MS,github-csv+er
1983-07,,23.8549,TB3MS,github-csv+er
1983-08,,24.0386,TB3MS,github-csv+er
1983-09,,24.2172,TB3MS,github-csv+er
1983-10,,24.3898,TB3MS,github-csv+er
1983-11,,24.5659,TB3MS,github-csv+er
1983-12,,24.7483,TB3MS,github-csv+er
1984-01,,24.93,TB3MS,github-csv+er
1984-02,,25.1171,TB3MS,github-csv+er
1984-03,,25.3143,TB3MS,github-csv+er
1984-04,,25.5169,TB3MS,github-csv+er
1984-05,,25.7239,TB3MS,github-csv+er
1984-06,,25.9337,TB3MS,github-csv+er
1984-07,,26.1504,TB3MS,github-csv+er
1984-08,,26.3766,TB3MS,github-csv+er
1984-09,,26.6026,TB3MS,github-csv+er
1984-10,,26.8165,TB3MS,github-csv+er
1984-11,,27.007,TB3MS,github-csv+er
1984-12,,27.1862,TB3MS,github-csv+er
1985-01,,27.3601,TB3MS,github-csv+er
1985-02,,27.5464,TB3MS,github-csv+er
1985-03,,27.74,TB3MS,github-csv+er
1985-04,,27.9217,TB3MS,github-csv+er
1985-05,,28.0937,TB3MS,github-csv+er
1985-06,,28.2543,TB3MS,github-csv+er
1985-07,,28.4188,TB3MS,github-csv+er
1985-08,,28.5858,TB3MS,github-csv+er
1985-09,,28.7528,TB3MS,github-csv+er
1985-10,,28.9223,TB3MS,github-csv+er
1985-11,,29.0946,TB3MS,github-csv+er
1985-12,,29.2644,TB3MS,github-csv+er
1986-01,,29.4347,TB3MS,github-csv+er
1986-02,,29.6058,TB3MS,github-csv+er
1986-03,,29.7653,TB3MS,github-csv+er
1986-04,,29.9135,TB3MS,github-csv+er
1986-05,,30.0645,TB3MS,github-csv+er
1986-06,,30.2179,TB3MS,github-csv+er
1986-07,,30.3624,TB3MS,github-csv+er
1986-08,,30.4999,TB3MS,github-csv+er
1986-09,,30.63,TB3MS,github-csv+er
1986-10,,30.76,TB3MS,github-csv+er
1986-11,,30.8948,TB3MS,github-csv+er
1986-12,,31.0349,TB3MS,github-csv+er
1987-01,,31.1731,TB3MS,github-csv+er
1987-02,,31.316,TB3MS,github-csv+er
1987-03,,31.4595,TB3MS,github-csv+er
1987-04,,31.605,TB3MS,github-csv+er
1987-05,,31.7517,TB3MS,github-csv+er
1987-06,,31.8993,TB3MS,github-csv+er
1987-07,,32.0482,TB3MS,github-csv+er
1987-08,,32.2072,TB3MS,github-csv+er
1987-09,,32.3766,TB3MS,github-csv+er
1987-10,,32.5395,TB3MS,github-csv+er
1987-11,,32.6912,TB3MS,github-csv+er
1987-12,,32.846,TB3MS,github-csv+er
1988-01,,33.0027,TB3MS,github-csv+er
1988-02,,33.1558,TB3MS,github-csv+er
1988-03,,33.3107,TB3MS,github-csv+er
1988-04,,33.4722,TB3MS,github-csv+er
1988-05,,33.6444,TB3MS,github-csv+er
1988-06,,33.823,TB3MS,github-csv+er
1988-07,,34.0102,TB3MS,github-csv+er
1988-08,,34.2078,TB3MS,github-csv+er
1988-09,,34.4115,TB3MS,github-csv+er
1988-10,,34.6198,TB3MS,github-csv+er
1988-11,,34.8409,TB3MS,github-csv+er
1988-12,,35.0726,TB3MS,github-csv+er
1989-01,,35.3118,TB3MS,github-csv+er
1989-02,,35.5601,TB3MS,github-csv+er
1989-03,,35.8189,TB3MS,github-csv+er
1989-04,,36.0743,TB3MS,github-csv+er
1989-05,,36.325,TB3MS,github-csv+er
1989-06,,36.569,TB3MS,github-csv+er
1989-07,,36.8065,TB3MS,github-csv+er
1989-08,,37.0461,TB3MS,github-csv+er
1989-09,,37.2824,TB3MS,github-csv+er
1989-10,,37.517,TB3MS,github-csv+er
1989-11,,37.7546,TB3MS,github-csv+er
1989-12,,37.992,TB3MS,github-csv+er
1990-01,,38.2309,TB3MS,github-csv+er
1990-02,,38.4745,TB3MS,github-csv+er
1990-03,,38.7251,TB3MS,github-csv+er
1990-04,,38.9727,TB3MS,github-csv+er
1990-05,,39.2213,TB3MS,github-csv+er
1990-06,,39.4711,TB3MS,github-csv+er
1990-07,,39.7187,TB3MS,github-csv+er
1990-08,,39.9623,TB3MS,github-csv+er
1990-09,,40.2045,TB3MS,github-csv+er
1990-10,,40.4417,TB3MS,github-csv+er
1990-11,,40.6765,TB3MS,github-csv+er
1990-12,,40.9019,TB3MS,github-csv+er
1991-01,,41.1108,TB3MS,github-csv+er
1991-02,,41.3113,TB3MS,github-csv+er
1991-03,,41.5117,TB3MS,github-csv+er
1991-04,,41.704,TB3MS,github-csv+er
1991-05,,41.8906,TB3MS,github-csv+er
1991-06,,42.0819,TB3MS,github-csv+er
1991-07,,42.2745,TB3MS,github-csv+er
1991-08,,42.4591,TB3MS,github-csv+er
1991-09,,42.6406,TB3MS,github-csv+er
1991-10,,42.8146,TB3MS,github-csv+er
1991-11,,42.9742,TB3MS,github-csv+er
1991-12,,43.1166,TB3MS,github-csv+er
1992-01,,43.2499,TB3MS,github-csv+er
1992-02,,43.385,TB3MS,github-csv+er
1992-03,,43.528,TB3MS,github-csv+er
1992-04,,43.6607,TB3MS,github-csv+er
1992-05,,43.7895,TB3MS,github-csv+er
1992-06,,43.9197,TB3MS,github-csv+er
1992-07,,44.034,TB3MS,github-csv+er
1992-08,,44.1456,TB3MS,github-csv+er
1992-09,,44.2494,TB3MS,github-csv+er
1992-10,,44.3514,TB3MS,github-csv+er
1992-11,,44.4638,TB3MS,github-csv+er
1992-12,,44.5798,TB3MS,github-csv+er
1993-01,,44.6878,TB3MS,github-csv+er
1993-02,,44.7936,TB3MS,github-csv+er
1993-03,,44.9004,TB3MS,github-csv+er
1993-04,,45.0044,TB3MS,github-csv+er
1993-05,,45.112,TB3MS,github-csv+er
1993-06,,45.2241,TB3MS,github-csv+er
1993-07,,45.3351,TB3MS,github-csv+er
1993-08,,45.446,TB3MS,github-csv+er
1993-09,,45.5543,TB3MS,github-csv+er
1993-10,,45.6653,TB3MS,github-csv+er
1993-11,,45.7801,TB3MS,github-csv+er
1993-12,,45.8932,TB3MS,github-csv+er
1994-01,,46.0038,TB3MS,github-csv+er
1994-02,,46.1249,TB3MS,github-csv+er
1994-03,,46.256,TB3MS,github-csv+er
1994-04,,46.3944,TB3MS,github-csv+er
1994-05,,46.5511,TB3MS,github-csv+er
1994-06,,46.7081,TB3MS,github-csv+er
1994-07,,46.8732,TB3MS,github-csv+er
1994-08,,47.0447,TB3MS,github-csv+er
1994-09,,47.2221,TB3MS,github-csv+er
1994-10,,47.4137,TB3MS,github-csv+er
1994-11,,47.6189,TB3MS,github-csv+er
1994-12,,47.8377,TB3MS,github-csv+er
1995-01,,48.0616,TB3MS,github-csv+er
1995-02,,48.2892,TB3MS,github-csv+er
1995-03,,48.5162,TB3MS,github-csv+er
1995-04,,48.7409,TB3MS,github-csv+er
1995-05,,48.9675,TB3MS,github-csv+er
1995-06,,49.1871,TB3MS,github-csv+er
1995-07,,49.4054,TB3MS,github-csv+er
1995-08,,49.6243,TB3MS,github-csv+er
1995-09,,49.8387,TB3MS,github-csv+er
1995-10,,50.0544,TB3MS,github-csv+er
1995-11,,50.2741,TB3MS,github-csv+er
1995-12,,50.4857,TB3MS,github-csv+er
1996-01,,50.6924,TB3MS,github-csv+er
1996-02,,50.8927,TB3MS,github-csv+er
1996-03,,51.099,TB3MS,github-csv+er
1996-04,,51.306,TB3MS,github-csv+er
1996-05,,51.5169,TB3MS,github-csv+er
1996-06,,51.7315,TB3MS,github-csv+er
1996-07,,51.9496,TB3MS,github-csv+er
1996-08,,52.1644,TB3MS,github-csv+er
1996-09,,52.3817,TB3MS,github-csv+er
1996-10,,52.5955,TB3MS,github-csv+er
1996-11,,52.8121,TB3MS,github-csv+er
1996-12,,53.0242,TB3MS,github-csv+er
1997-01,,53.2425,TB3MS,github-csv+er
1997-02,,53.4609,TB3MS,github-csv+er
1997-03,,53.6857,TB3MS,github-csv+er
1997-04,,53.9125,TB3MS,github-csv+er
1997-05,,54.1355,TB3MS,github-csv+er
1997-06,,54.3538,TB3MS,github-csv+er
1997-07,,54.5784,TB3MS,github-csv+er
1997-08,,54.8081,TB3MS,github-csv+er
1997-09,,55.0301,TB3MS,github-csv+er
1997-10,,55.2539,TB3MS,github-csv+er
1997-11,,55.4864,TB3MS,github-csv+er
1997-12,,55.7209,TB3MS,github-csv+er
1998-01,,55.9507,TB3MS,github-csv+er
1998-02,,56.1839,TB3MS,github-csv+er
1998-03,,56.4151,TB3MS,github-csv+er
1998-04,,56.6436,TB3MS,github-csv+er
1998-05,,56.8754,TB3MS,github-csv+er
1998-06,,57.1071,TB3MS,github-csv+er
1998-07,,57.3389,TB3MS,github-csv+er
1998-08,,57.5687,TB3MS,github-csv+er
1998-09,,57.7854,TB3MS,github-csv+er
1998-10,,57.972,TB3MS,github-csv+er
1998-11,,58.1806,TB3MS,github-csv+er
1998-12,,58.389,TB3MS,github-csv+er
1999-01,,58.5959,TB3MS,github-csv+er
1999-02,,58.8084,TB3MS,github-csv+er
1999-03,,59.0214,TB3MS,github-csv+er
1999-04,,59.228,TB3MS,github-csv+er
1999-05,,59.4457,TB3MS,github-csv+er
1999-06,,59.6677,TB3MS,github-csv+er
1999-07,,59.8894,TB3MS,github-csv+er
1999-08,,60.1205,TB3MS,github-csv+er
1999-09,,60.3505,TB3MS,github-csv+er
1999-10,,60.5904,TB3MS,github-csv+er
1999-11,,60.8418,TB3MS,github-csv+er
1999-12,,61.1009,TB3MS,github-csv+er
2000-01,,61.3672,TB3MS,github-csv+er
2000-02,,61.6464,TB3MS,github-csv+er
2000-03,,61.934,TB3MS,github-csv+er
2000-04,,62.2214,TB3MS,github-csv+er
2000-05,,62.5172,TB3MS,github-csv+er
2000-06,,62.8088,TB3MS,github-csv+er
2000-07,,63.1161,TB3MS,github-csv+er
2000-08,,63.4316,TB3MS,github-csv+er
2000-09,,63.7441,TB3MS,github-csv+er
2000-10,,64.0639,TB3MS,github-csv+er
2000-11,,64.3885,TB3MS,github-csv+er
2000-12,,64.6932,TB3MS,github-csv+er
2001-01,,64.966,TB3MS,github-csv+er
2001-02,,65.2254,TB3MS,github-csv+er
2001-03,,65.4608,TB3MS,github-csv+er
2001-04,,65.6669,TB3MS,github-csv+er
2001-05,,65.8602,TB3MS,github-csv+er
2001-06,,66.0467,TB3MS,github-csv+er
2001-07,,66.2348,TB3MS,github-csv+er
2001-08,,66.4155,TB3MS,github-csv+er
2001-09,,66.5565,TB3MS,github-csv+er
2001-10,,66.6713,TB3MS,github-csv+er
2001-11,,66.7702,TB3MS,github-csv+er
2001-12,,66.8592,TB3MS,github-csv+er
2002-01,,66.9461,TB3MS,github-csv+er
2002-02,,67.037,TB3MS,github-csv+er
2002-03,,67.132,TB3MS,github-csv+er
2002-04,,67.2227,TB3MS,github-csv+er
2002-05,,67.3146,TB3MS,github-csv+er
2002-06,,67.4048,TB3MS,github-csv+er
2002-07,,67.4942,TB3MS,github-csv+er
2002-08,,67.5803,TB3MS,github-csv+er
2002-09,,67.6669,TB3MS,github-csv+er
2002-10,,67.751,TB3MS,github-csv+er
2002-11,,67.8154,TB3MS,github-csv+er
2002-12,,67.8776,TB3MS,github-csv+er
2003-01,,67.9386,TB3MS,github-csv+er
2003-02,,67.9999,TB3MS,github-csv+er
2003-03,,68.0587,TB3MS,github-csv+er
2003-04,,68.1176,TB3MS,github-csv+er
2003-05,,68.1732,TB3MS,github-csv+er
2003-06,,68.2204,TB3MS,github-csv+er
2003-07,,68.2666,TB3MS,github-csv+er
2003-08,,68.3153,TB3MS,github-csv+er
2003-09,,68.3639,TB3MS,github-csv+er
2003-10,,68.411,TB3MS,github-csv+er
2003-11,,68.459,TB3MS,github-csv+er
2003-12,,68.5052,TB3MS,github-csv+er
2004-01,,68.5502,TB3MS,github-csv+er
2004-02,,68.5983,TB3MS,github-csv+er
2004-03,,68.6468,TB3MS,github-csv+er
2004-04,,68.6955,TB3MS,github-csv+er
2004-05,,68.7487,TB3MS,github-csv+er
2004-06,,68.8163,TB3MS,github-csv+er
2004-07,,68.8875,TB3MS,github-csv+er
2004-08,,68.9673,TB3MS,github-csv+er
2004-09,,69.0569,TB3MS,github-csv+er
2004-10,,69.153,TB3MS,github-csv+er
2004-11,,69.2672,TB3MS,github-csv+er
2004-12,,69.3882,TB3MS,github-csv+er
2005-01,,69.5177,TB3MS,github-csv+er
2005-02,,69.6598,TB3MS,github-csv+er
2005-03,,69.8136,TB3MS,github-csv+er
2005-04,,69.9702,TB3MS,github-csv+er
2005-05,,70.1305,TB3MS,github-csv+er
2005-06,,70.2989,TB3MS,github-csv+er
2005-07,,70.4822,TB3MS,github-csv+er
2005-08,,70.6788,TB3MS,github-csv+er
2005-09,,70.875,TB3MS,github-csv+er
2005-10,,71.0889,TB3MS,github-csv+er
2005-11,,71.3133,TB3MS,github-csv+er
2005-12,,71.5391,TB3MS,github-csv+er
2006-01,,71.7866,TB3MS,github-csv+er
2006-02,,72.0462,TB3MS,github-csv+er
2006-03,,72.3116,TB3MS,github-csv+er
2006-04,,72.5833,TB3MS,github-csv+er
2006-05,,72.8634,TB3MS,github-csv+er
2006-06,,73.1489,TB3MS,github-csv+er
2006-07,,73.4451,TB3MS,github-csv+er
2006-08,,73.7432,TB3MS,github-csv+er
2006-09,,74.0331,TB3MS,github-csv+er
2006-10,,74.3311,TB3MS,github-csv+er
2006-11,,74.6316,TB3MS,github-csv+er
2006-12,,74.9277,TB3MS,github-csv+er
2007-01,,75.2329,TB3MS,github-csv+er
2007-02,,75.5427,TB3MS,github-csv+er
2007-03,,75.848,TB3MS,github-csv+er
2007-04,,76.1501,TB3MS,github-csv+er
2007-05,,76.4445,TB3MS,github-csv+er
2007-06,,76.7324,TB3MS,github-csv+er
2007-07,,77.0349,TB3MS,github-csv+er
2007-08,,77.2987,TB3MS,github-csv+er
2007-09,,77.5435,TB3MS,github-csv+er
2007-10,,77.7898,TB3MS,github-csv+er
2007-11,,77.9958,TB3MS,github-csv+er
2007-12,,78.1852,TB3MS,github-csv+er
2008-01,,78.3584,TB3MS,github-csv+er
2008-02,,78.4909,TB3MS,github-csv+er
2008-03,,78.5674,TB3MS,github-csv+er
2008-04,,78.6461,TB3MS,github-csv+er
2008-05,,78.7535,TB3MS,github-csv+er
2008-06,,78.8697,TB3MS,github-csv+er
2008-07,,78.9708,TB3MS,github-csv+er
2008-08,,79.0781,TB3MS,github-csv+er
2008-09,,79.1466,TB3MS,github-csv+er
2008-10,,79.1849,TB3MS,github-csv+er
2008-11,,79.1916,TB3MS,github-csv+er
2008-12,,79.1876,TB3MS,github-csv+er
2009-01,,79.1903,TB3MS,github-csv+er
2009-02,,79.204,TB3MS,github-csv+er
2009-03,,79.212,TB3MS,github-csv+er
2009-04,,79.2166,TB3MS,github-csv+er
2009-05,,79.2226,TB3MS,github-csv+er
2009-06,,79.2286,TB3MS,github-csv+er
2009-07,,79.2344,TB3MS,github-csv+er
2009-08,,79.2396,TB3MS,github-csv+er
2009-09,,79.2416,TB3MS,github-csv+er
2009-10,,79.2403,TB3MS,github-csv+er
2009-11,,79.2376,TB3MS,github-csv+er
2009-12,,79.235,TB3MS,github-csv+er
2010-01,,79.2331,TB3MS,github-csv+er
2010-02,,79.2344,TB3MS,github-csv+er
2010-03,,79.2383,TB3MS,github-csv+er
2010-04,,79.243,TB3MS,github-csv+er
2010-05,,79.2476,TB3MS,github-csv+er
2010-06,,79.2496,TB3MS,github-csv+er
2010-07,,79.2543,TB3MS,github-csv+er
2010-08,,79.259,TB3MS,github-csv+er
2010-09,,79.263,TB3MS,github-csv+er
2010-10,,79.2655,TB3MS,github-csv+er
2010-11,,79.2687,TB3MS,github-csv+er
2010-12,,79.272,TB3MS,github-csv+er
2011-01,,79.276,TB3MS,github-csv+er
2011-02,,79.2786,TB3MS,github-csv+er
2011-03,,79.2793,TB3MS,github-csv+er
2011-04,,79.2774,TB3MS,github-csv+er
2011-05,,79.274,TB3MS,github-csv+er
2011-06,,79.2706,TB3MS,github-csv+er
2011-07,,79.2674,TB3MS,github-csv+er
2011-08,,79.263,TB3MS,github-csv+er
2011-09,,79.2576,TB3MS,github-csv+er
2011-10,,79.2529,TB3MS,github-csv+er
2011-11,,79.2476,TB3MS,github-csv+er
2011-12,,79.2423,TB3MS,github-csv+er
2012-01,,79.2383,TB3MS,github-csv+er
2012-02,,79.2383,TB3MS,github-csv+er
2012-03,,79.2376,TB3MS,github-csv+er
2012-04,,79.237,TB3MS,github-csv+er
2012-05,,79.237,TB3MS,github-csv+er
2012-06,,79.237,TB3MS,github-csv+er
2012-07,,79.2376,TB3MS,github-csv+er
2012-08,,79.2383,TB3MS,github-csv+er
2012-09,,79.2396,TB3MS,github-csv+er
2012-10,,79.2403,TB3MS,github-csv+er
2012-11,,79.2403,TB3MS,github-csv+er
2012-12,,79.239,TB3MS,github-csv+er
2013-01,,79.2376,TB3MS,github-csv+er
2013-02,,79.2383,TB3MS,github-csv+er
2013-03,,79.2383,TB3MS,github-csv+er
2013-04,,79.2363,TB3MS,github-csv+er
2013-05,,79.2331,TB3MS,github-csv+er
2013-06,,79.2306,TB3MS,github-csv+er
2013-07,,79.2273,TB3MS,github-csv+er
2013-08,,79.2239,TB3MS,github-csv+er
2013-09,,79.2193,TB3MS,github-csv+er
2013-10,,79.2166,TB3MS,github-csv+er
2013-11,,79.2152,TB3MS,github-csv+er
2013-12,,79.2139,TB3MS,github-csv+er
2014-01,,79.2106,TB3MS,github-csv+er
2014-02,,79.208,TB3MS,github-csv+er
2014-03,,79.2053,TB3MS,github-csv+er
2014-04,,79.2014,TB3MS,github-csv+er
2014-05,,79.1975,TB3MS,github-csv+er
2014-06,,79.1943,TB3MS,github-csv+er
2014-07,,79.1903,TB3MS,github-csv+er
2014-08,,79.1863,TB3MS,github-csv+er
2014-09,,79.1816,TB3MS,github-csv+er
2014-10,,79.177,TB3MS,github-csv+er
2014-11,,79.1723,TB3MS,github-csv+er
2014-12,,79.1684,TB3MS,github-csv+er
2015-01,,79.1646,TB3MS,github-csv+er
2015-02,,79.16,TB3MS,github-csv+er
2015-03,,79.1559,TB3MS,github-csv+er
2015-04,,79.1513,TB3MS,github-csv+er
2015-05,,79.1466,TB3MS,github-csv+er
2015-06,,79.142,TB3MS,github-csv+er
2015-07,,79.138,TB3MS,github-csv+er
2015-08,,79.1366,TB3MS,github-csv+er
2015-09,,79.1322,TB3MS,github-csv+er
2015-10,,79.1277,TB3MS,github-csv+er
2015-11,,79.1296,TB3MS,github-csv+er
2015-12,,79.1386,TB3MS,github-csv+er
2016-01,,79.1499,TB3MS,github-csv+er
2016-02,,79.1646,TB3MS,github-csv+er
2016-03,,79.1776,TB3MS,github-csv+er
2016-04,,79.1869,TB3MS,github-csv+er
2016-05,,79.1988,TB3MS,github-csv+er
2016-06,,79.2106,TB3MS,github-csv+er
2016-07,,79.2246,TB3MS,github-csv+er
2016-08,,79.2383,TB3MS,github-csv+er
2016-09,,79.2516,TB3MS,github-csv+er
2016-10,,79.2674,TB3MS,github-csv+er
2016-11,,79.2913,TB3MS,github-csv+er
2016-12,,79.319,TB3MS,github-csv+er
2017-01,,79.3467,TB3MS,github-csv+er
2017-02,,79.3751,TB3MS,github-csv+er
2017-03,,79.4182,TB3MS,github-csv+er
2017-04,,79.4651,TB3MS,github-csv+er
2017-05,,79.5182,TB3MS,github-csv+er
2017-06,,79.577,TB3MS,github-csv+er
2017-07,,79.6421,TB3MS,github-csv+er
2017-08,,79.7032,TB3MS,github-csv+er
2017-09,,79.7656,TB3MS,github-csv+er
2017-10,,79.8308,TB3MS,github-csv+er
2017-11,,79.9067,TB3MS,github-csv+er
2017-12,,79.9884,TB3MS,github-csv+er
2018-01,,80.0765,TB3MS,github-csv+er
2018-02,,80.1753,TB3MS,github-csv+er
2018-03,,80.2827,TB3MS,github-csv+er
2018-04,,80.3946,TB3MS,github-csv+er
2018-05,,80.5131,TB3MS,github-csv+er
2018-06,,80.6345,TB3MS,github-csv+er
2018-07,,80.7603,TB3MS,github-csv+er
2018-08,,80.8908,TB3MS,github-csv+er
2018-09,,81.0282,TB3MS,github-csv+er
2018-10,,81.1741,TB3MS,github-csv+er
2018-11,,81.3256,TB3MS,github-csv+er
2018-12,,81.4802,TB3MS,github-csv+er
2019-01,,81.635,TB3MS,github-csv+er
2019-02,,81.7916,TB3MS,github-csv+er
2019-03,,81.9489,TB3MS,github-csv+er
2019-04,,82.1051,TB3MS,github-csv+er
2019-05,,82.2599,TB3MS,github-csv+er
2019-06,,82.4025,TB3MS,github-csv+er
2019-07,,82.5405,TB3MS,github-csv+er
2019-08,,82.6684,TB3MS,github-csv+er
2019-09,,82.7924,TB3MS,github-csv+er
2019-10,,82.9002,TB3MS,github-csv+er
2019-11,,83.0004,TB3MS,github-csv+er
2019-12,,83.1007,TB3MS,github-csv+er
2020-01,,83.1997,TB3MS,github-csv+er
2020-02,,83.2988,TB3MS,github-csv+er
2020-03,,83.3125,TB3MS,github-csv+er
2020-04,,83.3161,TB3MS,github-csv+er
2020-04-02,,83.3162,TB3MS,github-csv-extended+er
2020-04-03,,83.3163,TB3MS,github-csv-extended+er
2020-04-04,,83.3164,TB3MS,github-csv-extended+er
2020-04-05,,83.3165,TB3MS,github-csv-extended+er
2020-04-06,,83.3167,TB3MS,github-csv-extended+er
2020-04-07,,83.3168,TB3MS,github-csv-extended+er
2020-04-08,,83.3169,TB3MS,github-csv-extended+er
2020-04-09,,83.317,TB3MS,github-csv-extended+er
2020-04-10,,83.3171,TB3MS,github-csv-extended+er
2020-04-11,,83.3173,TB3MS,github-csv-extended+er
2020-04-12,,83.3174,TB3MS,github-csv-extended+er
2020-04-13,,83.3175,TB3MS,github-csv-extended+er
2020-04-14,,83.3176,TB3MS,github-csv-extended+er
2020-04-15,,83.3177,TB3MS,github-csv-extended+er
2020-04-16,,83.3179,TB3MS,github-csv-extended+er
2020-04-17,,83.318,TB3MS,github-csv-extended+er
2020-04-18,,83.3181,TB3MS,github-csv-extended+er
2020-04-19,,83.3182,TB3MS,github-csv-extended+er
2020-04-20,,83.3183,TB3MS,github-csv-extended+er
2020-04-21,,83.3185,TB3MS,github-csv-extended+er
2020-04-22,,83.3186,TB3MS,github-csv-extended+er
2020-04-23,,83.3187,TB3MS,github-csv-extended+er
2020-04-24,,83.3188,TB3MS,github-csv-extended+er
2020-04-25,,83.319,TB3MS,github-csv-extended+er
2020-04-26,,83.3191,TB3MS,github-csv-extended+er
2020-04-27,,83.3192,TB3MS,github-csv-extended+er
2020-04-28,,83.3193,TB3MS,github-csv-extended+er
2020-04-29,,83.3194,TB3MS,github-csv-extended+er
2020-04-30,,83.3195,TB3MS,github-csv-extended+er
2020-05-01,,83.3196,TB3MS,github-csv-extended+er
2020-05-02,,83.3197,TB3MS,github-csv-extended+er
2020-05-03,,83.3198,TB3MS,github-csv-extended+er
2020-05-04,,83.3199,TB3MS,github-csv-extended+er
2020-05-05,,83.3201,TB3MS,github-csv-extended+er
2020-05-06,,83.3202,TB3MS,github-csv-extended+er
2020-05-07,,83.3203,TB3MS,github-csv-extended+er
2020-05-08,,83.3204,TB3MS,github-csv-extended+er
2020-05-09,,83.3205,TB3MS,github-csv-extended+er
2020-05-10,,83.3207,TB3MS,github-csv-extended+er
2020-05-11,,83.3208,TB3MS,github-csv-extended+er
2020-05-12,,83.3209,TB3MS,github-csv-extended+er
2020-05-13,,83.321,TB3MS,github-csv-extended+er
2020-05-14,,83.3211,TB3MS,github-csv-extended+er
2020-05-15,,83.3213,TB3MS,github-csv-extended+er
2020-05-16,,83.3214,TB3MS,github-csv-extended+er
2020-05-17,,83.3215,TB3MS,github-csv-extended+er
2020-05-18,,83.3216,TB3MS,github-csv-extended+er
2020-05-19,,83.3217,TB3MS,github-csv-extended+er
2020-05-20,,83.3219,TB3MS,github-csv-extended+er
2020-05-21,,83.322,TB3MS,github-csv-extended+er
2020-05-22,,83.3221,TB3MS,github-csv-extended+er
2020-05-23,,83.3222,TB3MS,github-csv-extended+er
2020-05-24,,83.3223,TB3MS,github-csv-extended+er
2020-05-25,,83.3225,TB3MS,github-csv-extended+er
2020-05-26,,83.3226,TB3MS,github-csv-extended+er
2020-05-27,,83.3227,TB3MS,github-csv-extended+er
2020-05-28,83.3428,83.3346,SGOV,tiingo
2020-05-29,83.3428,83.3346,SGOV,tiingo
2020-06-01,83.3428,83.3346,SGOV,tiingo
2020-06-02,83.3428,83.3371,SGOV,tiingo
2020-06-03,,83.3388,SGOV,tiingo
2020-06-04,83.3263,83.3388,SGOV,tiingo
2020-06-05,83.3428,83.3346,SGOV,tiingo
2020-06-08,,83.3346,SGOV,tiingo
2020-06-09,,83.3346,SGOV,tiingo
2020-06-10,83.3428,83.3388,SGOV,tiingo
2020-06-11,83.3428,83.3388,SGOV,tiingo
2020-06-12,83.3346,83.3388,SGOV,tiingo
2020-06-15,83.3428,83.3388,SGOV,tiingo
2020-06-16,,83.3388,SGOV,tiingo
2020-06-17,83.3512,83.3428,SGOV,tiingo
2020-06-18,83.3512,83.3462,SGOV,tiingo
2020-06-19,,83.347,SGOV,tiingo
2020-06-22,83.3512,83.3428,SGOV,tiingo
2020-06-23,83.3512,83.3428,SGOV,tiingo
2020-06-24,83.3346,83.3428,SGOV,tiingo
2020-06-25,,83.3428,SGOV,tiingo
2020-06-26,83.3512,83.3388,SGOV,tiingo
2020-06-29,,83.347,SGOV,tiingo
2020-06-30,,83.347,SGOV,tiingo
2020-07-01,83.3479,83.3437,SGOV,tiingo
2020-07-02,83.3479,83.3488,SGOV,tiingo
2020-07-06,,83.3437,SGOV,tiingo
2020-07-07,83.3403,83.3437,SGOV,tiingo
2020-07-08,83.3479,83.3437,SGOV,tiingo
2020-07-09,83.3563,83.3522,SGOV,tiingo
2020-07-10,83.3563,83.3554,SGOV,tiingo
2020-07-13,83.3563,83.3522,SGOV,tiingo
2020-07-14,,83.3479,SGOV,tiingo
2020-07-15,83.3563,83.3479,SGOV,tiingo
2020-07-16,83.3563,83.3479,SGOV,tiingo
2020-07-17,83.3563,83.3479,SGOV,tiingo
2020-07-20,,83.3563,SGOV,tiingo
2020-07-21,83.3563,83.3479,SGOV,tiingo
2020-07-22,83.3563,83.3479,SGOV,tiingo
2020-07-23,,83.3479,SGOV,tiingo
2020-07-24,,83.3479,SGOV,tiingo
2020-07-27,83.3563,83.3479,SGOV,tiingo
2020-07-28,83.3563,83.3479,SGOV,tiingo
2020-07-29,83.3563,83.3522,SGOV,tiingo
2020-07-30,83.3563,83.3479,SGOV,tiingo
2020-07-31,83.3563,83.3522,SGOV,tiingo
2020-08-03,,83.3525,SGOV,tiingo
2020-08-04,83.3567,83.3525,SGOV,tiingo
2020-08-05,83.3484,83.3525,SGOV,tiingo
2020-08-06,83.3484,83.3525,SGOV,tiingo
2020-08-07,,83.3567,SGOV,tiingo
2020-08-10,83.3567,83.3525,SGOV,tiingo
2020-08-11,83.3567,83.3525,SGOV,tiingo
2020-08-12,83.3484,83.3567,SGOV,tiingo
2020-08-13,83.355,83.3567,SGOV,tiingo
2020-08-14,83.3652,83.3609,SGOV,tiingo
2020-08-17,83.3652,83.3609,SGOV,tiingo
2020-08-18,83.3652,83.3567,SGOV,tiingo
2020-08-19,83.3652,83.3626,SGOV,tiingo
2020-08-20,83.3652,83.3567,SGOV,tiingo
2020-08-21,83.3484,83.3567,SGOV,tiingo
2020-08-24,83.3652,83.3567,SGOV,tiingo
2020-08-25,83.3567,83.3609,SGOV,tiingo
2020-08-26,83.3485,83.3484,SGOV,tiingo
2020-08-27,83.3484,83.3652,SGOV,tiingo
2020-08-28,,83.3567,SGOV,tiingo
2020-08-31,,83.3567,SGOV,tiingo
2020-09-01,83.3625,83.3456,SGOV,tiingo
2020-09-02,83.3625,83.354,SGOV,tiingo
2020-09-03,83.3608,83.3582,SGOV,tiingo
2020-09-04,83.3625,83.3582,SGOV,tiingo
2020-09-08,83.3541,83.3582,SGOV,tiingo
2020-09-09,,83.3625,SGOV,tiingo
2020-09-10,83.3625,83.3582,SGOV,tiingo
2020-09-11,83.3616,83.3582,SGOV,tiingo
2020-09-14,83.3549,83.3582,SGOV,tiingo
2020-09-15,83.3625,83.3582,SGOV,tiingo
2020-09-16,,83.3582,SGOV,tiingo
2020-09-17,83.3625,83.3582,SGOV,tiingo
2020-09-18,83.3708,83.3582,SGOV,tiingo
2020-09-21,83.3625,83.3582,SGOV,tiingo
2020-09-22,83.3625,83.3582,SGOV,tiingo
2020-09-23,83.3625,83.3582,SGOV,tiingo
2020-09-24,,83.3582,SGOV,tiingo
2020-09-25,,83.3625,SGOV,tiingo
2020-09-28,83.3666,83.3625,SGOV,tiingo
2020-09-29,83.3708,83.3625,SGOV,tiingo
2020-09-30,83.3708,83.3625,SGOV,tiingo
2020-10-01,83.3668,83.3626,SGOV,tiingo
2020-10-02,83.355,83.3584,SGOV,tiingo
2020-10-05,83.3668,83.3659,SGOV,tiingo
2020-10-06,83.3659,83.3626,SGOV,tiingo
2020-10-07,83.3584,83.3626,SGOV,tiingo
2020-10-08,83.3659,83.3626,SGOV,tiingo
2020-10-09,83.3666,83.3626,SGOV,tiingo
2020-10-12,83.3659,83.3626,SGOV,tiingo
2020-10-13,83.3584,83.3626,SGOV,tiingo
2020-10-14,,83.3626,SGOV,tiingo
2020-10-15,83.3668,83.3626,SGOV,tiingo
2020-10-16,83.3584,83.3626,SGOV,tiingo
2020-10-19,83.3668,83.3626,SGOV,tiingo
2020-10-20,83.3584,83.3626,SGOV,tiingo
2020-10-21,83.3652,83.3626,SGOV,tiingo
2020-10-22,83.3659,83.3626,SGOV,tiingo
2020-10-23,83.3736,83.3668,SGOV,tiingo
2020-10-26,83.366,83.3668,SGOV,tiingo
2020-10-27,83.3626,83.3668,SGOV,tiingo
2020-10-28,,83.3668,SGOV,tiingo
2020-10-29,83.3631,83.3668,SGOV,tiingo
2020-10-30,83.3684,83.3668,SGOV,tiingo
2020-11-02,83.3669,83.3707,SGOV,tiingo
2020-11-03,83.3711,83.3669,SGOV,tiingo
2020-11-04,83.3711,83.3669,SGOV,tiingo
2020-11-05,83.3658,83.3669,SGOV,tiingo
2020-11-06,83.3702,83.3669,SGOV,tiingo
2020-11-09,83.3669,83.3707,SGOV,tiingo
2020-11-10,,83.3669,SGOV,tiingo
2020-11-11,83.3694,83.3669,SGOV,tiingo
2020-11-12,,83.3669,SGOV,tiingo
2020-11-13,83.3627,83.3669,SGOV,tiingo
2020-11-16,83.3702,83.3669,SGOV,tiingo
2020-11-17,,83.3669,SGOV,tiingo
2020-11-18,83.3677,83.3711,SGOV,tiingo
2020-11-19,83.3627,83.3669,SGOV,tiingo
2020-11-20,83.3688,83.3669,SGOV,tiingo
2020-11-23,83.375,83.3711,SGOV,tiingo
2020-11-24,83.3784,83.3711,SGOV,tiingo
2020-11-25,83.3776,83.3627,SGOV,tiingo
2020-11-27,83.3793,83.3711,SGOV,tiingo
2020-11-30,83.3627,83.3711,SGOV,tiingo
2020-12-01,83.3674,83.3673,SGOV,tiingo
2020-12-02,,83.3673,SGOV,tiingo
2020-12-03,83.3673,83.3715,SGOV,tiingo
2020-12-04,83.3673,83.3715,SGOV,tiingo
2020-12-07,83.3681,83.3673,SGOV,tiingo
2020-12-08,83.3754,83.3673,SGOV,tiingo
2020-12-09,83.3681,83.3673,SGOV,tiingo
2020-12-10,83.3754,83.3715,SGOV,tiingo
2020-12-11,83.3737,83.3715,SGOV,tiingo
2020-12-14,83.3754,83.3715,SGOV,tiingo
2020-12-15,83.3754,83.3715,SGOV,tiingo
2020-12-16,83.3754,83.3797,SGOV,tiingo
2020-12-17,83.3731,83.3764,SGOV,tiingo
2020-12-18,83.3807,83.3764,SGOV,tiingo
2020-12-21,83.3724,83.3764,SGOV,tiingo
2020-12-22,83.3724,83.3764,SGOV,tiingo
2020-12-23,83.3807,83.3724,SGOV,tiingo
2020-12-24,83.3764,83.3724,SGOV,tiingo
2020-12-28,83.3731,83.3724,SGOV,tiingo
2020-12-29,83.3806,83.3724,SGOV,tiingo
2020-12-30,83.3806,83.3764,SGOV,tiingo
2020-12-31,83.3724,83.3764,SGOV,tiingo
2021-01-04,83.3807,83.3764,SGOV,tiingo
2021-01-05,,83.3764,SGOV,tiingo
2021-01-06,83.3807,83.3724,SGOV,tiingo
2021-01-07,83.3807,83.3764,SGOV,tiingo
2021-01-08,83.3731,83.3764,SGOV,tiingo
2021-01-11,83.3724,83.3764,SGOV,tiingo
2021-01-12,83.3725,83.3764,SGOV,tiingo
2021-01-13,83.3807,83.3724,SGOV,tiingo
2021-01-14,83.3731,83.3724,SGOV,tiingo
2021-01-15,,83.3764,SGOV,tiingo
2021-01-19,,83.3724,SGOV,tiingo
2021-01-20,,83.3764,SGOV,tiingo
2021-01-21,83.379,83.3764,SGOV,tiingo
2021-01-22,83.3807,83.3764,SGOV,tiingo
2021-01-25,83.3764,83.3807,SGOV,tiingo
2021-01-26,83.3764,83.3807,SGOV,tiingo
2021-01-27,83.3764,83.3807,SGOV,tiingo
2021-01-28,,83.3807,SGOV,tiingo
2021-01-29,,83.3807,SGOV,tiingo
2021-02-01,83.3781,83.3806,SGOV,tiingo
2021-02-02,,83.3764,SGOV,tiingo
2021-02-03,83.3849,83.3764,SGOV,tiingo
2021-02-04,83.3849,83.3764,SGOV,tiingo
2021-02-05,83.3849,83.3806,SGOV,tiingo
2021-02-08,83.3849,83.3806,SGOV,tiingo
2021-02-09,83.3849,83.3764,SGOV,tiingo
2021-02-10,83.3849,83.3806,SGOV,tiingo
2021-02-11,,83.3806,SGOV,tiingo
2021-02-12,83.3849,83.3806,SGOV,tiingo
2021-02-16,83.3764,83.3806,SGOV,tiingo
2021-02-17,,83.3764,SGOV,tiingo
2021-02-18,83.3849,83.3806,SGOV,tiingo
2021-02-19,83.3849,83.3806,SGOV,tiingo
2021-02-22,,83.3806,SGOV,tiingo
2021-02-23,83.3764,83.3806,SGOV,tiingo
2021-02-24,83.3764,83.3849,SGOV,tiingo
2021-02-25,83.3849,83.3764,SGOV,tiingo
2021-02-26,,83.3806,SGOV,tiingo
2021-03-01,83.3849,83.3932,SGOV,tiingo
2021-03-02,83.3806,83.3932,SGOV,tiingo
2021-03-03,83.3932,83.3764,SGOV,tiingo
2021-03-04,,83.3849,SGOV,tiingo
2021-03-05,83.3764,83.3849,SGOV,tiingo
2021-03-08,83.3764,83.3849,SGOV,tiingo
2021-03-09,83.3849,83.3806,SGOV,tiingo
2021-03-10,,83.3849,SGOV,tiingo
2021-03-11,83.3849,83.3806,SGOV,tiingo
2021-03-12,83.3932,83.3806,SGOV,tiingo
2021-03-15,83.3812,83.3849,SGOV,tiingo
2021-03-16,83.3849,83.389,SGOV,tiingo
2021-03-17,83.3932,83.389,SGOV,tiingo
2021-03-18,83.3932,83.3849,SGOV,tiingo
2021-03-19,,83.389,SGOV,tiingo
2021-03-22,83.389,83.3856,SGOV,tiingo
2021-03-23,83.389,83.3915,SGOV,tiingo
2021-03-24,83.3932,83.389,SGOV,tiingo
2021-03-25,83.3915,83.3849,SGOV,tiingo
2021-03-26,83.3932,83.389,SGOV,tiingo
2021-03-29,83.3849,83.3806,SGOV,tiingo
2021-03-30,,83.389,SGOV,tiingo
2021-03-31,83.3764,83.3806,SGOV,tiingo
2021-04-01,83.3856,83.3898,SGOV,tiingo
2021-04-05,,83.3856,SGOV,tiingo
2021-04-06,83.3898,83.394,SGOV,tiingo
2021-04-07,83.394,83.3856,SGOV,tiingo
2021-04-08,,83.394,SGOV,tiingo
2021-04-09,83.394,83.3856,SGOV,tiingo
2021-04-12,83.3898,83.3856,SGOV,tiingo
2021-04-13,83.394,83.3898,SGOV,tiingo
2021-04-14,83.3856,83.3898,SGOV,tiingo
2021-04-15,,83.3898,SGOV,tiingo
2021-04-16,83.3856,83.394,SGOV,tiingo
2021-04-19,83.3856,83.394,SGOV,tiingo
2021-04-20,83.394,83.3898,SGOV,tiingo
2021-04-21,83.394,83.3856,SGOV,tiingo
2021-04-22,83.3898,83.394,SGOV,tiingo
2021-04-23,83.3856,83.394,SGOV,tiingo
2021-04-26,83.394,83.3856,SGOV,tiingo
2021-04-27,83.394,83.3856,SGOV,tiingo
2021-04-28,83.394,83.3898,SGOV,tiingo
2021-04-29,83.3856,83.394,SGOV,tiingo
2021-04-30,83.3898,83.394,SGOV,tiingo
2021-05-03,,83.397,SGOV,tiingo
2021-05-04,83.397,83.3886,SGOV,tiingo
2021-05-05,83.3906,83.3928,SGOV,tiingo
2021-05-06,,83.3928,SGOV,tiingo
2021-05-07,83.397,83.3903,SGOV,tiingo
2021-05-10,,83.397,SGOV,tiingo
2021-05-11,83.397,83.3886,SGOV,tiingo
2021-05-12,,83.3928,SGOV,tiingo
2021-05-13,83.3928,83.3886,SGOV,tiingo
2021-05-14,83.397,83.3928,SGOV,tiingo
2021-05-17,,83.3886,SGOV,tiingo
2021-05-18,83.397,83.3928,SGOV,tiingo
2021-05-19,83.397,83.3886,SGOV,tiingo
2021-05-20,83.397,83.3886,SGOV,tiingo
2021-05-21,83.3894,83.3886,SGOV,tiingo
2021-05-24,83.397,83.3954,SGOV,tiingo
2021-05-25,83.3886,83.397,SGOV,tiingo
2021-05-26,,83.3928,SGOV,tiingo
2021-05-27,,83.3886,SGOV,tiingo
2021-05-28,83.3886,83.397,SGOV,tiingo
2021-06-01,83.3899,83.3941,SGOV,tiingo
2021-06-02,83.3983,83.3941,SGOV,tiingo
2021-06-03,,83.3899,SGOV,tiingo
2021-06-04,83.3941,83.3899,SGOV,tiingo
2021-06-07,83.3983,83.3912,SGOV,tiingo
2021-06-08,83.3983,83.3979,SGOV,tiingo
2021-06-09,,83.3941,SGOV,tiingo
2021-06-10,,83.3941,SGOV,tiingo
2021-06-11,83.3983,83.3941,SGOV,tiingo
2021-06-14,83.3983,83.3941,SGOV,tiingo
2021-06-15,83.3983,83.3941,SGOV,tiingo
2021-06-16,83.3983,83.3941,SGOV,tiingo
2021-06-17,83.3983,83.3912,SGOV,tiingo
2021-06-18,83.3912,83.3857,SGOV,tiingo
2021-06-21,83.3898,83.3857,SGOV,tiingo
2021-06-22,83.3899,83.3979,SGOV,tiingo
2021-06-23,83.3983,83.3899,SGOV,tiingo
2021-06-24,83.3983,83.3899,SGOV,tiingo
2021-06-25,83.3918,83.3983,SGOV,tiingo
2021-06-28,83.3983,83.3899,SGOV,tiingo
2021-06-29,83.3907,83.3941,SGOV,tiingo
2021-06-30,83.394,83.3941,SGOV,tiingo
2021-07-01,83.3915,83.3919,SGOV,tiingo
2021-07-02,83.399,83.3919,SGOV,tiingo
2021-07-06,83.3999,83.3957,SGOV,tiingo
2021-07-07,83.3999,83.3915,SGOV,tiingo
2021-07-08,,83.3915,SGOV,tiingo
2021-07-09,,83.3915,SGOV,tiingo
2021-07-12,83.3999,83.3915,SGOV,tiingo
2021-07-13,83.3915,83.3957,SGOV,tiingo
2021-07-14,83.399,83.3915,SGOV,tiingo
2021-07-15,83.3831,83.3915,SGOV,tiingo
2021-07-16,83.3915,83.3957,SGOV,tiingo
2021-07-19,,83.3957,SGOV,tiingo
2021-07-20,,83.3915,SGOV,tiingo
2021-07-21,83.399,83.3999,SGOV,tiingo
2021-07-22,83.3915,83.3957,SGOV,tiingo
2021-07-23,83.3916,83.3994,SGOV,tiingo
2021-07-26,83.3999,83.3924,SGOV,tiingo
2021-07-27,83.3999,83.3957,SGOV,tiingo
2021-07-28,,83.3999,SGOV,tiingo
2021-07-29,83.3915,83.399,SGOV,tiingo
2021-07-30,,83.3957,SGOV,tiingo
2021-08-02,83.3846,83.3887,SGOV,tiingo
2021-08-03,83.3972,83.3971,SGOV,tiingo
2021-08-04,,83.4013,SGOV,tiingo
2021-08-05,83.4013,83.3972,SGOV,tiingo
2021-08-06,83.3846,83.3972,SGOV,tiingo
2021-08-09,,83.3929,SGOV,tiingo
2021-08-10,83.4013,83.3929,SGOV,tiingo
2021-08-11,83.4013,83.3929,SGOV,tiingo
2021-08-12,83.3846,83.3887,SGOV,tiingo
2021-08-13,83.3929,83.3972,SGOV,tiingo
2021-08-16,83.4005,83.4013,SGOV,tiingo
2021-08-17,83.3939,83.3846,SGOV,tiingo
2021-08-18,83.3931,83.3972,SGOV,tiingo
2021-08-19,83.3972,83.3929,SGOV,tiingo
2021-08-20,83.3929,83.4013,SGOV,tiingo
2021-08-23,83.3936,83.3929,SGOV,tiingo
2021-08-24,83.3929,83.3972,SGOV,tiingo
2021-08-25,83.3972,83.3929,SGOV,tiingo
2021-08-26,,83.3972,SGOV,tiingo
2021-08-27,,83.3972,SGOV,tiingo
2021-08-30,83.4013,83.3972,SGOV,tiingo
2021-08-31,83.3929,83.3972,SGOV,tiingo
2021-09-01,83.4017,83.3992,SGOV,tiingo
2021-09-02,83.3952,83.3968,SGOV,tiingo
2021-09-03,83.4034,83.3992,SGOV,tiingo
2021-09-07,83.3951,83.4034,SGOV,tiingo
2021-09-08,83.3951,83.3992,SGOV,tiingo
2021-09-09,83.4034,83.3925,SGOV,tiingo
2021-09-10,,83.4034,SGOV,tiingo
2021-09-13,83.4034,83.3992,SGOV,tiingo
2021-09-14,,83.3951,SGOV,tiingo
2021-09-15,,83.4034,SGOV,tiingo
2021-09-16,83.3951,83.4034,SGOV,tiingo
2021-09-17,83.4034,83.3992,SGOV,tiingo
2021-09-20,83.3974,83.3963,SGOV,tiingo
2021-09-21,83.4017,83.3992,SGOV,tiingo
2021-09-22,83.4034,83.3992,SGOV,tiingo
2021-09-23,83.4034,83.3955,SGOV,tiingo
2021-09-24,,83.3992,SGOV,tiingo
2021-09-27,83.4034,83.3992,SGOV,tiingo
2021-09-28,83.3992,83.3951,SGOV,tiingo
2021-09-29,83.3951,83.4034,SGOV,tiingo
2021-09-30,83.3951,83.3992,SGOV,tiingo
2021-10-01,83.4059,83.3935,SGOV,tiingo
2021-10-04,83.4059,83.3981,SGOV,tiingo
2021-10-05,83.3972,83.4018,SGOV,tiingo
2021-10-06,83.3892,83.3935,SGOV,tiingo
2021-10-07,,83.3935,SGOV,tiingo
2021-10-08,83.3892,83.4027,SGOV,tiingo
2021-10-11,83.4059,83.3977,SGOV,tiingo
2021-10-12,83.401,83.3977,SGOV,tiingo
2021-10-13,83.3943,83.3977,SGOV,tiingo
2021-10-14,83.3892,83.3977,SGOV,tiingo
2021-10-15,83.3985,83.3977,SGOV,tiingo
2021-10-18,83.4059,83.4051,SGOV,tiingo
2021-10-19,83.4059,83.3977,SGOV,tiingo
2021-10-20,83.3892,83.3977,SGOV,tiingo
2021-10-21,83.404,83.4059,SGOV,tiingo
2021-10-22,83.3892,83.4027,SGOV,tiingo
2021-10-25,83.4027,83.3892,SGOV,tiingo
2021-10-26,83.4038,83.3977,SGOV,tiingo
2021-10-27,83.4059,83.3918,SGOV,tiingo
2021-10-28,83.397,83.3935,SGOV,tiingo
2021-10-29,83.3892,83.3977,SGOV,tiingo
2021-11-01,,83.4,SGOV,tiingo
2021-11-02,83.4,83.4081,SGOV,tiingo
2021-11-03,83.3933,83.4081,SGOV,tiingo
2021-11-04,,83.4,SGOV,tiingo
2021-11-05,83.4001,83.4,SGOV,tiingo
2021-11-08,83.4074,83.4041,SGOV,tiingo
2021-11-09,83.3973,83.4,SGOV,tiingo
2021-11-10,83.3916,83.4081,SGOV,tiingo
2021-11-11,83.4081,83.4,SGOV,tiingo
2021-11-12,83.3916,83.4,SGOV,tiingo
2021-11-15,,83.4,SGOV,tiingo
2021-11-16,83.4081,83.3916,SGOV,tiingo
2021-11-17,83.3935,83.4,SGOV,tiingo
2021-11-18,83.4081,83.4,SGOV,tiingo
2021-11-19,83.3916,83.4,SGOV,tiingo
2021-11-22,83.4081,83.4,SGOV,tiingo
2021-11-23,83.4057,83.4049,SGOV,tiingo
2021-11-24,83.4022,83.4081,SGOV,tiingo
2021-11-26,,83.4,SGOV,tiingo
2021-11-29,83.4,83.4041,SGOV,tiingo
2021-11-30,,83.4,SGOV,tiingo
2021-12-01,83.405,83.3987,SGOV,tiingo
2021-12-02,83.4029,83.3987,SGOV,tiingo
2021-12-03,83.4075,83.4029,SGOV,tiingo
2021-12-06,83.3946,83.4029,SGOV,tiingo
2021-12-07,83.4111,83.4011,SGOV,tiingo
2021-12-08,83.4111,83.3987,SGOV,tiingo
2021-12-09,83.4111,83.4029,SGOV,tiingo
2021-12-10,83.4105,83.4068,SGOV,tiingo
2021-12-13,83.4111,83.4068,SGOV,tiingo
2021-12-14,83.4111,83.4029,SGOV,tiingo
2021-12-15,83.4111,83.4029,SGOV,tiingo
2021-12-16,83.4068,83.4109,SGOV,tiingo
2021-12-17,83.3985,83.4063,SGOV,tiingo
2021-12-20,83.4068,83.4027,SGOV,tiingo
2021-12-21,83.3985,83.4059,SGOV,tiingo
2021-12-22,,83.4068,SGOV,tiingo
2021-12-23,83.4149,83.4143,SGOV,tiingo
2021-12-27,,83.4068,SGOV,tiingo
2021-12-28,,83.4068,SGOV,tiingo
2021-12-29,83.3985,83.4027,SGOV,tiingo
2021-12-30,83.3985,83.4027,SGOV,tiingo
2021-12-31,,83.4109,SGOV,tiingo
2022-01-03,83.4,83.4068,SGOV,tiingo
2022-01-04,83.3985,83.3989,SGOV,tiingo
2022-01-05,83.4068,83.4027,SGOV,tiingo
2022-01-06,,83.4068,SGOV,tiingo
2022-01-07,83.4068,83.4109,SGOV,tiingo
2022-01-10,,83.4068,SGOV,tiingo
2022-01-11,83.3985,83.4068,SGOV,tiingo
2022-01-12,83.3985,83.4061,SGOV,tiingo
2022-01-13,83.4143,83.4027,SGOV,tiingo
2022-01-14,83.4151,83.4109,SGOV,tiingo
2022-01-18,83.3985,83.4125,SGOV,tiingo
2022-01-19,83.4068,83.4109,SGOV,tiingo
2022-01-20,83.4151,83.4068,SGOV,tiingo
2022-01-21,,83.4068,SGOV,tiingo
2022-01-24,83.4068,83.3985,SGOV,tiingo
2022-01-25,83.4151,83.4082,SGOV,tiingo
2022-01-26,83.3985,83.4109,SGOV,tiingo
2022-01-27,83.4151,83.4068,SGOV,tiingo
2022-01-28,83.4151,83.414,SGOV,tiingo
2022-01-31,83.4151,83.4109,SGOV,tiingo
2022-02-01,83.4052,83.4139,SGOV,tiingo
2022-02-02,83.4,83.4082,SGOV,tiingo
2022-02-03,83.4,83.4082,SGOV,tiingo
2022-02-04,83.4,83.4071,SGOV,tiingo
2022-02-07,83.4,83.4124,SGOV,tiingo
2022-02-08,83.4082,83.4104,SGOV,tiingo
2022-02-09,83.4166,83.4124,SGOV,tiingo
2022-02-10,83.4,83.4082,SGOV,tiingo
2022-02-11,83.4041,83.4,SGOV,tiingo
2022-02-14,83.4166,83.4082,SGOV,tiingo
2022-02-15,83.4,83.4082,SGOV,tiingo
2022-02-16,,83.4166,SGOV,tiingo
2022-02-17,83.4166,83.4166,SGOV,tiingo
2022-02-18,83.4,83.4166,SGOV,tiingo
2022-02-22,83.4082,83.4091,SGOV,tiingo
2022-02-23,83.4082,83.4166,SGOV,tiingo
2022-02-24,83.425,83.4082,SGOV,tiingo
2022-02-25,,83.4166,SGOV,tiingo
2022-02-28,83.4082,83.4166,SGOV,tiingo
2022-03-01,,83.4236,SGOV,tiingo
2022-03-02,83.4123,83.4152,SGOV,tiingo
2022-03-03,83.4236,83.4193,SGOV,tiingo
2022-03-04,,83.4236,SGOV,tiingo
2022-03-07,,83.4236,SGOV,tiingo
2022-03-08,83.4068,83.4236,SGOV,tiingo
2022-03-09,,83.4152,SGOV,tiingo
2022-03-10,,83.4236,SGOV,tiingo
2022-03-11,83.4068,83.4236,SGOV,tiingo
2022-03-14,83.4152,83.4236,SGOV,tiingo
2022-03-15,,83.4152,SGOV,tiingo
2022-03-16,83.4152,83.4236,SGOV,tiingo
2022-03-17,,83.4236,SGOV,tiingo
2022-03-18,83.4319,83.4236,SGOV,tiingo
2022-03-21,83.4152,83.4236,SGOV,tiingo
2022-03-22,83.4319,83.4278,SGOV,tiingo
2022-03-23,,83.4319,SGOV,tiingo
2022-03-24,,83.4319,SGOV,tiingo
2022-03-25,83.4319,83.4236,SGOV,tiingo
2022-03-28,83.4319,83.4236,SGOV,tiingo
2022-03-29,,83.4319,SGOV,tiingo
2022-03-30,,83.4402,SGOV,tiingo
2022-03-31,,83.4402,SGOV,tiingo
2022-04-01,,83.439,SGOV,tiingo
2022-04-04,83.4222,83.439,SGOV,tiingo
2022-04-05,83.439,83.4341,SGOV,tiingo
2022-04-06,83.439,83.4348,SGOV,tiingo
2022-04-07,,83.439,SGOV,tiingo
2022-04-08,,83.439,SGOV,tiingo
2022-04-11,,83.439,SGOV,tiingo
2022-04-12,,83.439,SGOV,tiingo
2022-04-13,83.4472,83.443,SGOV,tiingo
2022-04-14,83.4472,83.4456,SGOV,tiingo
2022-04-18,,83.4472,SGOV,tiingo
2022-04-19,,83.4472,SGOV,tiingo
2022-04-20,,83.4472,SGOV,tiingo
2022-04-21,,83.4472,SGOV,tiingo
2022-04-22,,83.4472,SGOV,tiingo
2022-04-25,83.4556,83.4515,SGOV,tiingo
2022-04-26,,83.4556,SGOV,tiingo
2022-04-27,,83.4556,SGOV,tiingo
2022-04-28,83.4472,83.464,SGOV,tiingo
2022-04-29,,83.464,SGOV,tiingo
2022-05-02,,83.4595,SGOV,tiingo
2022-05-03,,83.4595,SGOV,tiingo
2022-05-04,,83.4595,SGOV,tiingo
2022-05-05,,83.4678,SGOV,tiingo
2022-05-06,83.4595,83.4678,SGOV,tiingo
2022-05-09,83.4595,83.4678,SGOV,tiingo
2022-05-10,,83.4678,SGOV,tiingo
2022-05-11,,83.4678,SGOV,tiingo
2022-05-12,83.476,83.4678,SGOV,tiingo
2022-05-13,,83.4678,SGOV,tiingo
2022-05-16,83.476,83.4678,SGOV,tiingo
2022-05-17,,83.476,SGOV,tiingo
2022-05-18,,83.476,SGOV,tiingo
2022-05-19,,83.4845,SGOV,tiingo
2022-05-20,83.4929,83.476,SGOV,tiingo
2022-05-23,83.476,83.4886,SGOV,tiingo
2022-05-24,,83.4929,SGOV,tiingo
2022-05-25,83.4845,83.4929,SGOV,tiingo
2022-05-26,83.4845,83.5012,SGOV,tiingo
2022-05-27,83.5094,83.5012,SGOV,tiingo
2022-05-31,83.4845,83.5012,SGOV,tiingo
2022-06-01,83.5106,83.5023,SGOV,tiingo
2022-06-02,83.5023,83.5106,SGOV,tiingo
2022-06-03,,83.5106,SGOV,tiingo
2022-06-06,83.5106,83.5023,SGOV,tiingo
2022-06-07,83.4941,83.5023,SGOV,tiingo
2022-06-08,83.519,83.5023,SGOV,tiingo
2022-06-09,83.519,83.5106,SGOV,tiingo
2022-06-10,,83.5106,SGOV,tiingo
2022-06-13,83.5106,83.5023,SGOV,tiingo
2022-06-14,,83.5023,SGOV,tiingo
2022-06-15,83.5023,83.4982,SGOV,tiingo
2022-06-16,83.4941,83.519,SGOV,tiingo
2022-06-17,83.519,83.5275,SGOV,tiingo
2022-06-21,83.5275,83.544,SGOV,tiingo
2022-06-22,83.5357,83.5357,SGOV,tiingo
2022-06-23,,83.544,SGOV,tiingo
2022-06-24,83.544,83.5275,SGOV,tiingo
2022-06-27,83.5275,83.544,SGOV,tiingo
2022-06-28,83.5524,83.544,SGOV,tiingo
2022-06-29,,83.5524,SGOV,tiingo
2022-06-30,83.5609,83.5691,SGOV,tiingo
2022-07-01,83.5683,83.5601,SGOV,tiingo
2022-07-05,83.5601,83.5683,SGOV,tiingo
2022-07-06,83.5766,83.5683,SGOV,tiingo
2022-07-07,83.585,83.5766,SGOV,tiingo
2022-07-08,83.5683,83.5766,SGOV,tiingo
2022-07-11,,83.5766,SGOV,tiingo
2022-07-12,83.585,83.5683,SGOV,tiingo
2022-07-13,83.5683,83.5601,SGOV,tiingo
2022-07-14,83.5766,83.585,SGOV,tiingo
2022-07-15,,83.5766,SGOV,tiingo
2022-07-18,,83.585,SGOV,tiingo
2022-07-19,83.585,83.5935,SGOV,tiingo
2022-07-20,83.6017,83.5935,SGOV,tiingo
2022-07-21,,83.6017,SGOV,tiingo
2022-07-22,,83.6184,SGOV,tiingo
2022-07-25,,83.6184,SGOV,tiingo
2022-07-26,,83.61,SGOV,tiingo
2022-07-27,83.61,83.6268,SGOV,tiingo
2022-07-28,,83.6268,SGOV,tiingo
2022-07-29,83.6352,83.61,SGOV,tiingo
2022-08-01,,83.6483,SGOV,tiingo
2022-08-02,83.6567,83.6524,SGOV,tiingo
2022-08-03,83.6567,83.6649,SGOV,tiingo
2022-08-04,83.6649,83.6733,SGOV,tiingo
2022-08-05,,83.6733,SGOV,tiingo
2022-08-08,83.6817,83.6733,SGOV,tiingo
2022-08-09,83.6817,83.6901,SGOV,tiingo
2022-08-10,83.6984,83.6817,SGOV,tiingo
2022-08-11,83.7152,83.6984,SGOV,tiingo
2022-08-12,83.7152,83.7068,SGOV,tiingo
2022-08-15,83.7152,83.7068,SGOV,tiingo
2022-08-16,,83.7152,SGOV,tiingo
2022-08-17,83.7152,83.7236,SGOV,tiingo
2022-08-18,83.7236,83.7319,SGOV,tiingo
2022-08-19,83.7402,83.7319,SGOV,tiingo
2022-08-22,83.7402,83.7653,SGOV,tiingo
2022-08-23,83.7569,83.7402,SGOV,tiingo
2022-08-24,,83.7569,SGOV,tiingo
2022-08-25,83.7653,83.7778,SGOV,tiingo
2022-08-26,83.7821,83.7778,SGOV,tiingo
2022-08-29,,83.7821,SGOV,tiingo
2022-08-30,83.7737,83.7821,SGOV,tiingo
2022-08-31,83.7988,83.7904,SGOV,tiingo
2022-09-01,,83.8139,SGOV,tiingo
2022-09-02,83.8222,83.8139,SGOV,tiingo
2022-09-06,83.8306,83.8222,SGOV,tiingo
2022-09-07,83.8222,83.8391,SGOV,tiingo
2022-09-08,83.8474,83.8557,SGOV,tiingo
2022-09-09,83.8641,83.8474,SGOV,tiingo
2022-09-12,83.8557,83.8474,SGOV,tiingo
2022-09-13,83.8557,83.8726,SGOV,tiingo
2022-09-14,83.8809,83.8641,SGOV,tiingo
2022-09-15,83.8726,83.8892,SGOV,tiingo
2022-09-16,83.8976,83.8892,SGOV,tiingo
2022-09-19,,83.8976,SGOV,tiingo
2022-09-20,83.9227,83.9144,SGOV,tiingo
2022-09-21,,83.9227,SGOV,tiingo
2022-09-22,,83.9311,SGOV,tiingo
2022-09-23,83.9396,83.9479,SGOV,tiingo
2022-09-26,,83.9479,SGOV,tiingo
2022-09-27,83.9479,83.9562,SGOV,tiingo
2022-09-28,,83.9562,SGOV,tiingo
2022-09-29,83.9897,83.9814,SGOV,tiingo
2022-09-30,83.9814,83.9897,SGOV,tiingo
2022-10-03,,83.9952,SGOV,tiingo
2022-10-04,,84.0037,SGOV,tiingo
2022-10-05,84.0121,84.0037,SGOV,tiingo
2022-10-06,,84.0288,SGOV,tiingo
2022-10-07,84.0204,84.0373,SGOV,tiingo
2022-10-10,84.0539,84.0373,SGOV,tiingo
2022-10-11,84.0373,84.0457,SGOV,tiingo
2022-10-12,84.0457,84.0288,SGOV,tiingo
2022-10-13,,84.0539,SGOV,tiingo
2022-10-14,84.0457,84.0709,SGOV,tiingo
2022-10-17,84.0709,84.0623,SGOV,tiingo
2022-10-18,84.0623,84.0793,SGOV,tiingo
2022-10-19,84.0709,84.0793,SGOV,tiingo
2022-10-20,84.1044,84.0959,SGOV,tiingo
2022-10-21,,84.1128,SGOV,tiingo
2022-10-24,84.1044,84.1211,SGOV,tiingo
2022-10-25,84.1211,84.1128,SGOV,tiingo
2022-10-26,84.138,84.1128,SGOV,tiingo
2022-10-27,84.1464,84.1545,SGOV,tiingo
2022-10-28,84.163,84.1545,SGOV,tiingo
2022-10-31,,84.1545,SGOV,tiingo
2022-11-01,,84.1636,SGOV,tiingo
2022-11-02,84.1721,84.1804,SGOV,tiingo
2022-11-03,84.2057,84.214,SGOV,tiingo
2022-11-04,84.214,84.2223,SGOV,tiingo
2022-11-07,84.214,84.2309,SGOV,tiingo
2022-11-08,84.2309,84.2394,SGOV,tiingo
2022-11-09,84.2713,84.2645,SGOV,tiingo
2022-11-10,,84.273,SGOV,tiingo
2022-11-11,84.273,84.2813,SGOV,tiingo
2022-11-14,84.273,84.2813,SGOV,tiingo
2022-11-15,84.2896,84.2813,SGOV,tiingo
2022-11-16,84.2896,84.273,SGOV,tiingo
2022-11-17,84.3067,84.3149,SGOV,tiingo
2022-11-18,84.3233,84.3149,SGOV,tiingo
2022-11-21,84.3233,84.3318,SGOV,tiingo
2022-11-22,84.3486,84.3569,SGOV,tiingo
2022-11-23,,84.374,SGOV,tiingo
2022-11-25,84.374,84.3821,SGOV,tiingo
2022-11-28,,84.3991,SGOV,tiingo
2022-11-29,84.4075,84.3991,SGOV,tiingo
2022-11-30,84.4158,84.4075,SGOV,tiingo
2022-12-01,,84.4441,SGOV,tiingo
2022-12-02,84.4609,84.4523,SGOV,tiingo
2022-12-05,84.4694,84.4778,SGOV,tiingo
2022-12-06,84.4778,84.4946,SGOV,tiingo
2022-12-07,84.5032,84.4861,SGOV,tiingo
2022-12-08,,84.5284,SGOV,tiingo
2022-12-09,,84.5284,SGOV,tiingo
2022-12-12,84.5369,84.5451,SGOV,tiingo
2022-12-13,84.5621,84.5536,SGOV,tiingo
2022-12-14,,84.5536,SGOV,tiingo
2022-12-15,,84.5845,SGOV,tiingo
2022-12-16,,84.5931,SGOV,tiingo
2022-12-19,84.6016,84.5931,SGOV,tiingo
2022-12-20,84.6183,84.61,SGOV,tiingo
2022-12-21,84.6269,84.61,SGOV,tiingo
2022-12-22,84.6693,84.6608,SGOV,tiingo
2022-12-23,84.6693,84.6608,SGOV,tiingo
2022-12-27,84.6775,84.686,SGOV,tiingo
2022-12-28,,84.6946,SGOV,tiingo
2022-12-29,84.7199,84.7285,SGOV,tiingo
2022-12-30,84.737,84.7285,SGOV,tiingo
2023-01-03,84.737,84.7453,SGOV,tiingo
2023-01-04,84.7538,84.737,SGOV,tiingo
2023-01-05,,84.7708,SGOV,tiingo
2023-01-06,,84.7876,SGOV,tiingo
2023-01-09,84.7791,84.7876,SGOV,tiingo
2023-01-10,84.8047,84.7876,SGOV,tiingo
2023-01-11,84.7962,84.7876,SGOV,tiingo
2023-01-12,84.83,84.8468,SGOV,tiingo
2023-01-13,84.8385,84.8553,SGOV,tiingo
2023-01-17,,84.8468,SGOV,tiingo
2023-01-18,84.8553,84.8723,SGOV,tiingo
2023-01-19,84.8977,84.8892,SGOV,tiingo
2023-01-20,,84.9062,SGOV,tiingo
2023-01-23,84.9145,84.9062,SGOV,tiingo
2023-01-24,84.923,84.9315,SGOV,tiingo
2023-01-25,,84.94,SGOV,tiingo
2023-01-26,,84.9654,SGOV,tiingo
2023-01-27,84.9823,84.9739,SGOV,tiingo
2023-01-30,84.9823,84.9992,SGOV,tiingo
2023-01-31,,84.9992,SGOV,tiingo
2023-02-01,85.0276,85.0106,SGOV,tiingo
2023-02-02,85.0446,85.0532,SGOV,tiingo
2023-02-03,,85.0616,SGOV,tiingo
2023-02-06,85.0701,85.0616,SGOV,tiingo
2023-02-07,85.0829,85.0786,SGOV,tiingo
2023-02-08,,85.0872,SGOV,tiingo
2023-02-09,85.1126,85.1212,SGOV,tiingo
2023-02-10,,85.1296,SGOV,tiingo
2023-02-13,85.1381,85.1466,SGOV,tiingo
2023-02-14,85.1466,85.1381,SGOV,tiingo
2023-02-15,85.1551,85.1636,SGOV,tiingo
2023-02-16,,85.1975,SGOV,tiingo
2023-02-17,85.2145,85.2061,SGOV,tiingo
2023-02-21,85.2315,85.2231,SGOV,tiingo
2023-02-22,,85.2401,SGOV,tiingo
2023-02-23,,85.274,SGOV,tiingo
2023-02-24,,85.2825,SGOV,tiingo
2023-02-27,,85.2909,SGOV,tiingo
2023-02-28,,85.308,SGOV,tiingo
2023-03-01,,85.3148,SGOV,tiingo
2023-03-02,,85.3574,SGOV,tiingo
2023-03-03,85.3403,85.3659,SGOV,tiingo
2023-03-06,85.3744,85.3574,SGOV,tiingo
2023-03-07,,85.3829,SGOV,tiingo
2023-03-08,,85.3915,SGOV,tiingo
2023-03-09,85.4094,85.4169,SGOV,tiingo
2023-03-10,,85.434,SGOV,tiingo
2023-03-13,85.4681,85.4595,SGOV,tiingo
2023-03-14,,85.4767,SGOV,tiingo
2023-03-15,85.4936,85.5107,SGOV,tiingo
2023-03-16,85.5363,85.5277,SGOV,tiingo
2023-03-17,,85.5363,SGOV,tiingo
2023-03-20,85.5617,85.5447,SGOV,tiingo
2023-03-21,,85.5704,SGOV,tiingo
2023-03-22,85.5787,85.5617,SGOV,tiingo
2023-03-23,85.6045,85.5958,SGOV,tiingo
2023-03-24,85.6214,85.6299,SGOV,tiingo
2023-03-27,,85.6128,SGOV,tiingo
2023-03-28,,85.6385,SGOV,tiingo
2023-03-29,85.6555,85.6469,SGOV,tiingo
2023-03-30,85.6725,85.664,SGOV,tiingo
2023-03-31,,85.6725,SGOV,tiingo
2023-04-03,,85.6824,SGOV,tiingo
2023-04-04,85.6824,85.6995,SGOV,tiingo
2023-04-05,85.7422,85.7337,SGOV,tiingo
2023-04-06,,85.7594,SGOV,tiingo
2023-04-10,85.7636,85.768,SGOV,tiingo
2023-04-11,85.7849,85.768,SGOV,tiingo
2023-04-12,,85.7849,SGOV,tiingo
2023-04-13,85.8278,85.8364,SGOV,tiingo
2023-04-14,85.8278,85.8448,SGOV,tiingo
2023-04-17,,85.8448,SGOV,tiingo
2023-04-18,,85.862,SGOV,tiingo
2023-04-19,85.879,85.8875,SGOV,tiingo
2023-04-20,,85.9218,SGOV,tiingo
2023-04-21,,85.9303,SGOV,tiingo
2023-04-24,85.9303,85.9388,SGOV,tiingo
2023-04-25,85.9473,85.9388,SGOV,tiingo
2023-04-26,,85.9388,SGOV,tiingo
2023-04-27,,85.9645,SGOV,tiingo
2023-04-28,,85.9645,SGOV,tiingo
2023-05-01,85.992,85.9748,SGOV,tiingo
2023-05-02,86.0007,85.992,SGOV,tiingo
2023-05-03,86.0007,85.992,SGOV,tiingo
2023-05-04,86.0177,86.0349,SGOV,tiingo
2023-05-05,86.052,86.0435,SGOV,tiingo
2023-05-08,,86.052,SGOV,tiingo
2023-05-09,86.0778,86.0607,SGOV,tiingo
2023-05-10,,86.0778,SGOV,tiingo
2023-05-11,86.1207,86.1294,SGOV,tiingo
2023-05-12,86.1378,86.1464,SGOV,tiingo
2023-05-15,86.1464,86.1378,SGOV,tiingo
2023-05-16,86.1551,86.1637,SGOV,tiingo
2023-05-17,,86.1722,SGOV,tiingo
2023-05-18,,86.198,SGOV,tiingo
2023-05-19,,86.2065,SGOV,tiingo
2023-05-22,,86.2151,SGOV,tiingo
2023-05-23,,86.2324,SGOV,tiingo
2023-05-24,86.2408,86.2324,SGOV,tiingo
2023-05-25,86.2925,86.2837,SGOV,tiingo
2023-05-26,,86.3095,SGOV,tiingo
2023-05-30,86.3181,86.3267,SGOV,tiingo
2023-05-31,86.3352,86.3267,SGOV,tiingo
2023-06-01,,86.3885,SGOV,tiingo
2023-06-02,86.3972,86.3885,SGOV,tiingo
2023-06-05,86.3972,86.4056,SGOV,tiingo
2023-06-06,86.423,86.4317,SGOV,tiingo
2023-06-07,86.4317,86.4401,SGOV,tiingo
2023-06-08,,86.4746,SGOV,tiingo
2023-06-09,,86.4833,SGOV,tiingo
2023-06-12,,86.5006,SGOV,tiingo
2023-06-13,86.5006,86.5091,SGOV,tiingo
2023-06-14,,86.5264,SGOV,tiingo
2023-06-15,86.5781,86.5694,SGOV,tiingo
2023-06-16,86.5867,86.5694,SGOV,tiingo
2023-06-20,86.6039,86.5954,SGOV,tiingo
2023-06-21,,86.6039,SGOV,tiingo
2023-06-22,,86.6384,SGOV,tiingo
2023-06-23,,86.6557,SGOV,tiingo
2023-06-26,,86.6643,SGOV,tiingo
2023-06-27,86.6815,86.6729,SGOV,tiingo
2023-06-28,86.6902,86.6987,SGOV,tiingo
2023-06-29,86.716,86.7332,SGOV,tiingo
2023-06-30,86.7419,86.7332,SGOV,tiingo
2023-07-03,86.7647,86.7734,SGOV,tiingo
2023-07-05,86.7734,86.782,SGOV,tiingo
2023-07-06,,86.8167,SGOV,tiingo
2023-07-07,,86.8254,SGOV,tiingo
2023-07-10,86.8427,86.834,SGOV,tiingo
2023-07-11,,86.8427,SGOV,tiingo
2023-07-12,,86.86,SGOV,tiingo
2023-07-13,,86.8946,SGOV,tiingo
2023-07-14,86.9119,86.9033,SGOV,tiingo
2023-07-17,86.9249,86.9206,SGOV,tiingo
2023-07-18,86.9336,86.9293,SGOV,tiingo
2023-07-19,86.938,86.9465,SGOV,tiingo
2023-07-20,,86.9811,SGOV,tiingo
2023-07-21,,86.9899,SGOV,tiingo
2023-07-24,,87.0071,SGOV,tiingo
2023-07-25,,87.0157,SGOV,tiingo
2023-07-26,,87.0331,SGOV,tiingo
2023-07-27,87.0591,87.0677,SGOV,tiingo
2023-07-28,87.0677,87.085,SGOV,tiingo
2023-07-31,,87.085,SGOV,tiingo
2023-08-01,87.1124,87.1038,SGOV,tiingo
2023-08-02,,87.1297,SGOV,tiingo
2023-08-03,,87.1558,SGOV,tiingo
2023-08-04,,87.1732,SGOV,tiingo
2023-08-07,87.1906,87.1819,SGOV,tiingo
2023-08-08,87.1993,87.1906,SGOV,tiingo
2023-08-09,,87.2167,SGOV,tiingo
2023-08-10,87.2514,87.2427,SGOV,tiingo
2023-08-11,87.2602,87.2514,SGOV,tiingo
2023-08-14,87.2689,87.2775,SGOV,tiingo
2023-08-15,,87.2862,SGOV,tiingo
2023-08-16,,87.3036,SGOV,tiingo
2023-08-17,87.3297,87.3384,SGOV,tiingo
2023-08-18,,87.3471,SGOV,tiingo
2023-08-21,,87.3558,SGOV,tiingo
2023-08-22,87.3732,87.3645,SGOV,tiingo
2023-08-23,,87.3906,SGOV,tiingo
2023-08-24,,87.4254,SGOV,tiingo
2023-08-25,,87.434,SGOV,tiingo
2023-08-28,,87.4513,SGOV,tiingo
2023-08-29,87.4601,87.4688,SGOV,tiingo
2023-08-30,,87.4688,SGOV,tiingo
2023-08-31,87.5036,87.5122,SGOV,tiingo
2023-09-01,,87.5389,SGOV,tiingo
2023-09-05,87.5519,87.5475,SGOV,tiingo
2023-09-06,,87.565,SGOV,tiingo
2023-09-07,87.5999,87.6088,SGOV,tiingo
2023-09-08,87.6088,87.6173,SGOV,tiingo
2023-09-11,,87.6261,SGOV,tiingo
2023-09-12,87.6436,87.6349,SGOV,tiingo
2023-09-13,87.6523,87.661,SGOV,tiingo
2023-09-14,87.6959,87.6872,SGOV,tiingo
2023-09-15,87.7003,87.7048,SGOV,tiingo
2023-09-18,,87.7134,SGOV,tiingo
2023-09-19,,87.7222,SGOV,tiingo
2023-09-20,87.7397,87.7484,SGOV,tiingo
2023-09-21,87.7832,87.7746,SGOV,tiingo
2023-09-22,87.7832,87.7919,SGOV,tiingo
2023-09-25,,87.8095,SGOV,tiingo
2023-09-26,87.8182,87.8095,SGOV,tiingo
2023-09-27,,87.8357,SGOV,tiingo
2023-09-28,,87.8618,SGOV,tiingo
2023-09-29,87.8662,87.888,SGOV,tiingo
2023-10-02,,87.8983,SGOV,tiingo
2023-10-03,87.9159,87.9071,SGOV,tiingo
2023-10-04,,87.9245,SGOV,tiingo
2023-10-05,87.9684,87.9773,SGOV,tiingo
2023-10-06,87.9684,87.9859,SGOV,tiingo
2023-10-09,88.0035,87.9947,SGOV,tiingo
2023-10-10,87.9991,87.9947,SGOV,tiingo
2023-10-11,,88.0124,SGOV,tiingo
2023-10-12,88.0386,88.056,SGOV,tiingo
2023-10-13,88.0649,88.056,SGOV,tiingo
2023-10-16,88.0737,88.0826,SGOV,tiingo
2023-10-17,,88.0911,SGOV,tiingo
2023-10-18,,88.1088,SGOV,tiingo
2023-10-19,,88.1439,SGOV,tiingo
2023-10-20,,88.1613,SGOV,tiingo
2023-10-23,88.1745,88.179,SGOV,tiingo
2023-10-24,,88.1876,SGOV,tiingo
2023-10-25,88.1963,88.1876,SGOV,tiingo
2023-10-26,,88.2402,SGOV,tiingo
2023-10-27,88.249,88.2402,SGOV,tiingo
2023-10-30,,88.2576,SGOV,tiingo
2023-10-31,88.2664,88.2753,SGOV,tiingo
2023-11-01,88.2857,88.2901,SGOV,tiingo
2023-11-02,88.3167,88.3253,SGOV,tiingo
2023-11-03,,88.3342,SGOV,tiingo
2023-11-06,88.3456,88.3517,SGOV,tiingo
2023-11-07,88.3694,88.3517,SGOV,tiingo
2023-11-08,88.3763,88.3694,SGOV,tiingo
2023-11-09,88.4047,88.4135,SGOV,tiingo
2023-11-10,88.431,88.4135,SGOV,tiingo
2023-11-13,88.431,88.4221,SGOV,tiingo
2023-11-14,,88.4573,SGOV,tiingo
2023-11-15,,88.4573,SGOV,tiingo
2023-11-16,,88.5015,SGOV,tiingo
2023-11-17,88.5103,88.5191,SGOV,tiingo
2023-11-20,88.5367,88.5278,SGOV,tiingo
2023-11-21,88.5455,88.5542,SGOV,tiingo
2023-11-22,88.5983,88.5893,SGOV,tiingo
2023-11-24,,88.616,SGOV,tiingo
2023-11-27,88.6335,88.616,SGOV,tiingo
2023-11-28,88.6335,88.6246,SGOV,tiingo
2023-11-29,88.6379,88.6512,SGOV,tiingo
2023-11-30,88.6687,88.6776,SGOV,tiingo
2023-12-01,,88.7068,SGOV,tiingo
2023-12-04,,88.7158,SGOV,tiingo
2023-12-05,,88.7333,SGOV,tiingo
2023-12-06,,88.7333,SGOV,tiingo
2023-12-07,,88.7776,SGOV,tiingo
2023-12-08,,88.7863,SGOV,tiingo
2023-12-11,,88.804,SGOV,tiingo
2023-12-12,88.8217,88.813,SGOV,tiingo
2023-12-13,88.8306,88.8217,SGOV,tiingo
2023-12-14,,88.8699,SGOV,tiingo
2023-12-15,,88.8789,SGOV,tiingo
2023-12-18,88.8965,88.8877,SGOV,tiingo
2023-12-19,88.9055,88.9144,SGOV,tiingo
2023-12-20,,88.9232,SGOV,tiingo
2023-12-21,88.9676,88.9766,SGOV,tiingo
2023-12-22,88.9766,88.9854,SGOV,tiingo
2023-12-26,,88.9942,SGOV,tiingo
2023-12-27,89.0121,89.0032,SGOV,tiingo
2023-12-28,,89.0565,SGOV,tiingo
2023-12-29,,89.0653,SGOV,tiingo
2024-01-02,,89.0831,SGOV,tiingo
2024-01-03,,89.0919,SGOV,tiingo
2024-01-04,,89.1364,SGOV,tiingo
2024-01-05,,89.1454,SGOV,tiingo
2024-01-08,,89.172,SGOV,tiingo
2024-01-09,,89.1809,SGOV,tiingo
2024-01-10,,89.1986,SGOV,tiingo
2024-01-11,89.2341,89.252,SGOV,tiingo
2024-01-12,89.252,89.2607,SGOV,tiingo
2024-01-16,89.2786,89.2697,SGOV,tiingo
2024-01-17,89.2873,89.2786,SGOV,tiingo
2024-01-18,89.3229,89.3142,SGOV,tiingo
2024-01-19,89.3318,89.3407,SGOV,tiingo
2024-01-22,89.354,89.3496,SGOV,tiingo
2024-01-23,89.3585,89.3674,SGOV,tiingo
2024-01-24,89.3674,89.3763,SGOV,tiingo
2024-01-25,89.4028,89.4206,SGOV,tiingo
2024-01-26,89.4295,89.4206,SGOV,tiingo
2024-01-29,89.4384,89.4295,SGOV,tiingo
2024-01-30,89.4473,89.4561,SGOV,tiingo
2024-01-31,,89.4561,SGOV,tiingo
2024-02-01,89.5167,89.5078,SGOV,tiingo
2024-02-02,,89.5167,SGOV,tiingo
2024-02-05,,89.5345,SGOV,tiingo
2024-02-06,,89.5436,SGOV,tiingo
2024-02-07,,89.5614,SGOV,tiingo
2024-02-08,,89.5881,SGOV,tiingo
2024-02-09,89.606,89.6148,SGOV,tiingo
2024-02-12,89.6238,89.6148,SGOV,tiingo
2024-02-13,,89.6326,SGOV,tiingo
2024-02-14,,89.6506,SGOV,tiingo
2024-02-15,89.7041,89.6952,SGOV,tiingo
2024-02-16,89.713,89.7041,SGOV,tiingo
2024-02-20,,89.7219,SGOV,tiingo
2024-02-21,89.7398,89.7309,SGOV,tiingo
2024-02-22,,89.7665,SGOV,tiingo
2024-02-23,,89.7934,SGOV,tiingo
2024-02-26,,89.8022,SGOV,tiingo
2024-02-27,,89.8202,SGOV,tiingo
2024-02-28,89.8202,89.829,SGOV,tiingo
2024-02-29,,89.8558,SGOV,tiingo
2024-03-01,,89.8823,SGOV,tiingo
2024-03-04,,89.8912,SGOV,tiingo
2024-03-05,,89.9002,SGOV,tiingo
2024-03-06,,89.9182,SGOV,tiingo
2024-03-07,,89.963,SGOV,tiingo
2024-03-08,89.9809,89.9719,SGOV,tiingo
2024-03-11,,89.9898,SGOV,tiingo
2024-03-12,,89.9989,SGOV,tiingo
2024-03-13,,90.0078,SGOV,tiingo
2024-03-14,,90.0436,SGOV,tiingo
2024-03-15,,90.0615,SGOV,tiingo
2024-03-18,90.0794,90.0704,SGOV,tiingo
2024-03-19,90.0974,90.0883,SGOV,tiingo
2024-03-20,,90.0974,SGOV,tiingo
2024-03-21,,90.1332,SGOV,tiingo
2024-03-22,90.1601,90.1512,SGOV,tiingo
2024-03-25,,90.169,SGOV,tiingo
2024-03-26,,90.178,SGOV,tiingo
2024-03-27,90.2317,90.2228,SGOV,tiingo
2024-03-28,90.2407,90.2317,SGOV,tiingo
2024-04-01,90.2676,90.2586,SGOV,tiingo
2024-04-02,,90.2765,SGOV,tiingo
2024-04-03,,90.2856,SGOV,tiingo
2024-04-04,90.3215,90.3305,SGOV,tiingo
2024-04-05,90.3485,90.3396,SGOV,tiingo
2024-04-08,,90.3575,SGOV,tiingo
2024-04-09,,90.3666,SGOV,tiingo
2024-04-10,90.3755,90.3846,SGOV,tiingo
2024-04-11,90.4116,90.4206,SGOV,tiingo
2024-04-12,,90.4295,SGOV,tiingo
2024-04-15,90.4386,90.4475,SGOV,tiingo
2024-04-16,90.4565,90.4475,SGOV,tiingo
2024-04-17,,90.4745,SGOV,tiingo
2024-04-18,90.5106,90.5016,SGOV,tiingo
2024-04-19,,90.5285,SGOV,tiingo
2024-04-22,,90.5377,SGOV,tiingo
2024-04-23,,90.5465,SGOV,tiingo
2024-04-24,90.5646,90.5554,SGOV,tiingo
2024-04-25,,90.6006,SGOV,tiingo
2024-04-26,90.6095,90.6186,SGOV,tiingo
2024-04-29,90.6275,90.6186,SGOV,tiingo
2024-04-30,,90.6275,SGOV,tiingo
2024-05-01,,90.6614,SGOV,tiingo
2024-05-02,,90.6976,SGOV,tiingo
2024-05-03,90.7064,90.7156,SGOV,tiingo
2024-05-06,90.7156,90.7246,SGOV,tiingo
2024-05-07,90.7338,90.7246,SGOV,tiingo
2024-05-08,90.7426,90.7517,SGOV,tiingo
2024-05-09,90.7833,90.7788,SGOV,tiingo
2024-05-10,,90.806,SGOV,tiingo
2024-05-13,,90.815,SGOV,tiingo
2024-05-14,90.824,90.815,SGOV,tiingo
2024-05-15,,90.8332,SGOV,tiingo
2024-05-16,,90.8783,SGOV,tiingo
2024-05-17,90.8964,90.8873,SGOV,tiingo
2024-05-20,90.9054,90.8964,SGOV,tiingo
2024-05-21,,90.9144,SGOV,tiingo
2024-05-22,90.9326,90.9234,SGOV,tiingo
2024-05-23,90.9777,90.9868,SGOV,tiingo
2024-05-24,,90.9958,SGOV,tiingo
2024-05-28,90.9958,91.0048,SGOV,tiingo
2024-05-29,91.0138,91.0048,SGOV,tiingo
2024-05-30,,91.023,SGOV,tiingo
2024-05-31,91.05,91.0591,SGOV,tiingo
2024-06-03,,91.0768,SGOV,tiingo
2024-06-04,,91.0951,SGOV,tiingo
2024-06-05,91.1041,91.1131,SGOV,tiingo
2024-06-06,91.1223,91.1131,SGOV,tiingo
2024-06-07,91.1586,91.1495,SGOV,tiingo
2024-06-10,91.1767,91.1677,SGOV,tiingo
2024-06-11,,91.1858,SGOV,tiingo
2024-06-12,91.195,91.204,SGOV,tiingo
2024-06-13,,91.213,SGOV,tiingo
2024-06-14,91.2493,91.2585,SGOV,tiingo
2024-06-17,,91.2676,SGOV,tiingo
2024-06-18,,91.2947,SGOV,tiingo
2024-06-20,,91.3037,SGOV,tiingo
2024-06-21,,91.3401,SGOV,tiingo
2024-06-24,91.3582,91.3492,SGOV,tiingo
2024-06-25,,91.3674,SGOV,tiingo
2024-06-26,91.3774,91.3765,SGOV,tiingo
2024-06-27,91.3946,91.3856,SGOV,tiingo
2024-06-28,,91.4219,SGOV,tiingo
2024-07-01,,91.4571,SGOV,tiingo
2024-07-02,,91.4662,SGOV,tiingo
2024-07-03,,91.4935,SGOV,tiingo
2024-07-05,91.521,91.53,SGOV,tiingo
2024-07-08,91.5391,91.5482,SGOV,tiingo
2024-07-09,91.5574,91.5482,SGOV,tiingo
2024-07-10,,91.5664,SGOV,tiingo
2024-07-11,91.5756,91.5848,SGOV,tiingo
2024-07-12,,91.6302,SGOV,tiingo
2024-07-15,91.6394,91.6302,SGOV,tiingo
2024-07-16,,91.6485,SGOV,tiingo
2024-07-17,,91.6577,SGOV,tiingo
2024-07-18,91.6667,91.6759,SGOV,tiingo
2024-07-19,,91.7124,SGOV,tiingo
2024-07-22,,91.7305,SGOV,tiingo
2024-07-23,,91.7397,SGOV,tiingo
2024-07-24,,91.749,SGOV,tiingo
2024-07-25,,91.767,SGOV,tiingo
2024-07-26,,91.7943,SGOV,tiingo
2024-07-29,91.8127,91.8218,SGOV,tiingo
2024-07-30,91.8309,91.8218,SGOV,tiingo
2024-07-31,,91.8309,SGOV,tiingo
2024-08-01,,91.8611,SGOV,tiingo
2024-08-02,91.8978,91.907,SGOV,tiingo
2024-08-05,91.907,91.9162,SGOV,tiingo
2024-08-06,91.9162,91.9344,SGOV,tiingo
2024-08-07,,91.9344,SGOV,tiingo
2024-08-08,91.9528,91.9619,SGOV,tiingo
2024-08-09,,91.9894,SGOV,tiingo
2024-08-12,,92.0078,SGOV,tiingo
2024-08-13,,92.026,SGOV,tiingo
2024-08-14,92.0352,92.0444,SGOV,tiingo
2024-08-15,92.0352,92.0535,SGOV,tiingo
2024-08-16,,92.0902,SGOV,tiingo
2024-08-19,,92.0993,SGOV,tiingo
2024-08-20,92.1176,92.1084,SGOV,tiingo
2024-08-21,92.1176,92.1359,SGOV,tiingo
2024-08-22,92.1451,92.1359,SGOV,tiingo
2024-08-23,92.1818,92.1726,SGOV,tiingo
2024-08-26,,92.1909,SGOV,tiingo
2024-08-27,92.2092,92.2,SGOV,tiingo
2024-08-28,92.2184,92.2092,SGOV,tiingo
2024-08-29,92.2275,92.2184,SGOV,tiingo
2024-08-30,,92.2641,SGOV,tiingo
2024-09-03,,92.304,SGOV,tiingo
2024-09-04,92.3225,92.3132,SGOV,tiingo
2024-09-05,92.3316,92.3408,SGOV,tiingo
2024-09-06,,92.3776,SGOV,tiingo
2024-09-09,,92.3869,SGOV,tiingo
2024-09-10,,92.4052,SGOV,tiingo
2024-09-11,,92.4052,SGOV,tiingo
2024-09-12,92.4237,92.4144,SGOV,tiingo
2024-09-13,92.4513,92.4696,SGOV,tiingo
2024-09-16,92.4696,92.4882,SGOV,tiingo
2024-09-17,92.4972,92.4882,SGOV,tiingo
2024-09-18,92.5064,92.5157,SGOV,tiingo
2024-09-19,92.5249,92.5339,SGOV,tiingo
2024-09-20,92.58,92.5708,SGOV,tiingo
2024-09-23,92.5894,92.5983,SGOV,tiingo
2024-09-24,92.5983,92.6076,SGOV,tiingo
2024-09-25,92.6169,92.6076,SGOV,tiingo
2024-09-26,,92.6169,SGOV,tiingo
2024-09-27,,92.6537,SGOV,tiingo
2024-09-30,92.6627,92.6537,SGOV,tiingo
2024-10-01,,92.6903,SGOV,tiingo
2024-10-02,92.6992,92.6903,SGOV,tiingo
2024-10-03,92.7085,92.6992,SGOV,tiingo
2024-10-04,92.7408,92.7361,SGOV,tiingo
2024-10-07,,92.7455,SGOV,tiingo
2024-10-08,,92.7549,SGOV,tiingo
2024-10-09,,92.7732,SGOV,tiingo
2024-10-10,,92.7919,SGOV,tiingo
2024-10-11,,92.8285,SGOV,tiingo
2024-10-14,,92.8285,SGOV,tiingo
2024-10-15,,92.8472,SGOV,tiingo
2024-10-16,92.8566,92.8654,SGOV,tiingo
2024-10-17,,92.8654,SGOV,tiingo
2024-10-18,92.9118,92.9025,SGOV,tiingo
2024-10-21,92.9118,92.9212,SGOV,tiingo
2024-10-22,,92.9302,SGOV,tiingo
2024-10-23,92.9489,92.9302,SGOV,tiingo
2024-10-24,,92.9581,SGOV,tiingo
2024-10-25,92.9859,92.9948,SGOV,tiingo
2024-10-28,93.0041,92.9948,SGOV,tiingo
2024-10-29,93.0041,93.0135,SGOV,tiingo
2024-10-30,93.0228,93.0135,SGOV,tiingo
2024-10-31,93.0228,93.0318,SGOV,tiingo
2024-11-01,,93.083,SGOV,tiingo
2024-11-04,,93.0922,SGOV,tiingo
2024-11-05,93.1013,93.1107,SGOV,tiingo
2024-11-06,93.1013,93.1107,SGOV,tiingo
2024-11-07,93.1201,93.1291,SGOV,tiingo
2024-11-08,93.1662,93.1757,SGOV,tiingo
2024-11-11,,93.1662,SGOV,tiingo
2024-11-12,93.185,93.1757,SGOV,tiingo
2024-11-13,93.1942,93.2034,SGOV,tiingo
2024-11-14,93.2128,93.2034,SGOV,tiingo
2024-11-15,93.2406,93.2499,SGOV,tiingo
2024-11-18,,93.2591,SGOV,tiingo
2024-11-19,,93.2683,SGOV,tiingo
2024-11-20,93.2777,93.2871,SGOV,tiingo
2024-11-21,93.2962,93.2871,SGOV,tiingo
2024-11-22,,93.3148,SGOV,tiingo
2024-11-25,,93.324,SGOV,tiingo
2024-11-26,,93.3427,SGOV,tiingo
2024-11-27,,93.3612,SGOV,tiingo
2024-11-29,,93.3982,SGOV,tiingo
2024-12-02,93.4193,93.4147,SGOV,tiingo
2024-12-03,93.4332,93.424,SGOV,tiingo
2024-12-04,,93.4427,SGOV,tiingo
2024-12-05,,93.4519,SGOV,tiingo
2024-12-06,,93.4984,SGOV,tiingo
2024-12-09,93.4984,93.5078,SGOV,tiingo
2024-12-10,93.5171,93.5264,SGOV,tiingo
2024-12-11,93.5357,93.5264,SGOV,tiingo
2024-12-12,93.545,93.5357,SGOV,tiingo
2024-12-13,93.573,93.5823,SGOV,tiingo
2024-12-16,,93.5916,SGOV,tiingo
2024-12-17,93.6009,93.5916,SGOV,tiingo
2024-12-18,,93.6121,SGOV,tiingo
2024-12-19,93.6213,93.6307,SGOV,tiingo
2024-12-20,93.6541,93.6494,SGOV,tiingo
2024-12-23,,93.6681,SGOV,tiingo
2024-12-24,,93.6961,SGOV,tiingo
2024-12-26,,93.7054,SGOV,tiingo
2024-12-27,93.7242,93.7336,SGOV,tiingo
2024-12-30,93.7429,93.7336,SGOV,tiingo
2024-12-31,93.7708,93.7617,SGOV,tiingo
2025-01-02,,93.7802,SGOV,tiingo
2025-01-03,93.8177,93.8083,SGOV,tiingo
2025-01-06,93.8177,93.8083,SGOV,tiingo
2025-01-07,93.8363,93.8271,SGOV,tiingo
2025-01-08,93.8363,93.8456,SGOV,tiingo
2025-01-10,,93.8831,SGOV,tiingo
2025-01-13,93.8971,93.9018,SGOV,tiingo
2025-01-14,,93.9111,SGOV,tiingo
2025-01-15,,93.9204,SGOV,tiingo
2025-01-16,93.9298,93.9204,SGOV,tiingo
2025-01-17,,93.9672,SGOV,tiingo
2025-01-21,93.9812,93.9765,SGOV,tiingo
2025-01-22,93.9859,93.9954,SGOV,tiingo
2025-01-23,,94.0044,SGOV,tiingo
2025-01-24,,94.0326,SGOV,tiingo
2025-01-27,94.0419,94.0326,SGOV,tiingo
2025-01-28,94.0513,94.0608,SGOV,tiingo
2025-01-29,,94.0608,SGOV,tiingo
2025-01-30,94.07,94.0793,SGOV,tiingo
2025-01-31,94.1073,94.098,SGOV,tiingo
2025-02-03,94.1105,94.1199,SGOV,tiingo
2025-02-04,,94.1386,SGOV,tiingo
2025-02-05,94.1481,94.1386,SGOV,tiingo
2025-02-06,,94.1575,SGOV,tiingo
2025-02-07,94.195,94.1856,SGOV,tiingo
2025-02-10,,94.2043,SGOV,tiingo
2025-02-11,94.2137,94.2043,SGOV,tiingo
2025-02-12,,94.2137,SGOV,tiingo
2025-02-13,,94.2324,SGOV,tiingo
2025-02-14,94.2746,94.27,SGOV,tiingo
2025-02-18,,94.2888,SGOV,tiingo
2025-02-19,94.298,94.2888,SGOV,tiingo
2025-02-20,,94.3075,SGOV,tiingo
2025-02-21,94.3356,94.345,SGOV,tiingo
2025-02-24,,94.3545,SGOV,tiingo
2025-02-25,94.3545,94.3638,SGOV,tiingo
2025-02-26,,94.3638,SGOV,tiingo
2025-02-27,,94.3919,SGOV,tiingo
2025-02-28,,94.4107,SGOV,tiingo
2025-03-03,,94.4325,SGOV,tiingo
2025-03-04,,94.4419,SGOV,tiingo
2025-03-05,,94.4419,SGOV,tiingo
2025-03-06,94.4607,94.4702,SGOV,tiingo
2025-03-07,,94.4983,SGOV,tiingo
2025-03-10,94.5078,94.4983,SGOV,tiingo
2025-03-11,94.5078,94.5172,SGOV,tiingo
2025-03-12,94.5266,94.5172,SGOV,tiingo
2025-03-13,94.5266,94.5455,SGOV,tiingo
2025-03-14,,94.5737,SGOV,tiingo
2025-03-17,,94.5831,SGOV,tiingo
2025-03-18,,94.5925,SGOV,tiingo
2025-03-19,94.6019,94.6114,SGOV,tiingo
2025-03-20,94.6207,94.6114,SGOV,tiingo
2025-03-21,94.649,94.6396,SGOV,tiingo
2025-03-24,94.6631,94.6583,SGOV,tiingo
2025-03-25,,94.6678,SGOV,tiingo
2025-03-26,,94.6866,SGOV,tiingo
2025-03-27,,94.696,SGOV,tiingo
2025-03-28,94.7148,94.7242,SGOV,tiingo
2025-03-31,,94.7242,SGOV,tiingo
2025-04-01,,94.7486,SGOV,tiingo
2025-04-02,,94.7581,SGOV,tiingo
2025-04-03,94.7676,94.7771,SGOV,tiingo
2025-04-04,94.796,94.8054,SGOV,tiingo
2025-04-07,94.8054,94.8147,SGOV,tiingo
2025-04-08,94.8102,94.8147,SGOV,tiingo
2025-04-09,94.8242,94.8337,SGOV,tiingo
2025-04-10,,94.8337,SGOV,tiingo
2025-04-11,94.8763,94.8808,SGOV,tiingo
2025-04-14,94.8808,94.8903,SGOV,tiingo
2025-04-15,,94.8998,SGOV,tiingo
2025-04-16,94.9139,94.9186,SGOV,tiingo
2025-04-17,94.9612,94.9564,SGOV,tiingo
2025-04-21,94.9659,94.9564,SGOV,tiingo
2025-04-22,94.9755,94.9659,SGOV,tiingo
2025-04-23,94.9846,94.9942,SGOV,tiingo
2025-04-24,95.0037,94.9942,SGOV,tiingo
2025-04-25,,95.0321,SGOV,tiingo
2025-04-28,,95.0321,SGOV,tiingo
2025-04-29,,95.0416,SGOV,tiingo
2025-04-30,95.0507,95.0698,SGOV,tiingo
2025-05-01,,95.0838,SGOV,tiingo
2025-05-02,95.1029,95.1122,SGOV,tiingo
2025-05-05,,95.1217,SGOV,tiingo
2025-05-06,95.1314,95.1217,SGOV,tiingo
2025-05-07,95.1408,95.1314,SGOV,tiingo
2025-05-08,95.1501,95.1597,SGOV,tiingo
2025-05-09,95.1785,95.1881,SGOV,tiingo
2025-05-12,,95.1881,SGOV,tiingo
2025-05-13,95.1977,95.2071,SGOV,tiingo
2025-05-14,95.2071,95.2164,SGOV,tiingo
2025-05-15,95.226,95.2164,SGOV,tiingo
2025-05-16,,95.2544,SGOV,tiingo
2025-05-19,95.2733,95.264,SGOV,tiingo
2025-05-20,,95.2827,SGOV,tiingo
2025-05-21,,95.2923,SGOV,tiingo
2025-05-22,95.3019,95.3112,SGOV,tiingo
2025-05-23,95.349,95.3396,SGOV,tiingo
2025-05-27,95.3586,95.349,SGOV,tiingo
2025-05-28,95.3728,95.3775,SGOV,tiingo
2025-05-29,,95.3775,SGOV,tiingo
2025-05-30,,95.4059,SGOV,tiingo
2025-06-02,,95.4326,SGOV,tiingo
2025-06-03,95.4372,95.442,SGOV,tiingo
2025-06-04,95.4467,95.4514,SGOV,tiingo
2025-06-05,,95.4611,SGOV,tiingo
2025-06-06,95.4944,95.4895,SGOV,tiingo
2025-06-09,,95.4991,SGOV,tiingo
2025-06-10,95.5133,95.5084,SGOV,tiingo
2025-06-11,95.5228,95.5276,SGOV,tiingo
2025-06-12,,95.537,SGOV,tiingo
2025-06-13,95.5656,95.575,SGOV,tiingo
2025-06-16,95.5846,95.575,SGOV,tiingo
2025-06-17,95.5942,95.5846,SGOV,tiingo
2025-06-18,95.6131,95.6036,SGOV,tiingo
2025-06-20,95.6464,95.6416,SGOV,tiingo
2025-06-23,95.6559,95.6608,SGOV,tiingo
2025-06-24,95.6748,95.6701,SGOV,tiingo
2025-06-25,95.6845,95.6797,SGOV,tiingo
2025-06-26,95.6987,95.6892,SGOV,tiingo
2025-06-27,95.7225,95.7272,SGOV,tiingo
2025-06-30,,95.7272,SGOV,tiingo
2025-07-01,,95.753,SGOV,tiingo
2025-07-02,95.7625,95.753,SGOV,tiingo
2025-07-03,,95.8007,SGOV,tiingo
2025-07-07,,95.8198,SGOV,tiingo
2025-07-08,95.8293,95.8389,SGOV,tiingo
2025-07-09,95.8389,95.8293,SGOV,tiingo
2025-07-10,,95.8485,SGOV,tiingo
2025-07-11,95.877,95.8867,SGOV,tiingo
2025-07-14,95.8961,95.8867,SGOV,tiingo
2025-07-15,95.9057,95.8961,SGOV,tiingo
2025-07-16,95.9153,95.9247,SGOV,tiingo
2025-07-17,95.9295,95.9342,SGOV,tiingo
2025-07-18,95.9535,95.9629,SGOV,tiingo
2025-07-21,95.9629,95.9724,SGOV,tiingo
2025-07-22,,95.9914,SGOV,tiingo
2025-07-23,,96.001,SGOV,tiingo
2025-07-24,96.001,96.0106,SGOV,tiingo
2025-07-25,96.0392,96.0297,SGOV,tiingo
2025-07-28,96.0535,96.0582,SGOV,tiingo
2025-07-29,,96.0582,SGOV,tiingo
2025-07-30,96.0678,96.0774,SGOV,tiingo
2025-07-31,96.0822,96.0869,SGOV,tiingo
2025-08-01,,96.1179,SGOV,tiingo
2025-08-04,96.1323,96.1371,SGOV,tiingo
2025-08-05,96.1371,96.1467,SGOV,tiingo
2025-08-06,,96.1561,SGOV,tiingo
2025-08-07,96.1658,96.1561,SGOV,tiingo
2025-08-08,96.1994,96.204,SGOV,tiingo
2025-08-11,,96.2137,SGOV,tiingo
2025-08-12,96.2232,96.2137,SGOV,tiingo
2025-08-13,,96.2329,SGOV,tiingo
2025-08-14,,96.2424,SGOV,tiingo
2025-08-15,96.2807,96.2711,SGOV,tiingo
2025-08-18,96.2903,96.2999,SGOV,tiingo
2025-08-19,96.3094,96.2999,SGOV,tiingo
2025-08-20,,96.319,SGOV,tiingo
2025-08-21,96.3286,96.319,SGOV,tiingo
2025-08-22,,96.3573,SGOV,tiingo
2025-08-25,96.3716,96.3765,SGOV,tiingo
2025-08-26,96.3811,96.3765,SGOV,tiingo
2025-08-27,96.3956,96.386,SGOV,tiingo
2025-08-28,96.4005,96.3956,SGOV,tiingo
2025-08-29,96.434,96.453,SGOV,tiingo
2025-09-02,,96.4628,SGOV,tiingo
2025-09-03,96.4676,96.4723,SGOV,tiingo
2025-09-04,96.4868,96.4916,SGOV,tiingo
2025-09-05,96.5204,96.5106,SGOV,tiingo
2025-09-08,96.5349,96.5396,SGOV,tiingo
2025-09-09,96.5492,96.5396,SGOV,tiingo
2025-09-10,,96.5492,SGOV,tiingo
2025-09-11,96.5637,96.5685,SGOV,tiingo
2025-09-12,,96.5973,SGOV,tiingo
2025-09-15,,96.5973,SGOV,tiingo
2025-09-16,,96.6164,SGOV,tiingo
2025-09-17,96.6357,96.6262,SGOV,tiingo
2025-09-18,,96.6452,SGOV,tiingo
2025-09-19,96.674,96.6837,SGOV,tiingo
2025-09-22,,96.6837,SGOV,tiingo
2025-09-23,96.6982,96.7029,SGOV,tiingo
2025-09-24,96.7076,96.7125,SGOV,tiingo
2025-09-25,96.7125,96.7222,SGOV,tiingo
2025-09-26,96.7412,96.751,SGOV,tiingo
2025-09-29,,96.7607,SGOV,tiingo
2025-09-30,96.7655,96.7607,SGOV,tiingo
2025-10-01,96.7863,96.7765,SGOV,tiingo
2025-10-02,96.796,96.7863,SGOV,tiingo
2025-10-03,,96.8249,SGOV,tiingo
2025-10-06,96.8345,96.8249,SGOV,tiingo
2025-10-07,,96.844,SGOV,tiingo
2025-10-08,,96.8538,SGOV,tiingo
2025-10-09,96.8729,96.8635,SGOV,tiingo
2025-10-10,96.9018,96.9115,SGOV,tiingo
2025-10-13,,96.9018,SGOV,tiingo
2025-10-14,,96.9115,SGOV,tiingo
2025-10-15,,96.931,SGOV,tiingo
2025-10-16,,96.9404,SGOV,tiingo
2025-10-17,96.9646,96.9693,SGOV,tiingo
2025-10-20,,96.979,SGOV,tiingo
2025-10-21,96.9888,96.9983,SGOV,tiingo
2025-10-22,,97.0079,SGOV,tiingo
2025-10-23,,97.0177,SGOV,tiingo
2025-10-24,,97.0465,SGOV,tiingo
2025-10-27,97.0465,97.0563,SGOV,tiingo
2025-10-28,,97.0657,SGOV,tiingo
2025-10-29,97.0852,97.0754,SGOV,tiingo
2025-10-30,,97.0852,SGOV,tiingo
2025-10-31,97.1189,97.1141,SGOV,tiingo
2025-11-03,97.1358,97.1406,SGOV,tiingo
2025-11-04,,97.1406,SGOV,tiingo
2025-11-05,97.1504,97.1601,SGOV,tiingo
2025-11-06,,97.1696,SGOV,tiingo
2025-11-07,,97.1987,SGOV,tiingo
2025-11-10,97.2181,97.2083,SGOV,tiingo
2025-11-11,,97.2181,SGOV,tiingo
2025-11-12,97.2181,97.2278,SGOV,tiingo
2025-11-13,97.2278,97.2373,SGOV,tiingo
2025-11-14,,97.2664,SGOV,tiingo
2025-11-17,97.2712,97.2761,SGOV,tiingo
2025-11-18,,97.2761,SGOV,tiingo
2025-11-19,97.2859,97.2955,SGOV,tiingo
2025-11-20,97.2955,97.3149,SGOV,tiingo
2025-11-21,,97.3341,SGOV,tiingo
2025-11-24,,97.3438,SGOV,tiingo
2025-11-25,,97.3633,SGOV,tiingo
2025-11-26,,97.3728,SGOV,tiingo
2025-11-28,,97.4019,SGOV,tiingo
2025-12-01,,97.4241,SGOV,tiingo
2025-12-02,97.4338,97.4435,SGOV,tiingo
2025-12-03,,97.4532,SGOV,tiingo
2025-12-04,97.4629,97.4725,SGOV,tiingo
2025-12-05,97.492,97.5017,SGOV,tiingo
2025-12-08,,97.5017,SGOV,tiingo
2025-12-09,,97.5114,SGOV,tiingo
2025-12-10,97.5211,97.5114,SGOV,tiingo
2025-12-11,,97.5308,SGOV,tiingo
2025-12-12,97.56,97.5696,SGOV,tiingo
2025-12-15,,97.5696,SGOV,tiingo
2025-12-16,97.589,97.5794,SGOV,tiingo
2025-12-17,97.589,97.5988,SGOV,tiingo
2025-12-18,97.6085,97.5988,SGOV,tiingo
2025-12-19,,97.6405,SGOV,tiingo
2025-12-22,,97.6405,SGOV,tiingo
2025-12-23,97.6601,97.6502,SGOV,tiingo
2025-12-24,97.6795,97.6698,SGOV,tiingo
2025-12-26,,97.699,SGOV,tiingo
2025-12-29,97.7087,97.7184,SGOV,tiingo
2025-12-30,97.7233,97.7282,SGOV,tiingo
2025-12-31,97.7476,97.738,SGOV,tiingo
2026-01-02,,97.7672,SGOV,tiingo
2026-01-05,,97.7769,SGOV,tiingo
2026-01-06,,97.7866,SGOV,tiingo
2026-01-07,,97.7964,SGOV,tiingo
2026-01-08,,97.806,SGOV,tiingo
2026-01-09,97.8354,97.8256,SGOV,tiingo
2026-01-12,97.8354,97.845,SGOV,tiingo
2026-01-13,97.845,97.8548,SGOV,tiingo
2026-01-14,,97.8645,SGOV,tiingo
2026-01-15,97.8645,97.8742,SGOV,tiingo
2026-01-16,97.9036,97.9131,SGOV,tiingo
2026-01-20,,97.9131,SGOV,tiingo
2026-01-21,97.918,97.9131,SGOV,tiingo
2026-01-22,,97.9327,SGOV,tiingo
2026-01-23,,97.9619,SGOV,tiingo
2026-01-26,,97.9718,SGOV,tiingo
2026-01-27,97.9813,97.9718,SGOV,tiingo
2026-01-28,97.9813,97.9911,SGOV,tiingo
2026-01-29,97.9911,98.0009,SGOV,tiingo
2026-01-30,,98.0203,SGOV,tiingo
2026-02-02,98.039,98.0293,SGOV,tiingo
2026-02-03,,98.0487,SGOV,tiingo
2026-02-04,98.0537,98.0587,SGOV,tiingo
2026-02-05,98.0685,98.0587,SGOV,tiingo
2026-02-06,,98.0879,SGOV,tiingo
2026-02-09,98.0977,98.1072,SGOV,tiingo
2026-02-10,,98.1171,SGOV,tiingo
2026-02-11,98.127,98.1171,SGOV,tiingo
2026-02-12,98.127,98.1368,SGOV,tiingo
2026-02-13,,98.1756,SGOV,tiingo
2026-02-17,98.1806,98.1756,SGOV,tiingo
2026-02-18,,98.1954,SGOV,tiingo
2026-02-19,,98.2051,SGOV,tiingo
2026-02-20,98.2344,98.2246,SGOV,tiingo
2026-02-23,98.2393,98.244,SGOV,tiingo
2026-02-24,98.249,98.244,SGOV,tiingo
2026-02-25,98.2638,98.254,SGOV,tiingo
2026-02-26,98.2638,98.2734,SGOV,tiingo
2026-02-27,98.298,98.293,SGOV,tiingo
2026-03-02,98.3099,98.3051,SGOV,tiingo
2026-03-03,98.3198,98.3247,SGOV,tiingo
2026-03-04,98.3297,98.3247,SGOV,tiingo
2026-03-05,98.3442,98.3344,SGOV,tiingo
2026-03-06,98.3639,98.3736,SGOV,tiingo
2026-03-09,98.3785,98.3834,SGOV,tiingo
2026-03-10,98.3906,98.3834,SGOV,tiingo
2026-03-11,98.3933,98.403,SGOV,tiingo
2026-03-12,98.4079,98.4128,SGOV,tiingo
2026-03-13,98.4323,98.4422,SGOV,tiingo
2026-03-16,,98.4422,SGOV,tiingo
2026-03-17,98.4569,98.4618,SGOV,tiingo
2026-03-18,98.4618,98.4716,SGOV,tiingo
2026-03-19,98.4765,98.4716,SGOV,tiingo
2026-03-20,,98.5009,SGOV,tiingo
2026-03-23,98.5108,98.5009,SGOV,tiingo
2026-03-24,98.5257,98.5305,SGOV,tiingo
2026-03-25,,98.5305,SGOV,tiingo
2026-03-26,,98.5404,SGOV,tiingo
2026-03-27,98.5601,98.57,SGOV,tiingo
2026-03-30,98.57,98.5788,SGOV,tiingo
2026-03-31,,98.5788,SGOV,tiingo
2026-04-01,,98.6015,SGOV,tiingo
2026-04-02,98.631,98.6409,SGOV,tiingo
2026-04-06,98.6458,98.6508,SGOV,tiingo
2026-04-07,98.6508,98.6605,SGOV,tiingo
2026-04-08,98.6705,98.6605,SGOV,tiingo
2026-04-09,98.6803,98.6705,SGOV,tiingo
2026-04-10,98.7,98.7099,SGOV,tiingo
2026-04-13,98.7099,98.7198,SGOV,tiingo
2026-04-14,,98.7198,SGOV,tiingo
2026-04-15,98.7295,98.7395,SGOV,tiingo
2026-04-16,,98.7395,SGOV,tiingo
2026-04-17,,98.769,SGOV,tiingo
2026-04-20,,98.7779,SGOV,tiingo
2026-04-21,98.7876,98.7975,SGOV,tiingo
2026-04-22,,98.8077,SGOV,tiingo
2026-04-23,,98.8176,SGOV,tiingo
2026-04-24,,98.8472,SGOV,tiingo
2026-04-27,98.857,98.8472,SGOV,tiingo
2026-04-28,,98.867,SGOV,tiingo
2026-04-29,98.867,98.8759,SGOV,tiingo
2026-04-30,,98.8759,SGOV,tiingo
2026-05-01,,98.9135,SGOV,tiingo
2026-05-04,,98.9232,SGOV,tiingo
2026-05-05,,98.9332,SGOV,tiingo
2026-05-06,,98.9431,SGOV,tiingo
2026-05-07,,98.9529,SGOV,tiingo
2026-05-08,,98.9825,SGOV,tiingo
2026-05-11,,98.9924,SGOV,tiingo
2026-05-12,98.9924,99.0024,SGOV,tiingo
2026-05-13,,99.0123,SGOV,tiingo
2026-05-14,,99.022,SGOV,tiingo
2026-05-15,,99.0516,SGOV,tiingo
2026-05-18,,99.0616,SGOV,tiingo
2026-05-19,,99.0716,SGOV,tiingo
2026-05-20,,99.0814,SGOV,tiingo
2026-05-21,99.0912,99.0814,SGOV,tiingo
2026-05-22,99.1255,99.1305,SGOV,tiingo
2026-05-26,,99.1405,SGOV,tiingo
2026-05-27,99.1405,99.1502,SGOV,tiingo
2026-05-28,99.1582,99.1502,SGOV,tiingo
2026-05-29,,99.1702,SGOV,tiingo
2026-06-01,,99.1989,SGOV,tiingo
2026-06-02,99.2079,99.1989,SGOV,tiingo
2026-06-03,99.2186,99.2088,SGOV,tiingo
2026-06-04,99.2236,99.2186,SGOV,tiingo
2026-06-05,99.2533,99.2483,SGOV,tiingo
2026-06-08,99.2483,99.2583,SGOV,tiingo
2026-06-09,,99.2683,SGOV,tiingo
2026-06-10,99.2733,99.2781,SGOV,tiingo
2026-06-11,,99.288,SGOV,tiingo
2026-06-12,99.3177,99.3079,SGOV,tiingo
2026-06-15,99.3227,99.3277,SGOV,tiingo
2026-06-16,,99.3377,SGOV,tiingo
2026-06-17,,99.3474,SGOV,tiingo
2026-06-18,,99.3871,SGOV,tiingo
2026-06-22,99.3921,99.3971,SGOV,tiingo
2026-06-23,99.3971,99.4056,SGOV,tiingo
2026-06-24,,99.4154,SGOV,tiingo
2026-06-25,99.4154,99.4254,SGOV,tiingo
2026-06-26,,99.4452,SGOV,tiingo
2026-06-29,99.4552,99.4652,SGOV,tiingo
2026-06-30,,99.4652,SGOV,tiingo
2026-07-01,99.486,99.491,SGOV,tiingo
2026-07-02,99.5208,99.5308,SGOV,tiingo
2026-07-06,,99.5308,SGOV,tiingo
2026-07-07,99.5407,99.5506,SGOV,tiingo
2026-07-08,99.5506,99.5606,SGOV,tiingo
2026-07-09,,99.5706,SGOV,tiingo
2026-07-10,,99.5904,SGOV,tiingo
2026-07-13,99.6004,99.6102,SGOV,tiingo
2026-07-14,99.6202,99.6102,SGOV,tiingo
2026-07-15,99.6252,99.6302,SGOV,tiingo
2026-07-16,99.6352,99.6401,SGOV,tiingo
2026-07-17,,99.67,SGOV,tiingo
2026-07-20,99.67,99.6798,SGOV,tiingo
2026-07-21,99.6798,99.6898,SGOV,tiingo
2026-07-22,,99.6898,SGOV,tiingo
2026-07-23,,99.6998,SGOV,tiingo
2026-07-24,99.7185,99.7285,SGOV,tiingo
2026-07-27,99.7285,99.7385,SGOV,tiingo
2026-07-28,99.7385,99.7484,SGOV,tiingo
2026-07-29,99.7584,99.7684,SGOV,tiingo
2026-07-30,99.7684,99.7783,SGOV,tiingo
2026-07-31,,99.7983,SGOV,tiingo
2026-08-03,99.8202,99.8152,SGOV,tiingo
2026-08-04,99.8202,99.8252,SGOV,tiingo
2026-08-05,99.8352,99.8451,SGOV,tiingo
2026-08-06,99.8501,99.8551,SGOV,tiingo
2026-08-07,99.8751,99.8751,SGOV,tiingo
2026-08-10,99.893,99.895,SGOV,tiingo
2026-08-11,,99.905,SGOV,tiingo
2026-08-12,99.905,99.9149,SGOV,tiingo
2026-08-13,99.9149,99.9239,SGOV,tiingo
2026-08-14,,99.9538,SGOV,tiingo
2026-08-17,99.9588,99.9538,SGOV,tiingo
2026-08-18,,99.9638,SGOV,tiingo
2026-08-19,99.9738,99.9837,SGOV,tiingo
2026-08-20,99.9917,99.9837,SGOV,tiingo
2026-08-21,100.014,100.024,SGOV,tiingo
2026-08-24,100.032,100.034,SGOV,tiingo
2026-08-25,100.039,100.034,SGOV,tiingo
2026-08-26,,100.044,SGOV,tiingo
2026-08-27,,100.054,SGOV,tiingo
2026-08-28,100.093,100.083,SGOV,tiingo
2026-08-31,100.088,100.083,SGOV,tiingo
2026-09-01,100.105,100.11,SGOV,tiingo
2026-09-02,100.11,100.12,SGOV,tiingo
2026-09-03,,100.13,SGOV,tiingo
2026-09-04,100.16,100.17,SGOV,tiingo
2026-09-08,,100.18,SGOV,tiingo
2026-09-09,100.18,100.19,SGOV,tiingo
2026-09-10,100.19,100.2,SGOV,tiingo
2026-09-11,100.215,100.22,SGOV,tiingo
2026-09-14,100.22,100.23,SGOV,tiingo
2026-09-15,,100.23,SGOV,tiingo
2026-09-16,100.24,100.25,SGOV,tiingo
2026-09-17,,100.26,SGOV,tiingo
2026-09-18,,100.29,SGOV,tiingo
2026-09-21,100.29,100.3,SGOV,tiingo
2026-09-22,,100.31,SGOV,tiingo
2026-09-23,,100.32,SGOV,tiingo
2026-09-24,,100.32,SGOV,tiingo
2026-09-25,100.35,100.36,SGOV,tiingo
2026-09-28,100.365,100.37,SGOV,tiingo
2026-09-29,100.37,100.38,SGOV,tiingo
2026-09-30,,100.38,SGOV,tiingo
2026-10-01,100.409,100.41,SGOV,tiingo
2026-10-02,,100.44,SGOV,tiingo